"TreeID","1","2","3","4","5","6","7","8","9","10","11","12","13","14","15","16","17","18","19","20","21","22","23","24","25","26","27","28","29","30","31","32"
"LOLOG_5481",732.36669921875,732.36669921875,732.36669921875,732.36669921875,732.36669921875,732.36669921875,667.420043945312,667.420043945312,667.420043945312,667.420043945312,667.420043945312,713.519958496094,713.519958496094,713.519958496094,713.519958496094,713.519958496094,722.499938964844,722.499938964844,722.499938964844,722.499938964844,722.499938964844,794.640014648438,794.640014648438,794.640014648438,794.640014648438,794.640014648438,NA,NA,NA,NA,NA,NA
"LOLOG_5482",732.36669921875,732.36669921875,732.36669921875,732.36669921875,732.36669921875,732.36669921875,667.420043945312,667.420043945312,667.420043945312,667.420043945312,667.420043945312,713.519958496094,713.519958496094,713.519958496094,713.519958496094,713.519958496094,722.499938964844,722.499938964844,722.499938964844,722.499938964844,722.499938964844,794.640014648438,794.640014648438,794.640014648438,794.640014648438,794.640014648438,NA,NA,NA,NA,NA,NA
"LOLOG_5483",732.36669921875,732.36669921875,732.36669921875,732.36669921875,732.36669921875,732.36669921875,667.420043945312,667.420043945312,667.420043945312,667.420043945312,667.420043945312,713.519958496094,713.519958496094,713.519958496094,713.519958496094,713.519958496094,722.499938964844,722.499938964844,722.499938964844,722.499938964844,722.499938964844,794.640014648438,794.640014648438,794.640014648438,794.640014648438,794.640014648438,869.059936523438,869.059936523438,869.059936523438,869.059936523438,869.059936523438,NA
"LOLOG_5484",732.36669921875,732.36669921875,732.36669921875,732.36669921875,732.36669921875,732.36669921875,667.420043945312,667.420043945312,667.420043945312,667.420043945312,667.420043945312,713.519958496094,713.519958496094,713.519958496094,713.519958496094,713.519958496094,722.499938964844,722.499938964844,722.499938964844,722.499938964844,722.499938964844,794.640014648438,794.640014648438,794.640014648438,794.640014648438,794.640014648438,869.059936523438,869.059936523438,869.059936523438,869.059936523438,869.059936523438,NA
"LOLOG_5485",732.36669921875,732.36669921875,732.36669921875,732.36669921875,732.36669921875,732.36669921875,667.420043945312,667.420043945312,667.420043945312,667.420043945312,667.420043945312,713.519958496094,713.519958496094,713.519958496094,713.519958496094,713.519958496094,722.499938964844,722.499938964844,722.499938964844,722.499938964844,722.499938964844,794.640014648438,794.640014648438,794.640014648438,794.640014648438,794.640014648438,869.059936523438,869.059936523438,869.059936523438,869.059936523438,869.059936523438,NA
"LOLOG_5486",732.36669921875,732.36669921875,732.36669921875,732.36669921875,732.36669921875,732.36669921875,667.420043945312,667.420043945312,667.420043945312,667.420043945312,667.420043945312,713.519958496094,713.519958496094,713.519958496094,713.519958496094,713.519958496094,722.499938964844,722.499938964844,722.499938964844,722.499938964844,722.499938964844,794.640014648438,794.640014648438,794.640014648438,794.640014648438,794.640014648438,NA,NA,NA,NA,NA,NA
"LOLOG_5488",732.36669921875,732.36669921875,732.36669921875,732.36669921875,732.36669921875,732.36669921875,667.420043945312,667.420043945312,667.420043945312,667.420043945312,667.420043945312,713.519958496094,713.519958496094,713.519958496094,713.519958496094,713.519958496094,722.499938964844,722.499938964844,722.499938964844,722.499938964844,722.499938964844,836.099975585938,836.099975585938,836.099975585938,836.099975585938,NA,NA,NA,NA,NA,NA,NA
"LOLOG_5489",732.36669921875,732.36669921875,732.36669921875,732.36669921875,732.36669921875,732.36669921875,667.420043945312,667.420043945312,667.420043945312,667.420043945312,667.420043945312,713.519958496094,713.519958496094,713.519958496094,713.519958496094,713.519958496094,722.499938964844,722.499938964844,722.499938964844,722.499938964844,722.499938964844,794.640014648438,794.640014648438,794.640014648438,794.640014648438,794.640014648438,869.059936523438,869.059936523438,869.059936523438,869.059936523438,869.059936523438,NA
"LOLOG_5490",732.36669921875,732.36669921875,732.36669921875,732.36669921875,732.36669921875,732.36669921875,690.470031738281,690.470031738281,690.470031738281,690.470031738281,690.470031738281,690.470031738281,690.470031738281,690.470031738281,690.470031738281,690.470031738281,722.499938964844,722.499938964844,722.499938964844,722.499938964844,722.499938964844,794.640014648438,794.640014648438,794.640014648438,794.640014648438,794.640014648438,869.059936523438,869.059936523438,869.059936523438,869.059936523438,869.059936523438,NA
"LOLOG_5492",732.36669921875,732.36669921875,732.36669921875,732.36669921875,732.36669921875,732.36669921875,667.420043945312,667.420043945312,667.420043945312,667.420043945312,667.420043945312,713.519958496094,713.519958496094,713.519958496094,713.519958496094,713.519958496094,722.499938964844,722.499938964844,722.499938964844,722.499938964844,722.499938964844,794.640014648438,794.640014648438,794.640014648438,794.640014648438,794.640014648438,869.059936523438,869.059936523438,869.059936523438,869.059936523438,869.059936523438,NA
"LOLOG_5493",732.36669921875,732.36669921875,732.36669921875,732.36669921875,732.36669921875,732.36669921875,667.420043945312,667.420043945312,667.420043945312,667.420043945312,667.420043945312,713.519958496094,713.519958496094,713.519958496094,713.519958496094,713.519958496094,722.499938964844,722.499938964844,722.499938964844,722.499938964844,722.499938964844,794.640014648438,794.640014648438,794.640014648438,794.640014648438,794.640014648438,NA,NA,NA,NA,NA,NA
"LOLOG_5494",732.36669921875,732.36669921875,732.36669921875,732.36669921875,732.36669921875,732.36669921875,667.420043945312,667.420043945312,667.420043945312,667.420043945312,667.420043945312,713.519958496094,713.519958496094,713.519958496094,713.519958496094,713.519958496094,722.499938964844,722.499938964844,722.499938964844,722.499938964844,722.499938964844,878.399963378906,878.399963378906,878.399963378906,NA,NA,NA,NA,NA,NA,NA,NA
"LOLOG_5497",732.36669921875,732.36669921875,732.36669921875,732.36669921875,732.36669921875,732.36669921875,667.420043945312,667.420043945312,667.420043945312,667.420043945312,667.420043945312,713.519958496094,713.519958496094,713.519958496094,713.519958496094,713.519958496094,722.499938964844,722.499938964844,722.499938964844,722.499938964844,722.499938964844,878.399963378906,878.399963378906,878.399963378906,NA,NA,NA,NA,NA,NA,NA,NA
"LOLOG_5499",732.36669921875,732.36669921875,732.36669921875,732.36669921875,732.36669921875,732.36669921875,667.420043945312,667.420043945312,667.420043945312,667.420043945312,667.420043945312,713.519958496094,713.519958496094,713.519958496094,713.519958496094,713.519958496094,775.599975585938,775.599975585938,775.599975585938,775.599975585938,775.599975585938,775.599975585938,775.599975585938,718.833312988281,718.833312988281,718.833312988281,869.059936523438,869.059936523438,869.059936523438,869.059936523438,869.059936523438,NA
"LOLOG_5502",NA,NA,NA,NA,NA,NA,NA,NA,NA,NA,NA,NA,NA,NA,NA,754.966735839844,754.966735839844,754.966735839844,754.966735839844,754.966735839844,754.966735839844,794.640014648438,794.640014648438,794.640014648438,794.640014648438,794.640014648438,869.059936523438,869.059936523438,869.059936523438,869.059936523438,869.059936523438,NA
"LOLOG_5504",732.36669921875,732.36669921875,732.36669921875,732.36669921875,732.36669921875,732.36669921875,667.420043945312,667.420043945312,667.420043945312,667.420043945312,667.420043945312,713.519958496094,713.519958496094,713.519958496094,713.519958496094,713.519958496094,722.499938964844,722.499938964844,722.499938964844,722.499938964844,722.499938964844,794.640014648438,794.640014648438,794.640014648438,794.640014648438,794.640014648438,869.059936523438,869.059936523438,869.059936523438,869.059936523438,869.059936523438,NA
"LOLOG_5506",732.36669921875,732.36669921875,732.36669921875,732.36669921875,732.36669921875,732.36669921875,667.420043945312,667.420043945312,667.420043945312,667.420043945312,667.420043945312,713.519958496094,713.519958496094,713.519958496094,713.519958496094,713.519958496094,722.499938964844,722.499938964844,722.499938964844,722.499938964844,722.499938964844,794.640014648438,794.640014648438,794.640014648438,794.640014648438,794.640014648438,869.059936523438,869.059936523438,869.059936523438,869.059936523438,869.059936523438,NA
"LOLOG_5508",732.36669921875,732.36669921875,732.36669921875,732.36669921875,732.36669921875,732.36669921875,667.420043945312,667.420043945312,667.420043945312,667.420043945312,667.420043945312,713.519958496094,713.519958496094,713.519958496094,713.519958496094,713.519958496094,722.499938964844,722.499938964844,722.499938964844,722.499938964844,722.499938964844,794.640014648438,794.640014648438,794.640014648438,794.640014648438,794.640014648438,869.059936523438,869.059936523438,869.059936523438,869.059936523438,869.059936523438,NA
"LOLOG_5512",732.36669921875,732.36669921875,732.36669921875,732.36669921875,732.36669921875,732.36669921875,667.420043945312,667.420043945312,667.420043945312,667.420043945312,667.420043945312,713.519958496094,713.519958496094,713.519958496094,713.519958496094,713.519958496094,722.499938964844,722.499938964844,722.499938964844,722.499938964844,722.499938964844,794.640014648438,794.640014648438,794.640014648438,794.640014648438,794.640014648438,869.059936523438,869.059936523438,869.059936523438,869.059936523438,869.059936523438,NA
"LOLOG_5513",732.36669921875,732.36669921875,732.36669921875,732.36669921875,732.36669921875,732.36669921875,667.420043945312,667.420043945312,667.420043945312,667.420043945312,667.420043945312,713.519958496094,713.519958496094,713.519958496094,713.519958496094,713.519958496094,722.499938964844,722.499938964844,722.499938964844,722.499938964844,722.499938964844,794.640014648438,794.640014648438,794.640014648438,794.640014648438,794.640014648438,NA,NA,NA,NA,NA,NA
"LOLOG_5514",732.36669921875,732.36669921875,732.36669921875,732.36669921875,732.36669921875,732.36669921875,667.420043945312,667.420043945312,667.420043945312,667.420043945312,667.420043945312,713.519958496094,713.519958496094,713.519958496094,713.519958496094,713.519958496094,722.499938964844,722.499938964844,722.499938964844,722.499938964844,722.499938964844,794.640014648438,794.640014648438,794.640014648438,794.640014648438,794.640014648438,869.059936523438,869.059936523438,869.059936523438,869.059936523438,869.059936523438,NA
"LOLOG_5515",732.36669921875,732.36669921875,732.36669921875,732.36669921875,732.36669921875,732.36669921875,667.420043945312,667.420043945312,667.420043945312,667.420043945312,667.420043945312,713.519958496094,713.519958496094,713.519958496094,713.519958496094,713.519958496094,722.499938964844,722.499938964844,722.499938964844,722.499938964844,722.499938964844,794.640014648438,794.640014648438,794.640014648438,794.640014648438,794.640014648438,869.059936523438,869.059936523438,869.059936523438,869.059936523438,869.059936523438,NA
"LOLOG_5516",NA,NA,NA,NA,NA,NA,NA,NA,NA,NA,719.916687011719,719.916687011719,719.916687011719,719.916687011719,719.916687011719,719.916687011719,722.499938964844,722.499938964844,722.499938964844,722.499938964844,722.499938964844,794.640014648438,794.640014648438,794.640014648438,794.640014648438,794.640014648438,869.059936523438,869.059936523438,869.059936523438,869.059936523438,869.059936523438,NA
"LOLOG_5520",732.36669921875,732.36669921875,732.36669921875,732.36669921875,732.36669921875,732.36669921875,667.420043945312,667.420043945312,667.420043945312,667.420043945312,667.420043945312,713.519958496094,713.519958496094,713.519958496094,713.519958496094,713.519958496094,722.499938964844,722.499938964844,722.499938964844,722.499938964844,722.499938964844,NA,NA,NA,NA,NA,NA,NA,NA,NA,NA,NA
"LOLOG_5521",732.36669921875,732.36669921875,732.36669921875,732.36669921875,732.36669921875,732.36669921875,667.420043945312,667.420043945312,667.420043945312,667.420043945312,667.420043945312,713.519958496094,713.519958496094,713.519958496094,713.519958496094,713.519958496094,722.499938964844,722.499938964844,722.499938964844,722.499938964844,722.499938964844,794.640014648438,794.640014648438,794.640014648438,794.640014648438,794.640014648438,869.059936523438,869.059936523438,869.059936523438,869.059936523438,869.059936523438,NA
"LOLOG_5522",732.36669921875,732.36669921875,732.36669921875,732.36669921875,732.36669921875,732.36669921875,667.420043945312,667.420043945312,667.420043945312,667.420043945312,667.420043945312,713.519958496094,713.519958496094,713.519958496094,713.519958496094,713.519958496094,722.499938964844,722.499938964844,722.499938964844,722.499938964844,722.499938964844,794.640014648438,794.640014648438,794.640014648438,794.640014648438,794.640014648438,869.059936523438,869.059936523438,869.059936523438,869.059936523438,869.059936523438,NA
"LOLOG_5524",732.36669921875,732.36669921875,732.36669921875,732.36669921875,732.36669921875,732.36669921875,667.420043945312,667.420043945312,667.420043945312,667.420043945312,667.420043945312,713.519958496094,713.519958496094,713.519958496094,713.519958496094,713.519958496094,722.499938964844,722.499938964844,722.499938964844,722.499938964844,722.499938964844,794.640014648438,794.640014648438,794.640014648438,794.640014648438,794.640014648438,869.059936523438,869.059936523438,869.059936523438,869.059936523438,869.059936523438,NA
"LOLOG_5525",NA,NA,NA,NA,NA,NA,NA,NA,NA,NA,NA,NA,NA,NA,NA,754.966735839844,754.966735839844,754.966735839844,754.966735839844,754.966735839844,754.966735839844,794.640014648438,794.640014648438,794.640014648438,794.640014648438,794.640014648438,869.059936523438,869.059936523438,869.059936523438,869.059936523438,869.059936523438,NA
"LOLOG_5528",732.36669921875,732.36669921875,732.36669921875,732.36669921875,732.36669921875,732.36669921875,667.420043945312,667.420043945312,667.420043945312,667.420043945312,667.420043945312,713.519958496094,713.519958496094,713.519958496094,713.519958496094,713.519958496094,722.499938964844,722.499938964844,722.499938964844,722.499938964844,722.499938964844,794.640014648438,794.640014648438,794.640014648438,794.640014648438,794.640014648438,869.059936523438,869.059936523438,869.059936523438,869.059936523438,869.059936523438,NA
"LOLOG_5529",732.36669921875,732.36669921875,732.36669921875,732.36669921875,732.36669921875,732.36669921875,667.420043945312,667.420043945312,667.420043945312,667.420043945312,667.420043945312,713.519958496094,713.519958496094,713.519958496094,713.519958496094,713.519958496094,722.499938964844,722.499938964844,722.499938964844,722.499938964844,722.499938964844,794.640014648438,794.640014648438,794.640014648438,794.640014648438,794.640014648438,869.059936523438,869.059936523438,869.059936523438,869.059936523438,869.059936523438,NA
"LOLOG_5530",732.36669921875,732.36669921875,732.36669921875,732.36669921875,732.36669921875,732.36669921875,667.420043945312,667.420043945312,667.420043945312,667.420043945312,667.420043945312,713.519958496094,713.519958496094,713.519958496094,713.519958496094,713.519958496094,722.499938964844,722.499938964844,722.499938964844,722.499938964844,722.499938964844,794.640014648438,794.640014648438,794.640014648438,794.640014648438,794.640014648438,869.059936523438,869.059936523438,869.059936523438,869.059936523438,869.059936523438,NA
"LOLOG_5531",732.36669921875,732.36669921875,732.36669921875,732.36669921875,732.36669921875,732.36669921875,667.420043945312,667.420043945312,667.420043945312,667.420043945312,667.420043945312,713.519958496094,713.519958496094,713.519958496094,713.519958496094,713.519958496094,722.499938964844,722.499938964844,722.499938964844,722.499938964844,722.499938964844,794.640014648438,794.640014648438,794.640014648438,794.640014648438,794.640014648438,869.059936523438,869.059936523438,869.059936523438,869.059936523438,869.059936523438,NA
"LOLOG_5532",732.36669921875,732.36669921875,732.36669921875,732.36669921875,732.36669921875,732.36669921875,667.420043945312,667.420043945312,667.420043945312,667.420043945312,667.420043945312,713.519958496094,713.519958496094,713.519958496094,713.519958496094,713.519958496094,722.499938964844,722.499938964844,722.499938964844,722.499938964844,722.499938964844,794.640014648438,794.640014648438,794.640014648438,794.640014648438,794.640014648438,869.059936523438,869.059936523438,869.059936523438,869.059936523438,869.059936523438,NA
"LOLOG_5533",732.36669921875,732.36669921875,732.36669921875,732.36669921875,732.36669921875,732.36669921875,667.420043945312,667.420043945312,667.420043945312,667.420043945312,667.420043945312,713.519958496094,713.519958496094,713.519958496094,713.519958496094,713.519958496094,722.499938964844,722.499938964844,722.499938964844,722.499938964844,722.499938964844,794.640014648438,794.640014648438,794.640014648438,794.640014648438,794.640014648438,869.059936523438,869.059936523438,869.059936523438,869.059936523438,869.059936523438,NA
"LOLOG_5534",732.36669921875,732.36669921875,732.36669921875,732.36669921875,732.36669921875,732.36669921875,667.420043945312,667.420043945312,667.420043945312,667.420043945312,667.420043945312,713.519958496094,713.519958496094,713.519958496094,713.519958496094,713.519958496094,722.499938964844,722.499938964844,722.499938964844,722.499938964844,722.499938964844,794.640014648438,794.640014648438,794.640014648438,794.640014648438,794.640014648438,869.059936523438,869.059936523438,869.059936523438,869.059936523438,869.059936523438,NA
"LOLOG_5535",732.36669921875,732.36669921875,732.36669921875,732.36669921875,732.36669921875,732.36669921875,667.420043945312,667.420043945312,667.420043945312,667.420043945312,667.420043945312,650.733337402344,650.733337402344,650.733337402344,NA,NA,NA,NA,NA,NA,NA,NA,NA,NA,NA,NA,NA,NA,NA,NA,NA,NA
"LOLOG_5536",732.36669921875,732.36669921875,732.36669921875,732.36669921875,732.36669921875,732.36669921875,667.420043945312,667.420043945312,667.420043945312,667.420043945312,667.420043945312,713.519958496094,713.519958496094,713.519958496094,713.519958496094,713.519958496094,722.499938964844,722.499938964844,722.499938964844,722.499938964844,722.499938964844,794.640014648438,794.640014648438,794.640014648438,794.640014648438,794.640014648438,869.059936523438,869.059936523438,869.059936523438,869.059936523438,869.059936523438,NA
"LOLOG_5537",732.36669921875,732.36669921875,732.36669921875,732.36669921875,732.36669921875,732.36669921875,667.420043945312,667.420043945312,667.420043945312,667.420043945312,667.420043945312,713.519958496094,713.519958496094,713.519958496094,713.519958496094,713.519958496094,722.499938964844,722.499938964844,722.499938964844,722.499938964844,722.499938964844,794.640014648438,794.640014648438,794.640014648438,794.640014648438,794.640014648438,869.059936523438,869.059936523438,869.059936523438,869.059936523438,869.059936523438,NA
"LOLOG_5538",732.36669921875,732.36669921875,732.36669921875,732.36669921875,732.36669921875,732.36669921875,667.420043945312,667.420043945312,667.420043945312,667.420043945312,667.420043945312,713.519958496094,713.519958496094,713.519958496094,713.519958496094,713.519958496094,722.499938964844,722.499938964844,722.499938964844,722.499938964844,722.499938964844,794.640014648438,794.640014648438,794.640014648438,794.640014648438,794.640014648438,869.059936523438,869.059936523438,869.059936523438,869.059936523438,869.059936523438,NA
"LOLOG_5539",732.36669921875,732.36669921875,732.36669921875,732.36669921875,732.36669921875,732.36669921875,667.420043945312,667.420043945312,667.420043945312,667.420043945312,667.420043945312,713.519958496094,713.519958496094,713.519958496094,713.519958496094,713.519958496094,722.499938964844,722.499938964844,722.499938964844,722.499938964844,722.499938964844,794.640014648438,794.640014648438,794.640014648438,794.640014648438,794.640014648438,869.059936523438,869.059936523438,869.059936523438,869.059936523438,869.059936523438,NA
"LOLOG_5542",732.36669921875,732.36669921875,732.36669921875,732.36669921875,732.36669921875,732.36669921875,667.420043945312,667.420043945312,667.420043945312,667.420043945312,667.420043945312,713.519958496094,713.519958496094,713.519958496094,713.519958496094,713.519958496094,722.499938964844,722.499938964844,722.499938964844,722.499938964844,722.499938964844,794.640014648438,794.640014648438,794.640014648438,794.640014648438,794.640014648438,869.059936523438,869.059936523438,869.059936523438,869.059936523438,869.059936523438,NA
"LOLOG_5543",732.36669921875,732.36669921875,732.36669921875,732.36669921875,732.36669921875,732.36669921875,667.420043945312,667.420043945312,667.420043945312,667.420043945312,667.420043945312,713.519958496094,713.519958496094,713.519958496094,713.519958496094,713.519958496094,722.499938964844,722.499938964844,722.499938964844,722.499938964844,722.499938964844,794.640014648438,794.640014648438,794.640014648438,794.640014648438,794.640014648438,869.059936523438,869.059936523438,869.059936523438,869.059936523438,869.059936523438,NA
"LOLOG_5544",732.36669921875,732.36669921875,732.36669921875,732.36669921875,732.36669921875,732.36669921875,667.420043945312,667.420043945312,667.420043945312,667.420043945312,667.420043945312,713.519958496094,713.519958496094,713.519958496094,713.519958496094,713.519958496094,722.499938964844,722.499938964844,722.499938964844,722.499938964844,722.499938964844,794.640014648438,794.640014648438,794.640014648438,794.640014648438,794.640014648438,869.059936523438,869.059936523438,869.059936523438,869.059936523438,869.059936523438,NA
"LOLOG_5545",732.36669921875,732.36669921875,732.36669921875,732.36669921875,732.36669921875,732.36669921875,667.420043945312,667.420043945312,667.420043945312,667.420043945312,667.420043945312,713.519958496094,713.519958496094,713.519958496094,713.519958496094,713.519958496094,722.499938964844,722.499938964844,722.499938964844,722.499938964844,722.499938964844,794.640014648438,794.640014648438,794.640014648438,794.640014648438,794.640014648438,869.059936523438,869.059936523438,869.059936523438,869.059936523438,869.059936523438,NA
"LOLOG_5548",732.36669921875,732.36669921875,732.36669921875,732.36669921875,732.36669921875,732.36669921875,667.420043945312,667.420043945312,667.420043945312,667.420043945312,667.420043945312,713.519958496094,713.519958496094,713.519958496094,713.519958496094,713.519958496094,722.499938964844,722.499938964844,722.499938964844,722.499938964844,722.499938964844,794.640014648438,794.640014648438,794.640014648438,794.640014648438,794.640014648438,765.700012207031,765.700012207031,NA,NA,NA,NA
"LOLOG_5550",732.36669921875,732.36669921875,732.36669921875,732.36669921875,732.36669921875,732.36669921875,667.420043945312,667.420043945312,667.420043945312,667.420043945312,667.420043945312,713.519958496094,713.519958496094,713.519958496094,713.519958496094,713.519958496094,722.499938964844,722.499938964844,722.499938964844,722.499938964844,722.499938964844,794.640014648438,794.640014648438,794.640014648438,794.640014648438,794.640014648438,897.200012207031,NA,NA,NA,NA,NA
"LOLOG_5551",732.36669921875,732.36669921875,732.36669921875,732.36669921875,732.36669921875,732.36669921875,646.299987792969,646.299987792969,646.299987792969,646.299987792969,NA,NA,NA,NA,NA,NA,NA,NA,NA,NA,NA,NA,NA,NA,NA,NA,NA,NA,NA,NA,NA,NA
"LOLOG_5552",732.36669921875,732.36669921875,732.36669921875,732.36669921875,732.36669921875,732.36669921875,667.420043945312,667.420043945312,667.420043945312,667.420043945312,667.420043945312,713.519958496094,713.519958496094,713.519958496094,713.519958496094,713.519958496094,NA,NA,NA,NA,NA,NA,NA,NA,NA,NA,NA,NA,NA,NA,NA,NA
"LOLOG_5553",732.36669921875,732.36669921875,732.36669921875,732.36669921875,732.36669921875,732.36669921875,667.420043945312,667.420043945312,667.420043945312,667.420043945312,667.420043945312,713.519958496094,713.519958496094,713.519958496094,713.519958496094,713.519958496094,722.499938964844,722.499938964844,722.499938964844,722.499938964844,722.499938964844,794.640014648438,794.640014648438,794.640014648438,794.640014648438,794.640014648438,869.059936523438,869.059936523438,869.059936523438,869.059936523438,869.059936523438,NA
"LOLOG_5555",732.36669921875,732.36669921875,732.36669921875,732.36669921875,732.36669921875,732.36669921875,667.420043945312,667.420043945312,667.420043945312,667.420043945312,667.420043945312,713.519958496094,713.519958496094,713.519958496094,713.519958496094,713.519958496094,722.499938964844,722.499938964844,722.499938964844,722.499938964844,722.499938964844,794.640014648438,794.640014648438,794.640014648438,794.640014648438,794.640014648438,869.059936523438,869.059936523438,869.059936523438,869.059936523438,869.059936523438,NA
"LOLOG_5556",732.36669921875,732.36669921875,732.36669921875,732.36669921875,732.36669921875,732.36669921875,667.420043945312,667.420043945312,667.420043945312,667.420043945312,667.420043945312,713.519958496094,713.519958496094,713.519958496094,713.519958496094,713.519958496094,722.499938964844,722.499938964844,722.499938964844,722.499938964844,722.499938964844,794.640014648438,794.640014648438,794.640014648438,794.640014648438,794.640014648438,869.059936523438,869.059936523438,869.059936523438,869.059936523438,869.059936523438,NA
"LOLOG_5557",732.36669921875,732.36669921875,732.36669921875,732.36669921875,732.36669921875,732.36669921875,667.420043945312,667.420043945312,667.420043945312,667.420043945312,667.420043945312,713.519958496094,713.519958496094,713.519958496094,713.519958496094,713.519958496094,722.499938964844,722.499938964844,722.499938964844,722.499938964844,722.499938964844,794.640014648438,794.640014648438,794.640014648438,794.640014648438,794.640014648438,869.059936523438,869.059936523438,869.059936523438,869.059936523438,869.059936523438,NA
"LOLOG_5558",732.36669921875,732.36669921875,732.36669921875,732.36669921875,732.36669921875,732.36669921875,667.420043945312,667.420043945312,667.420043945312,667.420043945312,667.420043945312,713.519958496094,713.519958496094,713.519958496094,713.519958496094,713.519958496094,722.499938964844,722.499938964844,722.499938964844,722.499938964844,722.499938964844,794.640014648438,794.640014648438,794.640014648438,794.640014648438,794.640014648438,869.059936523438,869.059936523438,869.059936523438,869.059936523438,869.059936523438,NA
"LOLOG_5559",732.36669921875,732.36669921875,732.36669921875,732.36669921875,732.36669921875,732.36669921875,667.420043945312,667.420043945312,667.420043945312,667.420043945312,667.420043945312,713.519958496094,713.519958496094,713.519958496094,713.519958496094,713.519958496094,722.499938964844,722.499938964844,722.499938964844,722.499938964844,722.499938964844,794.640014648438,794.640014648438,794.640014648438,794.640014648438,794.640014648438,869.059936523438,869.059936523438,869.059936523438,869.059936523438,869.059936523438,NA
"LOLOG_5560",732.36669921875,732.36669921875,732.36669921875,732.36669921875,732.36669921875,732.36669921875,667.420043945312,667.420043945312,667.420043945312,667.420043945312,667.420043945312,713.519958496094,713.519958496094,713.519958496094,713.519958496094,713.519958496094,722.499938964844,722.499938964844,722.499938964844,722.499938964844,722.499938964844,794.640014648438,794.640014648438,794.640014648438,794.640014648438,794.640014648438,869.059936523438,869.059936523438,869.059936523438,869.059936523438,869.059936523438,NA
"LOLOG_5561",732.36669921875,732.36669921875,732.36669921875,732.36669921875,732.36669921875,732.36669921875,667.420043945312,667.420043945312,667.420043945312,667.420043945312,667.420043945312,713.519958496094,713.519958496094,713.519958496094,713.519958496094,713.519958496094,722.499938964844,722.499938964844,722.499938964844,722.499938964844,722.499938964844,794.640014648438,794.640014648438,794.640014648438,794.640014648438,794.640014648438,NA,NA,NA,NA,NA,NA
"LOLOG_5562",732.36669921875,732.36669921875,732.36669921875,732.36669921875,732.36669921875,732.36669921875,486.5,NA,NA,NA,NA,NA,NA,NA,NA,NA,NA,NA,NA,NA,NA,NA,NA,NA,NA,NA,NA,NA,NA,NA,NA,NA
"LOLOG_5563",732.36669921875,732.36669921875,732.36669921875,732.36669921875,732.36669921875,732.36669921875,667.420043945312,667.420043945312,667.420043945312,667.420043945312,667.420043945312,713.519958496094,713.519958496094,713.519958496094,713.519958496094,713.519958496094,722.499938964844,722.499938964844,722.499938964844,722.499938964844,722.499938964844,794.640014648438,794.640014648438,794.640014648438,794.640014648438,794.640014648438,NA,NA,NA,NA,NA,NA
"LOLOG_5564",NA,NA,NA,NA,NA,NA,NA,NA,NA,NA,721.090942382812,721.090942382812,721.090942382812,721.090942382812,721.090942382812,721.090942382812,721.090942382812,721.090942382812,721.090942382812,721.090942382812,721.090942382812,794.640014648438,794.640014648438,794.640014648438,794.640014648438,794.640014648438,897.200012207031,NA,NA,NA,NA,NA
"LOLOG_5567",732.36669921875,732.36669921875,732.36669921875,732.36669921875,732.36669921875,732.36669921875,667.420043945312,667.420043945312,667.420043945312,667.420043945312,667.420043945312,713.519958496094,713.519958496094,713.519958496094,713.519958496094,713.519958496094,722.499938964844,722.499938964844,722.499938964844,722.499938964844,722.499938964844,794.640014648438,794.640014648438,794.640014648438,794.640014648438,794.640014648438,869.059936523438,869.059936523438,869.059936523438,869.059936523438,869.059936523438,NA
"LOLOG_5570",732.36669921875,732.36669921875,732.36669921875,732.36669921875,732.36669921875,732.36669921875,667.420043945312,667.420043945312,667.420043945312,667.420043945312,667.420043945312,713.519958496094,713.519958496094,713.519958496094,713.519958496094,713.519958496094,722.499938964844,722.499938964844,722.499938964844,722.499938964844,722.499938964844,794.640014648438,794.640014648438,794.640014648438,794.640014648438,794.640014648438,869.059936523438,869.059936523438,869.059936523438,869.059936523438,869.059936523438,NA
"LOLOG_5573",732.36669921875,732.36669921875,732.36669921875,732.36669921875,732.36669921875,732.36669921875,667.420043945312,667.420043945312,667.420043945312,667.420043945312,667.420043945312,713.519958496094,713.519958496094,713.519958496094,713.519958496094,713.519958496094,722.499938964844,722.499938964844,722.499938964844,722.499938964844,722.499938964844,836.099975585938,836.099975585938,836.099975585938,836.099975585938,NA,NA,NA,NA,NA,NA,NA
"LOLOG_5574",732.36669921875,732.36669921875,732.36669921875,732.36669921875,732.36669921875,732.36669921875,667.420043945312,667.420043945312,667.420043945312,667.420043945312,667.420043945312,713.519958496094,713.519958496094,713.519958496094,713.519958496094,713.519958496094,722.499938964844,722.499938964844,722.499938964844,722.499938964844,722.499938964844,794.640014648438,794.640014648438,794.640014648438,794.640014648438,794.640014648438,869.059936523438,869.059936523438,869.059936523438,869.059936523438,869.059936523438,NA
"LOLOG_5575",732.36669921875,732.36669921875,732.36669921875,732.36669921875,732.36669921875,732.36669921875,667.420043945312,667.420043945312,667.420043945312,667.420043945312,667.420043945312,713.519958496094,713.519958496094,713.519958496094,713.519958496094,713.519958496094,722.499938964844,722.499938964844,722.499938964844,722.499938964844,722.499938964844,794.640014648438,794.640014648438,794.640014648438,794.640014648438,794.640014648438,869.059936523438,869.059936523438,869.059936523438,869.059936523438,869.059936523438,NA
"LOLOG_5576",732.36669921875,732.36669921875,732.36669921875,732.36669921875,732.36669921875,732.36669921875,667.420043945312,667.420043945312,667.420043945312,667.420043945312,667.420043945312,713.519958496094,713.519958496094,713.519958496094,713.519958496094,713.519958496094,722.499938964844,722.499938964844,722.499938964844,722.499938964844,722.499938964844,794.640014648438,794.640014648438,794.640014648438,794.640014648438,794.640014648438,NA,NA,NA,NA,NA,NA
"LOLOG_5577",732.36669921875,732.36669921875,732.36669921875,732.36669921875,732.36669921875,732.36669921875,667.420043945312,667.420043945312,667.420043945312,667.420043945312,667.420043945312,713.519958496094,713.519958496094,713.519958496094,713.519958496094,713.519958496094,722.499938964844,722.499938964844,722.499938964844,722.499938964844,722.499938964844,794.640014648438,794.640014648438,794.640014648438,794.640014648438,794.640014648438,869.059936523438,869.059936523438,869.059936523438,869.059936523438,869.059936523438,NA
"LOLOG_5581",732.36669921875,732.36669921875,732.36669921875,732.36669921875,732.36669921875,732.36669921875,667.420043945312,667.420043945312,667.420043945312,667.420043945312,667.420043945312,713.519958496094,713.519958496094,713.519958496094,713.519958496094,713.519958496094,722.499938964844,722.499938964844,722.499938964844,722.499938964844,722.499938964844,794.640014648438,794.640014648438,794.640014648438,794.640014648438,794.640014648438,869.059936523438,869.059936523438,869.059936523438,869.059936523438,869.059936523438,NA
"LOLOG_5583",732.36669921875,732.36669921875,732.36669921875,732.36669921875,732.36669921875,732.36669921875,667.420043945312,667.420043945312,667.420043945312,667.420043945312,667.420043945312,713.519958496094,713.519958496094,713.519958496094,713.519958496094,713.519958496094,722.499938964844,722.499938964844,722.499938964844,722.499938964844,722.499938964844,794.640014648438,794.640014648438,794.640014648438,794.640014648438,794.640014648438,869.059936523438,869.059936523438,869.059936523438,869.059936523438,869.059936523438,NA
"LOLOG_5585",732.36669921875,732.36669921875,732.36669921875,732.36669921875,732.36669921875,732.36669921875,667.420043945312,667.420043945312,667.420043945312,667.420043945312,667.420043945312,713.519958496094,713.519958496094,713.519958496094,713.519958496094,713.519958496094,722.499938964844,722.499938964844,722.499938964844,722.499938964844,722.499938964844,794.640014648438,794.640014648438,794.640014648438,794.640014648438,794.640014648438,869.059936523438,869.059936523438,869.059936523438,869.059936523438,869.059936523438,NA
"LOLOG_5587",732.36669921875,732.36669921875,732.36669921875,732.36669921875,732.36669921875,732.36669921875,667.420043945312,667.420043945312,667.420043945312,667.420043945312,667.420043945312,713.519958496094,713.519958496094,713.519958496094,713.519958496094,713.519958496094,722.499938964844,722.499938964844,722.499938964844,722.499938964844,722.499938964844,794.640014648438,794.640014648438,794.640014648438,794.640014648438,794.640014648438,NA,NA,NA,NA,NA,NA
"LOLOG_5589",732.36669921875,732.36669921875,732.36669921875,732.36669921875,732.36669921875,732.36669921875,667.420043945312,667.420043945312,667.420043945312,667.420043945312,667.420043945312,713.519958496094,713.519958496094,713.519958496094,713.519958496094,713.519958496094,722.499938964844,722.499938964844,722.499938964844,722.499938964844,722.499938964844,794.640014648438,794.640014648438,794.640014648438,794.640014648438,794.640014648438,869.059936523438,869.059936523438,869.059936523438,869.059936523438,869.059936523438,NA
"LOLOG_5591",732.36669921875,732.36669921875,732.36669921875,732.36669921875,732.36669921875,732.36669921875,667.420043945312,667.420043945312,667.420043945312,667.420043945312,667.420043945312,713.519958496094,713.519958496094,713.519958496094,713.519958496094,713.519958496094,722.499938964844,722.499938964844,722.499938964844,722.499938964844,722.499938964844,794.640014648438,794.640014648438,794.640014648438,794.640014648438,794.640014648438,869.059936523438,869.059936523438,869.059936523438,869.059936523438,869.059936523438,NA
"LOLOG_5595",732.36669921875,732.36669921875,732.36669921875,732.36669921875,732.36669921875,732.36669921875,667.420043945312,667.420043945312,667.420043945312,667.420043945312,667.420043945312,713.519958496094,713.519958496094,713.519958496094,713.519958496094,713.519958496094,722.499938964844,722.499938964844,722.499938964844,722.499938964844,722.499938964844,794.640014648438,794.640014648438,794.640014648438,794.640014648438,794.640014648438,869.059936523438,869.059936523438,869.059936523438,869.059936523438,869.059936523438,NA
"LOLOG_5596",732.36669921875,732.36669921875,732.36669921875,732.36669921875,732.36669921875,732.36669921875,667.420043945312,667.420043945312,667.420043945312,667.420043945312,667.420043945312,713.519958496094,713.519958496094,713.519958496094,713.519958496094,713.519958496094,722.499938964844,722.499938964844,722.499938964844,722.499938964844,722.499938964844,794.640014648438,794.640014648438,794.640014648438,794.640014648438,794.640014648438,869.059936523438,869.059936523438,869.059936523438,869.059936523438,869.059936523438,NA
"LOLOG_5597",732.36669921875,732.36669921875,732.36669921875,732.36669921875,732.36669921875,732.36669921875,667.420043945312,667.420043945312,667.420043945312,667.420043945312,667.420043945312,713.519958496094,713.519958496094,713.519958496094,713.519958496094,713.519958496094,722.499938964844,722.499938964844,722.499938964844,722.499938964844,722.499938964844,794.640014648438,794.640014648438,794.640014648438,794.640014648438,794.640014648438,869.059936523438,869.059936523438,869.059936523438,869.059936523438,869.059936523438,NA
"LOLOG_5599",NA,NA,NA,NA,NA,NA,NA,NA,NA,NA,NA,NA,NA,NA,NA,NA,NA,NA,NA,NA,NA,NA,NA,NA,NA,829.016662597656,829.016662597656,829.016662597656,829.016662597656,829.016662597656,829.016662597656,NA
"LOLOG_5607",732.36669921875,732.36669921875,732.36669921875,732.36669921875,732.36669921875,732.36669921875,667.420043945312,667.420043945312,667.420043945312,667.420043945312,667.420043945312,713.519958496094,713.519958496094,713.519958496094,713.519958496094,713.519958496094,722.499938964844,722.499938964844,722.499938964844,722.499938964844,722.499938964844,794.640014648438,794.640014648438,794.640014648438,794.640014648438,794.640014648438,869.059936523438,869.059936523438,869.059936523438,869.059936523438,869.059936523438,NA
"LOLOG_5608",732.36669921875,732.36669921875,732.36669921875,732.36669921875,732.36669921875,732.36669921875,667.420043945312,667.420043945312,667.420043945312,667.420043945312,667.420043945312,713.519958496094,713.519958496094,713.519958496094,713.519958496094,713.519958496094,722.499938964844,722.499938964844,722.499938964844,722.499938964844,722.499938964844,794.640014648438,794.640014648438,794.640014648438,794.640014648438,794.640014648438,869.059936523438,869.059936523438,869.059936523438,869.059936523438,869.059936523438,NA
"LOLOG_5611",732.36669921875,732.36669921875,732.36669921875,732.36669921875,732.36669921875,732.36669921875,667.420043945312,667.420043945312,667.420043945312,667.420043945312,667.420043945312,713.519958496094,713.519958496094,713.519958496094,713.519958496094,713.519958496094,722.499938964844,722.499938964844,722.499938964844,722.499938964844,722.499938964844,794.640014648438,794.640014648438,794.640014648438,794.640014648438,794.640014648438,869.059936523438,869.059936523438,869.059936523438,869.059936523438,869.059936523438,NA
"LOLOG_5612",732.36669921875,732.36669921875,732.36669921875,732.36669921875,732.36669921875,732.36669921875,667.420043945312,667.420043945312,667.420043945312,667.420043945312,667.420043945312,630.099975585938,NA,NA,NA,NA,NA,NA,NA,NA,NA,NA,NA,NA,NA,NA,NA,NA,NA,NA,NA,NA
"LOLOG_5613",732.36669921875,732.36669921875,732.36669921875,732.36669921875,732.36669921875,732.36669921875,667.420043945312,667.420043945312,667.420043945312,667.420043945312,667.420043945312,713.519958496094,713.519958496094,713.519958496094,713.519958496094,713.519958496094,722.499938964844,722.499938964844,722.499938964844,722.499938964844,722.499938964844,794.640014648438,794.640014648438,794.640014648438,794.640014648438,794.640014648438,869.059936523438,869.059936523438,869.059936523438,869.059936523438,869.059936523438,NA
"LOLOG_5616",732.36669921875,732.36669921875,732.36669921875,732.36669921875,732.36669921875,732.36669921875,667.420043945312,667.420043945312,667.420043945312,667.420043945312,667.420043945312,713.519958496094,713.519958496094,713.519958496094,713.519958496094,713.519958496094,722.499938964844,722.499938964844,722.499938964844,722.499938964844,722.499938964844,878.399963378906,878.399963378906,878.399963378906,NA,NA,NA,NA,NA,NA,NA,NA
"LOLOG_5619",732.36669921875,732.36669921875,732.36669921875,732.36669921875,732.36669921875,732.36669921875,667.420043945312,667.420043945312,667.420043945312,667.420043945312,667.420043945312,713.519958496094,713.519958496094,713.519958496094,713.519958496094,713.519958496094,722.499938964844,722.499938964844,722.499938964844,722.499938964844,722.499938964844,794.640014648438,794.640014648438,794.640014648438,794.640014648438,794.640014648438,869.059936523438,869.059936523438,869.059936523438,869.059936523438,869.059936523438,613.099975585938
"LOLOG_5620",732.36669921875,732.36669921875,732.36669921875,732.36669921875,732.36669921875,732.36669921875,667.420043945312,667.420043945312,667.420043945312,667.420043945312,667.420043945312,713.519958496094,713.519958496094,713.519958496094,713.519958496094,713.519958496094,722.499938964844,722.499938964844,722.499938964844,722.499938964844,722.499938964844,836.099975585938,836.099975585938,836.099975585938,836.099975585938,NA,NA,NA,NA,NA,NA,NA
"LOLOG_5621",732.36669921875,732.36669921875,732.36669921875,732.36669921875,732.36669921875,732.36669921875,667.420043945312,667.420043945312,667.420043945312,667.420043945312,667.420043945312,713.519958496094,713.519958496094,713.519958496094,713.519958496094,713.519958496094,722.499938964844,722.499938964844,722.499938964844,722.499938964844,722.499938964844,794.640014648438,794.640014648438,794.640014648438,794.640014648438,794.640014648438,868.074951171875,868.074951171875,868.074951171875,868.074951171875,NA,NA
"LOLOG_5622",732.36669921875,732.36669921875,732.36669921875,732.36669921875,732.36669921875,732.36669921875,667.420043945312,667.420043945312,667.420043945312,667.420043945312,667.420043945312,713.519958496094,713.519958496094,713.519958496094,713.519958496094,713.519958496094,722.499938964844,722.499938964844,722.499938964844,722.499938964844,722.499938964844,794.640014648438,794.640014648438,794.640014648438,794.640014648438,794.640014648438,869.059936523438,869.059936523438,869.059936523438,869.059936523438,869.059936523438,NA
"LOLOG_5623",732.36669921875,732.36669921875,732.36669921875,732.36669921875,732.36669921875,732.36669921875,667.420043945312,667.420043945312,667.420043945312,667.420043945312,667.420043945312,713.519958496094,713.519958496094,713.519958496094,713.519958496094,713.519958496094,722.499938964844,722.499938964844,722.499938964844,722.499938964844,722.499938964844,794.640014648438,794.640014648438,794.640014648438,794.640014648438,794.640014648438,869.059936523438,869.059936523438,869.059936523438,869.059936523438,869.059936523438,NA
"LOLOG_5624",732.36669921875,732.36669921875,732.36669921875,732.36669921875,732.36669921875,732.36669921875,667.420043945312,667.420043945312,667.420043945312,667.420043945312,667.420043945312,713.519958496094,713.519958496094,713.519958496094,713.519958496094,713.519958496094,722.499938964844,722.499938964844,722.499938964844,722.499938964844,722.499938964844,794.640014648438,794.640014648438,794.640014648438,794.640014648438,794.640014648438,869.059936523438,869.059936523438,869.059936523438,869.059936523438,869.059936523438,NA
"LOLOG_5628",732.36669921875,732.36669921875,732.36669921875,732.36669921875,732.36669921875,732.36669921875,667.420043945312,667.420043945312,667.420043945312,667.420043945312,667.420043945312,713.519958496094,713.519958496094,713.519958496094,713.519958496094,713.519958496094,722.499938964844,722.499938964844,722.499938964844,722.499938964844,722.499938964844,794.640014648438,794.640014648438,794.640014648438,794.640014648438,794.640014648438,869.059936523438,869.059936523438,869.059936523438,869.059936523438,869.059936523438,NA
"LOLOG_5636",732.36669921875,732.36669921875,732.36669921875,732.36669921875,732.36669921875,732.36669921875,667.420043945312,667.420043945312,667.420043945312,667.420043945312,667.420043945312,713.519958496094,713.519958496094,713.519958496094,713.519958496094,713.519958496094,722.499938964844,722.499938964844,722.499938964844,722.499938964844,722.499938964844,794.640014648438,794.640014648438,794.640014648438,794.640014648438,794.640014648438,869.059936523438,869.059936523438,869.059936523438,869.059936523438,869.059936523438,NA
"LOLOG_5639",732.36669921875,732.36669921875,732.36669921875,732.36669921875,732.36669921875,732.36669921875,667.420043945312,667.420043945312,667.420043945312,667.420043945312,667.420043945312,713.519958496094,713.519958496094,713.519958496094,713.519958496094,713.519958496094,722.499938964844,722.499938964844,722.499938964844,722.499938964844,722.499938964844,794.640014648438,794.640014648438,794.640014648438,794.640014648438,794.640014648438,869.059936523438,869.059936523438,869.059936523438,869.059936523438,869.059936523438,NA
"LOLOG_5640",732.36669921875,732.36669921875,732.36669921875,732.36669921875,732.36669921875,732.36669921875,667.420043945312,667.420043945312,667.420043945312,667.420043945312,667.420043945312,713.519958496094,713.519958496094,713.519958496094,713.519958496094,713.519958496094,722.499938964844,722.499938964844,722.499938964844,722.499938964844,722.499938964844,794.640014648438,794.640014648438,794.640014648438,794.640014648438,794.640014648438,869.059936523438,869.059936523438,869.059936523438,869.059936523438,869.059936523438,NA
"LOLOG_5641",732.36669921875,732.36669921875,732.36669921875,732.36669921875,732.36669921875,732.36669921875,667.420043945312,667.420043945312,667.420043945312,667.420043945312,667.420043945312,713.519958496094,713.519958496094,713.519958496094,713.519958496094,713.519958496094,722.499938964844,722.499938964844,722.499938964844,722.499938964844,722.499938964844,794.640014648438,794.640014648438,794.640014648438,794.640014648438,794.640014648438,869.059936523438,869.059936523438,869.059936523438,869.059936523438,869.059936523438,NA
"LOLOG_5643",732.36669921875,732.36669921875,732.36669921875,732.36669921875,732.36669921875,732.36669921875,667.420043945312,667.420043945312,667.420043945312,667.420043945312,667.420043945312,713.519958496094,713.519958496094,713.519958496094,713.519958496094,713.519958496094,722.499938964844,722.499938964844,722.499938964844,722.499938964844,722.499938964844,794.640014648438,794.640014648438,794.640014648438,794.640014648438,794.640014648438,869.059936523438,869.059936523438,869.059936523438,869.059936523438,869.059936523438,NA
"LOLOG_5646",732.36669921875,732.36669921875,732.36669921875,732.36669921875,732.36669921875,732.36669921875,667.420043945312,667.420043945312,667.420043945312,667.420043945312,667.420043945312,713.519958496094,713.519958496094,713.519958496094,713.519958496094,713.519958496094,722.499938964844,722.499938964844,722.499938964844,722.499938964844,722.499938964844,794.640014648438,794.640014648438,794.640014648438,794.640014648438,794.640014648438,869.059936523438,869.059936523438,869.059936523438,869.059936523438,869.059936523438,NA
"LOLOG_5647",732.36669921875,732.36669921875,732.36669921875,732.36669921875,732.36669921875,732.36669921875,667.420043945312,667.420043945312,667.420043945312,667.420043945312,667.420043945312,713.519958496094,713.519958496094,713.519958496094,713.519958496094,713.519958496094,722.499938964844,722.499938964844,722.499938964844,722.499938964844,722.499938964844,794.640014648438,794.640014648438,794.640014648438,794.640014648438,794.640014648438,869.059936523438,869.059936523438,869.059936523438,869.059936523438,869.059936523438,NA
"LOLOG_5648",732.36669921875,732.36669921875,732.36669921875,732.36669921875,732.36669921875,732.36669921875,667.420043945312,667.420043945312,667.420043945312,667.420043945312,667.420043945312,713.519958496094,713.519958496094,713.519958496094,713.519958496094,713.519958496094,722.499938964844,722.499938964844,722.499938964844,722.499938964844,722.499938964844,794.640014648438,794.640014648438,794.640014648438,794.640014648438,794.640014648438,869.059936523438,869.059936523438,869.059936523438,869.059936523438,869.059936523438,NA
"LOLOG_5653",732.36669921875,732.36669921875,732.36669921875,732.36669921875,732.36669921875,732.36669921875,667.420043945312,667.420043945312,667.420043945312,667.420043945312,667.420043945312,713.519958496094,713.519958496094,713.519958496094,713.519958496094,713.519958496094,722.499938964844,722.499938964844,722.499938964844,722.499938964844,722.499938964844,794.640014648438,794.640014648438,794.640014648438,794.640014648438,794.640014648438,869.059936523438,869.059936523438,869.059936523438,869.059936523438,869.059936523438,NA
"LOLOG_5654",732.36669921875,732.36669921875,732.36669921875,732.36669921875,732.36669921875,732.36669921875,667.420043945312,667.420043945312,667.420043945312,667.420043945312,667.420043945312,713.519958496094,713.519958496094,713.519958496094,713.519958496094,713.519958496094,722.499938964844,722.499938964844,722.499938964844,722.499938964844,722.499938964844,794.640014648438,794.640014648438,794.640014648438,794.640014648438,794.640014648438,869.059936523438,869.059936523438,869.059936523438,869.059936523438,869.059936523438,NA
"LOLOG_5655",732.36669921875,732.36669921875,732.36669921875,732.36669921875,732.36669921875,732.36669921875,667.420043945312,667.420043945312,667.420043945312,667.420043945312,667.420043945312,713.519958496094,713.519958496094,713.519958496094,713.519958496094,713.519958496094,722.499938964844,722.499938964844,722.499938964844,722.499938964844,722.499938964844,794.640014648438,794.640014648438,794.640014648438,794.640014648438,794.640014648438,869.059936523438,869.059936523438,869.059936523438,869.059936523438,869.059936523438,NA
"LOLOG_5659",732.36669921875,732.36669921875,732.36669921875,732.36669921875,732.36669921875,732.36669921875,667.420043945312,667.420043945312,667.420043945312,667.420043945312,667.420043945312,713.519958496094,713.519958496094,713.519958496094,713.519958496094,713.519958496094,722.499938964844,722.499938964844,722.499938964844,722.499938964844,722.499938964844,794.640014648438,794.640014648438,794.640014648438,794.640014648438,794.640014648438,897.200012207031,NA,NA,NA,NA,NA
"LOLOG_5660",732.36669921875,732.36669921875,732.36669921875,732.36669921875,732.36669921875,732.36669921875,667.420043945312,667.420043945312,667.420043945312,667.420043945312,667.420043945312,713.519958496094,713.519958496094,713.519958496094,713.519958496094,713.519958496094,722.499938964844,722.499938964844,722.499938964844,722.499938964844,722.499938964844,794.640014648438,794.640014648438,794.640014648438,794.640014648438,794.640014648438,869.059936523438,869.059936523438,869.059936523438,869.059936523438,869.059936523438,NA
"LOLOG_5661",732.36669921875,732.36669921875,732.36669921875,732.36669921875,732.36669921875,732.36669921875,667.420043945312,667.420043945312,667.420043945312,667.420043945312,667.420043945312,662.574951171875,662.574951171875,662.574951171875,662.574951171875,NA,NA,NA,NA,NA,NA,NA,NA,NA,NA,NA,NA,NA,NA,NA,NA,NA
"LOLOG_5662",732.36669921875,732.36669921875,732.36669921875,732.36669921875,732.36669921875,732.36669921875,667.420043945312,667.420043945312,667.420043945312,667.420043945312,667.420043945312,713.519958496094,713.519958496094,713.519958496094,713.519958496094,713.519958496094,722.499938964844,722.499938964844,722.499938964844,722.499938964844,722.499938964844,794.640014648438,794.640014648438,794.640014648438,794.640014648438,794.640014648438,869.059936523438,869.059936523438,869.059936523438,869.059936523438,869.059936523438,NA
"LOLOG_5663",732.36669921875,732.36669921875,732.36669921875,732.36669921875,732.36669921875,732.36669921875,667.420043945312,667.420043945312,667.420043945312,667.420043945312,667.420043945312,713.519958496094,713.519958496094,713.519958496094,713.519958496094,713.519958496094,NA,NA,NA,NA,NA,NA,NA,NA,NA,NA,NA,NA,NA,NA,NA,NA
"LOLOG_5664",NA,NA,NA,NA,NA,NA,NA,NA,NA,NA,NA,NA,NA,NA,NA,NA,NA,NA,NA,NA,783.983337402344,783.983337402344,783.983337402344,783.983337402344,783.983337402344,783.983337402344,869.059936523438,869.059936523438,869.059936523438,869.059936523438,869.059936523438,NA
"LOLOG_5665",732.36669921875,732.36669921875,732.36669921875,732.36669921875,732.36669921875,732.36669921875,667.420043945312,667.420043945312,667.420043945312,667.420043945312,667.420043945312,662.574951171875,662.574951171875,662.574951171875,662.574951171875,NA,NA,NA,NA,NA,NA,NA,NA,NA,NA,NA,NA,NA,NA,NA,NA,NA
"LOLOG_5669",732.36669921875,732.36669921875,732.36669921875,732.36669921875,732.36669921875,732.36669921875,667.420043945312,667.420043945312,667.420043945312,667.420043945312,667.420043945312,713.519958496094,713.519958496094,713.519958496094,713.519958496094,713.519958496094,722.499938964844,722.499938964844,722.499938964844,722.499938964844,722.499938964844,794.640014648438,794.640014648438,794.640014648438,794.640014648438,794.640014648438,869.059936523438,869.059936523438,869.059936523438,869.059936523438,869.059936523438,NA
"LOLOG_5671",732.36669921875,732.36669921875,732.36669921875,732.36669921875,732.36669921875,732.36669921875,667.420043945312,667.420043945312,667.420043945312,667.420043945312,667.420043945312,713.519958496094,713.519958496094,713.519958496094,713.519958496094,713.519958496094,722.499938964844,722.499938964844,722.499938964844,722.499938964844,722.499938964844,794.640014648438,794.640014648438,794.640014648438,794.640014648438,794.640014648438,869.059936523438,869.059936523438,869.059936523438,869.059936523438,869.059936523438,NA
"LOLOG_5672",791.150024414062,791.150024414062,NA,NA,NA,NA,NA,NA,NA,NA,NA,NA,NA,NA,NA,NA,NA,NA,NA,NA,NA,NA,NA,NA,NA,NA,NA,NA,NA,NA,NA,NA
"LOLOG_5674",732.36669921875,732.36669921875,732.36669921875,732.36669921875,732.36669921875,732.36669921875,667.420043945312,667.420043945312,667.420043945312,667.420043945312,667.420043945312,713.519958496094,713.519958496094,713.519958496094,713.519958496094,713.519958496094,722.499938964844,722.499938964844,722.499938964844,722.499938964844,722.499938964844,794.640014648438,794.640014648438,794.640014648438,794.640014648438,794.640014648438,869.059936523438,869.059936523438,869.059936523438,869.059936523438,869.059936523438,NA
"LOLOG_5675",732.36669921875,732.36669921875,732.36669921875,732.36669921875,732.36669921875,732.36669921875,667.420043945312,667.420043945312,667.420043945312,667.420043945312,667.420043945312,713.519958496094,713.519958496094,713.519958496094,713.519958496094,713.519958496094,722.499938964844,722.499938964844,722.499938964844,722.499938964844,722.499938964844,794.640014648438,794.640014648438,794.640014648438,794.640014648438,794.640014648438,869.059936523438,869.059936523438,869.059936523438,869.059936523438,869.059936523438,NA
"LOLOG_5677",732.36669921875,732.36669921875,732.36669921875,732.36669921875,732.36669921875,732.36669921875,667.420043945312,667.420043945312,667.420043945312,667.420043945312,667.420043945312,713.519958496094,713.519958496094,713.519958496094,713.519958496094,713.519958496094,722.499938964844,722.499938964844,722.499938964844,722.499938964844,722.499938964844,794.640014648438,794.640014648438,794.640014648438,794.640014648438,794.640014648438,869.059936523438,869.059936523438,869.059936523438,869.059936523438,869.059936523438,NA
"LOLOG_5678",732.36669921875,732.36669921875,732.36669921875,732.36669921875,732.36669921875,732.36669921875,667.420043945312,667.420043945312,667.420043945312,667.420043945312,667.420043945312,713.519958496094,713.519958496094,713.519958496094,713.519958496094,713.519958496094,722.499938964844,722.499938964844,722.499938964844,722.499938964844,722.499938964844,836.099975585938,836.099975585938,836.099975585938,836.099975585938,NA,NA,NA,NA,NA,NA,NA
"LOLOG_5680",732.36669921875,732.36669921875,732.36669921875,732.36669921875,732.36669921875,732.36669921875,667.420043945312,667.420043945312,667.420043945312,667.420043945312,667.420043945312,713.519958496094,713.519958496094,713.519958496094,713.519958496094,713.519958496094,722.499938964844,722.499938964844,722.499938964844,722.499938964844,722.499938964844,794.640014648438,794.640014648438,794.640014648438,794.640014648438,794.640014648438,869.059936523438,869.059936523438,869.059936523438,869.059936523438,869.059936523438,NA
"LOLOG_5685",732.36669921875,732.36669921875,732.36669921875,732.36669921875,732.36669921875,732.36669921875,667.420043945312,667.420043945312,667.420043945312,667.420043945312,667.420043945312,713.519958496094,713.519958496094,713.519958496094,713.519958496094,713.519958496094,722.499938964844,722.499938964844,722.499938964844,722.499938964844,722.499938964844,794.640014648438,794.640014648438,794.640014648438,794.640014648438,794.640014648438,869.059936523438,869.059936523438,869.059936523438,869.059936523438,869.059936523438,NA
"LOLOG_5687",732.36669921875,732.36669921875,732.36669921875,732.36669921875,732.36669921875,732.36669921875,667.420043945312,667.420043945312,667.420043945312,667.420043945312,667.420043945312,713.519958496094,713.519958496094,713.519958496094,713.519958496094,713.519958496094,722.499938964844,722.499938964844,722.499938964844,722.499938964844,722.499938964844,794.640014648438,794.640014648438,794.640014648438,794.640014648438,794.640014648438,869.059936523438,869.059936523438,869.059936523438,869.059936523438,869.059936523438,NA
"LOLOG_5688",732.36669921875,732.36669921875,732.36669921875,732.36669921875,732.36669921875,732.36669921875,667.420043945312,667.420043945312,667.420043945312,667.420043945312,667.420043945312,713.519958496094,713.519958496094,713.519958496094,713.519958496094,713.519958496094,722.499938964844,722.499938964844,722.499938964844,722.499938964844,722.499938964844,794.640014648438,794.640014648438,794.640014648438,794.640014648438,794.640014648438,869.059936523438,869.059936523438,869.059936523438,869.059936523438,869.059936523438,NA
"LOLOG_5689",732.36669921875,732.36669921875,732.36669921875,732.36669921875,732.36669921875,732.36669921875,667.420043945312,667.420043945312,667.420043945312,667.420043945312,667.420043945312,713.519958496094,713.519958496094,713.519958496094,713.519958496094,713.519958496094,722.499938964844,722.499938964844,722.499938964844,722.499938964844,722.499938964844,794.640014648438,794.640014648438,794.640014648438,794.640014648438,794.640014648438,869.059936523438,869.059936523438,869.059936523438,869.059936523438,869.059936523438,NA
"LOLOG_5691",NA,NA,NA,NA,NA,666.950012207031,666.950012207031,666.950012207031,666.950012207031,666.950012207031,666.950012207031,713.519958496094,713.519958496094,713.519958496094,713.519958496094,713.519958496094,722.499938964844,722.499938964844,722.499938964844,722.499938964844,722.499938964844,794.640014648438,794.640014648438,794.640014648438,794.640014648438,794.640014648438,869.059936523438,869.059936523438,869.059936523438,869.059936523438,869.059936523438,NA
"LOLOG_5692",732.36669921875,732.36669921875,732.36669921875,732.36669921875,732.36669921875,732.36669921875,667.420043945312,667.420043945312,667.420043945312,667.420043945312,667.420043945312,713.519958496094,713.519958496094,713.519958496094,713.519958496094,713.519958496094,722.499938964844,722.499938964844,722.499938964844,722.499938964844,722.499938964844,794.640014648438,794.640014648438,794.640014648438,794.640014648438,794.640014648438,869.059936523438,869.059936523438,869.059936523438,869.059936523438,869.059936523438,NA
"LOLOG_5694",732.36669921875,732.36669921875,732.36669921875,732.36669921875,732.36669921875,732.36669921875,667.420043945312,667.420043945312,667.420043945312,667.420043945312,667.420043945312,713.519958496094,713.519958496094,713.519958496094,713.519958496094,713.519958496094,722.499938964844,722.499938964844,722.499938964844,722.499938964844,722.499938964844,794.640014648438,794.640014648438,794.640014648438,794.640014648438,794.640014648438,869.059936523438,869.059936523438,869.059936523438,869.059936523438,869.059936523438,NA
"LOLOG_5697",732.36669921875,732.36669921875,732.36669921875,732.36669921875,732.36669921875,732.36669921875,667.420043945312,667.420043945312,667.420043945312,667.420043945312,667.420043945312,713.519958496094,713.519958496094,713.519958496094,713.519958496094,713.519958496094,722.499938964844,722.499938964844,722.499938964844,722.499938964844,722.499938964844,794.640014648438,794.640014648438,794.640014648438,794.640014648438,794.640014648438,869.059936523438,869.059936523438,869.059936523438,869.059936523438,869.059936523438,NA
"LOLOG_5702",732.36669921875,732.36669921875,732.36669921875,732.36669921875,732.36669921875,732.36669921875,667.420043945312,667.420043945312,667.420043945312,667.420043945312,667.420043945312,713.519958496094,713.519958496094,713.519958496094,713.519958496094,713.519958496094,722.499938964844,722.499938964844,722.499938964844,722.499938964844,722.499938964844,794.640014648438,794.640014648438,794.640014648438,794.640014648438,794.640014648438,869.059936523438,869.059936523438,869.059936523438,869.059936523438,869.059936523438,NA
"LOLOG_5703",732.36669921875,732.36669921875,732.36669921875,732.36669921875,732.36669921875,732.36669921875,667.420043945312,667.420043945312,667.420043945312,667.420043945312,667.420043945312,713.519958496094,713.519958496094,713.519958496094,713.519958496094,713.519958496094,722.499938964844,722.499938964844,722.499938964844,722.499938964844,722.499938964844,794.640014648438,794.640014648438,794.640014648438,794.640014648438,794.640014648438,869.059936523438,869.059936523438,869.059936523438,869.059936523438,869.059936523438,NA
"LOLOG_5705",732.36669921875,732.36669921875,732.36669921875,732.36669921875,732.36669921875,732.36669921875,667.420043945312,667.420043945312,667.420043945312,667.420043945312,667.420043945312,713.519958496094,713.519958496094,713.519958496094,713.519958496094,713.519958496094,722.499938964844,722.499938964844,722.499938964844,722.499938964844,722.499938964844,794.640014648438,794.640014648438,794.640014648438,794.640014648438,794.640014648438,869.059936523438,869.059936523438,869.059936523438,869.059936523438,869.059936523438,NA
"LOLOG_5706",732.36669921875,732.36669921875,732.36669921875,732.36669921875,732.36669921875,732.36669921875,667.420043945312,667.420043945312,667.420043945312,667.420043945312,667.420043945312,713.519958496094,713.519958496094,713.519958496094,713.519958496094,713.519958496094,722.499938964844,722.499938964844,722.499938964844,722.499938964844,722.499938964844,794.640014648438,794.640014648438,794.640014648438,794.640014648438,794.640014648438,869.059936523438,869.059936523438,869.059936523438,869.059936523438,869.059936523438,NA
"LOLOG_5707",732.36669921875,732.36669921875,732.36669921875,732.36669921875,732.36669921875,732.36669921875,667.420043945312,667.420043945312,667.420043945312,667.420043945312,667.420043945312,713.519958496094,713.519958496094,713.519958496094,713.519958496094,713.519958496094,722.499938964844,722.499938964844,722.499938964844,722.499938964844,722.499938964844,794.640014648438,794.640014648438,794.640014648438,794.640014648438,794.640014648438,897.200012207031,NA,NA,NA,NA,NA
"LOLOG_5712",732.36669921875,732.36669921875,732.36669921875,732.36669921875,732.36669921875,732.36669921875,667.420043945312,667.420043945312,667.420043945312,667.420043945312,667.420043945312,713.519958496094,713.519958496094,713.519958496094,713.519958496094,713.519958496094,722.499938964844,722.499938964844,722.499938964844,722.499938964844,722.499938964844,794.640014648438,794.640014648438,794.640014648438,794.640014648438,794.640014648438,869.059936523438,869.059936523438,869.059936523438,869.059936523438,869.059936523438,NA
"LOLOG_5713",732.36669921875,732.36669921875,732.36669921875,732.36669921875,732.36669921875,732.36669921875,667.420043945312,667.420043945312,667.420043945312,667.420043945312,667.420043945312,713.519958496094,713.519958496094,713.519958496094,713.519958496094,713.519958496094,722.499938964844,722.499938964844,722.499938964844,722.499938964844,722.499938964844,794.640014648438,794.640014648438,794.640014648438,794.640014648438,794.640014648438,869.059936523438,869.059936523438,869.059936523438,869.059936523438,869.059936523438,NA
"LOLOG_5716",732.36669921875,732.36669921875,732.36669921875,732.36669921875,732.36669921875,732.36669921875,667.420043945312,667.420043945312,667.420043945312,667.420043945312,667.420043945312,713.519958496094,713.519958496094,713.519958496094,713.519958496094,713.519958496094,722.499938964844,722.499938964844,722.499938964844,722.499938964844,722.499938964844,794.640014648438,794.640014648438,794.640014648438,794.640014648438,794.640014648438,869.059936523438,869.059936523438,869.059936523438,869.059936523438,869.059936523438,NA
"LOLOG_5717",732.36669921875,732.36669921875,732.36669921875,732.36669921875,732.36669921875,732.36669921875,667.420043945312,667.420043945312,667.420043945312,667.420043945312,667.420043945312,713.519958496094,713.519958496094,713.519958496094,713.519958496094,713.519958496094,722.499938964844,722.499938964844,722.499938964844,722.499938964844,722.499938964844,794.640014648438,794.640014648438,794.640014648438,794.640014648438,794.640014648438,765.700012207031,765.700012207031,NA,NA,NA,NA
"LOLOG_5720",732.36669921875,732.36669921875,732.36669921875,732.36669921875,732.36669921875,732.36669921875,667.420043945312,667.420043945312,667.420043945312,667.420043945312,667.420043945312,713.519958496094,713.519958496094,713.519958496094,713.519958496094,713.519958496094,722.499938964844,722.499938964844,722.499938964844,722.499938964844,722.499938964844,794.640014648438,794.640014648438,794.640014648438,794.640014648438,794.640014648438,869.059936523438,869.059936523438,869.059936523438,869.059936523438,869.059936523438,NA
"LOLOG_5723",732.36669921875,732.36669921875,732.36669921875,732.36669921875,732.36669921875,732.36669921875,667.420043945312,667.420043945312,667.420043945312,667.420043945312,667.420043945312,713.519958496094,713.519958496094,713.519958496094,713.519958496094,713.519958496094,722.499938964844,722.499938964844,722.499938964844,722.499938964844,722.499938964844,794.640014648438,794.640014648438,794.640014648438,794.640014648438,794.640014648438,869.059936523438,869.059936523438,869.059936523438,869.059936523438,869.059936523438,NA
"LOLOG_5725",732.36669921875,732.36669921875,732.36669921875,732.36669921875,732.36669921875,732.36669921875,667.420043945312,667.420043945312,667.420043945312,667.420043945312,667.420043945312,713.519958496094,713.519958496094,713.519958496094,713.519958496094,713.519958496094,722.499938964844,722.499938964844,722.499938964844,722.499938964844,722.499938964844,794.640014648438,794.640014648438,794.640014648438,794.640014648438,794.640014648438,869.059936523438,869.059936523438,869.059936523438,869.059936523438,869.059936523438,NA
"LOLOG_5726",NA,NA,NA,NA,NA,NA,NA,NA,NA,NA,NA,NA,NA,NA,NA,NA,NA,NA,NA,NA,783.983337402344,783.983337402344,783.983337402344,783.983337402344,783.983337402344,783.983337402344,869.059936523438,869.059936523438,869.059936523438,869.059936523438,869.059936523438,NA
"LOLOG_5728",732.36669921875,732.36669921875,732.36669921875,732.36669921875,732.36669921875,732.36669921875,667.420043945312,667.420043945312,667.420043945312,667.420043945312,667.420043945312,713.519958496094,713.519958496094,713.519958496094,713.519958496094,713.519958496094,722.499938964844,722.499938964844,722.499938964844,722.499938964844,722.499938964844,878.399963378906,878.399963378906,878.399963378906,NA,NA,NA,NA,NA,NA,NA,NA
"LOLOG_5729",732.36669921875,732.36669921875,732.36669921875,732.36669921875,732.36669921875,732.36669921875,667.420043945312,667.420043945312,667.420043945312,667.420043945312,667.420043945312,713.519958496094,713.519958496094,713.519958496094,713.519958496094,713.519958496094,722.499938964844,722.499938964844,722.499938964844,722.499938964844,722.499938964844,836.099975585938,836.099975585938,836.099975585938,836.099975585938,NA,NA,NA,NA,NA,NA,NA
"LOLOG_5730",732.36669921875,732.36669921875,732.36669921875,732.36669921875,732.36669921875,732.36669921875,667.420043945312,667.420043945312,667.420043945312,667.420043945312,667.420043945312,713.519958496094,713.519958496094,713.519958496094,713.519958496094,713.519958496094,722.499938964844,722.499938964844,722.499938964844,722.499938964844,722.499938964844,908.349975585938,908.349975585938,NA,NA,NA,NA,NA,NA,NA,NA,NA
"LOLOG_5731",732.36669921875,732.36669921875,732.36669921875,732.36669921875,732.36669921875,732.36669921875,667.420043945312,667.420043945312,667.420043945312,667.420043945312,667.420043945312,713.519958496094,713.519958496094,713.519958496094,713.519958496094,713.519958496094,722.499938964844,722.499938964844,722.499938964844,722.499938964844,722.499938964844,794.640014648438,794.640014648438,794.640014648438,794.640014648438,794.640014648438,869.059936523438,869.059936523438,869.059936523438,869.059936523438,869.059936523438,NA
"LOLOG_5732",732.36669921875,732.36669921875,732.36669921875,732.36669921875,732.36669921875,732.36669921875,667.420043945312,667.420043945312,667.420043945312,667.420043945312,667.420043945312,713.519958496094,713.519958496094,713.519958496094,713.519958496094,713.519958496094,722.499938964844,722.499938964844,722.499938964844,722.499938964844,722.499938964844,794.640014648438,794.640014648438,794.640014648438,794.640014648438,794.640014648438,869.059936523438,869.059936523438,869.059936523438,869.059936523438,869.059936523438,NA
"LOLOG_5733",732.36669921875,732.36669921875,732.36669921875,732.36669921875,732.36669921875,732.36669921875,667.420043945312,667.420043945312,667.420043945312,667.420043945312,667.420043945312,713.519958496094,713.519958496094,713.519958496094,713.519958496094,713.519958496094,NA,NA,NA,NA,NA,NA,NA,NA,NA,NA,NA,NA,NA,NA,NA,NA
"LOLOG_5736",732.36669921875,732.36669921875,732.36669921875,732.36669921875,732.36669921875,732.36669921875,667.420043945312,667.420043945312,667.420043945312,667.420043945312,667.420043945312,713.519958496094,713.519958496094,713.519958496094,713.519958496094,713.519958496094,722.499938964844,722.499938964844,722.499938964844,722.499938964844,722.499938964844,794.640014648438,794.640014648438,794.640014648438,794.640014648438,794.640014648438,869.059936523438,869.059936523438,869.059936523438,869.059936523438,869.059936523438,NA
"LOLOG_5737",745.920043945312,745.920043945312,745.920043945312,745.920043945312,745.920043945312,NA,NA,NA,NA,NA,NA,NA,NA,NA,NA,NA,NA,NA,NA,NA,NA,NA,NA,NA,NA,NA,NA,NA,NA,NA,NA,NA
"LOLOG_5739",732.36669921875,732.36669921875,732.36669921875,732.36669921875,732.36669921875,732.36669921875,667.420043945312,667.420043945312,667.420043945312,667.420043945312,667.420043945312,713.519958496094,713.519958496094,713.519958496094,713.519958496094,713.519958496094,722.499938964844,722.499938964844,722.499938964844,722.499938964844,722.499938964844,794.640014648438,794.640014648438,794.640014648438,794.640014648438,794.640014648438,869.059936523438,869.059936523438,869.059936523438,869.059936523438,869.059936523438,NA
"LOLOG_5741",732.36669921875,732.36669921875,732.36669921875,732.36669921875,732.36669921875,732.36669921875,667.420043945312,667.420043945312,667.420043945312,667.420043945312,667.420043945312,713.519958496094,713.519958496094,713.519958496094,713.519958496094,713.519958496094,722.499938964844,722.499938964844,722.499938964844,722.499938964844,722.499938964844,794.640014648438,794.640014648438,794.640014648438,794.640014648438,794.640014648438,869.059936523438,869.059936523438,869.059936523438,869.059936523438,869.059936523438,NA
"LOLOG_5742",732.36669921875,732.36669921875,732.36669921875,732.36669921875,732.36669921875,732.36669921875,667.420043945312,667.420043945312,667.420043945312,667.420043945312,667.420043945312,713.519958496094,713.519958496094,713.519958496094,713.519958496094,713.519958496094,722.499938964844,722.499938964844,722.499938964844,722.499938964844,722.499938964844,794.640014648438,794.640014648438,794.640014648438,794.640014648438,794.640014648438,869.059936523438,869.059936523438,869.059936523438,869.059936523438,869.059936523438,NA
"LOLOG_5743",NA,NA,NA,NA,NA,NA,NA,NA,NA,NA,NA,NA,NA,NA,NA,NA,NA,NA,NA,NA,783.983337402344,783.983337402344,783.983337402344,783.983337402344,783.983337402344,783.983337402344,869.059936523438,869.059936523438,869.059936523438,869.059936523438,869.059936523438,NA
"LOLOG_5744",732.36669921875,732.36669921875,732.36669921875,732.36669921875,732.36669921875,732.36669921875,667.420043945312,667.420043945312,667.420043945312,667.420043945312,667.420043945312,713.519958496094,713.519958496094,713.519958496094,713.519958496094,713.519958496094,722.499938964844,722.499938964844,722.499938964844,722.499938964844,722.499938964844,908.349975585938,908.349975585938,NA,NA,NA,NA,NA,NA,NA,NA,NA
"LOLOG_5749",732.36669921875,732.36669921875,732.36669921875,732.36669921875,732.36669921875,732.36669921875,667.420043945312,667.420043945312,667.420043945312,667.420043945312,667.420043945312,713.519958496094,713.519958496094,713.519958496094,713.519958496094,713.519958496094,722.499938964844,722.499938964844,722.499938964844,722.499938964844,722.499938964844,794.640014648438,794.640014648438,794.640014648438,794.640014648438,794.640014648438,869.059936523438,869.059936523438,869.059936523438,869.059936523438,869.059936523438,NA
"LOLOG_5750",732.36669921875,732.36669921875,732.36669921875,732.36669921875,732.36669921875,732.36669921875,667.420043945312,667.420043945312,667.420043945312,667.420043945312,667.420043945312,713.519958496094,713.519958496094,713.519958496094,713.519958496094,713.519958496094,722.499938964844,722.499938964844,722.499938964844,722.499938964844,722.499938964844,794.640014648438,794.640014648438,794.640014648438,794.640014648438,794.640014648438,869.059936523438,869.059936523438,869.059936523438,869.059936523438,869.059936523438,NA
"LOLOG_5751",732.36669921875,732.36669921875,732.36669921875,732.36669921875,732.36669921875,732.36669921875,NA,NA,NA,NA,NA,NA,NA,NA,NA,NA,NA,NA,NA,NA,NA,NA,NA,NA,NA,NA,NA,NA,NA,NA,NA,NA
"LOLOG_5752",732.36669921875,732.36669921875,732.36669921875,732.36669921875,732.36669921875,732.36669921875,667.420043945312,667.420043945312,667.420043945312,667.420043945312,667.420043945312,713.519958496094,713.519958496094,713.519958496094,713.519958496094,713.519958496094,722.499938964844,722.499938964844,722.499938964844,722.499938964844,722.499938964844,794.640014648438,794.640014648438,794.640014648438,794.640014648438,794.640014648438,869.059936523438,869.059936523438,869.059936523438,869.059936523438,869.059936523438,NA
"LOLOG_5754",732.36669921875,732.36669921875,732.36669921875,732.36669921875,732.36669921875,732.36669921875,667.420043945312,667.420043945312,667.420043945312,667.420043945312,667.420043945312,713.519958496094,713.519958496094,713.519958496094,713.519958496094,713.519958496094,722.499938964844,722.499938964844,722.499938964844,722.499938964844,722.499938964844,794.640014648438,794.640014648438,794.640014648438,794.640014648438,794.640014648438,869.059936523438,869.059936523438,869.059936523438,869.059936523438,869.059936523438,NA
"LOLOG_5755",732.36669921875,732.36669921875,732.36669921875,732.36669921875,732.36669921875,732.36669921875,667.420043945312,667.420043945312,667.420043945312,667.420043945312,667.420043945312,713.519958496094,713.519958496094,713.519958496094,713.519958496094,713.519958496094,722.499938964844,722.499938964844,722.499938964844,722.499938964844,722.499938964844,794.640014648438,794.640014648438,794.640014648438,794.640014648438,794.640014648438,869.059936523438,869.059936523438,869.059936523438,869.059936523438,869.059936523438,NA
"LOLOG_5758",NA,NA,NA,NA,NA,NA,NA,NA,NA,NA,719.916687011719,719.916687011719,719.916687011719,719.916687011719,719.916687011719,719.916687011719,722.499938964844,722.499938964844,722.499938964844,722.499938964844,722.499938964844,794.640014648438,794.640014648438,794.640014648438,794.640014648438,794.640014648438,869.059936523438,869.059936523438,869.059936523438,869.059936523438,869.059936523438,NA
"LOLOG_5759",732.36669921875,732.36669921875,732.36669921875,732.36669921875,732.36669921875,732.36669921875,667.420043945312,667.420043945312,667.420043945312,667.420043945312,667.420043945312,713.519958496094,713.519958496094,713.519958496094,713.519958496094,713.519958496094,722.499938964844,722.499938964844,722.499938964844,722.499938964844,722.499938964844,794.640014648438,794.640014648438,794.640014648438,794.640014648438,794.640014648438,869.059936523438,869.059936523438,869.059936523438,869.059936523438,869.059936523438,NA
"LOLOG_5760",732.36669921875,732.36669921875,732.36669921875,732.36669921875,732.36669921875,732.36669921875,667.420043945312,667.420043945312,667.420043945312,667.420043945312,667.420043945312,713.519958496094,713.519958496094,713.519958496094,713.519958496094,713.519958496094,722.499938964844,722.499938964844,722.499938964844,722.499938964844,722.499938964844,794.640014648438,794.640014648438,794.640014648438,794.640014648438,794.640014648438,869.059936523438,869.059936523438,869.059936523438,869.059936523438,869.059936523438,NA
"LOLOG_5761",NA,NA,NA,NA,NA,NA,NA,NA,NA,NA,719.916687011719,719.916687011719,719.916687011719,719.916687011719,719.916687011719,719.916687011719,722.499938964844,722.499938964844,722.499938964844,722.499938964844,722.499938964844,794.640014648438,794.640014648438,794.640014648438,794.640014648438,794.640014648438,869.059936523438,869.059936523438,869.059936523438,869.059936523438,869.059936523438,NA
"LOLOG_5762",732.36669921875,732.36669921875,732.36669921875,732.36669921875,732.36669921875,732.36669921875,667.420043945312,667.420043945312,667.420043945312,667.420043945312,667.420043945312,713.519958496094,713.519958496094,713.519958496094,713.519958496094,713.519958496094,722.499938964844,722.499938964844,722.499938964844,722.499938964844,722.499938964844,794.640014648438,794.640014648438,794.640014648438,794.640014648438,794.640014648438,869.059936523438,869.059936523438,869.059936523438,869.059936523438,869.059936523438,NA
"LOLOG_5763",732.36669921875,732.36669921875,732.36669921875,732.36669921875,732.36669921875,732.36669921875,667.420043945312,667.420043945312,667.420043945312,667.420043945312,667.420043945312,713.519958496094,713.519958496094,713.519958496094,713.519958496094,713.519958496094,722.499938964844,722.499938964844,722.499938964844,722.499938964844,722.499938964844,794.640014648438,794.640014648438,794.640014648438,794.640014648438,794.640014648438,869.059936523438,869.059936523438,869.059936523438,869.059936523438,869.059936523438,NA
"LOLOG_5765",732.36669921875,732.36669921875,732.36669921875,732.36669921875,732.36669921875,732.36669921875,667.420043945312,667.420043945312,667.420043945312,667.420043945312,667.420043945312,713.519958496094,713.519958496094,713.519958496094,713.519958496094,713.519958496094,722.499938964844,722.499938964844,722.499938964844,722.499938964844,722.499938964844,794.640014648438,794.640014648438,794.640014648438,794.640014648438,794.640014648438,869.059936523438,869.059936523438,869.059936523438,869.059936523438,869.059936523438,NA
"LOLOG_5766",732.36669921875,732.36669921875,732.36669921875,732.36669921875,732.36669921875,732.36669921875,667.420043945312,667.420043945312,667.420043945312,667.420043945312,667.420043945312,713.519958496094,713.519958496094,713.519958496094,713.519958496094,713.519958496094,722.499938964844,722.499938964844,722.499938964844,722.499938964844,722.499938964844,794.640014648438,794.640014648438,794.640014648438,794.640014648438,794.640014648438,869.059936523438,869.059936523438,869.059936523438,869.059936523438,869.059936523438,NA
"LOLOG_5767",732.36669921875,732.36669921875,732.36669921875,732.36669921875,732.36669921875,732.36669921875,667.420043945312,667.420043945312,667.420043945312,667.420043945312,667.420043945312,713.519958496094,713.519958496094,713.519958496094,713.519958496094,713.519958496094,722.499938964844,722.499938964844,722.499938964844,722.499938964844,722.499938964844,794.640014648438,794.640014648438,794.640014648438,794.640014648438,794.640014648438,869.059936523438,869.059936523438,869.059936523438,869.059936523438,869.059936523438,NA
"LOLOG_5768",NA,NA,NA,NA,NA,NA,NA,NA,NA,NA,719.916687011719,719.916687011719,719.916687011719,719.916687011719,719.916687011719,719.916687011719,722.499938964844,722.499938964844,722.499938964844,722.499938964844,722.499938964844,794.640014648438,794.640014648438,794.640014648438,794.640014648438,794.640014648438,765.700012207031,765.700012207031,NA,NA,NA,NA
"LOLOG_5770",732.36669921875,732.36669921875,732.36669921875,732.36669921875,732.36669921875,732.36669921875,667.420043945312,667.420043945312,667.420043945312,667.420043945312,667.420043945312,713.519958496094,713.519958496094,713.519958496094,713.519958496094,713.519958496094,722.499938964844,722.499938964844,722.499938964844,722.499938964844,722.499938964844,794.640014648438,794.640014648438,794.640014648438,794.640014648438,794.640014648438,869.059936523438,869.059936523438,869.059936523438,869.059936523438,869.059936523438,NA
"LOLOG_5771",732.36669921875,732.36669921875,732.36669921875,732.36669921875,732.36669921875,732.36669921875,667.420043945312,667.420043945312,667.420043945312,667.420043945312,667.420043945312,713.519958496094,713.519958496094,713.519958496094,713.519958496094,713.519958496094,722.499938964844,722.499938964844,722.499938964844,722.499938964844,722.499938964844,836.099975585938,836.099975585938,836.099975585938,836.099975585938,NA,NA,NA,NA,NA,NA,NA
"LOLOG_5772",732.36669921875,732.36669921875,732.36669921875,732.36669921875,732.36669921875,732.36669921875,667.420043945312,667.420043945312,667.420043945312,667.420043945312,667.420043945312,713.519958496094,713.519958496094,713.519958496094,713.519958496094,713.519958496094,722.499938964844,722.499938964844,722.499938964844,722.499938964844,722.499938964844,794.640014648438,794.640014648438,794.640014648438,794.640014648438,794.640014648438,NA,NA,NA,NA,NA,NA
"LOLOG_5773",732.36669921875,732.36669921875,732.36669921875,732.36669921875,732.36669921875,732.36669921875,667.420043945312,667.420043945312,667.420043945312,667.420043945312,667.420043945312,713.519958496094,713.519958496094,713.519958496094,713.519958496094,713.519958496094,722.499938964844,722.499938964844,722.499938964844,722.499938964844,722.499938964844,794.640014648438,794.640014648438,794.640014648438,794.640014648438,794.640014648438,869.059936523438,869.059936523438,869.059936523438,869.059936523438,869.059936523438,NA
"LOLOG_5774",NA,NA,NA,NA,NA,666.950012207031,666.950012207031,666.950012207031,666.950012207031,666.950012207031,666.950012207031,713.519958496094,713.519958496094,713.519958496094,713.519958496094,713.519958496094,722.499938964844,722.499938964844,722.499938964844,722.499938964844,722.499938964844,794.640014648438,794.640014648438,794.640014648438,794.640014648438,794.640014648438,869.059936523438,869.059936523438,869.059936523438,869.059936523438,869.059936523438,NA
"LOLOG_5775",732.36669921875,732.36669921875,732.36669921875,732.36669921875,732.36669921875,732.36669921875,667.420043945312,667.420043945312,667.420043945312,667.420043945312,667.420043945312,713.519958496094,713.519958496094,713.519958496094,713.519958496094,713.519958496094,722.499938964844,722.499938964844,722.499938964844,722.499938964844,722.499938964844,794.640014648438,794.640014648438,794.640014648438,794.640014648438,794.640014648438,869.059936523438,869.059936523438,869.059936523438,869.059936523438,869.059936523438,NA
"LOLOG_5776",NA,NA,NA,NA,NA,NA,NA,NA,NA,NA,NA,NA,NA,NA,NA,773,773,773,773,773,773,773,773,773,773,773,NA,NA,NA,NA,NA,NA
"LOLOG_5777",732.36669921875,732.36669921875,732.36669921875,732.36669921875,732.36669921875,732.36669921875,667.420043945312,667.420043945312,667.420043945312,667.420043945312,667.420043945312,713.519958496094,713.519958496094,713.519958496094,713.519958496094,713.519958496094,722.499938964844,722.499938964844,722.499938964844,722.499938964844,722.499938964844,794.640014648438,794.640014648438,794.640014648438,794.640014648438,794.640014648438,869.059936523438,869.059936523438,869.059936523438,869.059936523438,869.059936523438,NA
"LOLOG_5780",732.36669921875,732.36669921875,732.36669921875,732.36669921875,732.36669921875,732.36669921875,667.420043945312,667.420043945312,667.420043945312,667.420043945312,667.420043945312,713.519958496094,713.519958496094,713.519958496094,713.519958496094,713.519958496094,722.499938964844,722.499938964844,722.499938964844,722.499938964844,722.499938964844,794.640014648438,794.640014648438,794.640014648438,794.640014648438,794.640014648438,869.059936523438,869.059936523438,869.059936523438,869.059936523438,869.059936523438,NA
"LOLOG_5783",732.36669921875,732.36669921875,732.36669921875,732.36669921875,732.36669921875,732.36669921875,667.420043945312,667.420043945312,667.420043945312,667.420043945312,667.420043945312,713.519958496094,713.519958496094,713.519958496094,713.519958496094,713.519958496094,722.499938964844,722.499938964844,722.499938964844,722.499938964844,722.499938964844,794.640014648438,794.640014648438,794.640014648438,794.640014648438,794.640014648438,869.059936523438,869.059936523438,869.059936523438,869.059936523438,869.059936523438,NA
"LOLOG_5784",732.36669921875,732.36669921875,732.36669921875,732.36669921875,732.36669921875,732.36669921875,667.420043945312,667.420043945312,667.420043945312,667.420043945312,667.420043945312,713.519958496094,713.519958496094,713.519958496094,713.519958496094,713.519958496094,722.499938964844,722.499938964844,722.499938964844,722.499938964844,722.499938964844,794.640014648438,794.640014648438,794.640014648438,794.640014648438,794.640014648438,869.059936523438,869.059936523438,869.059936523438,869.059936523438,869.059936523438,NA
"LOLOG_5789",NA,NA,NA,NA,NA,NA,NA,NA,NA,NA,NA,NA,NA,NA,NA,NA,NA,NA,NA,NA,NA,NA,NA,NA,NA,829.016662597656,829.016662597656,829.016662597656,829.016662597656,829.016662597656,829.016662597656,NA
"LOLOG_5791",732.36669921875,732.36669921875,732.36669921875,732.36669921875,732.36669921875,732.36669921875,667.420043945312,667.420043945312,667.420043945312,667.420043945312,667.420043945312,713.519958496094,713.519958496094,713.519958496094,713.519958496094,713.519958496094,722.499938964844,722.499938964844,722.499938964844,722.499938964844,722.499938964844,794.640014648438,794.640014648438,794.640014648438,794.640014648438,794.640014648438,869.059936523438,869.059936523438,869.059936523438,869.059936523438,869.059936523438,NA
"LOLOG_5792",732.36669921875,732.36669921875,732.36669921875,732.36669921875,732.36669921875,732.36669921875,667.420043945312,667.420043945312,667.420043945312,667.420043945312,667.420043945312,713.519958496094,713.519958496094,713.519958496094,713.519958496094,713.519958496094,722.499938964844,722.499938964844,722.499938964844,722.499938964844,722.499938964844,794.640014648438,794.640014648438,794.640014648438,794.640014648438,794.640014648438,869.059936523438,869.059936523438,869.059936523438,869.059936523438,869.059936523438,NA
"LOLOG_5797",NA,NA,NA,NA,NA,NA,NA,NA,NA,NA,NA,NA,NA,NA,NA,NA,NA,NA,NA,NA,783.983337402344,783.983337402344,783.983337402344,783.983337402344,783.983337402344,783.983337402344,NA,NA,NA,NA,NA,NA
"LOLOG_5798",732.36669921875,732.36669921875,732.36669921875,732.36669921875,732.36669921875,732.36669921875,667.420043945312,667.420043945312,667.420043945312,667.420043945312,667.420043945312,713.519958496094,713.519958496094,713.519958496094,713.519958496094,713.519958496094,722.499938964844,722.499938964844,722.499938964844,722.499938964844,722.499938964844,794.640014648438,794.640014648438,794.640014648438,794.640014648438,794.640014648438,869.059936523438,869.059936523438,869.059936523438,869.059936523438,869.059936523438,NA
"LOLOG_5799",732.36669921875,732.36669921875,732.36669921875,732.36669921875,732.36669921875,732.36669921875,667.420043945312,667.420043945312,667.420043945312,667.420043945312,667.420043945312,662.574951171875,662.574951171875,662.574951171875,662.574951171875,NA,NA,NA,NA,NA,NA,NA,NA,NA,NA,NA,NA,NA,NA,NA,NA,NA
"LOLOG_5800",732.36669921875,732.36669921875,732.36669921875,732.36669921875,732.36669921875,732.36669921875,667.420043945312,667.420043945312,667.420043945312,667.420043945312,667.420043945312,713.519958496094,713.519958496094,713.519958496094,713.519958496094,713.519958496094,722.499938964844,722.499938964844,722.499938964844,722.499938964844,722.499938964844,794.640014648438,794.640014648438,794.640014648438,794.640014648438,794.640014648438,869.059936523438,869.059936523438,869.059936523438,869.059936523438,869.059936523438,NA
"LOLOG_5802",732.36669921875,732.36669921875,732.36669921875,732.36669921875,732.36669921875,732.36669921875,667.420043945312,667.420043945312,667.420043945312,667.420043945312,667.420043945312,713.519958496094,713.519958496094,713.519958496094,713.519958496094,713.519958496094,722.499938964844,722.499938964844,722.499938964844,722.499938964844,722.499938964844,NA,NA,NA,NA,NA,NA,NA,NA,NA,NA,NA
"LOLOG_5804",732.36669921875,732.36669921875,732.36669921875,732.36669921875,732.36669921875,732.36669921875,667.420043945312,667.420043945312,667.420043945312,667.420043945312,667.420043945312,713.519958496094,713.519958496094,713.519958496094,713.519958496094,713.519958496094,722.499938964844,722.499938964844,722.499938964844,722.499938964844,722.499938964844,836.099975585938,836.099975585938,836.099975585938,836.099975585938,NA,NA,NA,NA,NA,NA,NA
"LOLOG_5805",732.36669921875,732.36669921875,732.36669921875,732.36669921875,732.36669921875,732.36669921875,667.420043945312,667.420043945312,667.420043945312,667.420043945312,667.420043945312,713.519958496094,713.519958496094,713.519958496094,713.519958496094,713.519958496094,722.499938964844,722.499938964844,722.499938964844,722.499938964844,722.499938964844,NA,NA,NA,NA,NA,NA,NA,NA,NA,NA,NA
"LOLOG_5806",732.36669921875,732.36669921875,732.36669921875,732.36669921875,732.36669921875,732.36669921875,667.420043945312,667.420043945312,667.420043945312,667.420043945312,667.420043945312,NA,NA,NA,NA,NA,NA,NA,NA,NA,NA,NA,NA,NA,NA,NA,NA,NA,NA,NA,NA,NA
"LOLOG_5807",732.36669921875,732.36669921875,732.36669921875,732.36669921875,732.36669921875,732.36669921875,667.420043945312,667.420043945312,667.420043945312,667.420043945312,667.420043945312,713.519958496094,713.519958496094,713.519958496094,713.519958496094,713.519958496094,722.499938964844,722.499938964844,722.499938964844,722.499938964844,722.499938964844,794.640014648438,794.640014648438,794.640014648438,794.640014648438,794.640014648438,869.059936523438,869.059936523438,869.059936523438,869.059936523438,869.059936523438,NA
"LOLOG_5808",732.36669921875,732.36669921875,732.36669921875,732.36669921875,732.36669921875,732.36669921875,667.420043945312,667.420043945312,667.420043945312,667.420043945312,667.420043945312,713.519958496094,713.519958496094,713.519958496094,713.519958496094,713.519958496094,794.200012207031,NA,NA,NA,NA,NA,NA,NA,NA,NA,NA,NA,NA,NA,NA,NA
"LOLOG_5809",732.36669921875,732.36669921875,732.36669921875,732.36669921875,732.36669921875,732.36669921875,667.420043945312,667.420043945312,667.420043945312,667.420043945312,667.420043945312,713.519958496094,713.519958496094,713.519958496094,713.519958496094,713.519958496094,722.499938964844,722.499938964844,722.499938964844,722.499938964844,722.499938964844,794.640014648438,794.640014648438,794.640014648438,794.640014648438,794.640014648438,869.059936523438,869.059936523438,869.059936523438,869.059936523438,869.059936523438,NA
"LOLOG_5815",732.36669921875,732.36669921875,732.36669921875,732.36669921875,732.36669921875,732.36669921875,667.420043945312,667.420043945312,667.420043945312,667.420043945312,667.420043945312,713.519958496094,713.519958496094,713.519958496094,713.519958496094,713.519958496094,NA,NA,NA,NA,NA,NA,NA,NA,NA,NA,NA,NA,NA,NA,NA,NA
"LOLOG_5816",732.36669921875,732.36669921875,732.36669921875,732.36669921875,732.36669921875,732.36669921875,690.470031738281,690.470031738281,690.470031738281,690.470031738281,690.470031738281,690.470031738281,690.470031738281,690.470031738281,690.470031738281,690.470031738281,722.499938964844,722.499938964844,722.499938964844,722.499938964844,722.499938964844,794.640014648438,794.640014648438,794.640014648438,794.640014648438,794.640014648438,869.059936523438,869.059936523438,869.059936523438,869.059936523438,869.059936523438,NA
"LOLOG_5818",NA,NA,NA,NA,NA,NA,NA,NA,NA,NA,NA,NA,NA,NA,NA,NA,NA,NA,NA,NA,NA,NA,NA,NA,NA,829.016662597656,829.016662597656,829.016662597656,829.016662597656,829.016662597656,829.016662597656,NA
"LOLOG_5819",NA,NA,NA,NA,NA,666.950012207031,666.950012207031,666.950012207031,666.950012207031,666.950012207031,666.950012207031,713.519958496094,713.519958496094,713.519958496094,713.519958496094,713.519958496094,722.499938964844,722.499938964844,722.499938964844,722.499938964844,722.499938964844,794.640014648438,794.640014648438,794.640014648438,794.640014648438,794.640014648438,869.059936523438,869.059936523438,869.059936523438,869.059936523438,869.059936523438,NA
"LOLOG_5820",732.36669921875,732.36669921875,732.36669921875,732.36669921875,732.36669921875,732.36669921875,667.420043945312,667.420043945312,667.420043945312,667.420043945312,667.420043945312,713.519958496094,713.519958496094,713.519958496094,713.519958496094,713.519958496094,722.499938964844,722.499938964844,722.499938964844,722.499938964844,722.499938964844,794.640014648438,794.640014648438,794.640014648438,794.640014648438,794.640014648438,869.059936523438,869.059936523438,869.059936523438,869.059936523438,869.059936523438,NA
"LOLOG_5821",732.36669921875,732.36669921875,732.36669921875,732.36669921875,732.36669921875,732.36669921875,667.420043945312,667.420043945312,667.420043945312,667.420043945312,667.420043945312,713.519958496094,713.519958496094,713.519958496094,713.519958496094,713.519958496094,722.499938964844,722.499938964844,722.499938964844,722.499938964844,722.499938964844,794.640014648438,794.640014648438,794.640014648438,794.640014648438,794.640014648438,869.059936523438,869.059936523438,869.059936523438,869.059936523438,869.059936523438,NA
"LOLOG_5822",732.36669921875,732.36669921875,732.36669921875,732.36669921875,732.36669921875,732.36669921875,667.420043945312,667.420043945312,667.420043945312,667.420043945312,667.420043945312,713.519958496094,713.519958496094,713.519958496094,713.519958496094,713.519958496094,722.499938964844,722.499938964844,722.499938964844,722.499938964844,722.499938964844,835.700012207031,NA,NA,NA,NA,NA,NA,NA,NA,NA,NA
"LOLOG_5823",732.36669921875,732.36669921875,732.36669921875,732.36669921875,732.36669921875,732.36669921875,667.420043945312,667.420043945312,667.420043945312,667.420043945312,667.420043945312,650.733337402344,650.733337402344,650.733337402344,NA,NA,NA,NA,NA,NA,NA,NA,NA,NA,NA,NA,NA,NA,NA,NA,NA,NA
"LOLOG_5824",732.36669921875,732.36669921875,732.36669921875,732.36669921875,732.36669921875,732.36669921875,667.420043945312,667.420043945312,667.420043945312,667.420043945312,667.420043945312,713.519958496094,713.519958496094,713.519958496094,713.519958496094,713.519958496094,722.499938964844,722.499938964844,722.499938964844,722.499938964844,722.499938964844,794.640014648438,794.640014648438,794.640014648438,794.640014648438,794.640014648438,869.059936523438,869.059936523438,869.059936523438,869.059936523438,869.059936523438,NA
"LOLOG_5825",732.36669921875,732.36669921875,732.36669921875,732.36669921875,732.36669921875,732.36669921875,667.420043945312,667.420043945312,667.420043945312,667.420043945312,667.420043945312,713.519958496094,713.519958496094,713.519958496094,713.519958496094,713.519958496094,722.499938964844,722.499938964844,722.499938964844,722.499938964844,722.499938964844,794.640014648438,794.640014648438,794.640014648438,794.640014648438,794.640014648438,869.059936523438,869.059936523438,869.059936523438,869.059936523438,869.059936523438,NA
"LOLOG_5827",732.36669921875,732.36669921875,732.36669921875,732.36669921875,732.36669921875,732.36669921875,667.420043945312,667.420043945312,667.420043945312,667.420043945312,667.420043945312,713.519958496094,713.519958496094,713.519958496094,713.519958496094,713.519958496094,722.499938964844,722.499938964844,722.499938964844,722.499938964844,722.499938964844,794.640014648438,794.640014648438,794.640014648438,794.640014648438,794.640014648438,869.059936523438,869.059936523438,869.059936523438,869.059936523438,869.059936523438,NA
"LOLOG_5830",NA,NA,NA,NA,NA,NA,NA,NA,NA,NA,NA,NA,NA,NA,NA,754.966735839844,754.966735839844,754.966735839844,754.966735839844,754.966735839844,754.966735839844,794.640014648438,794.640014648438,794.640014648438,794.640014648438,794.640014648438,869.059936523438,869.059936523438,869.059936523438,869.059936523438,869.059936523438,NA
"LOLOG_5832",732.36669921875,732.36669921875,732.36669921875,732.36669921875,732.36669921875,732.36669921875,667.420043945312,667.420043945312,667.420043945312,667.420043945312,667.420043945312,713.519958496094,713.519958496094,713.519958496094,713.519958496094,713.519958496094,722.499938964844,722.499938964844,722.499938964844,722.499938964844,722.499938964844,794.640014648438,794.640014648438,794.640014648438,794.640014648438,794.640014648438,869.059936523438,869.059936523438,869.059936523438,869.059936523438,869.059936523438,NA
"LOLOG_5833",732.36669921875,732.36669921875,732.36669921875,732.36669921875,732.36669921875,732.36669921875,667.420043945312,667.420043945312,667.420043945312,667.420043945312,667.420043945312,713.519958496094,713.519958496094,713.519958496094,713.519958496094,713.519958496094,722.499938964844,722.499938964844,722.499938964844,722.499938964844,722.499938964844,794.640014648438,794.640014648438,794.640014648438,794.640014648438,794.640014648438,869.059936523438,869.059936523438,869.059936523438,869.059936523438,869.059936523438,NA
"LOLOG_5834",NA,NA,NA,NA,NA,NA,NA,NA,NA,NA,719.916687011719,719.916687011719,719.916687011719,719.916687011719,719.916687011719,719.916687011719,722.499938964844,722.499938964844,722.499938964844,722.499938964844,722.499938964844,794.640014648438,794.640014648438,794.640014648438,794.640014648438,794.640014648438,897.200012207031,NA,NA,NA,NA,NA
"LOLOG_5835",732.36669921875,732.36669921875,732.36669921875,732.36669921875,732.36669921875,732.36669921875,667.420043945312,667.420043945312,667.420043945312,667.420043945312,667.420043945312,713.519958496094,713.519958496094,713.519958496094,713.519958496094,713.519958496094,753.433288574219,753.433288574219,753.433288574219,NA,NA,NA,NA,NA,NA,NA,NA,NA,NA,NA,NA,NA
"LOLOG_5836",732.36669921875,732.36669921875,732.36669921875,732.36669921875,732.36669921875,732.36669921875,667.420043945312,667.420043945312,667.420043945312,667.420043945312,667.420043945312,713.519958496094,713.519958496094,713.519958496094,713.519958496094,713.519958496094,722.499938964844,722.499938964844,722.499938964844,722.499938964844,722.499938964844,794.640014648438,794.640014648438,794.640014648438,794.640014648438,794.640014648438,869.059936523438,869.059936523438,869.059936523438,869.059936523438,869.059936523438,NA
"LOLOG_5837",732.36669921875,732.36669921875,732.36669921875,732.36669921875,732.36669921875,732.36669921875,667.420043945312,667.420043945312,667.420043945312,667.420043945312,667.420043945312,713.519958496094,713.519958496094,713.519958496094,713.519958496094,713.519958496094,722.499938964844,722.499938964844,722.499938964844,722.499938964844,722.499938964844,794.640014648438,794.640014648438,794.640014648438,794.640014648438,794.640014648438,897.200012207031,NA,NA,NA,NA,NA
"LOLOG_5838",732.36669921875,732.36669921875,732.36669921875,732.36669921875,732.36669921875,732.36669921875,667.420043945312,667.420043945312,667.420043945312,667.420043945312,667.420043945312,713.519958496094,713.519958496094,713.519958496094,713.519958496094,713.519958496094,722.499938964844,722.499938964844,722.499938964844,722.499938964844,722.499938964844,794.640014648438,794.640014648438,794.640014648438,794.640014648438,794.640014648438,NA,NA,NA,NA,NA,NA
"LOLOG_5840",784.066711425781,784.066711425781,784.066711425781,NA,NA,NA,NA,NA,NA,NA,NA,NA,NA,NA,NA,NA,NA,NA,NA,NA,NA,NA,NA,NA,NA,NA,NA,NA,NA,NA,NA,NA
"LOLOG_5846",732.36669921875,732.36669921875,732.36669921875,732.36669921875,732.36669921875,732.36669921875,667.420043945312,667.420043945312,667.420043945312,667.420043945312,667.420043945312,713.519958496094,713.519958496094,713.519958496094,713.519958496094,713.519958496094,722.499938964844,722.499938964844,722.499938964844,722.499938964844,722.499938964844,794.640014648438,794.640014648438,794.640014648438,794.640014648438,794.640014648438,869.059936523438,869.059936523438,869.059936523438,869.059936523438,869.059936523438,NA
"LOLOG_5847",NA,NA,NA,NA,NA,NA,NA,NA,NA,NA,NA,NA,NA,NA,NA,754.966735839844,754.966735839844,754.966735839844,754.966735839844,754.966735839844,754.966735839844,794.640014648438,794.640014648438,794.640014648438,794.640014648438,794.640014648438,869.059936523438,869.059936523438,869.059936523438,869.059936523438,869.059936523438,NA
"LOLOG_5849",NA,NA,NA,NA,NA,666.950012207031,666.950012207031,666.950012207031,666.950012207031,666.950012207031,666.950012207031,713.519958496094,713.519958496094,713.519958496094,713.519958496094,713.519958496094,722.499938964844,722.499938964844,722.499938964844,722.499938964844,722.499938964844,794.640014648438,794.640014648438,794.640014648438,794.640014648438,794.640014648438,869.059936523438,869.059936523438,869.059936523438,869.059936523438,869.059936523438,NA
"LOLOG_5851",732.36669921875,732.36669921875,732.36669921875,732.36669921875,732.36669921875,732.36669921875,667.420043945312,667.420043945312,667.420043945312,667.420043945312,667.420043945312,713.519958496094,713.519958496094,713.519958496094,713.519958496094,713.519958496094,722.499938964844,722.499938964844,722.499938964844,722.499938964844,722.499938964844,794.640014648438,794.640014648438,794.640014648438,794.640014648438,794.640014648438,869.059936523438,869.059936523438,869.059936523438,869.059936523438,869.059936523438,NA
"LOLOG_5852",784.066711425781,784.066711425781,784.066711425781,NA,NA,NA,NA,NA,NA,NA,NA,NA,NA,NA,NA,NA,NA,NA,NA,NA,NA,NA,NA,NA,NA,NA,NA,NA,NA,NA,NA,NA
"LOLOG_5853",732.36669921875,732.36669921875,732.36669921875,732.36669921875,732.36669921875,732.36669921875,667.420043945312,667.420043945312,667.420043945312,667.420043945312,667.420043945312,NA,NA,NA,NA,NA,NA,NA,NA,NA,NA,NA,NA,NA,NA,NA,NA,NA,NA,NA,NA,NA
"LOLOG_5859",732.36669921875,732.36669921875,732.36669921875,732.36669921875,732.36669921875,732.36669921875,667.420043945312,667.420043945312,667.420043945312,667.420043945312,667.420043945312,713.519958496094,713.519958496094,713.519958496094,713.519958496094,713.519958496094,722.499938964844,722.499938964844,722.499938964844,722.499938964844,722.499938964844,794.640014648438,794.640014648438,794.640014648438,794.640014648438,794.640014648438,869.059936523438,869.059936523438,869.059936523438,869.059936523438,869.059936523438,NA
"LOLOG_5866",732.36669921875,732.36669921875,732.36669921875,732.36669921875,732.36669921875,732.36669921875,667.420043945312,667.420043945312,667.420043945312,667.420043945312,667.420043945312,713.519958496094,713.519958496094,713.519958496094,713.519958496094,713.519958496094,722.499938964844,722.499938964844,722.499938964844,722.499938964844,722.499938964844,794.640014648438,794.640014648438,794.640014648438,794.640014648438,794.640014648438,869.059936523438,869.059936523438,869.059936523438,869.059936523438,869.059936523438,NA
"LOLOG_5867",732.36669921875,732.36669921875,732.36669921875,732.36669921875,732.36669921875,732.36669921875,667.420043945312,667.420043945312,667.420043945312,667.420043945312,667.420043945312,713.519958496094,713.519958496094,713.519958496094,713.519958496094,713.519958496094,722.499938964844,722.499938964844,722.499938964844,722.499938964844,722.499938964844,794.640014648438,794.640014648438,794.640014648438,794.640014648438,794.640014648438,869.059936523438,869.059936523438,869.059936523438,869.059936523438,869.059936523438,NA
"LOLOG_5868",732.36669921875,732.36669921875,732.36669921875,732.36669921875,732.36669921875,732.36669921875,667.420043945312,667.420043945312,667.420043945312,667.420043945312,667.420043945312,713.519958496094,713.519958496094,713.519958496094,713.519958496094,713.519958496094,722.499938964844,722.499938964844,722.499938964844,722.499938964844,722.499938964844,794.640014648438,794.640014648438,794.640014648438,794.640014648438,794.640014648438,869.059936523438,869.059936523438,869.059936523438,869.059936523438,869.059936523438,NA
"LOLOG_5870",732.36669921875,732.36669921875,732.36669921875,732.36669921875,732.36669921875,732.36669921875,667.420043945312,667.420043945312,667.420043945312,667.420043945312,667.420043945312,713.519958496094,713.519958496094,713.519958496094,713.519958496094,713.519958496094,722.499938964844,722.499938964844,722.499938964844,722.499938964844,722.499938964844,794.640014648438,794.640014648438,794.640014648438,794.640014648438,794.640014648438,869.059936523438,869.059936523438,869.059936523438,869.059936523438,869.059936523438,NA
"LOLOG_5872",732.36669921875,732.36669921875,732.36669921875,732.36669921875,732.36669921875,732.36669921875,667.420043945312,667.420043945312,667.420043945312,667.420043945312,667.420043945312,713.519958496094,713.519958496094,713.519958496094,713.519958496094,713.519958496094,722.499938964844,722.499938964844,722.499938964844,722.499938964844,722.499938964844,794.640014648438,794.640014648438,794.640014648438,794.640014648438,794.640014648438,NA,NA,NA,NA,NA,NA
"LOLOG_5878",NA,NA,NA,NA,NA,NA,NA,NA,NA,NA,NA,NA,NA,NA,NA,NA,NA,NA,NA,NA,783.983337402344,783.983337402344,783.983337402344,783.983337402344,783.983337402344,783.983337402344,869.059936523438,869.059936523438,869.059936523438,869.059936523438,869.059936523438,NA
"LOLOG_5879",732.36669921875,732.36669921875,732.36669921875,732.36669921875,732.36669921875,732.36669921875,560.200012207031,560.200012207031,NA,NA,NA,NA,NA,NA,NA,NA,NA,NA,NA,NA,NA,NA,NA,NA,NA,NA,NA,NA,NA,NA,NA,NA
"LOLOG_5880",NA,NA,NA,NA,NA,NA,NA,NA,NA,NA,NA,NA,NA,NA,NA,NA,NA,NA,NA,NA,783.983337402344,783.983337402344,783.983337402344,783.983337402344,783.983337402344,783.983337402344,869.059936523438,869.059936523438,869.059936523438,869.059936523438,869.059936523438,NA
"LOLOG_5881",NA,NA,NA,NA,NA,NA,NA,NA,NA,NA,719.916687011719,719.916687011719,719.916687011719,719.916687011719,719.916687011719,719.916687011719,722.499938964844,722.499938964844,722.499938964844,722.499938964844,722.499938964844,794.640014648438,794.640014648438,794.640014648438,794.640014648438,794.640014648438,869.059936523438,869.059936523438,869.059936523438,869.059936523438,869.059936523438,NA
"LOLOG_5882",732.36669921875,732.36669921875,732.36669921875,732.36669921875,732.36669921875,732.36669921875,667.420043945312,667.420043945312,667.420043945312,667.420043945312,667.420043945312,713.519958496094,713.519958496094,713.519958496094,713.519958496094,713.519958496094,722.499938964844,722.499938964844,722.499938964844,722.499938964844,722.499938964844,836.099975585938,836.099975585938,836.099975585938,836.099975585938,NA,NA,NA,NA,NA,NA,NA
"LOLOG_5893",732.36669921875,732.36669921875,732.36669921875,732.36669921875,732.36669921875,732.36669921875,667.420043945312,667.420043945312,667.420043945312,667.420043945312,667.420043945312,713.519958496094,713.519958496094,713.519958496094,713.519958496094,713.519958496094,722.499938964844,722.499938964844,722.499938964844,722.499938964844,722.499938964844,794.640014648438,794.640014648438,794.640014648438,794.640014648438,794.640014648438,869.059936523438,869.059936523438,869.059936523438,869.059936523438,869.059936523438,NA
"LOLOG_5895",732.36669921875,732.36669921875,732.36669921875,732.36669921875,732.36669921875,732.36669921875,667.420043945312,667.420043945312,667.420043945312,667.420043945312,667.420043945312,713.519958496094,713.519958496094,713.519958496094,713.519958496094,713.519958496094,722.499938964844,722.499938964844,722.499938964844,722.499938964844,722.499938964844,794.640014648438,794.640014648438,794.640014648438,794.640014648438,794.640014648438,869.059936523438,869.059936523438,869.059936523438,869.059936523438,869.059936523438,NA
"LOLOG_6202",732.36669921875,732.36669921875,732.36669921875,732.36669921875,732.36669921875,732.36669921875,667.420043945312,667.420043945312,667.420043945312,667.420043945312,667.420043945312,713.519958496094,713.519958496094,713.519958496094,713.519958496094,713.519958496094,722.499938964844,722.499938964844,722.499938964844,722.499938964844,722.499938964844,794.640014648438,794.640014648438,794.640014648438,794.640014648438,794.640014648438,869.059936523438,869.059936523438,869.059936523438,869.059936523438,869.059936523438,NA
"LOLOG_6205",NA,NA,NA,NA,NA,NA,NA,NA,NA,NA,719.916687011719,719.916687011719,719.916687011719,719.916687011719,719.916687011719,719.916687011719,722.499938964844,722.499938964844,722.499938964844,722.499938964844,722.499938964844,794.640014648438,794.640014648438,794.640014648438,794.640014648438,794.640014648438,869.059936523438,869.059936523438,869.059936523438,869.059936523438,869.059936523438,NA
"LOLOG_6206",791.150024414062,791.150024414062,NA,NA,NA,NA,NA,NA,NA,NA,NA,NA,NA,NA,NA,NA,NA,NA,NA,NA,NA,NA,NA,NA,NA,NA,NA,NA,NA,NA,NA,NA
"LOLOG_6207",732.36669921875,732.36669921875,732.36669921875,732.36669921875,732.36669921875,732.36669921875,667.420043945312,667.420043945312,667.420043945312,667.420043945312,667.420043945312,713.519958496094,713.519958496094,713.519958496094,713.519958496094,713.519958496094,722.499938964844,722.499938964844,722.499938964844,722.499938964844,722.499938964844,794.640014648438,794.640014648438,794.640014648438,794.640014648438,794.640014648438,869.059936523438,869.059936523438,869.059936523438,869.059936523438,869.059936523438,NA
"LOLOG_6209",NA,NA,NA,NA,NA,NA,NA,NA,NA,NA,NA,NA,NA,NA,NA,NA,NA,NA,NA,NA,783.983337402344,783.983337402344,783.983337402344,783.983337402344,783.983337402344,783.983337402344,869.059936523438,869.059936523438,869.059936523438,869.059936523438,869.059936523438,NA
"LOLOG_6218",NA,NA,NA,NA,NA,NA,NA,NA,NA,NA,NA,NA,NA,NA,NA,754.966735839844,754.966735839844,754.966735839844,754.966735839844,754.966735839844,754.966735839844,794.640014648438,794.640014648438,794.640014648438,794.640014648438,794.640014648438,869.059936523438,869.059936523438,869.059936523438,869.059936523438,869.059936523438,NA
"LOLOG_6219",732.36669921875,732.36669921875,732.36669921875,732.36669921875,732.36669921875,732.36669921875,667.420043945312,667.420043945312,667.420043945312,667.420043945312,667.420043945312,713.519958496094,713.519958496094,713.519958496094,713.519958496094,713.519958496094,722.499938964844,722.499938964844,722.499938964844,722.499938964844,722.499938964844,878.399963378906,878.399963378906,878.399963378906,NA,NA,NA,NA,NA,NA,NA,NA
"LOLOG_6220",732.36669921875,732.36669921875,732.36669921875,732.36669921875,732.36669921875,732.36669921875,667.420043945312,667.420043945312,667.420043945312,667.420043945312,667.420043945312,713.519958496094,713.519958496094,713.519958496094,713.519958496094,713.519958496094,722.499938964844,722.499938964844,722.499938964844,722.499938964844,722.499938964844,NA,NA,NA,NA,NA,NA,NA,NA,NA,NA,NA
"LOLOG_6228",732.36669921875,732.36669921875,732.36669921875,732.36669921875,732.36669921875,732.36669921875,667.420043945312,667.420043945312,667.420043945312,667.420043945312,667.420043945312,713.519958496094,713.519958496094,713.519958496094,713.519958496094,713.519958496094,722.499938964844,722.499938964844,722.499938964844,722.499938964844,722.499938964844,794.640014648438,794.640014648438,794.640014648438,794.640014648438,794.640014648438,869.059936523438,869.059936523438,869.059936523438,869.059936523438,869.059936523438,NA
"LOLOG_6229",732.36669921875,732.36669921875,732.36669921875,732.36669921875,732.36669921875,732.36669921875,667.420043945312,667.420043945312,667.420043945312,667.420043945312,667.420043945312,713.519958496094,713.519958496094,713.519958496094,713.519958496094,713.519958496094,722.499938964844,722.499938964844,722.499938964844,722.499938964844,722.499938964844,878.399963378906,878.399963378906,878.399963378906,NA,NA,NA,NA,NA,NA,NA,NA
"LOLOG_6231",732.36669921875,732.36669921875,732.36669921875,732.36669921875,732.36669921875,732.36669921875,667.420043945312,667.420043945312,667.420043945312,667.420043945312,667.420043945312,713.519958496094,713.519958496094,713.519958496094,713.519958496094,713.519958496094,722.499938964844,722.499938964844,722.499938964844,722.499938964844,722.499938964844,794.640014648438,794.640014648438,794.640014648438,794.640014648438,794.640014648438,869.059936523438,869.059936523438,869.059936523438,869.059936523438,869.059936523438,NA
"LOLOG_6232",NA,NA,NA,NA,NA,666.950012207031,666.950012207031,666.950012207031,666.950012207031,666.950012207031,666.950012207031,713.519958496094,713.519958496094,713.519958496094,713.519958496094,713.519958496094,722.499938964844,722.499938964844,722.499938964844,722.499938964844,722.499938964844,794.640014648438,794.640014648438,794.640014648438,794.640014648438,794.640014648438,NA,NA,NA,NA,NA,NA
"LOLOG_6233",732.36669921875,732.36669921875,732.36669921875,732.36669921875,732.36669921875,732.36669921875,667.420043945312,667.420043945312,667.420043945312,667.420043945312,667.420043945312,713.519958496094,713.519958496094,713.519958496094,713.519958496094,713.519958496094,722.499938964844,722.499938964844,722.499938964844,722.499938964844,722.499938964844,794.640014648438,794.640014648438,794.640014648438,794.640014648438,794.640014648438,869.059936523438,869.059936523438,869.059936523438,869.059936523438,869.059936523438,NA
"LOLOG_6234",791.150024414062,791.150024414062,NA,NA,NA,NA,NA,NA,NA,NA,NA,NA,NA,NA,NA,NA,NA,NA,NA,NA,NA,NA,NA,NA,NA,NA,NA,NA,NA,NA,NA,NA
"LOLOG_6235",732.36669921875,732.36669921875,732.36669921875,732.36669921875,732.36669921875,732.36669921875,667.420043945312,667.420043945312,667.420043945312,667.420043945312,667.420043945312,713.519958496094,713.519958496094,713.519958496094,713.519958496094,713.519958496094,722.499938964844,722.499938964844,722.499938964844,722.499938964844,722.499938964844,794.640014648438,794.640014648438,794.640014648438,794.640014648438,794.640014648438,869.059936523438,869.059936523438,869.059936523438,869.059936523438,869.059936523438,NA
"LOLOG_6335",NA,NA,NA,NA,NA,NA,NA,NA,NA,NA,NA,NA,NA,NA,NA,NA,NA,NA,NA,NA,NA,NA,NA,NA,NA,829.016662597656,829.016662597656,829.016662597656,829.016662597656,829.016662597656,829.016662597656,NA
"LOLOG_6501",732.36669921875,732.36669921875,732.36669921875,732.36669921875,732.36669921875,732.36669921875,667.420043945312,667.420043945312,667.420043945312,667.420043945312,667.420043945312,713.519958496094,713.519958496094,713.519958496094,713.519958496094,713.519958496094,722.499938964844,722.499938964844,722.499938964844,722.499938964844,722.499938964844,794.640014648438,794.640014648438,794.640014648438,794.640014648438,794.640014648438,869.059936523438,869.059936523438,869.059936523438,869.059936523438,869.059936523438,NA
"LOLOG_6502",732.36669921875,732.36669921875,732.36669921875,732.36669921875,732.36669921875,732.36669921875,667.420043945312,667.420043945312,667.420043945312,667.420043945312,667.420043945312,713.519958496094,713.519958496094,713.519958496094,713.519958496094,713.519958496094,722.499938964844,722.499938964844,722.499938964844,722.499938964844,722.499938964844,836.099975585938,836.099975585938,836.099975585938,836.099975585938,NA,NA,NA,NA,NA,NA,NA
"LOLOG_790",NA,NA,NA,NA,NA,NA,NA,NA,NA,NA,NA,NA,NA,NA,NA,NA,NA,NA,NA,NA,783.983337402344,783.983337402344,783.983337402344,783.983337402344,783.983337402344,783.983337402344,869.059936523438,869.059936523438,869.059936523438,869.059936523438,869.059936523438,NA
"LOLOG_796",NA,NA,NA,NA,NA,NA,NA,NA,NA,NA,NA,NA,NA,NA,NA,NA,NA,NA,NA,NA,NA,NA,NA,NA,NA,829.016662597656,829.016662597656,829.016662597656,829.016662597656,829.016662597656,829.016662597656,NA
"LOTHAR_2502",NA,NA,655.38330078125,655.38330078125,655.38330078125,655.38330078125,655.38330078125,655.38330078125,711.700073242188,711.700073242188,711.700073242188,711.700073242188,746.339965820312,746.339965820312,746.339965820312,746.339965820312,746.339965820312,730.799987792969,730.799987792969,730.799987792969,730.799987792969,730.799987792969,806.940002441406,806.940002441406,806.940002441406,806.940002441406,806.940002441406,NA,NA,NA,NA,NA
"LOTHAR_2503",NA,NA,655.38330078125,655.38330078125,655.38330078125,655.38330078125,655.38330078125,655.38330078125,711.700073242188,711.700073242188,711.700073242188,711.700073242188,746.339965820312,746.339965820312,746.339965820312,746.339965820312,746.339965820312,730.799987792969,730.799987792969,730.799987792969,730.799987792969,730.799987792969,806.940002441406,806.940002441406,806.940002441406,806.940002441406,806.940002441406,NA,NA,NA,NA,NA
"LOTHAR_2504",NA,NA,655.38330078125,655.38330078125,655.38330078125,655.38330078125,655.38330078125,655.38330078125,711.700073242188,711.700073242188,711.700073242188,711.700073242188,746.339965820312,746.339965820312,746.339965820312,746.339965820312,746.339965820312,768.869995117188,768.869995117188,768.869995117188,768.869995117188,768.869995117188,768.869995117188,768.869995117188,768.869995117188,768.869995117188,768.869995117188,NA,NA,NA,NA,NA
"LOTHAR_2505",NA,NA,655.38330078125,655.38330078125,655.38330078125,655.38330078125,655.38330078125,655.38330078125,711.700073242188,711.700073242188,711.700073242188,711.700073242188,746.339965820312,746.339965820312,746.339965820312,746.339965820312,746.339965820312,730.799987792969,730.799987792969,730.799987792969,730.799987792969,730.799987792969,806.940002441406,806.940002441406,806.940002441406,806.940002441406,806.940002441406,NA,NA,NA,NA,NA
"LOTHAR_2506",NA,NA,655.38330078125,655.38330078125,655.38330078125,655.38330078125,655.38330078125,655.38330078125,711.700073242188,711.700073242188,711.700073242188,711.700073242188,746.339965820312,746.339965820312,746.339965820312,746.339965820312,746.339965820312,730.799987792969,730.799987792969,730.799987792969,730.799987792969,730.799987792969,806.940002441406,806.940002441406,806.940002441406,806.940002441406,806.940002441406,775.25,775.25,NA,NA,NA
"LOTHAR_2507",NA,NA,655.38330078125,655.38330078125,655.38330078125,655.38330078125,655.38330078125,655.38330078125,711.700073242188,711.700073242188,711.700073242188,711.700073242188,746.339965820312,746.339965820312,746.339965820312,746.339965820312,746.339965820312,730.799987792969,730.799987792969,730.799987792969,730.799987792969,730.799987792969,806.940002441406,806.940002441406,806.940002441406,806.940002441406,806.940002441406,812.240051269531,812.240051269531,812.240051269531,812.240051269531,812.240051269531
"LOTHAR_2510",NA,NA,655.38330078125,655.38330078125,655.38330078125,655.38330078125,655.38330078125,655.38330078125,711.700073242188,711.700073242188,711.700073242188,711.700073242188,746.339965820312,746.339965820312,746.339965820312,746.339965820312,746.339965820312,730.799987792969,730.799987792969,730.799987792969,730.799987792969,730.799987792969,784.375,784.375,784.375,784.375,NA,NA,NA,NA,NA,NA
"LOTHAR_2517",NA,NA,655.38330078125,655.38330078125,655.38330078125,655.38330078125,655.38330078125,655.38330078125,711.700073242188,711.700073242188,711.700073242188,711.700073242188,746.339965820312,746.339965820312,746.339965820312,746.339965820312,746.339965820312,730.799987792969,730.799987792969,730.799987792969,730.799987792969,730.799987792969,806.940002441406,806.940002441406,806.940002441406,806.940002441406,806.940002441406,NA,NA,NA,NA,NA
"LOTHAR_2519",NA,NA,655.38330078125,655.38330078125,655.38330078125,655.38330078125,655.38330078125,655.38330078125,711.700073242188,711.700073242188,711.700073242188,711.700073242188,746.339965820312,746.339965820312,746.339965820312,746.339965820312,746.339965820312,730.799987792969,730.799987792969,730.799987792969,730.799987792969,730.799987792969,806.940002441406,806.940002441406,806.940002441406,806.940002441406,806.940002441406,812.240051269531,812.240051269531,812.240051269531,812.240051269531,812.240051269531
"LOTHAR_2521",NA,NA,655.38330078125,655.38330078125,655.38330078125,655.38330078125,655.38330078125,655.38330078125,711.700073242188,711.700073242188,711.700073242188,711.700073242188,661.049987792969,661.049987792969,NA,NA,NA,NA,NA,NA,NA,NA,NA,NA,NA,NA,NA,NA,NA,NA,NA,NA
"LOTHAR_2522",NA,NA,655.38330078125,655.38330078125,655.38330078125,655.38330078125,655.38330078125,655.38330078125,711.700073242188,711.700073242188,711.700073242188,711.700073242188,746.339965820312,746.339965820312,746.339965820312,746.339965820312,746.339965820312,730.799987792969,730.799987792969,730.799987792969,730.799987792969,730.799987792969,806.940002441406,806.940002441406,806.940002441406,806.940002441406,806.940002441406,812.240051269531,812.240051269531,812.240051269531,812.240051269531,812.240051269531
"LOTHAR_2527",NA,NA,655.38330078125,655.38330078125,655.38330078125,655.38330078125,655.38330078125,655.38330078125,NA,NA,NA,NA,NA,NA,NA,NA,NA,NA,NA,NA,NA,NA,NA,NA,NA,NA,NA,NA,NA,NA,NA,NA
"LOTHAR_2536",NA,NA,655.38330078125,655.38330078125,655.38330078125,655.38330078125,655.38330078125,655.38330078125,711.700073242188,711.700073242188,711.700073242188,711.700073242188,746.339965820312,746.339965820312,746.339965820312,746.339965820312,746.339965820312,730.799987792969,730.799987792969,730.799987792969,730.799987792969,730.799987792969,806.940002441406,806.940002441406,806.940002441406,806.940002441406,806.940002441406,812.240051269531,812.240051269531,812.240051269531,812.240051269531,812.240051269531
"LOTHAR_2537",NA,NA,655.38330078125,655.38330078125,655.38330078125,655.38330078125,655.38330078125,655.38330078125,711.700073242188,711.700073242188,711.700073242188,711.700073242188,746.339965820312,746.339965820312,746.339965820312,746.339965820312,746.339965820312,730.799987792969,730.799987792969,730.799987792969,730.799987792969,730.799987792969,784.375,784.375,784.375,784.375,NA,NA,NA,NA,NA,NA
"LOTHAR_2539",NA,NA,655.38330078125,655.38330078125,655.38330078125,655.38330078125,655.38330078125,655.38330078125,711.700073242188,711.700073242188,711.700073242188,711.700073242188,738.570007324219,738.570007324219,738.570007324219,738.570007324219,738.570007324219,738.570007324219,738.570007324219,738.570007324219,738.570007324219,738.570007324219,784.375,784.375,784.375,784.375,NA,NA,NA,NA,NA,NA
"LOTHAR_2541",NA,NA,655.38330078125,655.38330078125,655.38330078125,655.38330078125,655.38330078125,655.38330078125,711.700073242188,711.700073242188,711.700073242188,711.700073242188,746.339965820312,746.339965820312,746.339965820312,746.339965820312,746.339965820312,730.799987792969,730.799987792969,730.799987792969,730.799987792969,730.799987792969,784.375,784.375,784.375,784.375,NA,NA,NA,NA,NA,NA
"LOTHAR_2542",NA,NA,655.38330078125,655.38330078125,655.38330078125,655.38330078125,655.38330078125,655.38330078125,711.700073242188,711.700073242188,711.700073242188,711.700073242188,746.339965820312,746.339965820312,746.339965820312,746.339965820312,746.339965820312,730.799987792969,730.799987792969,730.799987792969,730.799987792969,730.799987792969,806.940002441406,806.940002441406,806.940002441406,806.940002441406,806.940002441406,812.240051269531,812.240051269531,812.240051269531,812.240051269531,812.240051269531
"LOTHAR_2545",NA,NA,655.38330078125,655.38330078125,655.38330078125,655.38330078125,655.38330078125,655.38330078125,711.700073242188,711.700073242188,711.700073242188,711.700073242188,746.339965820312,746.339965820312,746.339965820312,746.339965820312,746.339965820312,730.799987792969,730.799987792969,730.799987792969,730.799987792969,730.799987792969,806.940002441406,806.940002441406,806.940002441406,806.940002441406,806.940002441406,812.240051269531,812.240051269531,812.240051269531,812.240051269531,812.240051269531
"LOTHAR_2549",NA,NA,655.38330078125,655.38330078125,655.38330078125,655.38330078125,655.38330078125,655.38330078125,711.700073242188,711.700073242188,711.700073242188,711.700073242188,746.339965820312,746.339965820312,746.339965820312,746.339965820312,746.339965820312,730.799987792969,730.799987792969,730.799987792969,730.799987792969,730.799987792969,806.940002441406,806.940002441406,806.940002441406,806.940002441406,806.940002441406,812.240051269531,812.240051269531,812.240051269531,812.240051269531,812.240051269531
"LOTHAR_2550",NA,NA,655.38330078125,655.38330078125,655.38330078125,655.38330078125,655.38330078125,655.38330078125,711.700073242188,711.700073242188,711.700073242188,711.700073242188,746.339965820312,746.339965820312,746.339965820312,746.339965820312,746.339965820312,730.799987792969,730.799987792969,730.799987792969,730.799987792969,730.799987792969,806.940002441406,806.940002441406,806.940002441406,806.940002441406,806.940002441406,812.240051269531,812.240051269531,812.240051269531,812.240051269531,812.240051269531
"LOTHAR_2551",NA,NA,655.38330078125,655.38330078125,655.38330078125,655.38330078125,655.38330078125,655.38330078125,711.700073242188,711.700073242188,711.700073242188,711.700073242188,746.339965820312,746.339965820312,746.339965820312,746.339965820312,746.339965820312,730.799987792969,730.799987792969,730.799987792969,730.799987792969,730.799987792969,806.940002441406,806.940002441406,806.940002441406,806.940002441406,806.940002441406,812.240051269531,812.240051269531,812.240051269531,812.240051269531,812.240051269531
"LOTHAR_2554",NA,NA,655.38330078125,655.38330078125,655.38330078125,655.38330078125,655.38330078125,655.38330078125,711.700073242188,711.700073242188,711.700073242188,711.700073242188,746.339965820312,746.339965820312,746.339965820312,746.339965820312,746.339965820312,730.799987792969,730.799987792969,730.799987792969,730.799987792969,730.799987792969,806.940002441406,806.940002441406,806.940002441406,806.940002441406,806.940002441406,812.240051269531,812.240051269531,812.240051269531,812.240051269531,812.240051269531
"LOTHAR_2555",NA,NA,655.38330078125,655.38330078125,655.38330078125,655.38330078125,655.38330078125,655.38330078125,711.700073242188,711.700073242188,711.700073242188,711.700073242188,746.339965820312,746.339965820312,746.339965820312,746.339965820312,746.339965820312,730.799987792969,730.799987792969,730.799987792969,730.799987792969,730.799987792969,806.940002441406,806.940002441406,806.940002441406,806.940002441406,806.940002441406,812.240051269531,812.240051269531,812.240051269531,812.240051269531,812.240051269531
"LOTHAR_2558",NA,NA,673.5,673.5,NA,NA,NA,NA,NA,NA,NA,NA,NA,NA,NA,NA,NA,NA,NA,NA,NA,NA,NA,NA,NA,NA,NA,NA,NA,NA,NA,NA
"LOTHAR_2562",NA,NA,655.38330078125,655.38330078125,655.38330078125,655.38330078125,655.38330078125,655.38330078125,711.700073242188,711.700073242188,711.700073242188,711.700073242188,746.339965820312,746.339965820312,746.339965820312,746.339965820312,746.339965820312,730.799987792969,730.799987792969,730.799987792969,730.799987792969,730.799987792969,806.940002441406,806.940002441406,806.940002441406,806.940002441406,806.940002441406,812.240051269531,812.240051269531,812.240051269531,812.240051269531,812.240051269531
"LOTHAR_2563",NA,NA,655.38330078125,655.38330078125,655.38330078125,655.38330078125,655.38330078125,655.38330078125,711.700073242188,711.700073242188,711.700073242188,711.700073242188,746.339965820312,746.339965820312,746.339965820312,746.339965820312,746.339965820312,730.799987792969,730.799987792969,730.799987792969,730.799987792969,730.799987792969,806.940002441406,806.940002441406,806.940002441406,806.940002441406,806.940002441406,812.240051269531,812.240051269531,812.240051269531,812.240051269531,812.240051269531
"LOTHAR_2564",NA,NA,659.679992675781,659.679992675781,659.679992675781,659.679992675781,659.679992675781,NA,NA,NA,NA,NA,NA,NA,NA,NA,NA,NA,NA,NA,NA,NA,NA,NA,NA,NA,NA,NA,NA,NA,NA,NA
"LOTHAR_2566",NA,NA,655.38330078125,655.38330078125,655.38330078125,655.38330078125,655.38330078125,655.38330078125,711.700073242188,711.700073242188,711.700073242188,711.700073242188,746.339965820312,746.339965820312,746.339965820312,746.339965820312,746.339965820312,730.799987792969,730.799987792969,730.799987792969,730.799987792969,730.799987792969,784.375,784.375,784.375,784.375,NA,NA,NA,NA,NA,NA
"LOTHAR_2575",NA,NA,659.679992675781,659.679992675781,659.679992675781,659.679992675781,659.679992675781,NA,NA,NA,NA,NA,NA,NA,NA,NA,NA,NA,NA,NA,NA,NA,NA,NA,NA,NA,NA,NA,NA,NA,NA,NA
"LOTHAR_2576",NA,NA,659.679992675781,659.679992675781,659.679992675781,659.679992675781,659.679992675781,NA,NA,NA,NA,NA,NA,NA,NA,NA,NA,NA,NA,NA,NA,NA,NA,NA,NA,NA,NA,NA,NA,NA,NA,NA
"LOTHAR_2577",NA,NA,655.38330078125,655.38330078125,655.38330078125,655.38330078125,655.38330078125,655.38330078125,711.700073242188,711.700073242188,711.700073242188,711.700073242188,746.339965820312,746.339965820312,746.339965820312,746.339965820312,746.339965820312,730.799987792969,730.799987792969,730.799987792969,730.799987792969,730.799987792969,806.940002441406,806.940002441406,806.940002441406,806.940002441406,806.940002441406,812.240051269531,812.240051269531,812.240051269531,812.240051269531,812.240051269531
"LOTHAR_2578",NA,NA,655.38330078125,655.38330078125,655.38330078125,655.38330078125,655.38330078125,655.38330078125,711.700073242188,711.700073242188,711.700073242188,711.700073242188,746.339965820312,746.339965820312,746.339965820312,746.339965820312,746.339965820312,730.799987792969,730.799987792969,730.799987792969,730.799987792969,730.799987792969,806.940002441406,806.940002441406,806.940002441406,806.940002441406,806.940002441406,812.240051269531,812.240051269531,812.240051269531,812.240051269531,812.240051269531
"LOTHAR_2581",NA,NA,655.38330078125,655.38330078125,655.38330078125,655.38330078125,655.38330078125,655.38330078125,711.700073242188,711.700073242188,711.700073242188,711.700073242188,746.339965820312,746.339965820312,746.339965820312,746.339965820312,746.339965820312,730.799987792969,730.799987792969,730.799987792969,730.799987792969,730.799987792969,806.940002441406,806.940002441406,806.940002441406,806.940002441406,806.940002441406,812.240051269531,812.240051269531,812.240051269531,812.240051269531,812.240051269531
"LOTHAR_2584",NA,NA,655.38330078125,655.38330078125,655.38330078125,655.38330078125,655.38330078125,655.38330078125,NA,NA,NA,NA,NA,NA,NA,NA,NA,NA,NA,NA,NA,NA,NA,NA,NA,NA,NA,NA,NA,NA,NA,NA
"LOTHAR_2588",NA,NA,655.38330078125,655.38330078125,655.38330078125,655.38330078125,655.38330078125,655.38330078125,711.700073242188,711.700073242188,711.700073242188,711.700073242188,746.339965820312,746.339965820312,746.339965820312,746.339965820312,746.339965820312,772.5,772.5,772.5,772.5,772.5,772.5,763.424987792969,763.424987792969,763.424987792969,763.424987792969,812.240051269531,812.240051269531,812.240051269531,812.240051269531,812.240051269531
"LOTHAR_2591",NA,NA,655.38330078125,655.38330078125,655.38330078125,655.38330078125,655.38330078125,655.38330078125,711.700073242188,711.700073242188,711.700073242188,711.700073242188,746.339965820312,746.339965820312,746.339965820312,746.339965820312,746.339965820312,730.799987792969,730.799987792969,730.799987792969,730.799987792969,730.799987792969,806.940002441406,806.940002441406,806.940002441406,806.940002441406,806.940002441406,812.240051269531,812.240051269531,812.240051269531,812.240051269531,812.240051269531
"LOTHAR_2596",NA,NA,655.38330078125,655.38330078125,655.38330078125,655.38330078125,655.38330078125,655.38330078125,711.700073242188,711.700073242188,711.700073242188,711.700073242188,746.339965820312,746.339965820312,746.339965820312,746.339965820312,746.339965820312,730.799987792969,730.799987792969,730.799987792969,730.799987792969,730.799987792969,806.940002441406,806.940002441406,806.940002441406,806.940002441406,806.940002441406,812.240051269531,812.240051269531,812.240051269531,812.240051269531,812.240051269531
"LOTHAR_2599",NA,NA,702.974975585938,702.974975585938,702.974975585938,702.974975585938,NA,NA,NA,NA,NA,NA,NA,NA,NA,NA,NA,NA,NA,NA,NA,NA,NA,NA,NA,NA,NA,NA,NA,NA,NA,NA
"LOTHAR_2617",NA,NA,673.5,673.5,NA,NA,NA,NA,NA,NA,NA,NA,NA,NA,NA,NA,NA,NA,NA,NA,NA,NA,NA,NA,NA,NA,NA,NA,NA,NA,NA,NA
"LOTHAR_2627",NA,NA,655.38330078125,655.38330078125,655.38330078125,655.38330078125,655.38330078125,655.38330078125,739.299987792969,NA,NA,NA,NA,NA,NA,NA,NA,NA,NA,NA,NA,NA,NA,NA,NA,NA,NA,NA,NA,NA,NA,NA
"LOTHAR_2628",NA,NA,655.38330078125,655.38330078125,655.38330078125,655.38330078125,655.38330078125,655.38330078125,732.400024414062,732.400024414062,NA,NA,NA,NA,NA,NA,NA,NA,NA,NA,NA,NA,NA,NA,NA,NA,NA,NA,NA,NA,NA,NA
"LOTHAR_2632",NA,NA,655.38330078125,655.38330078125,655.38330078125,655.38330078125,655.38330078125,655.38330078125,711.700073242188,711.700073242188,711.700073242188,711.700073242188,746.339965820312,746.339965820312,746.339965820312,746.339965820312,746.339965820312,730.799987792969,730.799987792969,730.799987792969,730.799987792969,730.799987792969,899.75,899.75,NA,NA,NA,NA,NA,NA,NA,NA
"LOTHAR_2633",NA,NA,655.38330078125,655.38330078125,655.38330078125,655.38330078125,655.38330078125,655.38330078125,711.700073242188,711.700073242188,711.700073242188,711.700073242188,786.799987792969,NA,NA,NA,NA,NA,NA,NA,NA,NA,NA,NA,NA,NA,NA,NA,NA,NA,NA,NA
"LOTHAR_2635",NA,NA,655.38330078125,655.38330078125,655.38330078125,655.38330078125,655.38330078125,655.38330078125,711.700073242188,711.700073242188,711.700073242188,711.700073242188,673.399963378906,673.399963378906,673.399963378906,NA,NA,NA,NA,NA,NA,NA,NA,NA,NA,NA,NA,NA,NA,NA,NA,NA
"LOTHAR_2637",NA,NA,655.38330078125,655.38330078125,655.38330078125,655.38330078125,655.38330078125,655.38330078125,711.700073242188,711.700073242188,711.700073242188,711.700073242188,746.339965820312,746.339965820312,746.339965820312,746.339965820312,746.339965820312,730.799987792969,730.799987792969,730.799987792969,730.799987792969,730.799987792969,981,NA,NA,NA,NA,NA,NA,NA,NA,NA
"LOTHAR_2641",NA,NA,655.38330078125,655.38330078125,655.38330078125,655.38330078125,655.38330078125,655.38330078125,711.700073242188,711.700073242188,711.700073242188,711.700073242188,673.399963378906,673.399963378906,673.399963378906,NA,NA,NA,NA,NA,NA,NA,NA,NA,NA,NA,NA,NA,NA,NA,NA,NA
"LOTHAR_2642",NA,NA,677.910034179688,677.910034179688,677.910034179688,677.910034179688,677.910034179688,677.910034179688,677.910034179688,677.910034179688,677.910034179688,677.910034179688,NA,NA,NA,NA,NA,NA,NA,NA,NA,NA,NA,NA,NA,NA,NA,NA,NA,NA,NA,NA
"LOTHAR_2646",NA,NA,655.38330078125,655.38330078125,655.38330078125,655.38330078125,655.38330078125,655.38330078125,711.700073242188,711.700073242188,711.700073242188,711.700073242188,786.799987792969,NA,NA,NA,NA,NA,NA,NA,NA,NA,NA,NA,NA,NA,NA,NA,NA,NA,NA,NA
"LOTHAR_2654",NA,NA,655.38330078125,655.38330078125,655.38330078125,655.38330078125,655.38330078125,655.38330078125,711.700073242188,711.700073242188,711.700073242188,711.700073242188,746.339965820312,746.339965820312,746.339965820312,746.339965820312,746.339965820312,730.799987792969,730.799987792969,730.799987792969,730.799987792969,730.799987792969,784.375,784.375,784.375,784.375,NA,NA,NA,NA,NA,NA
"LOTHAR_2655",NA,NA,655.38330078125,655.38330078125,655.38330078125,655.38330078125,655.38330078125,655.38330078125,NA,NA,NA,NA,NA,NA,NA,NA,NA,NA,NA,NA,NA,NA,NA,NA,NA,NA,NA,NA,NA,NA,NA,NA
"LOTHAR_2661",NA,NA,655.38330078125,655.38330078125,655.38330078125,655.38330078125,655.38330078125,655.38330078125,711.700073242188,711.700073242188,711.700073242188,711.700073242188,746.339965820312,746.339965820312,746.339965820312,746.339965820312,746.339965820312,730.799987792969,730.799987792969,730.799987792969,730.799987792969,730.799987792969,806.940002441406,806.940002441406,806.940002441406,806.940002441406,806.940002441406,862.025024414062,862.025024414062,862.025024414062,862.025024414062,NA
"LOTHAR_2662",NA,NA,655.38330078125,655.38330078125,655.38330078125,655.38330078125,655.38330078125,655.38330078125,711.700073242188,711.700073242188,711.700073242188,711.700073242188,746.339965820312,746.339965820312,746.339965820312,746.339965820312,746.339965820312,730.799987792969,730.799987792969,730.799987792969,730.799987792969,730.799987792969,806.940002441406,806.940002441406,806.940002441406,806.940002441406,806.940002441406,812.240051269531,812.240051269531,812.240051269531,812.240051269531,812.240051269531
"LOTHAR_2665",NA,NA,655.38330078125,655.38330078125,655.38330078125,655.38330078125,655.38330078125,655.38330078125,732.400024414062,732.400024414062,NA,NA,NA,NA,NA,NA,NA,NA,NA,NA,NA,NA,NA,NA,NA,NA,NA,NA,NA,NA,NA,NA
"LOTHAR_2666",NA,NA,655.38330078125,655.38330078125,655.38330078125,655.38330078125,655.38330078125,655.38330078125,711.700073242188,711.700073242188,711.700073242188,711.700073242188,NA,NA,NA,NA,NA,NA,NA,NA,NA,NA,NA,NA,NA,NA,NA,NA,NA,NA,NA,NA
"LOTHAR_2671",NA,NA,655.38330078125,655.38330078125,655.38330078125,655.38330078125,655.38330078125,655.38330078125,711.700073242188,711.700073242188,711.700073242188,711.700073242188,746.339965820312,746.339965820312,746.339965820312,746.339965820312,746.339965820312,730.799987792969,730.799987792969,730.799987792969,730.799987792969,730.799987792969,806.940002441406,806.940002441406,806.940002441406,806.940002441406,806.940002441406,812.240051269531,812.240051269531,812.240051269531,812.240051269531,812.240051269531
"LOTHAR_2674",NA,NA,655.38330078125,655.38330078125,655.38330078125,655.38330078125,655.38330078125,655.38330078125,711.700073242188,711.700073242188,711.700073242188,711.700073242188,746.339965820312,746.339965820312,746.339965820312,746.339965820312,746.339965820312,730.799987792969,730.799987792969,730.799987792969,730.799987792969,730.799987792969,806.940002441406,806.940002441406,806.940002441406,806.940002441406,806.940002441406,812.240051269531,812.240051269531,812.240051269531,812.240051269531,812.240051269531
"LOTHAR_2677",NA,NA,655.38330078125,655.38330078125,655.38330078125,655.38330078125,655.38330078125,655.38330078125,711.700073242188,711.700073242188,711.700073242188,711.700073242188,786.799987792969,NA,NA,NA,NA,NA,NA,NA,NA,NA,NA,NA,NA,NA,NA,NA,NA,NA,NA,NA
"LOTHAR_2686",NA,NA,655.38330078125,655.38330078125,655.38330078125,655.38330078125,655.38330078125,655.38330078125,711.700073242188,711.700073242188,711.700073242188,711.700073242188,746.339965820312,746.339965820312,746.339965820312,746.339965820312,746.339965820312,730.799987792969,730.799987792969,730.799987792969,730.799987792969,730.799987792969,806.940002441406,806.940002441406,806.940002441406,806.940002441406,806.940002441406,812.240051269531,812.240051269531,812.240051269531,812.240051269531,812.240051269531
"LOTHAR_2687",NA,NA,655.38330078125,655.38330078125,655.38330078125,655.38330078125,655.38330078125,655.38330078125,711.700073242188,711.700073242188,711.700073242188,711.700073242188,746.339965820312,746.339965820312,746.339965820312,746.339965820312,746.339965820312,730.799987792969,730.799987792969,730.799987792969,730.799987792969,730.799987792969,806.940002441406,806.940002441406,806.940002441406,806.940002441406,806.940002441406,812.240051269531,812.240051269531,812.240051269531,812.240051269531,812.240051269531
"LOTHAR_2689",NA,NA,655.38330078125,655.38330078125,655.38330078125,655.38330078125,655.38330078125,655.38330078125,711.700073242188,711.700073242188,711.700073242188,711.700073242188,746.339965820312,746.339965820312,746.339965820312,746.339965820312,746.339965820312,730.799987792969,730.799987792969,730.799987792969,730.799987792969,730.799987792969,981,NA,NA,NA,NA,NA,NA,NA,NA,NA
"LOTHAR_2693",NA,NA,655.38330078125,655.38330078125,655.38330078125,655.38330078125,655.38330078125,655.38330078125,711.700073242188,711.700073242188,711.700073242188,711.700073242188,661.049987792969,661.049987792969,NA,NA,NA,NA,NA,NA,NA,NA,NA,NA,NA,NA,NA,NA,NA,NA,NA,NA
"LOTHAR_2694",NA,NA,655.38330078125,655.38330078125,655.38330078125,655.38330078125,655.38330078125,655.38330078125,711.700073242188,711.700073242188,711.700073242188,711.700073242188,746.339965820312,746.339965820312,746.339965820312,746.339965820312,746.339965820312,730.799987792969,730.799987792969,730.799987792969,730.799987792969,730.799987792969,806.940002441406,806.940002441406,806.940002441406,806.940002441406,806.940002441406,812.240051269531,812.240051269531,812.240051269531,812.240051269531,812.240051269531
"LOTHAR_2698",NA,NA,655.38330078125,655.38330078125,655.38330078125,655.38330078125,655.38330078125,655.38330078125,711.700073242188,711.700073242188,711.700073242188,711.700073242188,746.339965820312,746.339965820312,746.339965820312,746.339965820312,746.339965820312,730.799987792969,730.799987792969,730.799987792969,730.799987792969,730.799987792969,806.940002441406,806.940002441406,806.940002441406,806.940002441406,806.940002441406,812.240051269531,812.240051269531,812.240051269531,812.240051269531,812.240051269531
"LOTHAR_2805",NA,NA,655.38330078125,655.38330078125,655.38330078125,655.38330078125,655.38330078125,655.38330078125,738.900085449219,738.900085449219,738.900085449219,NA,NA,NA,NA,NA,NA,NA,NA,NA,NA,NA,NA,NA,NA,NA,NA,NA,NA,NA,NA,NA
"LOTHAR_2810",NA,NA,655.38330078125,655.38330078125,655.38330078125,655.38330078125,655.38330078125,655.38330078125,711.700073242188,711.700073242188,711.700073242188,711.700073242188,NA,NA,NA,NA,NA,NA,NA,NA,NA,NA,NA,NA,NA,NA,NA,NA,NA,NA,NA,NA
"LOTHAR_2811",NA,NA,702.974975585938,702.974975585938,702.974975585938,702.974975585938,NA,NA,NA,NA,NA,NA,NA,NA,NA,NA,NA,NA,NA,NA,NA,NA,NA,NA,NA,NA,NA,NA,NA,NA,NA,NA
"LOTHAR_2812",NA,NA,655.38330078125,655.38330078125,655.38330078125,655.38330078125,655.38330078125,655.38330078125,711.700073242188,711.700073242188,711.700073242188,711.700073242188,746.339965820312,746.339965820312,746.339965820312,746.339965820312,746.339965820312,730.799987792969,730.799987792969,730.799987792969,730.799987792969,730.799987792969,806.940002441406,806.940002441406,806.940002441406,806.940002441406,806.940002441406,NA,NA,NA,NA,NA
"LOTHAR_2826",NA,NA,655.38330078125,655.38330078125,655.38330078125,655.38330078125,655.38330078125,655.38330078125,711.700073242188,711.700073242188,711.700073242188,711.700073242188,746.339965820312,746.339965820312,746.339965820312,746.339965820312,746.339965820312,730.799987792969,730.799987792969,730.799987792969,730.799987792969,730.799987792969,836.233337402344,836.233337402344,836.233337402344,NA,NA,NA,NA,NA,NA,NA
"LOTHAR_2838",NA,NA,655.38330078125,655.38330078125,655.38330078125,655.38330078125,655.38330078125,655.38330078125,711.700073242188,711.700073242188,711.700073242188,711.700073242188,746.339965820312,746.339965820312,746.339965820312,746.339965820312,746.339965820312,768.869995117188,768.869995117188,768.869995117188,768.869995117188,768.869995117188,768.869995117188,768.869995117188,768.869995117188,768.869995117188,768.869995117188,812.240051269531,812.240051269531,812.240051269531,812.240051269531,812.240051269531
"LOTHAR_2839",NA,NA,655.38330078125,655.38330078125,655.38330078125,655.38330078125,655.38330078125,655.38330078125,711.700073242188,711.700073242188,711.700073242188,711.700073242188,746.339965820312,746.339965820312,746.339965820312,746.339965820312,746.339965820312,730.799987792969,730.799987792969,730.799987792969,730.799987792969,730.799987792969,784.375,784.375,784.375,784.375,NA,NA,NA,NA,NA,NA
"LOTHAR_2840",NA,NA,655.38330078125,655.38330078125,655.38330078125,655.38330078125,655.38330078125,655.38330078125,711.700073242188,711.700073242188,711.700073242188,711.700073242188,673.399963378906,673.399963378906,673.399963378906,NA,NA,NA,NA,NA,NA,NA,NA,NA,NA,NA,NA,NA,NA,NA,NA,NA
"LOTHAR_2851",NA,NA,655.38330078125,655.38330078125,655.38330078125,655.38330078125,655.38330078125,655.38330078125,711.700073242188,711.700073242188,711.700073242188,711.700073242188,746.339965820312,746.339965820312,746.339965820312,746.339965820312,746.339965820312,NA,NA,NA,NA,NA,NA,NA,NA,NA,NA,NA,NA,NA,NA,NA
"LOTHAR_2853",NA,NA,702.974975585938,702.974975585938,702.974975585938,702.974975585938,NA,NA,NA,NA,NA,NA,NA,NA,NA,NA,NA,NA,NA,NA,NA,NA,NA,NA,NA,NA,NA,NA,NA,NA,NA,NA
"LOTHAR_2854",NA,NA,655.38330078125,655.38330078125,655.38330078125,655.38330078125,655.38330078125,655.38330078125,711.700073242188,711.700073242188,711.700073242188,711.700073242188,746.339965820312,746.339965820312,746.339965820312,746.339965820312,746.339965820312,730.799987792969,730.799987792969,730.799987792969,730.799987792969,730.799987792969,806.940002441406,806.940002441406,806.940002441406,806.940002441406,806.940002441406,812.240051269531,812.240051269531,812.240051269531,812.240051269531,812.240051269531
"LOTHAR_2857",NA,NA,655.38330078125,655.38330078125,655.38330078125,655.38330078125,655.38330078125,655.38330078125,711.700073242188,711.700073242188,711.700073242188,711.700073242188,746.339965820312,746.339965820312,746.339965820312,746.339965820312,746.339965820312,730.799987792969,730.799987792969,730.799987792969,730.799987792969,730.799987792969,806.940002441406,806.940002441406,806.940002441406,806.940002441406,806.940002441406,812.240051269531,812.240051269531,812.240051269531,812.240051269531,812.240051269531
"LOTHAR_2858",NA,NA,655.38330078125,655.38330078125,655.38330078125,655.38330078125,655.38330078125,655.38330078125,711.700073242188,711.700073242188,711.700073242188,711.700073242188,746.339965820312,746.339965820312,746.339965820312,746.339965820312,746.339965820312,730.799987792969,730.799987792969,730.799987792969,730.799987792969,730.799987792969,836.233337402344,836.233337402344,836.233337402344,NA,NA,NA,NA,NA,NA,NA
"LOTHAR_2860",NA,NA,655.38330078125,655.38330078125,655.38330078125,655.38330078125,655.38330078125,655.38330078125,711.700073242188,711.700073242188,711.700073242188,711.700073242188,746.339965820312,746.339965820312,746.339965820312,746.339965820312,746.339965820312,NA,NA,NA,NA,NA,NA,NA,NA,NA,NA,NA,NA,NA,NA,NA
"LOTHAR_2861",NA,NA,655.38330078125,655.38330078125,655.38330078125,655.38330078125,655.38330078125,655.38330078125,711.700073242188,711.700073242188,711.700073242188,711.700073242188,746.339965820312,746.339965820312,746.339965820312,746.339965820312,746.339965820312,730.799987792969,730.799987792969,730.799987792969,730.799987792969,730.799987792969,806.940002441406,806.940002441406,806.940002441406,806.940002441406,806.940002441406,862.025024414062,862.025024414062,862.025024414062,862.025024414062,NA
"LOTHAR_2863",NA,NA,655.38330078125,655.38330078125,655.38330078125,655.38330078125,655.38330078125,655.38330078125,711.700073242188,711.700073242188,711.700073242188,711.700073242188,746.339965820312,746.339965820312,746.339965820312,746.339965820312,746.339965820312,730.799987792969,730.799987792969,730.799987792969,730.799987792969,730.799987792969,806.940002441406,806.940002441406,806.940002441406,806.940002441406,806.940002441406,858.36669921875,858.36669921875,858.36669921875,NA,NA
"LOTHAR_2865",NA,NA,655.38330078125,655.38330078125,655.38330078125,655.38330078125,655.38330078125,655.38330078125,711.700073242188,711.700073242188,711.700073242188,711.700073242188,746.339965820312,746.339965820312,746.339965820312,746.339965820312,746.339965820312,730.799987792969,730.799987792969,730.799987792969,730.799987792969,730.799987792969,806.940002441406,806.940002441406,806.940002441406,806.940002441406,806.940002441406,858.36669921875,858.36669921875,858.36669921875,NA,NA
"LOTHAR_2868",NA,NA,655.38330078125,655.38330078125,655.38330078125,655.38330078125,655.38330078125,655.38330078125,711.700073242188,711.700073242188,711.700073242188,711.700073242188,746.339965820312,746.339965820312,746.339965820312,746.339965820312,746.339965820312,730.799987792969,730.799987792969,730.799987792969,730.799987792969,730.799987792969,806.940002441406,806.940002441406,806.940002441406,806.940002441406,806.940002441406,812.240051269531,812.240051269531,812.240051269531,812.240051269531,812.240051269531
"LOTHAR_2878",NA,NA,655.38330078125,655.38330078125,655.38330078125,655.38330078125,655.38330078125,655.38330078125,711.700073242188,711.700073242188,711.700073242188,711.700073242188,746.339965820312,746.339965820312,746.339965820312,746.339965820312,746.339965820312,746,NA,NA,NA,NA,NA,NA,NA,NA,NA,NA,NA,NA,NA,NA
"LOTHAR_2879",NA,NA,655.38330078125,655.38330078125,655.38330078125,655.38330078125,655.38330078125,655.38330078125,711.700073242188,711.700073242188,711.700073242188,711.700073242188,746.339965820312,746.339965820312,746.339965820312,746.339965820312,746.339965820312,730.799987792969,730.799987792969,730.799987792969,730.799987792969,730.799987792969,784.375,784.375,784.375,784.375,NA,NA,NA,NA,NA,NA
"LOTHAR_2884",NA,NA,655.38330078125,655.38330078125,655.38330078125,655.38330078125,655.38330078125,655.38330078125,711.700073242188,711.700073242188,711.700073242188,711.700073242188,746.339965820312,746.339965820312,746.339965820312,746.339965820312,746.339965820312,730.799987792969,730.799987792969,730.799987792969,730.799987792969,730.799987792969,806.940002441406,806.940002441406,806.940002441406,806.940002441406,806.940002441406,812.240051269531,812.240051269531,812.240051269531,812.240051269531,812.240051269531
"LOTHAR_2885",NA,NA,655.38330078125,655.38330078125,655.38330078125,655.38330078125,655.38330078125,655.38330078125,711.700073242188,711.700073242188,711.700073242188,711.700073242188,746.339965820312,746.339965820312,746.339965820312,746.339965820312,746.339965820312,730.799987792969,730.799987792969,730.799987792969,730.799987792969,730.799987792969,806.940002441406,806.940002441406,806.940002441406,806.940002441406,806.940002441406,812.240051269531,812.240051269531,812.240051269531,812.240051269531,812.240051269531
"LOTHAR_2886",NA,NA,655.38330078125,655.38330078125,655.38330078125,655.38330078125,655.38330078125,655.38330078125,711.700073242188,711.700073242188,711.700073242188,711.700073242188,NA,NA,NA,NA,NA,NA,NA,NA,NA,NA,NA,NA,NA,NA,NA,NA,NA,NA,NA,NA
"LOTHAR_2888",NA,NA,655.38330078125,655.38330078125,655.38330078125,655.38330078125,655.38330078125,655.38330078125,711.700073242188,711.700073242188,711.700073242188,711.700073242188,746.339965820312,746.339965820312,746.339965820312,746.339965820312,746.339965820312,730.799987792969,730.799987792969,730.799987792969,730.799987792969,730.799987792969,806.940002441406,806.940002441406,806.940002441406,806.940002441406,806.940002441406,812.240051269531,812.240051269531,812.240051269531,812.240051269531,812.240051269531
"LOTHAR_2889",NA,NA,655.38330078125,655.38330078125,655.38330078125,655.38330078125,655.38330078125,655.38330078125,732.400024414062,732.400024414062,NA,NA,NA,NA,NA,NA,NA,NA,NA,NA,NA,NA,NA,NA,NA,NA,NA,NA,NA,NA,NA,NA
"LOTHAR_2891",NA,NA,655.38330078125,655.38330078125,655.38330078125,655.38330078125,655.38330078125,655.38330078125,711.700073242188,711.700073242188,711.700073242188,711.700073242188,746.339965820312,746.339965820312,746.339965820312,746.339965820312,746.339965820312,730.799987792969,730.799987792969,730.799987792969,730.799987792969,730.799987792969,806.940002441406,806.940002441406,806.940002441406,806.940002441406,806.940002441406,812.240051269531,812.240051269531,812.240051269531,812.240051269531,812.240051269531
"LOTHAR_2894",NA,NA,655.38330078125,655.38330078125,655.38330078125,655.38330078125,655.38330078125,655.38330078125,711.700073242188,711.700073242188,711.700073242188,711.700073242188,786.799987792969,NA,NA,NA,NA,NA,NA,NA,NA,NA,NA,NA,NA,NA,NA,NA,NA,NA,NA,NA
"LOTHAR_2897",NA,NA,655.38330078125,655.38330078125,655.38330078125,655.38330078125,655.38330078125,655.38330078125,711.700073242188,711.700073242188,711.700073242188,711.700073242188,746.339965820312,746.339965820312,746.339965820312,746.339965820312,746.339965820312,730.799987792969,730.799987792969,730.799987792969,730.799987792969,730.799987792969,806.940002441406,806.940002441406,806.940002441406,806.940002441406,806.940002441406,812.240051269531,812.240051269531,812.240051269531,812.240051269531,812.240051269531
"LOTHAR_2900",NA,NA,655.38330078125,655.38330078125,655.38330078125,655.38330078125,655.38330078125,655.38330078125,711.700073242188,711.700073242188,711.700073242188,711.700073242188,746.339965820312,746.339965820312,746.339965820312,746.339965820312,746.339965820312,730.799987792969,730.799987792969,730.799987792969,730.799987792969,730.799987792969,806.940002441406,806.940002441406,806.940002441406,806.940002441406,806.940002441406,775.25,775.25,NA,NA,NA
"LOTHAR_2901",NA,NA,655.38330078125,655.38330078125,655.38330078125,655.38330078125,655.38330078125,655.38330078125,711.700073242188,711.700073242188,711.700073242188,711.700073242188,746.339965820312,746.339965820312,746.339965820312,746.339965820312,746.339965820312,730.799987792969,730.799987792969,730.799987792969,730.799987792969,730.799987792969,806.940002441406,806.940002441406,806.940002441406,806.940002441406,806.940002441406,862.025024414062,862.025024414062,862.025024414062,862.025024414062,NA
"LOTHAR_2904",NA,NA,655.38330078125,655.38330078125,655.38330078125,655.38330078125,655.38330078125,655.38330078125,711.700073242188,711.700073242188,711.700073242188,711.700073242188,746.339965820312,746.339965820312,746.339965820312,746.339965820312,746.339965820312,730.799987792969,730.799987792969,730.799987792969,730.799987792969,730.799987792969,806.940002441406,806.940002441406,806.940002441406,806.940002441406,806.940002441406,812.240051269531,812.240051269531,812.240051269531,812.240051269531,812.240051269531
"LOTHAR_2907",NA,NA,655.38330078125,655.38330078125,655.38330078125,655.38330078125,655.38330078125,655.38330078125,711.700073242188,711.700073242188,711.700073242188,711.700073242188,746.339965820312,746.339965820312,746.339965820312,746.339965820312,746.339965820312,730.799987792969,730.799987792969,730.799987792969,730.799987792969,730.799987792969,806.940002441406,806.940002441406,806.940002441406,806.940002441406,806.940002441406,862.025024414062,862.025024414062,862.025024414062,862.025024414062,NA
"LOTHAR_2909",NA,NA,655.38330078125,655.38330078125,655.38330078125,655.38330078125,655.38330078125,655.38330078125,711.700073242188,711.700073242188,711.700073242188,711.700073242188,746.339965820312,746.339965820312,746.339965820312,746.339965820312,746.339965820312,730.799987792969,730.799987792969,730.799987792969,730.799987792969,730.799987792969,806.940002441406,806.940002441406,806.940002441406,806.940002441406,806.940002441406,812.240051269531,812.240051269531,812.240051269531,812.240051269531,812.240051269531
"LOTHAR_2911",NA,NA,655.38330078125,655.38330078125,655.38330078125,655.38330078125,655.38330078125,655.38330078125,711.700073242188,711.700073242188,711.700073242188,711.700073242188,746.339965820312,746.339965820312,746.339965820312,746.339965820312,746.339965820312,730.799987792969,730.799987792969,730.799987792969,730.799987792969,730.799987792969,806.940002441406,806.940002441406,806.940002441406,806.940002441406,806.940002441406,862.025024414062,862.025024414062,862.025024414062,862.025024414062,NA
"LOTHAR_2912",NA,NA,655.38330078125,655.38330078125,655.38330078125,655.38330078125,655.38330078125,655.38330078125,711.700073242188,711.700073242188,711.700073242188,711.700073242188,746.339965820312,746.339965820312,746.339965820312,746.339965820312,746.339965820312,730.799987792969,730.799987792969,730.799987792969,730.799987792969,730.799987792969,806.940002441406,806.940002441406,806.940002441406,806.940002441406,806.940002441406,812.240051269531,812.240051269531,812.240051269531,812.240051269531,812.240051269531
"LOTHAR_2913",NA,NA,655.38330078125,655.38330078125,655.38330078125,655.38330078125,655.38330078125,655.38330078125,711.700073242188,711.700073242188,711.700073242188,711.700073242188,746.339965820312,746.339965820312,746.339965820312,746.339965820312,746.339965820312,730.799987792969,730.799987792969,730.799987792969,730.799987792969,730.799987792969,806.940002441406,806.940002441406,806.940002441406,806.940002441406,806.940002441406,812.240051269531,812.240051269531,812.240051269531,812.240051269531,812.240051269531
"LOTHAR_2914",NA,NA,NA,NA,NA,NA,NA,NA,NA,NA,NA,NA,NA,NA,NA,NA,NA,NA,NA,NA,NA,NA,NA,NA,NA,NA,826.399963378906,826.399963378906,826.399963378906,826.399963378906,826.399963378906,826.399963378906
"LOTHAR_2916",NA,NA,655.38330078125,655.38330078125,655.38330078125,655.38330078125,655.38330078125,655.38330078125,711.700073242188,711.700073242188,711.700073242188,711.700073242188,661.049987792969,661.049987792969,NA,NA,NA,NA,NA,NA,NA,NA,NA,NA,NA,NA,NA,NA,NA,NA,NA,NA
"LOTHAR_2917",NA,NA,655.38330078125,655.38330078125,655.38330078125,655.38330078125,655.38330078125,655.38330078125,711.700073242188,711.700073242188,711.700073242188,711.700073242188,746.339965820312,746.339965820312,746.339965820312,746.339965820312,746.339965820312,730.799987792969,730.799987792969,730.799987792969,730.799987792969,730.799987792969,806.940002441406,806.940002441406,806.940002441406,806.940002441406,806.940002441406,812.240051269531,812.240051269531,812.240051269531,812.240051269531,812.240051269531
"LOTHAR_2918",NA,NA,655.38330078125,655.38330078125,655.38330078125,655.38330078125,655.38330078125,655.38330078125,711.700073242188,711.700073242188,711.700073242188,711.700073242188,746.339965820312,746.339965820312,746.339965820312,746.339965820312,746.339965820312,730.799987792969,730.799987792969,730.799987792969,730.799987792969,730.799987792969,899.75,899.75,NA,NA,NA,NA,NA,NA,NA,NA
"LOTHAR_2923",NA,NA,655.38330078125,655.38330078125,655.38330078125,655.38330078125,655.38330078125,655.38330078125,711.700073242188,711.700073242188,711.700073242188,711.700073242188,746.339965820312,746.339965820312,746.339965820312,746.339965820312,746.339965820312,730.799987792969,730.799987792969,730.799987792969,730.799987792969,730.799987792969,806.940002441406,806.940002441406,806.940002441406,806.940002441406,806.940002441406,812.240051269531,812.240051269531,812.240051269531,812.240051269531,812.240051269531
"LOTHAR_2924",NA,NA,655.38330078125,655.38330078125,655.38330078125,655.38330078125,655.38330078125,655.38330078125,711.700073242188,711.700073242188,711.700073242188,711.700073242188,746.339965820312,746.339965820312,746.339965820312,746.339965820312,746.339965820312,730.799987792969,730.799987792969,730.799987792969,730.799987792969,730.799987792969,806.940002441406,806.940002441406,806.940002441406,806.940002441406,806.940002441406,812.240051269531,812.240051269531,812.240051269531,812.240051269531,812.240051269531
"LOTHAR_2938",NA,NA,655.38330078125,655.38330078125,655.38330078125,655.38330078125,655.38330078125,655.38330078125,711.700073242188,711.700073242188,711.700073242188,711.700073242188,746.339965820312,746.339965820312,746.339965820312,746.339965820312,746.339965820312,730.799987792969,730.799987792969,730.799987792969,730.799987792969,730.799987792969,806.940002441406,806.940002441406,806.940002441406,806.940002441406,806.940002441406,812.240051269531,812.240051269531,812.240051269531,812.240051269531,812.240051269531
"LOTHAR_2942",NA,NA,655.38330078125,655.38330078125,655.38330078125,655.38330078125,655.38330078125,655.38330078125,711.700073242188,711.700073242188,711.700073242188,711.700073242188,746.339965820312,746.339965820312,746.339965820312,746.339965820312,746.339965820312,730.799987792969,730.799987792969,730.799987792969,730.799987792969,730.799987792969,806.940002441406,806.940002441406,806.940002441406,806.940002441406,806.940002441406,812.240051269531,812.240051269531,812.240051269531,812.240051269531,812.240051269531
"LOTHAR_2945",NA,NA,655.38330078125,655.38330078125,655.38330078125,655.38330078125,655.38330078125,655.38330078125,711.700073242188,711.700073242188,711.700073242188,711.700073242188,746.339965820312,746.339965820312,746.339965820312,746.339965820312,746.339965820312,730.799987792969,730.799987792969,730.799987792969,730.799987792969,730.799987792969,806.940002441406,806.940002441406,806.940002441406,806.940002441406,806.940002441406,812.240051269531,812.240051269531,812.240051269531,812.240051269531,812.240051269531
"LOTHAR_2950",NA,NA,655.38330078125,655.38330078125,655.38330078125,655.38330078125,655.38330078125,655.38330078125,711.700073242188,711.700073242188,711.700073242188,711.700073242188,673.399963378906,673.399963378906,673.399963378906,NA,NA,NA,NA,NA,NA,NA,NA,NA,NA,NA,NA,NA,NA,NA,NA,NA
"LOTHAR_2951",NA,NA,655.38330078125,655.38330078125,655.38330078125,655.38330078125,655.38330078125,655.38330078125,711.700073242188,711.700073242188,711.700073242188,711.700073242188,746.339965820312,746.339965820312,746.339965820312,746.339965820312,746.339965820312,704.575012207031,704.575012207031,704.575012207031,704.575012207031,NA,NA,NA,NA,NA,NA,NA,NA,NA,NA,NA
"LOTHAR_2953",NA,NA,655.38330078125,655.38330078125,655.38330078125,655.38330078125,655.38330078125,655.38330078125,711.700073242188,711.700073242188,711.700073242188,711.700073242188,746.339965820312,746.339965820312,746.339965820312,746.339965820312,746.339965820312,704.575012207031,704.575012207031,704.575012207031,704.575012207031,NA,NA,NA,NA,NA,NA,NA,NA,NA,NA,NA
"LOTHAR_2955",NA,NA,655.38330078125,655.38330078125,655.38330078125,655.38330078125,655.38330078125,655.38330078125,711.700073242188,711.700073242188,711.700073242188,711.700073242188,NA,NA,NA,NA,NA,NA,NA,NA,NA,NA,NA,NA,NA,NA,NA,NA,NA,NA,NA,NA
"LOTHAR_2957",NA,NA,655.38330078125,655.38330078125,655.38330078125,655.38330078125,655.38330078125,655.38330078125,711.700073242188,711.700073242188,711.700073242188,711.700073242188,661.049987792969,661.049987792969,NA,NA,NA,NA,NA,NA,NA,NA,NA,NA,NA,NA,NA,NA,NA,NA,NA,NA
"LOTHAR_2958",NA,NA,655.38330078125,655.38330078125,655.38330078125,655.38330078125,655.38330078125,655.38330078125,711.700073242188,711.700073242188,711.700073242188,711.700073242188,746.339965820312,746.339965820312,746.339965820312,746.339965820312,746.339965820312,730.799987792969,730.799987792969,730.799987792969,730.799987792969,730.799987792969,806.940002441406,806.940002441406,806.940002441406,806.940002441406,806.940002441406,812.240051269531,812.240051269531,812.240051269531,812.240051269531,812.240051269531
"LOTHAR_2959",NA,NA,655.38330078125,655.38330078125,655.38330078125,655.38330078125,655.38330078125,655.38330078125,NA,NA,NA,NA,NA,NA,NA,NA,NA,NA,NA,NA,NA,NA,NA,NA,NA,NA,NA,NA,NA,NA,NA,NA
"LOTHAR_2963",NA,NA,655.38330078125,655.38330078125,655.38330078125,655.38330078125,655.38330078125,655.38330078125,711.700073242188,711.700073242188,711.700073242188,711.700073242188,746.339965820312,746.339965820312,746.339965820312,746.339965820312,746.339965820312,730.799987792969,730.799987792969,730.799987792969,730.799987792969,730.799987792969,806.940002441406,806.940002441406,806.940002441406,806.940002441406,806.940002441406,812.240051269531,812.240051269531,812.240051269531,812.240051269531,812.240051269531
"LOTHAR_2964",NA,NA,655.38330078125,655.38330078125,655.38330078125,655.38330078125,655.38330078125,655.38330078125,711.700073242188,711.700073242188,711.700073242188,711.700073242188,746.339965820312,746.339965820312,746.339965820312,746.339965820312,746.339965820312,730.799987792969,730.799987792969,730.799987792969,730.799987792969,730.799987792969,806.940002441406,806.940002441406,806.940002441406,806.940002441406,806.940002441406,812.240051269531,812.240051269531,812.240051269531,812.240051269531,812.240051269531
"LOTHAR_2966",NA,NA,655.38330078125,655.38330078125,655.38330078125,655.38330078125,655.38330078125,655.38330078125,711.700073242188,711.700073242188,711.700073242188,711.700073242188,746.339965820312,746.339965820312,746.339965820312,746.339965820312,746.339965820312,730.799987792969,730.799987792969,730.799987792969,730.799987792969,730.799987792969,806.940002441406,806.940002441406,806.940002441406,806.940002441406,806.940002441406,812.240051269531,812.240051269531,812.240051269531,812.240051269531,812.240051269531
"LOTHAR_2975",NA,NA,655.38330078125,655.38330078125,655.38330078125,655.38330078125,655.38330078125,655.38330078125,711.700073242188,711.700073242188,711.700073242188,711.700073242188,746.339965820312,746.339965820312,746.339965820312,746.339965820312,746.339965820312,730.799987792969,730.799987792969,730.799987792969,730.799987792969,730.799987792969,806.940002441406,806.940002441406,806.940002441406,806.940002441406,806.940002441406,812.240051269531,812.240051269531,812.240051269531,812.240051269531,812.240051269531
"LOTHAR_2983",NA,NA,655.38330078125,655.38330078125,655.38330078125,655.38330078125,655.38330078125,655.38330078125,711.700073242188,711.700073242188,711.700073242188,711.700073242188,786.799987792969,NA,NA,NA,NA,NA,NA,NA,NA,NA,NA,NA,NA,NA,NA,NA,NA,NA,NA,NA
"LOTHAR_2984",NA,NA,655.38330078125,655.38330078125,655.38330078125,655.38330078125,655.38330078125,655.38330078125,711.700073242188,711.700073242188,711.700073242188,711.700073242188,746.339965820312,746.339965820312,746.339965820312,746.339965820312,746.339965820312,730.799987792969,730.799987792969,730.799987792969,730.799987792969,730.799987792969,806.940002441406,806.940002441406,806.940002441406,806.940002441406,806.940002441406,812.240051269531,812.240051269531,812.240051269531,812.240051269531,812.240051269531
"LOTHAR_2991",NA,NA,655.38330078125,655.38330078125,655.38330078125,655.38330078125,655.38330078125,655.38330078125,711.700073242188,711.700073242188,711.700073242188,711.700073242188,746.339965820312,746.339965820312,746.339965820312,746.339965820312,746.339965820312,730.799987792969,730.799987792969,730.799987792969,730.799987792969,730.799987792969,806.940002441406,806.940002441406,806.940002441406,806.940002441406,806.940002441406,812.240051269531,812.240051269531,812.240051269531,812.240051269531,812.240051269531
"LOTHAR_2996",NA,NA,655.38330078125,655.38330078125,655.38330078125,655.38330078125,655.38330078125,655.38330078125,711.700073242188,711.700073242188,711.700073242188,711.700073242188,746.339965820312,746.339965820312,746.339965820312,746.339965820312,746.339965820312,730.799987792969,730.799987792969,730.799987792969,730.799987792969,730.799987792969,806.940002441406,806.940002441406,806.940002441406,806.940002441406,806.940002441406,812.240051269531,812.240051269531,812.240051269531,812.240051269531,812.240051269531
"LOTHAR_2997",NA,NA,655.38330078125,655.38330078125,655.38330078125,655.38330078125,655.38330078125,655.38330078125,711.700073242188,711.700073242188,711.700073242188,711.700073242188,746.339965820312,746.339965820312,746.339965820312,746.339965820312,746.339965820312,730.799987792969,730.799987792969,730.799987792969,730.799987792969,730.799987792969,806.940002441406,806.940002441406,806.940002441406,806.940002441406,806.940002441406,812.240051269531,812.240051269531,812.240051269531,812.240051269531,812.240051269531
"LOTHAR_2998",NA,NA,655.38330078125,655.38330078125,655.38330078125,655.38330078125,655.38330078125,655.38330078125,711.700073242188,711.700073242188,711.700073242188,711.700073242188,746.339965820312,746.339965820312,746.339965820312,746.339965820312,746.339965820312,730.799987792969,730.799987792969,730.799987792969,730.799987792969,730.799987792969,806.940002441406,806.940002441406,806.940002441406,806.940002441406,806.940002441406,812.240051269531,812.240051269531,812.240051269531,812.240051269531,812.240051269531
"LOTHAR_2999",NA,NA,655.38330078125,655.38330078125,655.38330078125,655.38330078125,655.38330078125,655.38330078125,711.700073242188,711.700073242188,711.700073242188,711.700073242188,746.339965820312,746.339965820312,746.339965820312,746.339965820312,746.339965820312,730.799987792969,730.799987792969,730.799987792969,730.799987792969,730.799987792969,806.940002441406,806.940002441406,806.940002441406,806.940002441406,806.940002441406,812.240051269531,812.240051269531,812.240051269531,812.240051269531,812.240051269531
"LOTHAR_3000",NA,NA,655.38330078125,655.38330078125,655.38330078125,655.38330078125,655.38330078125,655.38330078125,711.700073242188,711.700073242188,711.700073242188,711.700073242188,746.339965820312,746.339965820312,746.339965820312,746.339965820312,746.339965820312,730.799987792969,730.799987792969,730.799987792969,730.799987792969,730.799987792969,806.940002441406,806.940002441406,806.940002441406,806.940002441406,806.940002441406,812.240051269531,812.240051269531,812.240051269531,812.240051269531,812.240051269531
"LOTHAR_3623",NA,NA,NA,NA,NA,NA,NA,NA,NA,NA,NA,NA,NA,NA,NA,NA,NA,NA,NA,NA,NA,NA,NA,NA,NA,NA,826.399963378906,826.399963378906,826.399963378906,826.399963378906,826.399963378906,826.399963378906
"LOTHAR_3624",NA,NA,NA,NA,NA,NA,NA,NA,NA,NA,NA,NA,NA,NA,NA,NA,NA,NA,NA,NA,NA,NA,NA,NA,NA,NA,826.399963378906,826.399963378906,826.399963378906,826.399963378906,826.399963378906,826.399963378906
"LOTHAR_3626",NA,NA,NA,NA,NA,NA,NA,NA,NA,NA,NA,NA,NA,NA,NA,NA,NA,NA,NA,NA,NA,NA,NA,NA,NA,NA,826.399963378906,826.399963378906,826.399963378906,826.399963378906,826.399963378906,826.399963378906
"LOTHAR_5001",NA,NA,655.38330078125,655.38330078125,655.38330078125,655.38330078125,655.38330078125,655.38330078125,711.700073242188,711.700073242188,711.700073242188,711.700073242188,746.339965820312,746.339965820312,746.339965820312,746.339965820312,746.339965820312,730.799987792969,730.799987792969,730.799987792969,730.799987792969,730.799987792969,806.940002441406,806.940002441406,806.940002441406,806.940002441406,806.940002441406,812.240051269531,812.240051269531,812.240051269531,812.240051269531,812.240051269531
"LOTHAR_5005",NA,NA,655.38330078125,655.38330078125,655.38330078125,655.38330078125,655.38330078125,655.38330078125,711.700073242188,711.700073242188,711.700073242188,711.700073242188,746.339965820312,746.339965820312,746.339965820312,746.339965820312,746.339965820312,730.799987792969,730.799987792969,730.799987792969,730.799987792969,730.799987792969,784.375,784.375,784.375,784.375,NA,NA,NA,NA,NA,NA
"LOTHAR_5007",NA,NA,655.38330078125,655.38330078125,655.38330078125,655.38330078125,655.38330078125,655.38330078125,711.700073242188,711.700073242188,711.700073242188,711.700073242188,746.339965820312,746.339965820312,746.339965820312,746.339965820312,746.339965820312,730.799987792969,730.799987792969,730.799987792969,730.799987792969,730.799987792969,806.940002441406,806.940002441406,806.940002441406,806.940002441406,806.940002441406,812.240051269531,812.240051269531,812.240051269531,812.240051269531,812.240051269531
"LOTHAR_5009",NA,NA,655.38330078125,655.38330078125,655.38330078125,655.38330078125,655.38330078125,655.38330078125,711.700073242188,711.700073242188,711.700073242188,711.700073242188,746.339965820312,746.339965820312,746.339965820312,746.339965820312,746.339965820312,730.799987792969,730.799987792969,730.799987792969,730.799987792969,730.799987792969,806.940002441406,806.940002441406,806.940002441406,806.940002441406,806.940002441406,812.240051269531,812.240051269531,812.240051269531,812.240051269531,812.240051269531
"LOTHAR_5013",NA,NA,655.38330078125,655.38330078125,655.38330078125,655.38330078125,655.38330078125,655.38330078125,711.700073242188,711.700073242188,711.700073242188,711.700073242188,746.339965820312,746.339965820312,746.339965820312,746.339965820312,746.339965820312,730.799987792969,730.799987792969,730.799987792969,730.799987792969,730.799987792969,806.940002441406,806.940002441406,806.940002441406,806.940002441406,806.940002441406,812.240051269531,812.240051269531,812.240051269531,812.240051269531,812.240051269531
"LOTHAR_5015",NA,NA,655.38330078125,655.38330078125,655.38330078125,655.38330078125,655.38330078125,655.38330078125,711.700073242188,711.700073242188,711.700073242188,711.700073242188,746.339965820312,746.339965820312,746.339965820312,746.339965820312,746.339965820312,730.799987792969,730.799987792969,730.799987792969,730.799987792969,730.799987792969,806.940002441406,806.940002441406,806.940002441406,806.940002441406,806.940002441406,812.240051269531,812.240051269531,812.240051269531,812.240051269531,812.240051269531
"LOTHAR_5016",NA,NA,655.38330078125,655.38330078125,655.38330078125,655.38330078125,655.38330078125,655.38330078125,711.700073242188,711.700073242188,711.700073242188,711.700073242188,746.339965820312,746.339965820312,746.339965820312,746.339965820312,746.339965820312,730.799987792969,730.799987792969,730.799987792969,730.799987792969,730.799987792969,806.940002441406,806.940002441406,806.940002441406,806.940002441406,806.940002441406,812.240051269531,812.240051269531,812.240051269531,812.240051269531,812.240051269531
"LOTHAR_5018",NA,NA,655.38330078125,655.38330078125,655.38330078125,655.38330078125,655.38330078125,655.38330078125,711.700073242188,711.700073242188,711.700073242188,711.700073242188,673.399963378906,673.399963378906,673.399963378906,NA,NA,NA,NA,NA,NA,NA,NA,NA,NA,NA,NA,NA,NA,NA,NA,NA
"LOTHAR_5020",NA,NA,655.38330078125,655.38330078125,655.38330078125,655.38330078125,655.38330078125,655.38330078125,711.700073242188,711.700073242188,711.700073242188,711.700073242188,746.339965820312,746.339965820312,746.339965820312,746.339965820312,746.339965820312,730.799987792969,730.799987792969,730.799987792969,730.799987792969,730.799987792969,806.940002441406,806.940002441406,806.940002441406,806.940002441406,806.940002441406,812.240051269531,812.240051269531,812.240051269531,812.240051269531,812.240051269531
"LOTHAR_5027",NA,NA,655.38330078125,655.38330078125,655.38330078125,655.38330078125,655.38330078125,655.38330078125,711.700073242188,711.700073242188,711.700073242188,711.700073242188,746.339965820312,746.339965820312,746.339965820312,746.339965820312,746.339965820312,730.799987792969,730.799987792969,730.799987792969,730.799987792969,730.799987792969,806.940002441406,806.940002441406,806.940002441406,806.940002441406,806.940002441406,812.240051269531,812.240051269531,812.240051269531,812.240051269531,812.240051269531
"LOTHAR_5029",NA,NA,655.38330078125,655.38330078125,655.38330078125,655.38330078125,655.38330078125,655.38330078125,711.700073242188,711.700073242188,711.700073242188,711.700073242188,746.339965820312,746.339965820312,746.339965820312,746.339965820312,746.339965820312,730.799987792969,730.799987792969,730.799987792969,730.799987792969,730.799987792969,806.940002441406,806.940002441406,806.940002441406,806.940002441406,806.940002441406,812.240051269531,812.240051269531,812.240051269531,812.240051269531,812.240051269531
"LOTHAR_5030",NA,NA,655.38330078125,655.38330078125,655.38330078125,655.38330078125,655.38330078125,655.38330078125,711.700073242188,711.700073242188,711.700073242188,711.700073242188,746.339965820312,746.339965820312,746.339965820312,746.339965820312,746.339965820312,730.799987792969,730.799987792969,730.799987792969,730.799987792969,730.799987792969,806.940002441406,806.940002441406,806.940002441406,806.940002441406,806.940002441406,812.240051269531,812.240051269531,812.240051269531,812.240051269531,812.240051269531
"LOTHAR_5031",NA,NA,655.38330078125,655.38330078125,655.38330078125,655.38330078125,655.38330078125,655.38330078125,711.700073242188,711.700073242188,711.700073242188,711.700073242188,746.339965820312,746.339965820312,746.339965820312,746.339965820312,746.339965820312,730.799987792969,730.799987792969,730.799987792969,730.799987792969,730.799987792969,806.940002441406,806.940002441406,806.940002441406,806.940002441406,806.940002441406,812.240051269531,812.240051269531,812.240051269531,812.240051269531,812.240051269531
"LOTHAR_5032",NA,NA,655.38330078125,655.38330078125,655.38330078125,655.38330078125,655.38330078125,655.38330078125,711.700073242188,711.700073242188,711.700073242188,711.700073242188,746.339965820312,746.339965820312,746.339965820312,746.339965820312,746.339965820312,730.799987792969,730.799987792969,730.799987792969,730.799987792969,730.799987792969,806.940002441406,806.940002441406,806.940002441406,806.940002441406,806.940002441406,812.240051269531,812.240051269531,812.240051269531,812.240051269531,812.240051269531
"LOTHAR_5033",NA,NA,655.38330078125,655.38330078125,655.38330078125,655.38330078125,655.38330078125,655.38330078125,711.700073242188,711.700073242188,711.700073242188,711.700073242188,734.375,734.375,734.375,734.375,NA,NA,NA,NA,NA,NA,NA,NA,NA,NA,NA,NA,NA,NA,NA,NA
"LOTHAR_5035",NA,NA,655.38330078125,655.38330078125,655.38330078125,655.38330078125,655.38330078125,655.38330078125,711.700073242188,711.700073242188,711.700073242188,711.700073242188,746.339965820312,746.339965820312,746.339965820312,746.339965820312,746.339965820312,730.799987792969,730.799987792969,730.799987792969,730.799987792969,730.799987792969,806.940002441406,806.940002441406,806.940002441406,806.940002441406,806.940002441406,812.240051269531,812.240051269531,812.240051269531,812.240051269531,812.240051269531
"LOTHAR_5036",NA,NA,655.38330078125,655.38330078125,655.38330078125,655.38330078125,655.38330078125,655.38330078125,711.700073242188,711.700073242188,711.700073242188,711.700073242188,746.339965820312,746.339965820312,746.339965820312,746.339965820312,746.339965820312,730.799987792969,730.799987792969,730.799987792969,730.799987792969,730.799987792969,806.940002441406,806.940002441406,806.940002441406,806.940002441406,806.940002441406,812.240051269531,812.240051269531,812.240051269531,812.240051269531,812.240051269531
"LOTHAR_5049",NA,NA,655.38330078125,655.38330078125,655.38330078125,655.38330078125,655.38330078125,655.38330078125,739.299987792969,NA,NA,NA,NA,NA,NA,NA,NA,NA,NA,NA,NA,NA,NA,NA,NA,NA,NA,NA,NA,NA,NA,NA
"LOTHAR_5083",NA,NA,702.974975585938,702.974975585938,702.974975585938,702.974975585938,NA,NA,NA,NA,NA,NA,NA,NA,NA,NA,NA,NA,NA,NA,NA,NA,NA,NA,NA,NA,NA,NA,NA,NA,NA,NA
"LOTHAR_5085",NA,NA,655.38330078125,655.38330078125,655.38330078125,655.38330078125,655.38330078125,655.38330078125,711.700073242188,711.700073242188,711.700073242188,711.700073242188,NA,NA,NA,NA,NA,NA,NA,NA,NA,NA,NA,NA,NA,NA,NA,NA,NA,NA,NA,NA
"LOTHAR_5087",NA,NA,655.38330078125,655.38330078125,655.38330078125,655.38330078125,655.38330078125,655.38330078125,711.700073242188,711.700073242188,711.700073242188,711.700073242188,734.375,734.375,734.375,734.375,NA,NA,NA,NA,NA,NA,NA,NA,NA,NA,NA,NA,NA,NA,NA,NA
"LOTHAR_5088",NA,NA,655.38330078125,655.38330078125,655.38330078125,655.38330078125,655.38330078125,655.38330078125,738.900085449219,738.900085449219,738.900085449219,NA,NA,NA,NA,NA,NA,NA,NA,NA,NA,NA,NA,NA,NA,NA,NA,NA,NA,NA,NA,NA
"LOTHAR_5089",NA,NA,655.38330078125,655.38330078125,655.38330078125,655.38330078125,655.38330078125,655.38330078125,711.700073242188,711.700073242188,711.700073242188,711.700073242188,786.799987792969,NA,NA,NA,NA,NA,NA,NA,NA,NA,NA,NA,NA,NA,NA,NA,NA,NA,NA,NA
"LOTHAR_5090",NA,NA,655.38330078125,655.38330078125,655.38330078125,655.38330078125,655.38330078125,655.38330078125,711.700073242188,711.700073242188,711.700073242188,711.700073242188,786.799987792969,NA,NA,NA,NA,NA,NA,NA,NA,NA,NA,NA,NA,NA,NA,NA,NA,NA,NA,NA
"LOTHAR_5091",NA,NA,655.38330078125,655.38330078125,655.38330078125,655.38330078125,655.38330078125,655.38330078125,711.700073242188,711.700073242188,711.700073242188,711.700073242188,746.339965820312,746.339965820312,746.339965820312,746.339965820312,746.339965820312,730.799987792969,730.799987792969,730.799987792969,730.799987792969,730.799987792969,806.940002441406,806.940002441406,806.940002441406,806.940002441406,806.940002441406,812.240051269531,812.240051269531,812.240051269531,812.240051269531,812.240051269531
"LOTHAR_5092",NA,NA,655.38330078125,655.38330078125,655.38330078125,655.38330078125,655.38330078125,655.38330078125,711.700073242188,711.700073242188,711.700073242188,711.700073242188,734.375,734.375,734.375,734.375,NA,NA,NA,NA,NA,NA,NA,NA,NA,NA,NA,NA,NA,NA,NA,NA
"LOTHAR_5093",NA,NA,655.38330078125,655.38330078125,655.38330078125,655.38330078125,655.38330078125,655.38330078125,711.700073242188,711.700073242188,711.700073242188,711.700073242188,673.399963378906,673.399963378906,673.399963378906,NA,NA,NA,NA,NA,NA,NA,NA,NA,NA,NA,NA,NA,NA,NA,NA,NA
"LOTHAR_5095",NA,NA,655.38330078125,655.38330078125,655.38330078125,655.38330078125,655.38330078125,655.38330078125,711.700073242188,711.700073242188,711.700073242188,711.700073242188,746.339965820312,746.339965820312,746.339965820312,746.339965820312,746.339965820312,730.799987792969,730.799987792969,730.799987792969,730.799987792969,730.799987792969,806.940002441406,806.940002441406,806.940002441406,806.940002441406,806.940002441406,812.240051269531,812.240051269531,812.240051269531,812.240051269531,812.240051269531
"LOTHAR_5096",NA,NA,655.38330078125,655.38330078125,655.38330078125,655.38330078125,655.38330078125,655.38330078125,711.700073242188,711.700073242188,711.700073242188,711.700073242188,786.799987792969,NA,NA,NA,NA,NA,NA,NA,NA,NA,NA,NA,NA,NA,NA,NA,NA,NA,NA,NA
"LOTHAR_5097",NA,NA,655.38330078125,655.38330078125,655.38330078125,655.38330078125,655.38330078125,655.38330078125,711.700073242188,711.700073242188,711.700073242188,711.700073242188,786.799987792969,NA,NA,NA,NA,NA,NA,NA,NA,NA,NA,NA,NA,NA,NA,NA,NA,NA,NA,NA
"LOTHAR_5100",NA,NA,655.38330078125,655.38330078125,655.38330078125,655.38330078125,655.38330078125,655.38330078125,711.700073242188,711.700073242188,711.700073242188,711.700073242188,661.049987792969,661.049987792969,NA,NA,NA,NA,NA,NA,NA,NA,NA,NA,NA,NA,NA,NA,NA,NA,NA,NA
"LOTHAR_5101",NA,NA,655.38330078125,655.38330078125,655.38330078125,655.38330078125,655.38330078125,655.38330078125,711.700073242188,711.700073242188,711.700073242188,711.700073242188,746.339965820312,746.339965820312,746.339965820312,746.339965820312,746.339965820312,NA,NA,NA,NA,NA,NA,NA,NA,NA,NA,NA,NA,NA,NA,NA
"LOTHAR_5102",NA,NA,655.38330078125,655.38330078125,655.38330078125,655.38330078125,655.38330078125,655.38330078125,711.700073242188,711.700073242188,711.700073242188,711.700073242188,786.799987792969,NA,NA,NA,NA,NA,NA,NA,NA,NA,NA,NA,NA,NA,NA,NA,NA,NA,NA,NA
"LOTHAR_5103",NA,NA,655.38330078125,655.38330078125,655.38330078125,655.38330078125,655.38330078125,655.38330078125,711.700073242188,711.700073242188,711.700073242188,711.700073242188,734.375,734.375,734.375,734.375,NA,NA,NA,NA,NA,NA,NA,NA,NA,NA,NA,NA,NA,NA,NA,NA
"LOTHAR_5104",NA,NA,655.38330078125,655.38330078125,655.38330078125,655.38330078125,655.38330078125,655.38330078125,711.700073242188,711.700073242188,711.700073242188,711.700073242188,786.799987792969,NA,NA,NA,NA,NA,NA,NA,NA,NA,NA,NA,NA,NA,NA,NA,NA,NA,NA,NA
"LOTHAR_5105",NA,NA,655.38330078125,655.38330078125,655.38330078125,655.38330078125,655.38330078125,655.38330078125,711.700073242188,711.700073242188,711.700073242188,711.700073242188,661.049987792969,661.049987792969,NA,NA,NA,NA,NA,NA,NA,NA,NA,NA,NA,NA,NA,NA,NA,NA,NA,NA
"LOTHAR_5110",NA,NA,655.38330078125,655.38330078125,655.38330078125,655.38330078125,655.38330078125,655.38330078125,711.700073242188,711.700073242188,711.700073242188,711.700073242188,746.339965820312,746.339965820312,746.339965820312,746.339965820312,746.339965820312,730.799987792969,730.799987792969,730.799987792969,730.799987792969,730.799987792969,806.940002441406,806.940002441406,806.940002441406,806.940002441406,806.940002441406,812.240051269531,812.240051269531,812.240051269531,812.240051269531,812.240051269531
"LOTHAR_5111",NA,NA,655.38330078125,655.38330078125,655.38330078125,655.38330078125,655.38330078125,655.38330078125,711.700073242188,711.700073242188,711.700073242188,711.700073242188,746.339965820312,746.339965820312,746.339965820312,746.339965820312,746.339965820312,730.799987792969,730.799987792969,730.799987792969,730.799987792969,730.799987792969,806.940002441406,806.940002441406,806.940002441406,806.940002441406,806.940002441406,812.240051269531,812.240051269531,812.240051269531,812.240051269531,812.240051269531
"LOTHAR_5112",NA,NA,655.38330078125,655.38330078125,655.38330078125,655.38330078125,655.38330078125,655.38330078125,711.700073242188,711.700073242188,711.700073242188,711.700073242188,673.399963378906,673.399963378906,673.399963378906,NA,NA,NA,NA,NA,NA,NA,NA,NA,NA,NA,NA,NA,NA,NA,NA,NA
"LOTHAR_5115",NA,NA,673.5,673.5,NA,NA,NA,NA,NA,NA,NA,NA,NA,NA,NA,NA,NA,NA,NA,NA,NA,NA,NA,NA,NA,NA,NA,NA,NA,NA,NA,NA
"LOTHAR_5116",NA,NA,655.38330078125,655.38330078125,655.38330078125,655.38330078125,655.38330078125,655.38330078125,711.700073242188,711.700073242188,711.700073242188,711.700073242188,746.339965820312,746.339965820312,746.339965820312,746.339965820312,746.339965820312,730.799987792969,730.799987792969,730.799987792969,730.799987792969,730.799987792969,806.940002441406,806.940002441406,806.940002441406,806.940002441406,806.940002441406,812.240051269531,812.240051269531,812.240051269531,812.240051269531,812.240051269531
"LOTHAR_5117",NA,NA,655.38330078125,655.38330078125,655.38330078125,655.38330078125,655.38330078125,655.38330078125,711.700073242188,711.700073242188,711.700073242188,711.700073242188,746.339965820312,746.339965820312,746.339965820312,746.339965820312,746.339965820312,730.799987792969,730.799987792969,730.799987792969,730.799987792969,730.799987792969,806.940002441406,806.940002441406,806.940002441406,806.940002441406,806.940002441406,812.240051269531,812.240051269531,812.240051269531,812.240051269531,812.240051269531
"LOTHAR_5118",NA,NA,NA,NA,NA,NA,NA,NA,NA,NA,NA,NA,NA,NA,NA,NA,NA,NA,NA,NA,NA,NA,NA,NA,NA,NA,826.399963378906,826.399963378906,826.399963378906,826.399963378906,826.399963378906,826.399963378906
"LOTHAR_5119",NA,NA,655.38330078125,655.38330078125,655.38330078125,655.38330078125,655.38330078125,655.38330078125,711.700073242188,711.700073242188,711.700073242188,711.700073242188,NA,NA,NA,NA,NA,NA,NA,NA,NA,NA,NA,NA,NA,NA,NA,NA,NA,NA,NA,NA
"LOTHAR_5120",NA,NA,655.38330078125,655.38330078125,655.38330078125,655.38330078125,655.38330078125,655.38330078125,711.700073242188,711.700073242188,711.700073242188,711.700073242188,746.339965820312,746.339965820312,746.339965820312,746.339965820312,746.339965820312,730.799987792969,730.799987792969,730.799987792969,730.799987792969,730.799987792969,806.940002441406,806.940002441406,806.940002441406,806.940002441406,806.940002441406,812.240051269531,812.240051269531,812.240051269531,812.240051269531,812.240051269531
"LOTHAR_5121",NA,NA,655.38330078125,655.38330078125,655.38330078125,655.38330078125,655.38330078125,655.38330078125,711.700073242188,711.700073242188,711.700073242188,711.700073242188,746.339965820312,746.339965820312,746.339965820312,746.339965820312,746.339965820312,730.799987792969,730.799987792969,730.799987792969,730.799987792969,730.799987792969,806.940002441406,806.940002441406,806.940002441406,806.940002441406,806.940002441406,812.240051269531,812.240051269531,812.240051269531,812.240051269531,812.240051269531
"LOTHAR_5122",NA,NA,655.38330078125,655.38330078125,655.38330078125,655.38330078125,655.38330078125,655.38330078125,711.700073242188,711.700073242188,711.700073242188,711.700073242188,746.339965820312,746.339965820312,746.339965820312,746.339965820312,746.339965820312,730.799987792969,730.799987792969,730.799987792969,730.799987792969,730.799987792969,806.940002441406,806.940002441406,806.940002441406,806.940002441406,806.940002441406,812.240051269531,812.240051269531,812.240051269531,812.240051269531,812.240051269531
"LOTHAR_5123",NA,NA,655.38330078125,655.38330078125,655.38330078125,655.38330078125,655.38330078125,655.38330078125,711.700073242188,711.700073242188,711.700073242188,711.700073242188,746.339965820312,746.339965820312,746.339965820312,746.339965820312,746.339965820312,730.799987792969,730.799987792969,730.799987792969,730.799987792969,730.799987792969,806.940002441406,806.940002441406,806.940002441406,806.940002441406,806.940002441406,812.240051269531,812.240051269531,812.240051269531,812.240051269531,812.240051269531
"LOTHAR_5124",NA,NA,655.38330078125,655.38330078125,655.38330078125,655.38330078125,655.38330078125,655.38330078125,711.700073242188,711.700073242188,711.700073242188,711.700073242188,746.339965820312,746.339965820312,746.339965820312,746.339965820312,746.339965820312,730.799987792969,730.799987792969,730.799987792969,730.799987792969,730.799987792969,806.940002441406,806.940002441406,806.940002441406,806.940002441406,806.940002441406,862.025024414062,862.025024414062,862.025024414062,862.025024414062,NA
"LOTHAR_5125",NA,NA,655.38330078125,655.38330078125,655.38330078125,655.38330078125,655.38330078125,655.38330078125,739.299987792969,NA,NA,NA,NA,NA,NA,NA,NA,NA,NA,NA,NA,NA,NA,NA,NA,NA,NA,NA,NA,NA,NA,NA
"LOTHAR_5126",NA,NA,655.38330078125,655.38330078125,655.38330078125,655.38330078125,655.38330078125,655.38330078125,711.700073242188,711.700073242188,711.700073242188,711.700073242188,746.339965820312,746.339965820312,746.339965820312,746.339965820312,746.339965820312,730.799987792969,730.799987792969,730.799987792969,730.799987792969,730.799987792969,806.940002441406,806.940002441406,806.940002441406,806.940002441406,806.940002441406,812.240051269531,812.240051269531,812.240051269531,812.240051269531,812.240051269531
"LOTHAR_5127",NA,NA,655.38330078125,655.38330078125,655.38330078125,655.38330078125,655.38330078125,655.38330078125,711.700073242188,711.700073242188,711.700073242188,711.700073242188,746.339965820312,746.339965820312,746.339965820312,746.339965820312,746.339965820312,730.799987792969,730.799987792969,730.799987792969,730.799987792969,730.799987792969,836.233337402344,836.233337402344,836.233337402344,NA,NA,NA,NA,NA,NA,NA
"LOTHAR_5129",NA,NA,655.38330078125,655.38330078125,655.38330078125,655.38330078125,655.38330078125,655.38330078125,711.700073242188,711.700073242188,711.700073242188,711.700073242188,673.399963378906,673.399963378906,673.399963378906,NA,NA,NA,NA,NA,NA,NA,NA,NA,NA,NA,NA,NA,NA,NA,NA,NA
"LOTHAR_6200",NA,NA,NA,NA,NA,NA,NA,NA,NA,NA,NA,NA,NA,NA,NA,NA,NA,NA,NA,NA,NA,811.733337402344,811.733337402344,811.733337402344,811.733337402344,811.733337402344,811.733337402344,812.240051269531,812.240051269531,812.240051269531,812.240051269531,812.240051269531
"LOTHAR_6534",NA,NA,655.38330078125,655.38330078125,655.38330078125,655.38330078125,655.38330078125,655.38330078125,711.700073242188,711.700073242188,711.700073242188,711.700073242188,746.339965820312,746.339965820312,746.339965820312,746.339965820312,746.339965820312,730.799987792969,730.799987792969,730.799987792969,730.799987792969,730.799987792969,806.940002441406,806.940002441406,806.940002441406,806.940002441406,806.940002441406,812.240051269531,812.240051269531,812.240051269531,812.240051269531,812.240051269531
"LOTHAR_6674",NA,NA,NA,NA,NA,NA,NA,NA,NA,NA,NA,NA,NA,NA,NA,NA,NA,NA,NA,NA,NA,811.733337402344,811.733337402344,811.733337402344,811.733337402344,811.733337402344,811.733337402344,862.025024414062,862.025024414062,862.025024414062,862.025024414062,NA
"UPLOG_2284",NA,NA,NA,NA,NA,666.950012207031,666.950012207031,666.950012207031,666.950012207031,666.950012207031,666.950012207031,713.519958496094,713.519958496094,713.519958496094,713.519958496094,713.519958496094,722.499938964844,722.499938964844,722.499938964844,722.499938964844,722.499938964844,794.640014648438,794.640014648438,794.640014648438,794.640014648438,794.640014648438,869.059936523438,869.059936523438,869.059936523438,869.059936523438,869.059936523438,NA
"UPLOG_5901",732.36669921875,732.36669921875,732.36669921875,732.36669921875,732.36669921875,732.36669921875,667.420043945312,667.420043945312,667.420043945312,667.420043945312,667.420043945312,713.519958496094,713.519958496094,713.519958496094,713.519958496094,713.519958496094,722.499938964844,722.499938964844,722.499938964844,722.499938964844,722.499938964844,794.640014648438,794.640014648438,794.640014648438,794.640014648438,794.640014648438,869.059936523438,869.059936523438,869.059936523438,869.059936523438,869.059936523438,NA
"UPLOG_5905",732.36669921875,732.36669921875,732.36669921875,732.36669921875,732.36669921875,732.36669921875,667.420043945312,667.420043945312,667.420043945312,667.420043945312,667.420043945312,713.519958496094,713.519958496094,713.519958496094,713.519958496094,713.519958496094,722.499938964844,722.499938964844,722.499938964844,722.499938964844,722.499938964844,794.640014648438,794.640014648438,794.640014648438,794.640014648438,794.640014648438,NA,NA,NA,NA,NA,NA
"UPLOG_5907",732.36669921875,732.36669921875,732.36669921875,732.36669921875,732.36669921875,732.36669921875,667.420043945312,667.420043945312,667.420043945312,667.420043945312,667.420043945312,713.519958496094,713.519958496094,713.519958496094,713.519958496094,713.519958496094,722.499938964844,722.499938964844,722.499938964844,722.499938964844,722.499938964844,794.640014648438,794.640014648438,794.640014648438,794.640014648438,794.640014648438,869.059936523438,869.059936523438,869.059936523438,869.059936523438,869.059936523438,NA
"UPLOG_5908",732.36669921875,732.36669921875,732.36669921875,732.36669921875,732.36669921875,732.36669921875,667.420043945312,667.420043945312,667.420043945312,667.420043945312,667.420043945312,713.519958496094,713.519958496094,713.519958496094,713.519958496094,713.519958496094,722.499938964844,722.499938964844,722.499938964844,722.499938964844,722.499938964844,794.640014648438,794.640014648438,794.640014648438,794.640014648438,794.640014648438,869.059936523438,869.059936523438,869.059936523438,869.059936523438,869.059936523438,NA
"UPLOG_5909",732.36669921875,732.36669921875,732.36669921875,732.36669921875,732.36669921875,732.36669921875,667.420043945312,667.420043945312,667.420043945312,667.420043945312,667.420043945312,713.519958496094,713.519958496094,713.519958496094,713.519958496094,713.519958496094,722.499938964844,722.499938964844,722.499938964844,722.499938964844,722.499938964844,794.640014648438,794.640014648438,794.640014648438,794.640014648438,794.640014648438,869.059936523438,869.059936523438,869.059936523438,869.059936523438,869.059936523438,NA
"UPLOG_5912",732.36669921875,732.36669921875,732.36669921875,732.36669921875,732.36669921875,732.36669921875,667.420043945312,667.420043945312,667.420043945312,667.420043945312,667.420043945312,713.519958496094,713.519958496094,713.519958496094,713.519958496094,713.519958496094,722.499938964844,722.499938964844,722.499938964844,722.499938964844,722.499938964844,794.640014648438,794.640014648438,794.640014648438,794.640014648438,794.640014648438,869.059936523438,869.059936523438,869.059936523438,869.059936523438,869.059936523438,NA
"UPLOG_5914",732.36669921875,732.36669921875,732.36669921875,732.36669921875,732.36669921875,732.36669921875,667.420043945312,667.420043945312,667.420043945312,667.420043945312,667.420043945312,713.519958496094,713.519958496094,713.519958496094,713.519958496094,713.519958496094,722.499938964844,722.499938964844,722.499938964844,722.499938964844,722.499938964844,794.640014648438,794.640014648438,794.640014648438,794.640014648438,794.640014648438,869.059936523438,869.059936523438,869.059936523438,869.059936523438,869.059936523438,NA
"UPLOG_5917",NA,NA,NA,NA,NA,666.950012207031,666.950012207031,666.950012207031,666.950012207031,666.950012207031,666.950012207031,713.519958496094,713.519958496094,713.519958496094,713.519958496094,713.519958496094,722.499938964844,722.499938964844,722.499938964844,722.499938964844,722.499938964844,794.640014648438,794.640014648438,794.640014648438,794.640014648438,794.640014648438,869.059936523438,869.059936523438,869.059936523438,869.059936523438,869.059936523438,NA
"UPLOG_5919",NA,NA,NA,NA,NA,NA,NA,NA,NA,NA,NA,NA,NA,NA,NA,NA,NA,NA,NA,NA,NA,NA,NA,NA,NA,829.016662597656,829.016662597656,829.016662597656,829.016662597656,829.016662597656,829.016662597656,NA
"UPLOG_5923",732.36669921875,732.36669921875,732.36669921875,732.36669921875,732.36669921875,732.36669921875,667.420043945312,667.420043945312,667.420043945312,667.420043945312,667.420043945312,713.519958496094,713.519958496094,713.519958496094,713.519958496094,713.519958496094,722.499938964844,722.499938964844,722.499938964844,722.499938964844,722.499938964844,794.640014648438,794.640014648438,794.640014648438,794.640014648438,794.640014648438,869.059936523438,869.059936523438,869.059936523438,869.059936523438,869.059936523438,NA
"UPLOG_5924",732.36669921875,732.36669921875,732.36669921875,732.36669921875,732.36669921875,732.36669921875,667.420043945312,667.420043945312,667.420043945312,667.420043945312,667.420043945312,713.519958496094,713.519958496094,713.519958496094,713.519958496094,713.519958496094,722.499938964844,722.499938964844,722.499938964844,722.499938964844,722.499938964844,794.640014648438,794.640014648438,794.640014648438,794.640014648438,794.640014648438,869.059936523438,869.059936523438,869.059936523438,869.059936523438,869.059936523438,NA
"UPLOG_5925",732.36669921875,732.36669921875,732.36669921875,732.36669921875,732.36669921875,732.36669921875,667.420043945312,667.420043945312,667.420043945312,667.420043945312,667.420043945312,713.519958496094,713.519958496094,713.519958496094,713.519958496094,713.519958496094,722.499938964844,722.499938964844,722.499938964844,722.499938964844,722.499938964844,794.640014648438,794.640014648438,794.640014648438,794.640014648438,794.640014648438,869.059936523438,869.059936523438,869.059936523438,869.059936523438,869.059936523438,NA
"UPLOG_5926",732.36669921875,732.36669921875,732.36669921875,732.36669921875,732.36669921875,732.36669921875,667.420043945312,667.420043945312,667.420043945312,667.420043945312,667.420043945312,713.519958496094,713.519958496094,713.519958496094,713.519958496094,713.519958496094,722.499938964844,722.499938964844,722.499938964844,722.499938964844,722.499938964844,794.640014648438,794.640014648438,794.640014648438,794.640014648438,794.640014648438,869.059936523438,869.059936523438,869.059936523438,869.059936523438,869.059936523438,NA
"UPLOG_5927",732.36669921875,732.36669921875,732.36669921875,732.36669921875,732.36669921875,732.36669921875,667.420043945312,667.420043945312,667.420043945312,667.420043945312,667.420043945312,713.519958496094,713.519958496094,713.519958496094,713.519958496094,713.519958496094,722.499938964844,722.499938964844,722.499938964844,722.499938964844,722.499938964844,794.640014648438,794.640014648438,794.640014648438,794.640014648438,794.640014648438,869.059936523438,869.059936523438,869.059936523438,869.059936523438,869.059936523438,NA
"UPLOG_5928",732.36669921875,732.36669921875,732.36669921875,732.36669921875,732.36669921875,732.36669921875,667.420043945312,667.420043945312,667.420043945312,667.420043945312,667.420043945312,713.519958496094,713.519958496094,713.519958496094,713.519958496094,713.519958496094,753.433288574219,753.433288574219,753.433288574219,NA,NA,NA,NA,NA,NA,NA,NA,NA,NA,NA,NA,NA
"UPLOG_5931",732.36669921875,732.36669921875,732.36669921875,732.36669921875,732.36669921875,732.36669921875,667.420043945312,667.420043945312,667.420043945312,667.420043945312,667.420043945312,713.519958496094,713.519958496094,713.519958496094,713.519958496094,713.519958496094,722.499938964844,722.499938964844,722.499938964844,722.499938964844,722.499938964844,794.640014648438,794.640014648438,794.640014648438,794.640014648438,794.640014648438,NA,NA,NA,NA,NA,NA
"UPLOG_5935",791.150024414062,791.150024414062,NA,NA,NA,NA,NA,NA,NA,NA,NA,NA,NA,NA,NA,NA,NA,NA,NA,NA,NA,NA,NA,NA,NA,NA,NA,NA,NA,NA,NA,NA
"UPLOG_5938",732.36669921875,732.36669921875,732.36669921875,732.36669921875,732.36669921875,732.36669921875,667.420043945312,667.420043945312,667.420043945312,667.420043945312,667.420043945312,713.519958496094,713.519958496094,713.519958496094,713.519958496094,713.519958496094,722.499938964844,722.499938964844,722.499938964844,722.499938964844,722.499938964844,794.640014648438,794.640014648438,794.640014648438,794.640014648438,794.640014648438,897.200012207031,NA,NA,NA,NA,NA
"UPLOG_5939",732.36669921875,732.36669921875,732.36669921875,732.36669921875,732.36669921875,732.36669921875,667.420043945312,667.420043945312,667.420043945312,667.420043945312,667.420043945312,713.519958496094,713.519958496094,713.519958496094,713.519958496094,713.519958496094,722.499938964844,722.499938964844,722.499938964844,722.499938964844,722.499938964844,794.640014648438,794.640014648438,794.640014648438,794.640014648438,794.640014648438,869.059936523438,869.059936523438,869.059936523438,869.059936523438,869.059936523438,NA
"UPLOG_5940",732.36669921875,732.36669921875,732.36669921875,732.36669921875,732.36669921875,732.36669921875,667.420043945312,667.420043945312,667.420043945312,667.420043945312,667.420043945312,713.519958496094,713.519958496094,713.519958496094,713.519958496094,713.519958496094,722.499938964844,722.499938964844,722.499938964844,722.499938964844,722.499938964844,794.640014648438,794.640014648438,794.640014648438,794.640014648438,794.640014648438,869.059936523438,869.059936523438,869.059936523438,869.059936523438,869.059936523438,NA
"UPLOG_5941",732.36669921875,732.36669921875,732.36669921875,732.36669921875,732.36669921875,732.36669921875,667.420043945312,667.420043945312,667.420043945312,667.420043945312,667.420043945312,713.519958496094,713.519958496094,713.519958496094,713.519958496094,713.519958496094,722.499938964844,722.499938964844,722.499938964844,722.499938964844,722.499938964844,836.099975585938,836.099975585938,836.099975585938,836.099975585938,NA,NA,NA,NA,NA,NA,NA
"UPLOG_5942",732.36669921875,732.36669921875,732.36669921875,732.36669921875,732.36669921875,732.36669921875,667.420043945312,667.420043945312,667.420043945312,667.420043945312,667.420043945312,713.519958496094,713.519958496094,713.519958496094,713.519958496094,713.519958496094,722.499938964844,722.499938964844,722.499938964844,722.499938964844,722.499938964844,794.640014648438,794.640014648438,794.640014648438,794.640014648438,794.640014648438,869.059936523438,869.059936523438,869.059936523438,869.059936523438,869.059936523438,NA
"UPLOG_5943",732.36669921875,732.36669921875,732.36669921875,732.36669921875,732.36669921875,732.36669921875,667.420043945312,667.420043945312,667.420043945312,667.420043945312,667.420043945312,713.519958496094,713.519958496094,713.519958496094,713.519958496094,713.519958496094,722.499938964844,722.499938964844,722.499938964844,722.499938964844,722.499938964844,794.640014648438,794.640014648438,794.640014648438,794.640014648438,794.640014648438,869.059936523438,869.059936523438,869.059936523438,869.059936523438,869.059936523438,NA
"UPLOG_5944",732.36669921875,732.36669921875,732.36669921875,732.36669921875,732.36669921875,732.36669921875,667.420043945312,667.420043945312,667.420043945312,667.420043945312,667.420043945312,713.519958496094,713.519958496094,713.519958496094,713.519958496094,713.519958496094,722.499938964844,722.499938964844,722.499938964844,722.499938964844,722.499938964844,794.640014648438,794.640014648438,794.640014648438,794.640014648438,794.640014648438,869.059936523438,869.059936523438,869.059936523438,869.059936523438,869.059936523438,NA
"UPLOG_5945",732.36669921875,732.36669921875,732.36669921875,732.36669921875,732.36669921875,732.36669921875,667.420043945312,667.420043945312,667.420043945312,667.420043945312,667.420043945312,713.519958496094,713.519958496094,713.519958496094,713.519958496094,713.519958496094,722.499938964844,722.499938964844,722.499938964844,722.499938964844,722.499938964844,794.640014648438,794.640014648438,794.640014648438,794.640014648438,794.640014648438,869.059936523438,869.059936523438,869.059936523438,869.059936523438,869.059936523438,NA
"UPLOG_5946",NA,NA,NA,NA,NA,666.950012207031,666.950012207031,666.950012207031,666.950012207031,666.950012207031,666.950012207031,713.519958496094,713.519958496094,713.519958496094,713.519958496094,713.519958496094,722.499938964844,722.499938964844,722.499938964844,722.499938964844,722.499938964844,794.640014648438,794.640014648438,794.640014648438,794.640014648438,794.640014648438,869.059936523438,869.059936523438,869.059936523438,869.059936523438,869.059936523438,NA
"UPLOG_5947",732.36669921875,732.36669921875,732.36669921875,732.36669921875,732.36669921875,732.36669921875,667.420043945312,667.420043945312,667.420043945312,667.420043945312,667.420043945312,713.519958496094,713.519958496094,713.519958496094,713.519958496094,713.519958496094,722.499938964844,722.499938964844,722.499938964844,722.499938964844,722.499938964844,794.640014648438,794.640014648438,794.640014648438,794.640014648438,794.640014648438,869.059936523438,869.059936523438,869.059936523438,869.059936523438,869.059936523438,NA
"UPLOG_5948",732.36669921875,732.36669921875,732.36669921875,732.36669921875,732.36669921875,732.36669921875,667.420043945312,667.420043945312,667.420043945312,667.420043945312,667.420043945312,NA,NA,NA,NA,NA,NA,NA,NA,NA,NA,NA,NA,NA,NA,NA,NA,NA,NA,NA,NA,NA
"UPLOG_5949",732.36669921875,732.36669921875,732.36669921875,732.36669921875,732.36669921875,732.36669921875,NA,NA,NA,NA,NA,NA,NA,NA,NA,NA,NA,NA,NA,NA,NA,NA,NA,NA,NA,NA,NA,NA,NA,NA,NA,NA
"UPLOG_5950",732.36669921875,732.36669921875,732.36669921875,732.36669921875,732.36669921875,732.36669921875,NA,NA,NA,NA,NA,NA,NA,NA,NA,NA,NA,NA,NA,NA,NA,NA,NA,NA,NA,NA,NA,NA,NA,NA,NA,NA
"UPLOG_5951",732.36669921875,732.36669921875,732.36669921875,732.36669921875,732.36669921875,732.36669921875,667.420043945312,667.420043945312,667.420043945312,667.420043945312,667.420043945312,713.519958496094,713.519958496094,713.519958496094,713.519958496094,713.519958496094,722.499938964844,722.499938964844,722.499938964844,722.499938964844,722.499938964844,794.640014648438,794.640014648438,794.640014648438,794.640014648438,794.640014648438,869.059936523438,869.059936523438,869.059936523438,869.059936523438,869.059936523438,NA
"UPLOG_5952",732.36669921875,732.36669921875,732.36669921875,732.36669921875,732.36669921875,732.36669921875,667.420043945312,667.420043945312,667.420043945312,667.420043945312,667.420043945312,713.519958496094,713.519958496094,713.519958496094,713.519958496094,713.519958496094,722.499938964844,722.499938964844,722.499938964844,722.499938964844,722.499938964844,794.640014648438,794.640014648438,794.640014648438,794.640014648438,794.640014648438,869.059936523438,869.059936523438,869.059936523438,869.059936523438,869.059936523438,NA
"UPLOG_5953",732.36669921875,732.36669921875,732.36669921875,732.36669921875,732.36669921875,732.36669921875,667.420043945312,667.420043945312,667.420043945312,667.420043945312,667.420043945312,713.519958496094,713.519958496094,713.519958496094,713.519958496094,713.519958496094,722.499938964844,722.499938964844,722.499938964844,722.499938964844,722.499938964844,794.640014648438,794.640014648438,794.640014648438,794.640014648438,794.640014648438,NA,NA,NA,NA,NA,NA
"UPLOG_5954",732.36669921875,732.36669921875,732.36669921875,732.36669921875,732.36669921875,732.36669921875,667.420043945312,667.420043945312,667.420043945312,667.420043945312,667.420043945312,713.519958496094,713.519958496094,713.519958496094,713.519958496094,713.519958496094,722.499938964844,722.499938964844,722.499938964844,722.499938964844,722.499938964844,794.640014648438,794.640014648438,794.640014648438,794.640014648438,794.640014648438,869.059936523438,869.059936523438,869.059936523438,869.059936523438,869.059936523438,NA
"UPLOG_5955",732.36669921875,732.36669921875,732.36669921875,732.36669921875,732.36669921875,732.36669921875,667.420043945312,667.420043945312,667.420043945312,667.420043945312,667.420043945312,713.519958496094,713.519958496094,713.519958496094,713.519958496094,713.519958496094,722.499938964844,722.499938964844,722.499938964844,722.499938964844,722.499938964844,794.640014648438,794.640014648438,794.640014648438,794.640014648438,794.640014648438,869.059936523438,869.059936523438,869.059936523438,869.059936523438,869.059936523438,NA
"UPLOG_5956",732.36669921875,732.36669921875,732.36669921875,732.36669921875,732.36669921875,732.36669921875,667.420043945312,667.420043945312,667.420043945312,667.420043945312,667.420043945312,713.519958496094,713.519958496094,713.519958496094,713.519958496094,713.519958496094,722.499938964844,722.499938964844,722.499938964844,722.499938964844,722.499938964844,794.640014648438,794.640014648438,794.640014648438,794.640014648438,794.640014648438,869.059936523438,869.059936523438,869.059936523438,869.059936523438,869.059936523438,NA
"UPLOG_5958",732.36669921875,732.36669921875,732.36669921875,732.36669921875,732.36669921875,732.36669921875,667.420043945312,667.420043945312,667.420043945312,667.420043945312,667.420043945312,713.519958496094,713.519958496094,713.519958496094,713.519958496094,713.519958496094,722.499938964844,722.499938964844,722.499938964844,722.499938964844,722.499938964844,794.640014648438,794.640014648438,794.640014648438,794.640014648438,794.640014648438,869.059936523438,869.059936523438,869.059936523438,869.059936523438,869.059936523438,NA
"UPLOG_5960",NA,NA,NA,NA,NA,NA,NA,NA,NA,NA,719.916687011719,719.916687011719,719.916687011719,719.916687011719,719.916687011719,719.916687011719,722.499938964844,722.499938964844,722.499938964844,722.499938964844,722.499938964844,794.640014648438,794.640014648438,794.640014648438,794.640014648438,794.640014648438,NA,NA,NA,NA,NA,NA
"UPLOG_5961",732.36669921875,732.36669921875,732.36669921875,732.36669921875,732.36669921875,732.36669921875,667.420043945312,667.420043945312,667.420043945312,667.420043945312,667.420043945312,713.519958496094,713.519958496094,713.519958496094,713.519958496094,713.519958496094,722.499938964844,722.499938964844,722.499938964844,722.499938964844,722.499938964844,794.640014648438,794.640014648438,794.640014648438,794.640014648438,794.640014648438,869.059936523438,869.059936523438,869.059936523438,869.059936523438,869.059936523438,NA
"UPLOG_5963",732.36669921875,732.36669921875,732.36669921875,732.36669921875,732.36669921875,732.36669921875,667.420043945312,667.420043945312,667.420043945312,667.420043945312,667.420043945312,713.519958496094,713.519958496094,713.519958496094,713.519958496094,713.519958496094,722.499938964844,722.499938964844,722.499938964844,722.499938964844,722.499938964844,794.640014648438,794.640014648438,794.640014648438,794.640014648438,794.640014648438,869.059936523438,869.059936523438,869.059936523438,869.059936523438,869.059936523438,NA
"UPLOG_5964",732.36669921875,732.36669921875,732.36669921875,732.36669921875,732.36669921875,732.36669921875,667.420043945312,667.420043945312,667.420043945312,667.420043945312,667.420043945312,713.519958496094,713.519958496094,713.519958496094,713.519958496094,713.519958496094,722.499938964844,722.499938964844,722.499938964844,722.499938964844,722.499938964844,794.640014648438,794.640014648438,794.640014648438,794.640014648438,794.640014648438,869.059936523438,869.059936523438,869.059936523438,869.059936523438,869.059936523438,NA
"UPLOG_5965",732.36669921875,732.36669921875,732.36669921875,732.36669921875,732.36669921875,732.36669921875,667.420043945312,667.420043945312,667.420043945312,667.420043945312,667.420043945312,NA,NA,NA,NA,NA,NA,NA,NA,NA,NA,NA,NA,NA,NA,NA,NA,NA,NA,NA,NA,NA
"UPLOG_5966",732.36669921875,732.36669921875,732.36669921875,732.36669921875,732.36669921875,732.36669921875,667.420043945312,667.420043945312,667.420043945312,667.420043945312,667.420043945312,713.519958496094,713.519958496094,713.519958496094,713.519958496094,713.519958496094,722.499938964844,722.499938964844,722.499938964844,722.499938964844,722.499938964844,794.640014648438,794.640014648438,794.640014648438,794.640014648438,794.640014648438,NA,NA,NA,NA,NA,NA
"UPLOG_5967",732.36669921875,732.36669921875,732.36669921875,732.36669921875,732.36669921875,732.36669921875,667.420043945312,667.420043945312,667.420043945312,667.420043945312,667.420043945312,713.519958496094,713.519958496094,713.519958496094,713.519958496094,713.519958496094,722.499938964844,722.499938964844,722.499938964844,722.499938964844,722.499938964844,794.640014648438,794.640014648438,794.640014648438,794.640014648438,794.640014648438,765.700012207031,765.700012207031,NA,NA,NA,NA
"UPLOG_5968",732.36669921875,732.36669921875,732.36669921875,732.36669921875,732.36669921875,732.36669921875,667.420043945312,667.420043945312,667.420043945312,667.420043945312,667.420043945312,713.519958496094,713.519958496094,713.519958496094,713.519958496094,713.519958496094,722.499938964844,722.499938964844,722.499938964844,722.499938964844,722.499938964844,794.640014648438,794.640014648438,794.640014648438,794.640014648438,794.640014648438,869.059936523438,869.059936523438,869.059936523438,869.059936523438,869.059936523438,NA
"UPLOG_5970",732.36669921875,732.36669921875,732.36669921875,732.36669921875,732.36669921875,732.36669921875,667.420043945312,667.420043945312,667.420043945312,667.420043945312,667.420043945312,713.519958496094,713.519958496094,713.519958496094,713.519958496094,713.519958496094,722.499938964844,722.499938964844,722.499938964844,722.499938964844,722.499938964844,794.640014648438,794.640014648438,794.640014648438,794.640014648438,794.640014648438,869.059936523438,869.059936523438,869.059936523438,869.059936523438,869.059936523438,NA
"UPLOG_5972",732.36669921875,732.36669921875,732.36669921875,732.36669921875,732.36669921875,732.36669921875,667.420043945312,667.420043945312,667.420043945312,667.420043945312,667.420043945312,713.519958496094,713.519958496094,713.519958496094,713.519958496094,713.519958496094,722.499938964844,722.499938964844,722.499938964844,722.499938964844,722.499938964844,794.640014648438,794.640014648438,794.640014648438,794.640014648438,794.640014648438,869.059936523438,869.059936523438,869.059936523438,869.059936523438,869.059936523438,NA
"UPLOG_5973",732.36669921875,732.36669921875,732.36669921875,732.36669921875,732.36669921875,732.36669921875,667.420043945312,667.420043945312,667.420043945312,667.420043945312,667.420043945312,713.519958496094,713.519958496094,713.519958496094,713.519958496094,713.519958496094,722.499938964844,722.499938964844,722.499938964844,722.499938964844,722.499938964844,794.640014648438,794.640014648438,794.640014648438,794.640014648438,794.640014648438,869.059936523438,869.059936523438,869.059936523438,869.059936523438,869.059936523438,NA
"UPLOG_5974",732.36669921875,732.36669921875,732.36669921875,732.36669921875,732.36669921875,732.36669921875,667.420043945312,667.420043945312,667.420043945312,667.420043945312,667.420043945312,713.519958496094,713.519958496094,713.519958496094,713.519958496094,713.519958496094,722.499938964844,722.499938964844,722.499938964844,722.499938964844,722.499938964844,836.099975585938,836.099975585938,836.099975585938,836.099975585938,NA,NA,NA,NA,NA,NA,NA
"UPLOG_5975",732.36669921875,732.36669921875,732.36669921875,732.36669921875,732.36669921875,732.36669921875,667.420043945312,667.420043945312,667.420043945312,667.420043945312,667.420043945312,713.519958496094,713.519958496094,713.519958496094,713.519958496094,713.519958496094,722.499938964844,722.499938964844,722.499938964844,722.499938964844,722.499938964844,794.640014648438,794.640014648438,794.640014648438,794.640014648438,794.640014648438,869.059936523438,869.059936523438,869.059936523438,869.059936523438,869.059936523438,NA
"UPLOG_5977",732.36669921875,732.36669921875,732.36669921875,732.36669921875,732.36669921875,732.36669921875,667.420043945312,667.420043945312,667.420043945312,667.420043945312,667.420043945312,713.519958496094,713.519958496094,713.519958496094,713.519958496094,713.519958496094,722.499938964844,722.499938964844,722.499938964844,722.499938964844,722.499938964844,794.640014648438,794.640014648438,794.640014648438,794.640014648438,794.640014648438,869.059936523438,869.059936523438,869.059936523438,869.059936523438,869.059936523438,NA
"UPLOG_5978",745.920043945312,745.920043945312,745.920043945312,745.920043945312,745.920043945312,NA,NA,NA,NA,NA,NA,NA,NA,NA,NA,NA,NA,NA,NA,NA,NA,NA,NA,NA,NA,NA,NA,NA,NA,NA,NA,NA
"UPLOG_5979",732.36669921875,732.36669921875,732.36669921875,732.36669921875,732.36669921875,732.36669921875,667.420043945312,667.420043945312,667.420043945312,667.420043945312,667.420043945312,713.519958496094,713.519958496094,713.519958496094,713.519958496094,713.519958496094,722.499938964844,722.499938964844,722.499938964844,722.499938964844,722.499938964844,794.640014648438,794.640014648438,794.640014648438,794.640014648438,794.640014648438,NA,NA,NA,NA,NA,NA
"UPLOG_5980",732.36669921875,732.36669921875,732.36669921875,732.36669921875,732.36669921875,732.36669921875,667.420043945312,667.420043945312,667.420043945312,667.420043945312,667.420043945312,713.519958496094,713.519958496094,713.519958496094,713.519958496094,713.519958496094,722.499938964844,722.499938964844,722.499938964844,722.499938964844,722.499938964844,794.640014648438,794.640014648438,794.640014648438,794.640014648438,794.640014648438,869.059936523438,869.059936523438,869.059936523438,869.059936523438,869.059936523438,NA
"UPLOG_5982",732.36669921875,732.36669921875,732.36669921875,732.36669921875,732.36669921875,732.36669921875,667.420043945312,667.420043945312,667.420043945312,667.420043945312,667.420043945312,713.519958496094,713.519958496094,713.519958496094,713.519958496094,713.519958496094,722.499938964844,722.499938964844,722.499938964844,722.499938964844,722.499938964844,794.640014648438,794.640014648438,794.640014648438,794.640014648438,794.640014648438,869.059936523438,869.059936523438,869.059936523438,869.059936523438,869.059936523438,NA
"UPLOG_5983",732.36669921875,732.36669921875,732.36669921875,732.36669921875,732.36669921875,732.36669921875,667.420043945312,667.420043945312,667.420043945312,667.420043945312,667.420043945312,713.519958496094,713.519958496094,713.519958496094,713.519958496094,713.519958496094,722.499938964844,722.499938964844,722.499938964844,722.499938964844,722.499938964844,794.640014648438,794.640014648438,794.640014648438,794.640014648438,794.640014648438,NA,NA,NA,NA,NA,NA
"UPLOG_5984",732.36669921875,732.36669921875,732.36669921875,732.36669921875,732.36669921875,732.36669921875,667.420043945312,667.420043945312,667.420043945312,667.420043945312,667.420043945312,713.519958496094,713.519958496094,713.519958496094,713.519958496094,713.519958496094,NA,NA,NA,NA,NA,NA,NA,NA,NA,NA,NA,NA,NA,NA,NA,NA
"UPLOG_5985",732.36669921875,732.36669921875,732.36669921875,732.36669921875,732.36669921875,732.36669921875,667.420043945312,667.420043945312,667.420043945312,667.420043945312,667.420043945312,713.519958496094,713.519958496094,713.519958496094,713.519958496094,713.519958496094,722.499938964844,722.499938964844,722.499938964844,722.499938964844,722.499938964844,794.640014648438,794.640014648438,794.640014648438,794.640014648438,794.640014648438,765.700012207031,765.700012207031,NA,NA,NA,NA
"UPLOG_5986",732.36669921875,732.36669921875,732.36669921875,732.36669921875,732.36669921875,732.36669921875,667.420043945312,667.420043945312,667.420043945312,667.420043945312,667.420043945312,713.519958496094,713.519958496094,713.519958496094,713.519958496094,713.519958496094,722.499938964844,722.499938964844,722.499938964844,722.499938964844,722.499938964844,794.640014648438,794.640014648438,794.640014648438,794.640014648438,794.640014648438,869.059936523438,869.059936523438,869.059936523438,869.059936523438,869.059936523438,NA
"UPLOG_5987",784.066711425781,784.066711425781,784.066711425781,NA,NA,NA,NA,NA,NA,NA,NA,NA,NA,NA,NA,NA,NA,NA,NA,NA,NA,NA,NA,NA,NA,NA,NA,NA,NA,NA,NA,NA
"UPLOG_5988",732.36669921875,732.36669921875,732.36669921875,732.36669921875,732.36669921875,732.36669921875,667.420043945312,667.420043945312,667.420043945312,667.420043945312,667.420043945312,713.519958496094,713.519958496094,713.519958496094,713.519958496094,713.519958496094,753.433288574219,753.433288574219,753.433288574219,NA,NA,NA,NA,NA,NA,NA,NA,NA,NA,NA,NA,NA
"UPLOG_5989",745.920043945312,745.920043945312,745.920043945312,745.920043945312,745.920043945312,NA,NA,NA,NA,NA,NA,NA,NA,NA,NA,NA,NA,NA,NA,NA,NA,NA,NA,NA,NA,NA,NA,NA,NA,NA,NA,NA
"UPLOG_5990",732.36669921875,732.36669921875,732.36669921875,732.36669921875,732.36669921875,732.36669921875,667.420043945312,667.420043945312,667.420043945312,667.420043945312,667.420043945312,713.519958496094,713.519958496094,713.519958496094,713.519958496094,713.519958496094,722.499938964844,722.499938964844,722.499938964844,722.499938964844,722.499938964844,836.099975585938,836.099975585938,836.099975585938,836.099975585938,NA,NA,NA,NA,NA,NA,NA
"UPLOG_5991",732.36669921875,732.36669921875,732.36669921875,732.36669921875,732.36669921875,732.36669921875,667.420043945312,667.420043945312,667.420043945312,667.420043945312,667.420043945312,713.519958496094,713.519958496094,713.519958496094,713.519958496094,713.519958496094,722.499938964844,722.499938964844,722.499938964844,722.499938964844,722.499938964844,794.640014648438,794.640014648438,794.640014648438,794.640014648438,794.640014648438,869.059936523438,869.059936523438,869.059936523438,869.059936523438,869.059936523438,NA
"UPLOG_5992",732.36669921875,732.36669921875,732.36669921875,732.36669921875,732.36669921875,732.36669921875,NA,NA,NA,NA,NA,NA,NA,NA,NA,NA,NA,NA,NA,NA,NA,NA,NA,NA,NA,NA,NA,NA,NA,NA,NA,NA
"UPLOG_5993",732.36669921875,732.36669921875,732.36669921875,732.36669921875,732.36669921875,732.36669921875,667.420043945312,667.420043945312,667.420043945312,667.420043945312,667.420043945312,713.519958496094,713.519958496094,713.519958496094,713.519958496094,713.519958496094,722.499938964844,722.499938964844,722.499938964844,722.499938964844,722.499938964844,794.640014648438,794.640014648438,794.640014648438,794.640014648438,794.640014648438,869.059936523438,869.059936523438,869.059936523438,869.059936523438,869.059936523438,NA
"UPLOG_5994",732.36669921875,732.36669921875,732.36669921875,732.36669921875,732.36669921875,732.36669921875,667.420043945312,667.420043945312,667.420043945312,667.420043945312,667.420043945312,713.519958496094,713.519958496094,713.519958496094,713.519958496094,713.519958496094,722.499938964844,722.499938964844,722.499938964844,722.499938964844,722.499938964844,794.640014648438,794.640014648438,794.640014648438,794.640014648438,794.640014648438,869.059936523438,869.059936523438,869.059936523438,869.059936523438,869.059936523438,613.099975585938
"UPLOG_5995",732.36669921875,732.36669921875,732.36669921875,732.36669921875,732.36669921875,732.36669921875,667.420043945312,667.420043945312,667.420043945312,667.420043945312,667.420043945312,713.519958496094,713.519958496094,713.519958496094,713.519958496094,713.519958496094,722.499938964844,722.499938964844,722.499938964844,722.499938964844,722.499938964844,794.640014648438,794.640014648438,794.640014648438,794.640014648438,794.640014648438,869.059936523438,869.059936523438,869.059936523438,869.059936523438,869.059936523438,NA
"UPLOG_5996",732.36669921875,732.36669921875,732.36669921875,732.36669921875,732.36669921875,732.36669921875,667.420043945312,667.420043945312,667.420043945312,667.420043945312,667.420043945312,713.519958496094,713.519958496094,713.519958496094,713.519958496094,713.519958496094,794.200012207031,NA,NA,NA,NA,NA,NA,NA,NA,NA,NA,NA,NA,NA,NA,NA
"UPLOG_5999",732.36669921875,732.36669921875,732.36669921875,732.36669921875,732.36669921875,732.36669921875,667.420043945312,667.420043945312,667.420043945312,667.420043945312,667.420043945312,713.519958496094,713.519958496094,713.519958496094,713.519958496094,713.519958496094,722.499938964844,722.499938964844,722.499938964844,722.499938964844,722.499938964844,794.640014648438,794.640014648438,794.640014648438,794.640014648438,794.640014648438,869.059936523438,869.059936523438,869.059936523438,869.059936523438,869.059936523438,NA
"UPLOG_6000",732.36669921875,732.36669921875,732.36669921875,732.36669921875,732.36669921875,732.36669921875,667.420043945312,667.420043945312,667.420043945312,667.420043945312,667.420043945312,713.519958496094,713.519958496094,713.519958496094,713.519958496094,713.519958496094,722.499938964844,722.499938964844,722.499938964844,722.499938964844,722.499938964844,794.640014648438,794.640014648438,794.640014648438,794.640014648438,794.640014648438,869.059936523438,869.059936523438,869.059936523438,869.059936523438,869.059936523438,NA
"UPLOG_6002",732.36669921875,732.36669921875,732.36669921875,732.36669921875,732.36669921875,732.36669921875,667.420043945312,667.420043945312,667.420043945312,667.420043945312,667.420043945312,713.519958496094,713.519958496094,713.519958496094,713.519958496094,713.519958496094,722.499938964844,722.499938964844,722.499938964844,722.499938964844,722.499938964844,794.640014648438,794.640014648438,794.640014648438,794.640014648438,794.640014648438,869.059936523438,869.059936523438,869.059936523438,869.059936523438,869.059936523438,NA
"UPLOG_6003",732.36669921875,732.36669921875,732.36669921875,732.36669921875,732.36669921875,732.36669921875,667.420043945312,667.420043945312,667.420043945312,667.420043945312,667.420043945312,713.519958496094,713.519958496094,713.519958496094,713.519958496094,713.519958496094,722.499938964844,722.499938964844,722.499938964844,722.499938964844,722.499938964844,794.640014648438,794.640014648438,794.640014648438,794.640014648438,794.640014648438,869.059936523438,869.059936523438,869.059936523438,869.059936523438,869.059936523438,NA
"UPLOG_6004",732.36669921875,732.36669921875,732.36669921875,732.36669921875,732.36669921875,732.36669921875,667.420043945312,667.420043945312,667.420043945312,667.420043945312,667.420043945312,713.519958496094,713.519958496094,713.519958496094,713.519958496094,713.519958496094,722.499938964844,722.499938964844,722.499938964844,722.499938964844,722.499938964844,794.640014648438,794.640014648438,794.640014648438,794.640014648438,794.640014648438,869.059936523438,869.059936523438,869.059936523438,869.059936523438,869.059936523438,NA
"UPLOG_6006",732.36669921875,732.36669921875,732.36669921875,732.36669921875,732.36669921875,732.36669921875,667.420043945312,667.420043945312,667.420043945312,667.420043945312,667.420043945312,713.519958496094,713.519958496094,713.519958496094,713.519958496094,713.519958496094,722.499938964844,722.499938964844,722.499938964844,722.499938964844,722.499938964844,794.640014648438,794.640014648438,794.640014648438,794.640014648438,794.640014648438,869.059936523438,869.059936523438,869.059936523438,869.059936523438,869.059936523438,NA
"UPLOG_6007",732.36669921875,732.36669921875,732.36669921875,732.36669921875,732.36669921875,732.36669921875,667.420043945312,667.420043945312,667.420043945312,667.420043945312,667.420043945312,713.519958496094,713.519958496094,713.519958496094,713.519958496094,713.519958496094,722.499938964844,722.499938964844,722.499938964844,722.499938964844,722.499938964844,794.640014648438,794.640014648438,794.640014648438,794.640014648438,794.640014648438,869.059936523438,869.059936523438,869.059936523438,869.059936523438,869.059936523438,NA
"UPLOG_6009",NA,NA,NA,NA,NA,666.950012207031,666.950012207031,666.950012207031,666.950012207031,666.950012207031,666.950012207031,713.519958496094,713.519958496094,713.519958496094,713.519958496094,713.519958496094,722.499938964844,722.499938964844,722.499938964844,722.499938964844,722.499938964844,794.640014648438,794.640014648438,794.640014648438,794.640014648438,794.640014648438,869.059936523438,869.059936523438,869.059936523438,869.059936523438,869.059936523438,NA
"UPLOG_6010",NA,NA,NA,NA,NA,666.950012207031,666.950012207031,666.950012207031,666.950012207031,666.950012207031,666.950012207031,713.519958496094,713.519958496094,713.519958496094,713.519958496094,713.519958496094,722.499938964844,722.499938964844,722.499938964844,722.499938964844,722.499938964844,794.640014648438,794.640014648438,794.640014648438,794.640014648438,794.640014648438,869.059936523438,869.059936523438,869.059936523438,869.059936523438,869.059936523438,NA
"UPLOG_6011",NA,NA,NA,NA,NA,NA,NA,NA,NA,NA,NA,NA,NA,NA,NA,754.966735839844,754.966735839844,754.966735839844,754.966735839844,754.966735839844,754.966735839844,794.640014648438,794.640014648438,794.640014648438,794.640014648438,794.640014648438,869.059936523438,869.059936523438,869.059936523438,869.059936523438,869.059936523438,NA
"UPLOG_6012",732.36669921875,732.36669921875,732.36669921875,732.36669921875,732.36669921875,732.36669921875,667.420043945312,667.420043945312,667.420043945312,667.420043945312,667.420043945312,713.519958496094,713.519958496094,713.519958496094,713.519958496094,713.519958496094,722.499938964844,722.499938964844,722.499938964844,722.499938964844,722.499938964844,794.640014648438,794.640014648438,794.640014648438,794.640014648438,794.640014648438,869.059936523438,869.059936523438,869.059936523438,869.059936523438,869.059936523438,NA
"UPLOG_6015",NA,NA,NA,NA,NA,NA,NA,NA,NA,NA,NA,NA,NA,NA,NA,754.966735839844,754.966735839844,754.966735839844,754.966735839844,754.966735839844,754.966735839844,794.640014648438,794.640014648438,794.640014648438,794.640014648438,794.640014648438,869.059936523438,869.059936523438,869.059936523438,869.059936523438,869.059936523438,NA
"UPLOG_6017",NA,NA,NA,NA,NA,666.950012207031,666.950012207031,666.950012207031,666.950012207031,666.950012207031,666.950012207031,713.519958496094,713.519958496094,713.519958496094,713.519958496094,713.519958496094,722.499938964844,722.499938964844,722.499938964844,722.499938964844,722.499938964844,794.640014648438,794.640014648438,794.640014648438,794.640014648438,794.640014648438,869.059936523438,869.059936523438,869.059936523438,869.059936523438,869.059936523438,NA
"UPLOG_6019",732.36669921875,732.36669921875,732.36669921875,732.36669921875,732.36669921875,732.36669921875,667.420043945312,667.420043945312,667.420043945312,667.420043945312,667.420043945312,713.519958496094,713.519958496094,713.519958496094,713.519958496094,713.519958496094,722.499938964844,722.499938964844,722.499938964844,722.499938964844,722.499938964844,794.640014648438,794.640014648438,794.640014648438,794.640014648438,794.640014648438,869.059936523438,869.059936523438,869.059936523438,869.059936523438,869.059936523438,NA
"UPLOG_6020",732.36669921875,732.36669921875,732.36669921875,732.36669921875,732.36669921875,732.36669921875,667.420043945312,667.420043945312,667.420043945312,667.420043945312,667.420043945312,713.519958496094,713.519958496094,713.519958496094,713.519958496094,713.519958496094,722.499938964844,722.499938964844,722.499938964844,722.499938964844,722.499938964844,794.640014648438,794.640014648438,794.640014648438,794.640014648438,794.640014648438,869.059936523438,869.059936523438,869.059936523438,869.059936523438,869.059936523438,NA
"UPLOG_6021",732.36669921875,732.36669921875,732.36669921875,732.36669921875,732.36669921875,732.36669921875,560.200012207031,560.200012207031,NA,NA,NA,NA,NA,NA,NA,NA,NA,NA,NA,NA,NA,NA,NA,NA,NA,NA,NA,NA,NA,NA,NA,NA
"UPLOG_6022",NA,NA,NA,NA,NA,NA,NA,NA,NA,NA,NA,NA,NA,NA,NA,NA,NA,NA,NA,NA,783.983337402344,783.983337402344,783.983337402344,783.983337402344,783.983337402344,783.983337402344,869.059936523438,869.059936523438,869.059936523438,869.059936523438,869.059936523438,NA
"UPLOG_6023",732.36669921875,732.36669921875,732.36669921875,732.36669921875,732.36669921875,732.36669921875,667.420043945312,667.420043945312,667.420043945312,667.420043945312,667.420043945312,713.519958496094,713.519958496094,713.519958496094,713.519958496094,713.519958496094,722.499938964844,722.499938964844,722.499938964844,722.499938964844,722.499938964844,794.640014648438,794.640014648438,794.640014648438,794.640014648438,794.640014648438,869.059936523438,869.059936523438,869.059936523438,869.059936523438,869.059936523438,NA
"UPLOG_6024",NA,NA,NA,NA,NA,NA,NA,NA,NA,NA,NA,NA,NA,NA,NA,754.966735839844,754.966735839844,754.966735839844,754.966735839844,754.966735839844,754.966735839844,794.640014648438,794.640014648438,794.640014648438,794.640014648438,794.640014648438,869.059936523438,869.059936523438,869.059936523438,869.059936523438,869.059936523438,NA
"UPLOG_6026",NA,NA,NA,NA,NA,NA,NA,NA,NA,NA,NA,NA,NA,NA,NA,754.966735839844,754.966735839844,754.966735839844,754.966735839844,754.966735839844,754.966735839844,794.640014648438,794.640014648438,794.640014648438,794.640014648438,794.640014648438,869.059936523438,869.059936523438,869.059936523438,869.059936523438,869.059936523438,NA
"UPLOG_6027",732.36669921875,732.36669921875,732.36669921875,732.36669921875,732.36669921875,732.36669921875,646.299987792969,646.299987792969,646.299987792969,646.299987792969,NA,NA,NA,NA,NA,NA,NA,NA,NA,NA,NA,NA,NA,NA,NA,NA,NA,NA,NA,NA,NA,NA
"UPLOG_6030",NA,NA,NA,NA,NA,NA,NA,NA,NA,NA,NA,NA,NA,NA,NA,754.966735839844,754.966735839844,754.966735839844,754.966735839844,754.966735839844,754.966735839844,794.640014648438,794.640014648438,794.640014648438,794.640014648438,794.640014648438,869.059936523438,869.059936523438,869.059936523438,869.059936523438,869.059936523438,NA
"UPLOG_6032",NA,NA,NA,NA,NA,666.950012207031,666.950012207031,666.950012207031,666.950012207031,666.950012207031,666.950012207031,713.519958496094,713.519958496094,713.519958496094,713.519958496094,713.519958496094,722.499938964844,722.499938964844,722.499938964844,722.499938964844,722.499938964844,794.640014648438,794.640014648438,794.640014648438,794.640014648438,794.640014648438,869.059936523438,869.059936523438,869.059936523438,869.059936523438,869.059936523438,NA
"UPLOG_6035",NA,NA,NA,NA,NA,NA,NA,NA,NA,NA,NA,NA,NA,NA,NA,754.966735839844,754.966735839844,754.966735839844,754.966735839844,754.966735839844,754.966735839844,794.640014648438,794.640014648438,794.640014648438,794.640014648438,794.640014648438,869.059936523438,869.059936523438,869.059936523438,869.059936523438,869.059936523438,NA
"UPLOG_6036",NA,NA,NA,NA,NA,NA,NA,NA,NA,NA,NA,NA,NA,NA,NA,NA,NA,NA,NA,NA,783.983337402344,783.983337402344,783.983337402344,783.983337402344,783.983337402344,783.983337402344,869.059936523438,869.059936523438,869.059936523438,869.059936523438,869.059936523438,NA
"UPLOG_6037",NA,NA,NA,NA,NA,NA,NA,NA,NA,NA,NA,NA,NA,NA,NA,NA,NA,NA,NA,NA,783.983337402344,783.983337402344,783.983337402344,783.983337402344,783.983337402344,783.983337402344,869.059936523438,869.059936523438,869.059936523438,869.059936523438,869.059936523438,NA
"UPLOG_6042",732.36669921875,732.36669921875,732.36669921875,732.36669921875,732.36669921875,732.36669921875,667.420043945312,667.420043945312,667.420043945312,667.420043945312,667.420043945312,713.519958496094,713.519958496094,713.519958496094,713.519958496094,713.519958496094,722.499938964844,722.499938964844,722.499938964844,722.499938964844,722.499938964844,794.640014648438,794.640014648438,794.640014648438,794.640014648438,794.640014648438,869.059936523438,869.059936523438,869.059936523438,869.059936523438,869.059936523438,NA
"UPLOG_6043",732.36669921875,732.36669921875,732.36669921875,732.36669921875,732.36669921875,732.36669921875,667.420043945312,667.420043945312,667.420043945312,667.420043945312,667.420043945312,713.519958496094,713.519958496094,713.519958496094,713.519958496094,713.519958496094,722.499938964844,722.499938964844,722.499938964844,722.499938964844,722.499938964844,794.640014648438,794.640014648438,794.640014648438,794.640014648438,794.640014648438,NA,NA,NA,NA,NA,NA
"UPLOG_6045",732.36669921875,732.36669921875,732.36669921875,732.36669921875,732.36669921875,732.36669921875,667.420043945312,667.420043945312,667.420043945312,667.420043945312,667.420043945312,713.519958496094,713.519958496094,713.519958496094,713.519958496094,713.519958496094,722.499938964844,722.499938964844,722.499938964844,722.499938964844,722.499938964844,794.640014648438,794.640014648438,794.640014648438,794.640014648438,794.640014648438,869.059936523438,869.059936523438,869.059936523438,869.059936523438,869.059936523438,NA
"UPLOG_6046",NA,NA,NA,NA,NA,666.950012207031,666.950012207031,666.950012207031,666.950012207031,666.950012207031,666.950012207031,713.519958496094,713.519958496094,713.519958496094,713.519958496094,713.519958496094,722.499938964844,722.499938964844,722.499938964844,722.499938964844,722.499938964844,794.640014648438,794.640014648438,794.640014648438,794.640014648438,794.640014648438,869.059936523438,869.059936523438,869.059936523438,869.059936523438,869.059936523438,NA
"UPLOG_6048",732.36669921875,732.36669921875,732.36669921875,732.36669921875,732.36669921875,732.36669921875,667.420043945312,667.420043945312,667.420043945312,667.420043945312,667.420043945312,713.519958496094,713.519958496094,713.519958496094,713.519958496094,713.519958496094,722.499938964844,722.499938964844,722.499938964844,722.499938964844,722.499938964844,794.640014648438,794.640014648438,794.640014648438,794.640014648438,794.640014648438,869.059936523438,869.059936523438,869.059936523438,869.059936523438,869.059936523438,NA
"UPLOG_6049",732.36669921875,732.36669921875,732.36669921875,732.36669921875,732.36669921875,732.36669921875,667.420043945312,667.420043945312,667.420043945312,667.420043945312,667.420043945312,713.519958496094,713.519958496094,713.519958496094,713.519958496094,713.519958496094,722.499938964844,722.499938964844,722.499938964844,722.499938964844,722.499938964844,794.640014648438,794.640014648438,794.640014648438,794.640014648438,794.640014648438,869.059936523438,869.059936523438,869.059936523438,869.059936523438,869.059936523438,NA
"UPLOG_6050",NA,NA,NA,NA,NA,NA,NA,NA,NA,NA,719.916687011719,719.916687011719,719.916687011719,719.916687011719,719.916687011719,719.916687011719,722.499938964844,722.499938964844,722.499938964844,722.499938964844,722.499938964844,794.640014648438,794.640014648438,794.640014648438,794.640014648438,794.640014648438,869.059936523438,869.059936523438,869.059936523438,869.059936523438,869.059936523438,NA
"UPLOG_6051",732.36669921875,732.36669921875,732.36669921875,732.36669921875,732.36669921875,732.36669921875,667.420043945312,667.420043945312,667.420043945312,667.420043945312,667.420043945312,713.519958496094,713.519958496094,713.519958496094,713.519958496094,713.519958496094,722.499938964844,722.499938964844,722.499938964844,722.499938964844,722.499938964844,794.640014648438,794.640014648438,794.640014648438,794.640014648438,794.640014648438,869.059936523438,869.059936523438,869.059936523438,869.059936523438,869.059936523438,NA
"UPLOG_6052",732.36669921875,732.36669921875,732.36669921875,732.36669921875,732.36669921875,732.36669921875,667.420043945312,667.420043945312,667.420043945312,667.420043945312,667.420043945312,713.519958496094,713.519958496094,713.519958496094,713.519958496094,713.519958496094,722.499938964844,722.499938964844,722.499938964844,722.499938964844,722.499938964844,794.640014648438,794.640014648438,794.640014648438,794.640014648438,794.640014648438,869.059936523438,869.059936523438,869.059936523438,869.059936523438,869.059936523438,NA
"UPLOG_6053",732.36669921875,732.36669921875,732.36669921875,732.36669921875,732.36669921875,732.36669921875,667.420043945312,667.420043945312,667.420043945312,667.420043945312,667.420043945312,713.519958496094,713.519958496094,713.519958496094,713.519958496094,713.519958496094,722.499938964844,722.499938964844,722.499938964844,722.499938964844,722.499938964844,794.640014648438,794.640014648438,794.640014648438,794.640014648438,794.640014648438,869.059936523438,869.059936523438,869.059936523438,869.059936523438,869.059936523438,NA
"UPLOG_6054",NA,NA,NA,NA,NA,NA,NA,NA,NA,NA,NA,NA,NA,NA,NA,NA,NA,NA,NA,NA,NA,NA,NA,NA,NA,829.016662597656,829.016662597656,829.016662597656,829.016662597656,829.016662597656,829.016662597656,NA
"UPLOG_6058",NA,NA,NA,NA,NA,NA,NA,NA,NA,NA,NA,NA,NA,NA,NA,NA,NA,NA,NA,NA,NA,NA,NA,NA,NA,829.016662597656,829.016662597656,829.016662597656,829.016662597656,829.016662597656,829.016662597656,NA
"UPLOG_6061",NA,NA,NA,NA,NA,NA,NA,NA,NA,NA,719.916687011719,719.916687011719,719.916687011719,719.916687011719,719.916687011719,719.916687011719,722.499938964844,722.499938964844,722.499938964844,722.499938964844,722.499938964844,794.640014648438,794.640014648438,794.640014648438,794.640014648438,794.640014648438,869.059936523438,869.059936523438,869.059936523438,869.059936523438,869.059936523438,NA
"UPLOG_6062",NA,NA,NA,NA,NA,666.950012207031,666.950012207031,666.950012207031,666.950012207031,666.950012207031,666.950012207031,713.519958496094,713.519958496094,713.519958496094,713.519958496094,713.519958496094,722.499938964844,722.499938964844,722.499938964844,722.499938964844,722.499938964844,794.640014648438,794.640014648438,794.640014648438,794.640014648438,794.640014648438,869.059936523438,869.059936523438,869.059936523438,869.059936523438,869.059936523438,NA
"UPLOG_6066",732.36669921875,732.36669921875,732.36669921875,732.36669921875,732.36669921875,732.36669921875,667.420043945312,667.420043945312,667.420043945312,667.420043945312,667.420043945312,713.519958496094,713.519958496094,713.519958496094,713.519958496094,713.519958496094,722.499938964844,722.499938964844,722.499938964844,722.499938964844,722.499938964844,794.640014648438,794.640014648438,794.640014648438,794.640014648438,794.640014648438,869.059936523438,869.059936523438,869.059936523438,869.059936523438,869.059936523438,NA
"UPLOG_6068",732.36669921875,732.36669921875,732.36669921875,732.36669921875,732.36669921875,732.36669921875,667.420043945312,667.420043945312,667.420043945312,667.420043945312,667.420043945312,713.519958496094,713.519958496094,713.519958496094,713.519958496094,713.519958496094,722.499938964844,722.499938964844,722.499938964844,722.499938964844,722.499938964844,794.640014648438,794.640014648438,794.640014648438,794.640014648438,794.640014648438,869.059936523438,869.059936523438,869.059936523438,869.059936523438,869.059936523438,NA
"UPLOG_6071",732.36669921875,732.36669921875,732.36669921875,732.36669921875,732.36669921875,732.36669921875,667.420043945312,667.420043945312,667.420043945312,667.420043945312,667.420043945312,713.519958496094,713.519958496094,713.519958496094,713.519958496094,713.519958496094,722.499938964844,722.499938964844,722.499938964844,722.499938964844,722.499938964844,794.640014648438,794.640014648438,794.640014648438,794.640014648438,794.640014648438,869.059936523438,869.059936523438,869.059936523438,869.059936523438,869.059936523438,NA
"UPLOG_6072",732.36669921875,732.36669921875,732.36669921875,732.36669921875,732.36669921875,732.36669921875,667.420043945312,667.420043945312,667.420043945312,667.420043945312,667.420043945312,713.519958496094,713.519958496094,713.519958496094,713.519958496094,713.519958496094,722.499938964844,722.499938964844,722.499938964844,722.499938964844,722.499938964844,794.640014648438,794.640014648438,794.640014648438,794.640014648438,794.640014648438,815.899963378906,815.899963378906,815.899963378906,NA,NA,NA
"UPLOG_6073",732.36669921875,732.36669921875,732.36669921875,732.36669921875,732.36669921875,732.36669921875,667.420043945312,667.420043945312,667.420043945312,667.420043945312,667.420043945312,713.519958496094,713.519958496094,713.519958496094,713.519958496094,713.519958496094,722.499938964844,722.499938964844,722.499938964844,722.499938964844,722.499938964844,794.640014648438,794.640014648438,794.640014648438,794.640014648438,794.640014648438,869.059936523438,869.059936523438,869.059936523438,869.059936523438,869.059936523438,NA
"UPLOG_6074",732.36669921875,732.36669921875,732.36669921875,732.36669921875,732.36669921875,732.36669921875,667.420043945312,667.420043945312,667.420043945312,667.420043945312,667.420043945312,713.519958496094,713.519958496094,713.519958496094,713.519958496094,713.519958496094,722.499938964844,722.499938964844,722.499938964844,722.499938964844,722.499938964844,794.640014648438,794.640014648438,794.640014648438,794.640014648438,794.640014648438,869.059936523438,869.059936523438,869.059936523438,869.059936523438,869.059936523438,NA
"UPLOG_6075",732.36669921875,732.36669921875,732.36669921875,732.36669921875,732.36669921875,732.36669921875,667.420043945312,667.420043945312,667.420043945312,667.420043945312,667.420043945312,713.519958496094,713.519958496094,713.519958496094,713.519958496094,713.519958496094,722.499938964844,722.499938964844,722.499938964844,722.499938964844,722.499938964844,878.399963378906,878.399963378906,878.399963378906,NA,NA,NA,NA,NA,NA,NA,NA
"UPLOG_6076",NA,NA,NA,NA,NA,NA,NA,NA,NA,NA,NA,NA,NA,NA,NA,NA,NA,NA,NA,NA,NA,NA,NA,NA,NA,829.016662597656,829.016662597656,829.016662597656,829.016662597656,829.016662597656,829.016662597656,NA
"UPLOG_6077",732.36669921875,732.36669921875,732.36669921875,732.36669921875,732.36669921875,732.36669921875,667.420043945312,667.420043945312,667.420043945312,667.420043945312,667.420043945312,713.519958496094,713.519958496094,713.519958496094,713.519958496094,713.519958496094,722.499938964844,722.499938964844,722.499938964844,722.499938964844,722.499938964844,794.640014648438,794.640014648438,794.640014648438,794.640014648438,794.640014648438,869.059936523438,869.059936523438,869.059936523438,869.059936523438,869.059936523438,NA
"UPLOG_6079",732.36669921875,732.36669921875,732.36669921875,732.36669921875,732.36669921875,732.36669921875,667.420043945312,667.420043945312,667.420043945312,667.420043945312,667.420043945312,713.519958496094,713.519958496094,713.519958496094,713.519958496094,713.519958496094,722.499938964844,722.499938964844,722.499938964844,722.499938964844,722.499938964844,794.640014648438,794.640014648438,794.640014648438,794.640014648438,794.640014648438,NA,NA,NA,NA,NA,NA
"UPLOG_6080",732.36669921875,732.36669921875,732.36669921875,732.36669921875,732.36669921875,732.36669921875,667.420043945312,667.420043945312,667.420043945312,667.420043945312,667.420043945312,713.519958496094,713.519958496094,713.519958496094,713.519958496094,713.519958496094,722.499938964844,722.499938964844,722.499938964844,722.499938964844,722.499938964844,794.640014648438,794.640014648438,794.640014648438,794.640014648438,794.640014648438,869.059936523438,869.059936523438,869.059936523438,869.059936523438,869.059936523438,NA
"UPLOG_6081",732.36669921875,732.36669921875,732.36669921875,732.36669921875,732.36669921875,732.36669921875,667.420043945312,667.420043945312,667.420043945312,667.420043945312,667.420043945312,713.519958496094,713.519958496094,713.519958496094,713.519958496094,713.519958496094,722.499938964844,722.499938964844,722.499938964844,722.499938964844,722.499938964844,794.640014648438,794.640014648438,794.640014648438,794.640014648438,794.640014648438,869.059936523438,869.059936523438,869.059936523438,869.059936523438,869.059936523438,613.099975585938
"UPLOG_6083",NA,NA,NA,NA,NA,NA,NA,NA,NA,NA,719.916687011719,719.916687011719,719.916687011719,719.916687011719,719.916687011719,719.916687011719,722.499938964844,722.499938964844,722.499938964844,722.499938964844,722.499938964844,794.640014648438,794.640014648438,794.640014648438,794.640014648438,794.640014648438,869.059936523438,869.059936523438,869.059936523438,869.059936523438,869.059936523438,NA
"UPLOG_6085",732.36669921875,732.36669921875,732.36669921875,732.36669921875,732.36669921875,732.36669921875,667.420043945312,667.420043945312,667.420043945312,667.420043945312,667.420043945312,713.519958496094,713.519958496094,713.519958496094,713.519958496094,713.519958496094,722.499938964844,722.499938964844,722.499938964844,722.499938964844,722.499938964844,794.640014648438,794.640014648438,794.640014648438,794.640014648438,794.640014648438,869.059936523438,869.059936523438,869.059936523438,869.059936523438,869.059936523438,NA
"UPLOG_6086",732.36669921875,732.36669921875,732.36669921875,732.36669921875,732.36669921875,732.36669921875,667.420043945312,667.420043945312,667.420043945312,667.420043945312,667.420043945312,713.519958496094,713.519958496094,713.519958496094,713.519958496094,713.519958496094,722.499938964844,722.499938964844,722.499938964844,722.499938964844,722.499938964844,794.640014648438,794.640014648438,794.640014648438,794.640014648438,794.640014648438,869.059936523438,869.059936523438,869.059936523438,869.059936523438,869.059936523438,NA
"UPLOG_6087",732.36669921875,732.36669921875,732.36669921875,732.36669921875,732.36669921875,732.36669921875,667.420043945312,667.420043945312,667.420043945312,667.420043945312,667.420043945312,713.519958496094,713.519958496094,713.519958496094,713.519958496094,713.519958496094,722.499938964844,722.499938964844,722.499938964844,722.499938964844,722.499938964844,794.640014648438,794.640014648438,794.640014648438,794.640014648438,794.640014648438,869.059936523438,869.059936523438,869.059936523438,869.059936523438,869.059936523438,NA
"UPLOG_6088",732.36669921875,732.36669921875,732.36669921875,732.36669921875,732.36669921875,732.36669921875,667.420043945312,667.420043945312,667.420043945312,667.420043945312,667.420043945312,713.519958496094,713.519958496094,713.519958496094,713.519958496094,713.519958496094,722.499938964844,722.499938964844,722.499938964844,722.499938964844,722.499938964844,794.640014648438,794.640014648438,794.640014648438,794.640014648438,794.640014648438,869.059936523438,869.059936523438,869.059936523438,869.059936523438,869.059936523438,NA
"UPLOG_6089",732.36669921875,732.36669921875,732.36669921875,732.36669921875,732.36669921875,732.36669921875,667.420043945312,667.420043945312,667.420043945312,667.420043945312,667.420043945312,713.519958496094,713.519958496094,713.519958496094,713.519958496094,713.519958496094,722.499938964844,722.499938964844,722.499938964844,722.499938964844,722.499938964844,794.640014648438,794.640014648438,794.640014648438,794.640014648438,794.640014648438,869.059936523438,869.059936523438,869.059936523438,869.059936523438,869.059936523438,NA
"UPLOG_6091",732.36669921875,732.36669921875,732.36669921875,732.36669921875,732.36669921875,732.36669921875,667.420043945312,667.420043945312,667.420043945312,667.420043945312,667.420043945312,713.519958496094,713.519958496094,713.519958496094,713.519958496094,713.519958496094,722.499938964844,722.499938964844,722.499938964844,722.499938964844,722.499938964844,794.640014648438,794.640014648438,794.640014648438,794.640014648438,794.640014648438,NA,NA,NA,NA,NA,NA
"UPLOG_6092",NA,NA,NA,NA,NA,NA,NA,NA,NA,NA,719.916687011719,719.916687011719,719.916687011719,719.916687011719,719.916687011719,719.916687011719,722.499938964844,722.499938964844,722.499938964844,722.499938964844,722.499938964844,908.349975585938,908.349975585938,NA,NA,NA,NA,NA,NA,NA,NA,NA
"UPLOG_6098",732.36669921875,732.36669921875,732.36669921875,732.36669921875,732.36669921875,732.36669921875,667.420043945312,667.420043945312,667.420043945312,667.420043945312,667.420043945312,713.519958496094,713.519958496094,713.519958496094,713.519958496094,713.519958496094,722.499938964844,722.499938964844,722.499938964844,722.499938964844,722.499938964844,794.640014648438,794.640014648438,794.640014648438,794.640014648438,794.640014648438,897.200012207031,NA,NA,NA,NA,NA
"UPLOG_6099",NA,NA,NA,NA,NA,666.950012207031,666.950012207031,666.950012207031,666.950012207031,666.950012207031,666.950012207031,713.519958496094,713.519958496094,713.519958496094,713.519958496094,713.519958496094,722.499938964844,722.499938964844,722.499938964844,722.499938964844,722.499938964844,794.640014648438,794.640014648438,794.640014648438,794.640014648438,794.640014648438,NA,NA,NA,NA,NA,NA
"UPLOG_6100",NA,NA,NA,NA,NA,NA,NA,NA,NA,NA,NA,NA,NA,NA,NA,NA,NA,NA,NA,NA,NA,NA,NA,NA,NA,829.016662597656,829.016662597656,829.016662597656,829.016662597656,829.016662597656,829.016662597656,NA
"UPLOG_6101",732.36669921875,732.36669921875,732.36669921875,732.36669921875,732.36669921875,732.36669921875,667.420043945312,667.420043945312,667.420043945312,667.420043945312,667.420043945312,713.519958496094,713.519958496094,713.519958496094,713.519958496094,713.519958496094,722.499938964844,722.499938964844,722.499938964844,722.499938964844,722.499938964844,794.640014648438,794.640014648438,794.640014648438,794.640014648438,794.640014648438,869.059936523438,869.059936523438,869.059936523438,869.059936523438,869.059936523438,NA
"UPLOG_6102",732.36669921875,732.36669921875,732.36669921875,732.36669921875,732.36669921875,732.36669921875,667.420043945312,667.420043945312,667.420043945312,667.420043945312,667.420043945312,713.519958496094,713.519958496094,713.519958496094,713.519958496094,713.519958496094,722.499938964844,722.499938964844,722.499938964844,722.499938964844,722.499938964844,794.640014648438,794.640014648438,794.640014648438,794.640014648438,794.640014648438,765.700012207031,765.700012207031,NA,NA,NA,NA
"UPLOG_6104",732.36669921875,732.36669921875,732.36669921875,732.36669921875,732.36669921875,732.36669921875,667.420043945312,667.420043945312,667.420043945312,667.420043945312,667.420043945312,713.519958496094,713.519958496094,713.519958496094,713.519958496094,713.519958496094,722.499938964844,722.499938964844,722.499938964844,722.499938964844,722.499938964844,794.640014648438,794.640014648438,794.640014648438,794.640014648438,794.640014648438,869.059936523438,869.059936523438,869.059936523438,869.059936523438,869.059936523438,NA
"UPLOG_6105",NA,NA,NA,NA,NA,NA,NA,NA,NA,NA,NA,NA,NA,NA,NA,754.966735839844,754.966735839844,754.966735839844,754.966735839844,754.966735839844,754.966735839844,794.640014648438,794.640014648438,794.640014648438,794.640014648438,794.640014648438,NA,NA,NA,NA,NA,NA
"UPLOG_6108",NA,NA,NA,NA,NA,NA,NA,NA,NA,NA,NA,NA,NA,NA,NA,754.966735839844,754.966735839844,754.966735839844,754.966735839844,754.966735839844,754.966735839844,794.640014648438,794.640014648438,794.640014648438,794.640014648438,794.640014648438,NA,NA,NA,NA,NA,NA
"UPLOG_6109",NA,NA,NA,NA,NA,666.950012207031,666.950012207031,666.950012207031,666.950012207031,666.950012207031,666.950012207031,713.519958496094,713.519958496094,713.519958496094,713.519958496094,713.519958496094,722.499938964844,722.499938964844,722.499938964844,722.499938964844,722.499938964844,794.640014648438,794.640014648438,794.640014648438,794.640014648438,794.640014648438,897.200012207031,NA,NA,NA,NA,NA
"UPLOG_6110",732.36669921875,732.36669921875,732.36669921875,732.36669921875,732.36669921875,732.36669921875,667.420043945312,667.420043945312,667.420043945312,667.420043945312,667.420043945312,713.519958496094,713.519958496094,713.519958496094,713.519958496094,713.519958496094,722.499938964844,722.499938964844,722.499938964844,722.499938964844,722.499938964844,NA,NA,NA,NA,NA,NA,NA,NA,NA,NA,NA
"UPLOG_6111",732.36669921875,732.36669921875,732.36669921875,732.36669921875,732.36669921875,732.36669921875,667.420043945312,667.420043945312,667.420043945312,667.420043945312,667.420043945312,713.519958496094,713.519958496094,713.519958496094,713.519958496094,713.519958496094,722.499938964844,722.499938964844,722.499938964844,722.499938964844,722.499938964844,794.640014648438,794.640014648438,794.640014648438,794.640014648438,794.640014648438,869.059936523438,869.059936523438,869.059936523438,869.059936523438,869.059936523438,NA
"UPLOG_6113",732.36669921875,732.36669921875,732.36669921875,732.36669921875,732.36669921875,732.36669921875,667.420043945312,667.420043945312,667.420043945312,667.420043945312,667.420043945312,713.519958496094,713.519958496094,713.519958496094,713.519958496094,713.519958496094,722.499938964844,722.499938964844,722.499938964844,722.499938964844,722.499938964844,794.640014648438,794.640014648438,794.640014648438,794.640014648438,794.640014648438,869.059936523438,869.059936523438,869.059936523438,869.059936523438,869.059936523438,NA
"UPLOG_6114",732.36669921875,732.36669921875,732.36669921875,732.36669921875,732.36669921875,732.36669921875,667.420043945312,667.420043945312,667.420043945312,667.420043945312,667.420043945312,713.519958496094,713.519958496094,713.519958496094,713.519958496094,713.519958496094,722.499938964844,722.499938964844,722.499938964844,722.499938964844,722.499938964844,794.640014648438,794.640014648438,794.640014648438,794.640014648438,794.640014648438,897.200012207031,NA,NA,NA,NA,NA
"UPLOG_6115",732.36669921875,732.36669921875,732.36669921875,732.36669921875,732.36669921875,732.36669921875,667.420043945312,667.420043945312,667.420043945312,667.420043945312,667.420043945312,713.519958496094,713.519958496094,713.519958496094,713.519958496094,713.519958496094,753.433288574219,753.433288574219,753.433288574219,NA,NA,NA,NA,NA,NA,NA,NA,NA,NA,NA,NA,NA
"UPLOG_6117",NA,NA,NA,NA,NA,NA,NA,NA,NA,NA,NA,NA,NA,NA,NA,NA,NA,NA,NA,NA,783.983337402344,783.983337402344,783.983337402344,783.983337402344,783.983337402344,783.983337402344,869.059936523438,869.059936523438,869.059936523438,869.059936523438,869.059936523438,NA
"UPLOG_6118",732.36669921875,732.36669921875,732.36669921875,732.36669921875,732.36669921875,732.36669921875,667.420043945312,667.420043945312,667.420043945312,667.420043945312,667.420043945312,713.519958496094,713.519958496094,713.519958496094,713.519958496094,713.519958496094,722.499938964844,722.499938964844,722.499938964844,722.499938964844,722.499938964844,794.640014648438,794.640014648438,794.640014648438,794.640014648438,794.640014648438,869.059936523438,869.059936523438,869.059936523438,869.059936523438,869.059936523438,NA
"UPLOG_6119",732.36669921875,732.36669921875,732.36669921875,732.36669921875,732.36669921875,732.36669921875,667.420043945312,667.420043945312,667.420043945312,667.420043945312,667.420043945312,713.519958496094,713.519958496094,713.519958496094,713.519958496094,713.519958496094,722.499938964844,722.499938964844,722.499938964844,722.499938964844,722.499938964844,794.640014648438,794.640014648438,794.640014648438,794.640014648438,794.640014648438,869.059936523438,869.059936523438,869.059936523438,869.059936523438,869.059936523438,NA
"UPLOG_6120",732.36669921875,732.36669921875,732.36669921875,732.36669921875,732.36669921875,732.36669921875,667.420043945312,667.420043945312,667.420043945312,667.420043945312,667.420043945312,713.519958496094,713.519958496094,713.519958496094,713.519958496094,713.519958496094,722.499938964844,722.499938964844,722.499938964844,722.499938964844,722.499938964844,794.640014648438,794.640014648438,794.640014648438,794.640014648438,794.640014648438,869.059936523438,869.059936523438,869.059936523438,869.059936523438,869.059936523438,NA
"UPLOG_6121",732.36669921875,732.36669921875,732.36669921875,732.36669921875,732.36669921875,732.36669921875,667.420043945312,667.420043945312,667.420043945312,667.420043945312,667.420043945312,718.010009765625,718.010009765625,718.010009765625,718.010009765625,718.010009765625,718.010009765625,718.010009765625,718.010009765625,718.010009765625,718.010009765625,794.640014648438,794.640014648438,794.640014648438,794.640014648438,794.640014648438,869.059936523438,869.059936523438,869.059936523438,869.059936523438,869.059936523438,NA
"UPLOG_6122",732.36669921875,732.36669921875,732.36669921875,732.36669921875,732.36669921875,732.36669921875,667.420043945312,667.420043945312,667.420043945312,667.420043945312,667.420043945312,713.519958496094,713.519958496094,713.519958496094,713.519958496094,713.519958496094,722.499938964844,722.499938964844,722.499938964844,722.499938964844,722.499938964844,794.640014648438,794.640014648438,794.640014648438,794.640014648438,794.640014648438,765.700012207031,765.700012207031,NA,NA,NA,NA
"UPLOG_6123",732.36669921875,732.36669921875,732.36669921875,732.36669921875,732.36669921875,732.36669921875,667.420043945312,667.420043945312,667.420043945312,667.420043945312,667.420043945312,713.519958496094,713.519958496094,713.519958496094,713.519958496094,713.519958496094,722.499938964844,722.499938964844,722.499938964844,722.499938964844,722.499938964844,794.640014648438,794.640014648438,794.640014648438,794.640014648438,794.640014648438,869.059936523438,869.059936523438,869.059936523438,869.059936523438,869.059936523438,NA
"UPLOG_6124",732.36669921875,732.36669921875,732.36669921875,732.36669921875,732.36669921875,732.36669921875,667.420043945312,667.420043945312,667.420043945312,667.420043945312,667.420043945312,713.519958496094,713.519958496094,713.519958496094,713.519958496094,713.519958496094,722.499938964844,722.499938964844,722.499938964844,722.499938964844,722.499938964844,794.640014648438,794.640014648438,794.640014648438,794.640014648438,794.640014648438,NA,NA,NA,NA,NA,NA
"UPLOG_6126",732.325073242188,732.325073242188,732.325073242188,732.325073242188,NA,NA,NA,NA,NA,NA,NA,NA,NA,NA,NA,NA,NA,NA,NA,NA,NA,NA,NA,NA,NA,NA,NA,NA,NA,NA,NA,NA
"UPLOG_6127",732.36669921875,732.36669921875,732.36669921875,732.36669921875,732.36669921875,732.36669921875,667.420043945312,667.420043945312,667.420043945312,667.420043945312,667.420043945312,713.519958496094,713.519958496094,713.519958496094,713.519958496094,713.519958496094,722.499938964844,722.499938964844,722.499938964844,722.499938964844,722.499938964844,794.640014648438,794.640014648438,794.640014648438,794.640014648438,794.640014648438,869.059936523438,869.059936523438,869.059936523438,869.059936523438,869.059936523438,NA
"UPLOG_6128",732.36669921875,732.36669921875,732.36669921875,732.36669921875,732.36669921875,732.36669921875,667.420043945312,667.420043945312,667.420043945312,667.420043945312,667.420043945312,713.519958496094,713.519958496094,713.519958496094,713.519958496094,713.519958496094,722.499938964844,722.499938964844,722.499938964844,722.499938964844,722.499938964844,794.640014648438,794.640014648438,794.640014648438,794.640014648438,794.640014648438,869.059936523438,869.059936523438,869.059936523438,869.059936523438,869.059936523438,NA
"UPLOG_6189",732.36669921875,732.36669921875,732.36669921875,732.36669921875,732.36669921875,732.36669921875,667.420043945312,667.420043945312,667.420043945312,667.420043945312,667.420043945312,713.519958496094,713.519958496094,713.519958496094,713.519958496094,713.519958496094,722.499938964844,722.499938964844,722.499938964844,722.499938964844,722.499938964844,794.640014648438,794.640014648438,794.640014648438,794.640014648438,794.640014648438,869.059936523438,869.059936523438,869.059936523438,869.059936523438,869.059936523438,NA
"UPLOG_6190",732.36669921875,732.36669921875,732.36669921875,732.36669921875,732.36669921875,732.36669921875,667.420043945312,667.420043945312,667.420043945312,667.420043945312,667.420043945312,713.519958496094,713.519958496094,713.519958496094,713.519958496094,713.519958496094,722.499938964844,722.499938964844,722.499938964844,722.499938964844,722.499938964844,794.640014648438,794.640014648438,794.640014648438,794.640014648438,794.640014648438,869.059936523438,869.059936523438,869.059936523438,869.059936523438,869.059936523438,NA
"UPLOG_6238",NA,NA,NA,NA,NA,NA,NA,NA,NA,NA,NA,NA,NA,NA,NA,NA,NA,NA,NA,NA,783.983337402344,783.983337402344,783.983337402344,783.983337402344,783.983337402344,783.983337402344,869.059936523438,869.059936523438,869.059936523438,869.059936523438,869.059936523438,NA
"UPLOG_6239",NA,NA,NA,NA,NA,NA,NA,NA,NA,NA,NA,NA,NA,NA,NA,754.966735839844,754.966735839844,754.966735839844,754.966735839844,754.966735839844,754.966735839844,794.640014648438,794.640014648438,794.640014648438,794.640014648438,794.640014648438,869.059936523438,869.059936523438,869.059936523438,869.059936523438,869.059936523438,NA
"UPLOG_6240",NA,NA,NA,NA,NA,NA,NA,NA,NA,NA,719.916687011719,719.916687011719,719.916687011719,719.916687011719,719.916687011719,719.916687011719,722.499938964844,722.499938964844,722.499938964844,722.499938964844,722.499938964844,794.640014648438,794.640014648438,794.640014648438,794.640014648438,794.640014648438,869.059936523438,869.059936523438,869.059936523438,869.059936523438,869.059936523438,NA
"UPLOG_6242",732.36669921875,732.36669921875,732.36669921875,732.36669921875,732.36669921875,732.36669921875,667.420043945312,667.420043945312,667.420043945312,667.420043945312,667.420043945312,713.519958496094,713.519958496094,713.519958496094,713.519958496094,713.519958496094,722.499938964844,722.499938964844,722.499938964844,722.499938964844,722.499938964844,794.640014648438,794.640014648438,794.640014648438,794.640014648438,794.640014648438,869.059936523438,869.059936523438,869.059936523438,869.059936523438,869.059936523438,NA
"UPLOG_6243",NA,NA,NA,NA,NA,666.950012207031,666.950012207031,666.950012207031,666.950012207031,666.950012207031,666.950012207031,713.519958496094,713.519958496094,713.519958496094,713.519958496094,713.519958496094,722.499938964844,722.499938964844,722.499938964844,722.499938964844,722.499938964844,794.640014648438,794.640014648438,794.640014648438,794.640014648438,794.640014648438,869.059936523438,869.059936523438,869.059936523438,869.059936523438,869.059936523438,NA
"UPLOG_6244",732.36669921875,732.36669921875,732.36669921875,732.36669921875,732.36669921875,732.36669921875,667.420043945312,667.420043945312,667.420043945312,667.420043945312,667.420043945312,713.519958496094,713.519958496094,713.519958496094,713.519958496094,713.519958496094,722.499938964844,722.499938964844,722.499938964844,722.499938964844,722.499938964844,794.640014648438,794.640014648438,794.640014648438,794.640014648438,794.640014648438,869.059936523438,869.059936523438,869.059936523438,869.059936523438,869.059936523438,NA
"UPLOG_6247",NA,NA,NA,NA,NA,666.950012207031,666.950012207031,666.950012207031,666.950012207031,666.950012207031,666.950012207031,713.519958496094,713.519958496094,713.519958496094,713.519958496094,713.519958496094,722.499938964844,722.499938964844,722.499938964844,722.499938964844,722.499938964844,794.640014648438,794.640014648438,794.640014648438,794.640014648438,794.640014648438,869.059936523438,869.059936523438,869.059936523438,869.059936523438,869.059936523438,NA
"UPLOG_6250",732.36669921875,732.36669921875,732.36669921875,732.36669921875,732.36669921875,732.36669921875,667.420043945312,667.420043945312,667.420043945312,667.420043945312,667.420043945312,713.519958496094,713.519958496094,713.519958496094,713.519958496094,713.519958496094,753.433288574219,753.433288574219,753.433288574219,NA,NA,NA,NA,NA,NA,NA,NA,NA,NA,NA,NA,NA
"UPLOG_6255",NA,NA,NA,NA,NA,NA,NA,NA,NA,NA,NA,NA,NA,NA,NA,NA,NA,NA,NA,NA,NA,NA,NA,NA,NA,829.016662597656,829.016662597656,829.016662597656,829.016662597656,829.016662597656,829.016662597656,NA
"UPLOG_6256",732.36669921875,732.36669921875,732.36669921875,732.36669921875,732.36669921875,732.36669921875,667.420043945312,667.420043945312,667.420043945312,667.420043945312,667.420043945312,713.519958496094,713.519958496094,713.519958496094,713.519958496094,713.519958496094,722.499938964844,722.499938964844,722.499938964844,722.499938964844,722.499938964844,794.640014648438,794.640014648438,794.640014648438,794.640014648438,794.640014648438,NA,NA,NA,NA,NA,NA
"UPLOG_6259",732.36669921875,732.36669921875,732.36669921875,732.36669921875,732.36669921875,732.36669921875,NA,NA,NA,NA,NA,NA,NA,NA,NA,NA,NA,NA,NA,NA,NA,NA,NA,NA,NA,NA,NA,NA,NA,NA,NA,NA
"UPLOG_6261",732.36669921875,732.36669921875,732.36669921875,732.36669921875,732.36669921875,732.36669921875,667.420043945312,667.420043945312,667.420043945312,667.420043945312,667.420043945312,713.519958496094,713.519958496094,713.519958496094,713.519958496094,713.519958496094,722.499938964844,722.499938964844,722.499938964844,722.499938964844,722.499938964844,794.640014648438,794.640014648438,794.640014648438,794.640014648438,794.640014648438,NA,NA,NA,NA,NA,NA
"UPLOG_6262",NA,NA,NA,NA,NA,NA,NA,NA,NA,NA,NA,NA,NA,NA,NA,NA,NA,NA,NA,NA,783.983337402344,783.983337402344,783.983337402344,783.983337402344,783.983337402344,783.983337402344,869.059936523438,869.059936523438,869.059936523438,869.059936523438,869.059936523438,NA
"UPLOG_6264",NA,NA,NA,NA,NA,NA,NA,NA,NA,NA,NA,NA,NA,NA,NA,754.966735839844,754.966735839844,754.966735839844,754.966735839844,754.966735839844,754.966735839844,794.640014648438,794.640014648438,794.640014648438,794.640014648438,794.640014648438,869.059936523438,869.059936523438,869.059936523438,869.059936523438,869.059936523438,NA
"UPLOG_6267",732.36669921875,732.36669921875,732.36669921875,732.36669921875,732.36669921875,732.36669921875,667.420043945312,667.420043945312,667.420043945312,667.420043945312,667.420043945312,713.519958496094,713.519958496094,713.519958496094,713.519958496094,713.519958496094,722.499938964844,722.499938964844,722.499938964844,722.499938964844,722.499938964844,794.640014648438,794.640014648438,794.640014648438,794.640014648438,794.640014648438,NA,NA,NA,NA,NA,NA
"UPLOG_6268",NA,NA,NA,NA,NA,NA,NA,NA,NA,NA,719.916687011719,719.916687011719,719.916687011719,719.916687011719,719.916687011719,719.916687011719,722.499938964844,722.499938964844,722.499938964844,722.499938964844,722.499938964844,794.640014648438,794.640014648438,794.640014648438,794.640014648438,794.640014648438,869.059936523438,869.059936523438,869.059936523438,869.059936523438,869.059936523438,NA
"UPLOG_6269",732.36669921875,732.36669921875,732.36669921875,732.36669921875,732.36669921875,732.36669921875,667.420043945312,667.420043945312,667.420043945312,667.420043945312,667.420043945312,713.519958496094,713.519958496094,713.519958496094,713.519958496094,713.519958496094,722.499938964844,722.499938964844,722.499938964844,722.499938964844,722.499938964844,794.640014648438,794.640014648438,794.640014648438,794.640014648438,794.640014648438,NA,NA,NA,NA,NA,NA
"UPLOG_6272",NA,NA,NA,NA,NA,NA,NA,NA,NA,NA,NA,NA,NA,NA,NA,NA,NA,NA,NA,NA,NA,NA,NA,NA,NA,829.016662597656,829.016662597656,829.016662597656,829.016662597656,829.016662597656,829.016662597656,NA
"UPLOG_6277",NA,NA,NA,NA,NA,NA,NA,NA,NA,NA,719.916687011719,719.916687011719,719.916687011719,719.916687011719,719.916687011719,719.916687011719,722.499938964844,722.499938964844,722.499938964844,722.499938964844,722.499938964844,794.640014648438,794.640014648438,794.640014648438,794.640014648438,794.640014648438,869.059936523438,869.059936523438,869.059936523438,869.059936523438,869.059936523438,NA
"UPLOG_6278",NA,NA,NA,NA,NA,NA,NA,NA,NA,NA,719.916687011719,719.916687011719,719.916687011719,719.916687011719,719.916687011719,719.916687011719,722.499938964844,722.499938964844,722.499938964844,722.499938964844,722.499938964844,794.640014648438,794.640014648438,794.640014648438,794.640014648438,794.640014648438,869.059936523438,869.059936523438,869.059936523438,869.059936523438,869.059936523438,NA
"UPLOG_6279",NA,NA,NA,NA,NA,NA,NA,NA,NA,NA,719.916687011719,719.916687011719,719.916687011719,719.916687011719,719.916687011719,719.916687011719,722.499938964844,722.499938964844,722.499938964844,722.499938964844,722.499938964844,794.640014648438,794.640014648438,794.640014648438,794.640014648438,794.640014648438,897.200012207031,NA,NA,NA,NA,NA
"UPLOG_6281",NA,NA,NA,NA,NA,NA,NA,NA,NA,NA,NA,NA,NA,NA,NA,754.966735839844,754.966735839844,754.966735839844,754.966735839844,754.966735839844,754.966735839844,794.640014648438,794.640014648438,794.640014648438,794.640014648438,794.640014648438,869.059936523438,869.059936523438,869.059936523438,869.059936523438,869.059936523438,NA
"UPLOG_6282",NA,NA,NA,NA,NA,NA,NA,NA,NA,NA,719.916687011719,719.916687011719,719.916687011719,719.916687011719,719.916687011719,719.916687011719,722.499938964844,722.499938964844,722.499938964844,722.499938964844,722.499938964844,794.640014648438,794.640014648438,794.640014648438,794.640014648438,794.640014648438,869.059936523438,869.059936523438,869.059936523438,869.059936523438,869.059936523438,NA
"UPLOG_6284",NA,NA,NA,NA,NA,NA,NA,NA,NA,NA,NA,NA,NA,NA,NA,NA,NA,NA,NA,NA,NA,NA,NA,NA,NA,829.016662597656,829.016662597656,829.016662597656,829.016662597656,829.016662597656,829.016662597656,NA
"UPLOG_6285",NA,NA,NA,NA,NA,NA,NA,NA,NA,NA,719.916687011719,719.916687011719,719.916687011719,719.916687011719,719.916687011719,719.916687011719,722.499938964844,722.499938964844,722.499938964844,722.499938964844,722.499938964844,794.640014648438,794.640014648438,794.640014648438,794.640014648438,794.640014648438,869.059936523438,869.059936523438,869.059936523438,869.059936523438,869.059936523438,NA
"UPLOG_6286",732.36669921875,732.36669921875,732.36669921875,732.36669921875,732.36669921875,732.36669921875,667.420043945312,667.420043945312,667.420043945312,667.420043945312,667.420043945312,630.099975585938,NA,NA,NA,NA,NA,NA,NA,NA,NA,NA,NA,NA,NA,NA,NA,NA,NA,NA,NA,NA
"UPLOG_6289",NA,NA,NA,NA,NA,NA,NA,NA,NA,NA,NA,NA,NA,NA,NA,754.966735839844,754.966735839844,754.966735839844,754.966735839844,754.966735839844,754.966735839844,794.640014648438,794.640014648438,794.640014648438,794.640014648438,794.640014648438,869.059936523438,869.059936523438,869.059936523438,869.059936523438,869.059936523438,NA
"UPLOG_6290",732.36669921875,732.36669921875,732.36669921875,732.36669921875,732.36669921875,732.36669921875,667.420043945312,667.420043945312,667.420043945312,667.420043945312,667.420043945312,713.519958496094,713.519958496094,713.519958496094,713.519958496094,713.519958496094,722.499938964844,722.499938964844,722.499938964844,722.499938964844,722.499938964844,794.640014648438,794.640014648438,794.640014648438,794.640014648438,794.640014648438,869.059936523438,869.059936523438,869.059936523438,869.059936523438,869.059936523438,NA
"UPLOG_6294",NA,NA,NA,NA,NA,NA,NA,NA,NA,NA,719.916687011719,719.916687011719,719.916687011719,719.916687011719,719.916687011719,719.916687011719,722.499938964844,722.499938964844,722.499938964844,722.499938964844,722.499938964844,794.640014648438,794.640014648438,794.640014648438,794.640014648438,794.640014648438,NA,NA,NA,NA,NA,NA
"UPLOG_6296",NA,NA,NA,NA,NA,NA,NA,NA,NA,NA,719.916687011719,719.916687011719,719.916687011719,719.916687011719,719.916687011719,719.916687011719,722.499938964844,722.499938964844,722.499938964844,722.499938964844,722.499938964844,794.640014648438,794.640014648438,794.640014648438,794.640014648438,794.640014648438,897.200012207031,NA,NA,NA,NA,NA
"UPLOG_6297",NA,NA,NA,NA,NA,666.950012207031,666.950012207031,666.950012207031,666.950012207031,666.950012207031,666.950012207031,713.519958496094,713.519958496094,713.519958496094,713.519958496094,713.519958496094,722.499938964844,722.499938964844,722.499938964844,722.499938964844,722.499938964844,908.349975585938,908.349975585938,NA,NA,NA,NA,NA,NA,NA,NA,NA
"UPLOG_6299",732.36669921875,732.36669921875,732.36669921875,732.36669921875,732.36669921875,732.36669921875,667.420043945312,667.420043945312,667.420043945312,667.420043945312,667.420043945312,713.519958496094,713.519958496094,713.519958496094,713.519958496094,713.519958496094,722.499938964844,722.499938964844,722.499938964844,722.499938964844,722.499938964844,794.640014648438,794.640014648438,794.640014648438,794.640014648438,794.640014648438,869.059936523438,869.059936523438,869.059936523438,869.059936523438,869.059936523438,NA
"UPLOG_6300",732.36669921875,732.36669921875,732.36669921875,732.36669921875,732.36669921875,732.36669921875,667.420043945312,667.420043945312,667.420043945312,667.420043945312,667.420043945312,713.519958496094,713.519958496094,713.519958496094,713.519958496094,713.519958496094,722.499938964844,722.499938964844,722.499938964844,722.499938964844,722.499938964844,794.640014648438,794.640014648438,794.640014648438,794.640014648438,794.640014648438,869.059936523438,869.059936523438,869.059936523438,869.059936523438,869.059936523438,NA
"UPLOG_6301",732.325073242188,732.325073242188,732.325073242188,732.325073242188,NA,NA,NA,NA,NA,NA,NA,NA,NA,NA,NA,NA,NA,NA,NA,NA,NA,NA,NA,NA,NA,NA,NA,NA,NA,NA,NA,NA
"UPLOG_6304",732.36669921875,732.36669921875,732.36669921875,732.36669921875,732.36669921875,732.36669921875,667.420043945312,667.420043945312,667.420043945312,667.420043945312,667.420043945312,713.519958496094,713.519958496094,713.519958496094,713.519958496094,713.519958496094,722.499938964844,722.499938964844,722.499938964844,722.499938964844,722.499938964844,794.640014648438,794.640014648438,794.640014648438,794.640014648438,794.640014648438,869.059936523438,869.059936523438,869.059936523438,869.059936523438,869.059936523438,NA
"UPLOG_6305",NA,NA,NA,NA,NA,575.549987792969,575.549987792969,NA,NA,NA,NA,NA,NA,NA,NA,NA,NA,NA,NA,NA,NA,NA,NA,NA,NA,NA,NA,NA,NA,NA,NA,NA
"UPLOG_6306",732.36669921875,732.36669921875,732.36669921875,732.36669921875,732.36669921875,732.36669921875,667.420043945312,667.420043945312,667.420043945312,667.420043945312,667.420043945312,713.519958496094,713.519958496094,713.519958496094,713.519958496094,713.519958496094,722.499938964844,722.499938964844,722.499938964844,722.499938964844,722.499938964844,794.640014648438,794.640014648438,794.640014648438,794.640014648438,794.640014648438,869.059936523438,869.059936523438,869.059936523438,869.059936523438,869.059936523438,613.099975585938
"UPLOG_6307",732.325073242188,732.325073242188,732.325073242188,732.325073242188,NA,NA,NA,NA,NA,NA,NA,NA,NA,NA,NA,NA,NA,NA,NA,NA,NA,NA,NA,NA,NA,NA,NA,NA,NA,NA,NA,NA
"UPLOG_6308",732.36669921875,732.36669921875,732.36669921875,732.36669921875,732.36669921875,732.36669921875,667.420043945312,667.420043945312,667.420043945312,667.420043945312,667.420043945312,713.519958496094,713.519958496094,713.519958496094,713.519958496094,713.519958496094,NA,NA,NA,NA,NA,NA,NA,NA,NA,NA,NA,NA,NA,NA,NA,NA
"UPLOG_6311",NA,NA,NA,NA,NA,666.950012207031,666.950012207031,666.950012207031,666.950012207031,666.950012207031,666.950012207031,713.519958496094,713.519958496094,713.519958496094,713.519958496094,713.519958496094,722.499938964844,722.499938964844,722.499938964844,722.499938964844,722.499938964844,794.640014648438,794.640014648438,794.640014648438,794.640014648438,794.640014648438,869.059936523438,869.059936523438,869.059936523438,869.059936523438,869.059936523438,NA
"UPLOG_6312",732.36669921875,732.36669921875,732.36669921875,732.36669921875,732.36669921875,732.36669921875,667.420043945312,667.420043945312,667.420043945312,667.420043945312,667.420043945312,713.519958496094,713.519958496094,713.519958496094,713.519958496094,713.519958496094,722.499938964844,722.499938964844,722.499938964844,722.499938964844,722.499938964844,794.640014648438,794.640014648438,794.640014648438,794.640014648438,794.640014648438,869.059936523438,869.059936523438,869.059936523438,869.059936523438,869.059936523438,NA
"UPLOG_6313",732.36669921875,732.36669921875,732.36669921875,732.36669921875,732.36669921875,732.36669921875,667.420043945312,667.420043945312,667.420043945312,667.420043945312,667.420043945312,713.519958496094,713.519958496094,713.519958496094,713.519958496094,713.519958496094,722.499938964844,722.499938964844,722.499938964844,722.499938964844,722.499938964844,794.640014648438,794.640014648438,794.640014648438,794.640014648438,794.640014648438,869.059936523438,869.059936523438,869.059936523438,869.059936523438,869.059936523438,NA
"UPLOG_6316",791.150024414062,791.150024414062,NA,NA,NA,NA,NA,NA,NA,NA,NA,NA,NA,NA,NA,NA,NA,NA,NA,NA,NA,NA,NA,NA,NA,NA,NA,NA,NA,NA,NA,NA
"UPLOG_6317",732.36669921875,732.36669921875,732.36669921875,732.36669921875,732.36669921875,732.36669921875,667.420043945312,667.420043945312,667.420043945312,667.420043945312,667.420043945312,713.519958496094,713.519958496094,713.519958496094,713.519958496094,713.519958496094,722.499938964844,722.499938964844,722.499938964844,722.499938964844,722.499938964844,794.640014648438,794.640014648438,794.640014648438,794.640014648438,794.640014648438,869.059936523438,869.059936523438,869.059936523438,869.059936523438,869.059936523438,NA
"UPLOG_6318",732.36669921875,732.36669921875,732.36669921875,732.36669921875,732.36669921875,732.36669921875,667.420043945312,667.420043945312,667.420043945312,667.420043945312,667.420043945312,713.519958496094,713.519958496094,713.519958496094,713.519958496094,713.519958496094,722.499938964844,722.499938964844,722.499938964844,722.499938964844,722.499938964844,836.099975585938,836.099975585938,836.099975585938,836.099975585938,NA,NA,NA,NA,NA,NA,NA
"UPLOG_6319",NA,NA,NA,NA,NA,NA,NA,NA,NA,NA,719.916687011719,719.916687011719,719.916687011719,719.916687011719,719.916687011719,719.916687011719,722.499938964844,722.499938964844,722.499938964844,722.499938964844,722.499938964844,794.640014648438,794.640014648438,794.640014648438,794.640014648438,794.640014648438,869.059936523438,869.059936523438,869.059936523438,869.059936523438,869.059936523438,NA
"UPLOG_6320",732.36669921875,732.36669921875,732.36669921875,732.36669921875,732.36669921875,732.36669921875,667.420043945312,667.420043945312,667.420043945312,667.420043945312,667.420043945312,713.519958496094,713.519958496094,713.519958496094,713.519958496094,713.519958496094,722.499938964844,722.499938964844,722.499938964844,722.499938964844,722.499938964844,794.640014648438,794.640014648438,794.640014648438,794.640014648438,794.640014648438,869.059936523438,869.059936523438,869.059936523438,869.059936523438,869.059936523438,NA
"UPLOG_6321",732.36669921875,732.36669921875,732.36669921875,732.36669921875,732.36669921875,732.36669921875,667.420043945312,667.420043945312,667.420043945312,667.420043945312,667.420043945312,713.519958496094,713.519958496094,713.519958496094,713.519958496094,713.519958496094,722.499938964844,722.499938964844,722.499938964844,722.499938964844,722.499938964844,794.640014648438,794.640014648438,794.640014648438,794.640014648438,794.640014648438,869.059936523438,869.059936523438,869.059936523438,869.059936523438,869.059936523438,NA
"UPLOG_6329",732.36669921875,732.36669921875,732.36669921875,732.36669921875,732.36669921875,732.36669921875,667.420043945312,667.420043945312,667.420043945312,667.420043945312,667.420043945312,713.519958496094,713.519958496094,713.519958496094,713.519958496094,713.519958496094,722.499938964844,722.499938964844,722.499938964844,722.499938964844,722.499938964844,794.640014648438,794.640014648438,794.640014648438,794.640014648438,794.640014648438,869.059936523438,869.059936523438,869.059936523438,869.059936523438,869.059936523438,NA
"UPLOG_6331",732.36669921875,732.36669921875,732.36669921875,732.36669921875,732.36669921875,732.36669921875,667.420043945312,667.420043945312,667.420043945312,667.420043945312,667.420043945312,713.519958496094,713.519958496094,713.519958496094,713.519958496094,713.519958496094,722.499938964844,722.499938964844,722.499938964844,722.499938964844,722.499938964844,794.640014648438,794.640014648438,794.640014648438,794.640014648438,794.640014648438,869.059936523438,869.059936523438,869.059936523438,869.059936523438,869.059936523438,NA
"UPLOG_6334",732.36669921875,732.36669921875,732.36669921875,732.36669921875,732.36669921875,732.36669921875,667.420043945312,667.420043945312,667.420043945312,667.420043945312,667.420043945312,713.519958496094,713.519958496094,713.519958496094,713.519958496094,713.519958496094,722.499938964844,722.499938964844,722.499938964844,722.499938964844,722.499938964844,794.640014648438,794.640014648438,794.640014648438,794.640014648438,794.640014648438,869.059936523438,869.059936523438,869.059936523438,869.059936523438,869.059936523438,NA
"UPLOG_6335",732.36669921875,732.36669921875,732.36669921875,732.36669921875,732.36669921875,732.36669921875,NA,NA,NA,NA,NA,NA,NA,NA,NA,NA,NA,NA,NA,NA,NA,NA,NA,NA,NA,NA,NA,NA,NA,NA,NA,NA
"UPLOG_6346",732.36669921875,732.36669921875,732.36669921875,732.36669921875,732.36669921875,732.36669921875,667.420043945312,667.420043945312,667.420043945312,667.420043945312,667.420043945312,713.519958496094,713.519958496094,713.519958496094,713.519958496094,713.519958496094,758.569946289062,758.569946289062,758.569946289062,758.569946289062,758.569946289062,758.569946289062,758.569946289062,758.569946289062,758.569946289062,758.569946289062,869.059936523438,869.059936523438,869.059936523438,869.059936523438,869.059936523438,NA
"UPLOG_6348",732.36669921875,732.36669921875,732.36669921875,732.36669921875,732.36669921875,732.36669921875,667.420043945312,667.420043945312,667.420043945312,667.420043945312,667.420043945312,713.519958496094,713.519958496094,713.519958496094,713.519958496094,713.519958496094,722.499938964844,722.499938964844,722.499938964844,722.499938964844,722.499938964844,794.640014648438,794.640014648438,794.640014648438,794.640014648438,794.640014648438,869.059936523438,869.059936523438,869.059936523438,869.059936523438,869.059936523438,NA
"UPLOG_6349",NA,NA,NA,NA,NA,NA,NA,NA,NA,NA,NA,NA,NA,NA,NA,754.966735839844,754.966735839844,754.966735839844,754.966735839844,754.966735839844,754.966735839844,794.640014648438,794.640014648438,794.640014648438,794.640014648438,794.640014648438,869.059936523438,869.059936523438,869.059936523438,869.059936523438,869.059936523438,NA
"UPLOG_6351",732.36669921875,732.36669921875,732.36669921875,732.36669921875,732.36669921875,732.36669921875,667.420043945312,667.420043945312,667.420043945312,667.420043945312,667.420043945312,713.519958496094,713.519958496094,713.519958496094,713.519958496094,713.519958496094,722.499938964844,722.499938964844,722.499938964844,722.499938964844,722.499938964844,794.640014648438,794.640014648438,794.640014648438,794.640014648438,794.640014648438,869.059936523438,869.059936523438,869.059936523438,869.059936523438,869.059936523438,NA
"UPLOG_6352",732.36669921875,732.36669921875,732.36669921875,732.36669921875,732.36669921875,732.36669921875,667.420043945312,667.420043945312,667.420043945312,667.420043945312,667.420043945312,713.519958496094,713.519958496094,713.519958496094,713.519958496094,713.519958496094,722.499938964844,722.499938964844,722.499938964844,722.499938964844,722.499938964844,794.640014648438,794.640014648438,794.640014648438,794.640014648438,794.640014648438,869.059936523438,869.059936523438,869.059936523438,869.059936523438,869.059936523438,NA
"UPLOG_6353",NA,NA,NA,NA,NA,666.950012207031,666.950012207031,666.950012207031,666.950012207031,666.950012207031,666.950012207031,713.519958496094,713.519958496094,713.519958496094,713.519958496094,713.519958496094,722.499938964844,722.499938964844,722.499938964844,722.499938964844,722.499938964844,794.640014648438,794.640014648438,794.640014648438,794.640014648438,794.640014648438,869.059936523438,869.059936523438,869.059936523438,869.059936523438,869.059936523438,NA
"UPLOG_6356",732.325073242188,732.325073242188,732.325073242188,732.325073242188,NA,NA,NA,NA,NA,NA,NA,NA,NA,NA,NA,NA,NA,NA,NA,NA,NA,NA,NA,NA,NA,NA,NA,NA,NA,NA,NA,NA
"UPLOG_6357",732.36669921875,732.36669921875,732.36669921875,732.36669921875,732.36669921875,732.36669921875,667.420043945312,667.420043945312,667.420043945312,667.420043945312,667.420043945312,713.519958496094,713.519958496094,713.519958496094,713.519958496094,713.519958496094,722.499938964844,722.499938964844,722.499938964844,722.499938964844,722.499938964844,794.640014648438,794.640014648438,794.640014648438,794.640014648438,794.640014648438,869.059936523438,869.059936523438,869.059936523438,869.059936523438,869.059936523438,NA
"UPLOG_6358",732.36669921875,732.36669921875,732.36669921875,732.36669921875,732.36669921875,732.36669921875,667.420043945312,667.420043945312,667.420043945312,667.420043945312,667.420043945312,713.519958496094,713.519958496094,713.519958496094,713.519958496094,713.519958496094,722.499938964844,722.499938964844,722.499938964844,722.499938964844,722.499938964844,836.099975585938,836.099975585938,836.099975585938,836.099975585938,NA,NA,NA,NA,NA,NA,NA
"UPLOG_6359",732.36669921875,732.36669921875,732.36669921875,732.36669921875,732.36669921875,732.36669921875,667.420043945312,667.420043945312,667.420043945312,667.420043945312,667.420043945312,713.519958496094,713.519958496094,713.519958496094,713.519958496094,713.519958496094,722.499938964844,722.499938964844,722.499938964844,722.499938964844,722.499938964844,836.099975585938,836.099975585938,836.099975585938,836.099975585938,NA,NA,NA,NA,NA,NA,NA
"UPLOG_6360",732.36669921875,732.36669921875,732.36669921875,732.36669921875,732.36669921875,732.36669921875,667.420043945312,667.420043945312,667.420043945312,667.420043945312,667.420043945312,728.487487792969,728.487487792969,728.487487792969,728.487487792969,728.487487792969,728.487487792969,728.487487792969,728.487487792969,NA,NA,NA,NA,NA,NA,NA,NA,NA,NA,NA,NA,NA
"UPLOG_6361",732.36669921875,732.36669921875,732.36669921875,732.36669921875,732.36669921875,732.36669921875,667.420043945312,667.420043945312,667.420043945312,667.420043945312,667.420043945312,662.574951171875,662.574951171875,662.574951171875,662.574951171875,NA,NA,NA,NA,NA,NA,NA,NA,NA,NA,NA,NA,NA,NA,NA,NA,NA
"UPLOG_6363",732.36669921875,732.36669921875,732.36669921875,732.36669921875,732.36669921875,732.36669921875,667.420043945312,667.420043945312,667.420043945312,667.420043945312,667.420043945312,713.519958496094,713.519958496094,713.519958496094,713.519958496094,713.519958496094,722.499938964844,722.499938964844,722.499938964844,722.499938964844,722.499938964844,794.640014648438,794.640014648438,794.640014648438,794.640014648438,794.640014648438,869.059936523438,869.059936523438,869.059936523438,869.059936523438,869.059936523438,NA
"UPLOG_6366",732.36669921875,732.36669921875,732.36669921875,732.36669921875,732.36669921875,732.36669921875,667.420043945312,667.420043945312,667.420043945312,667.420043945312,667.420043945312,713.519958496094,713.519958496094,713.519958496094,713.519958496094,713.519958496094,722.499938964844,722.499938964844,722.499938964844,722.499938964844,722.499938964844,794.640014648438,794.640014648438,794.640014648438,794.640014648438,794.640014648438,869.059936523438,869.059936523438,869.059936523438,869.059936523438,869.059936523438,NA
"UPLOG_6367",732.36669921875,732.36669921875,732.36669921875,732.36669921875,732.36669921875,732.36669921875,667.420043945312,667.420043945312,667.420043945312,667.420043945312,667.420043945312,713.519958496094,713.519958496094,713.519958496094,713.519958496094,713.519958496094,722.499938964844,722.499938964844,722.499938964844,722.499938964844,722.499938964844,794.640014648438,794.640014648438,794.640014648438,794.640014648438,794.640014648438,NA,NA,NA,NA,NA,NA
"UPLOG_6368",732.36669921875,732.36669921875,732.36669921875,732.36669921875,732.36669921875,732.36669921875,667.420043945312,667.420043945312,667.420043945312,667.420043945312,667.420043945312,650.733337402344,650.733337402344,650.733337402344,NA,NA,NA,NA,NA,NA,NA,NA,NA,NA,NA,NA,NA,NA,NA,NA,NA,NA
"UPLOG_6369",732.36669921875,732.36669921875,732.36669921875,732.36669921875,732.36669921875,732.36669921875,667.420043945312,667.420043945312,667.420043945312,667.420043945312,667.420043945312,708.449951171875,708.449951171875,NA,NA,NA,NA,NA,NA,NA,NA,NA,NA,NA,NA,NA,NA,NA,NA,NA,NA,NA
"UPLOG_6371",NA,NA,NA,NA,NA,NA,NA,NA,NA,NA,NA,NA,NA,NA,NA,754.966735839844,754.966735839844,754.966735839844,754.966735839844,754.966735839844,754.966735839844,794.640014648438,794.640014648438,794.640014648438,794.640014648438,794.640014648438,869.059936523438,869.059936523438,869.059936523438,869.059936523438,869.059936523438,NA
"UPLOG_6372",NA,NA,NA,NA,NA,666.950012207031,666.950012207031,666.950012207031,666.950012207031,666.950012207031,666.950012207031,713.519958496094,713.519958496094,713.519958496094,713.519958496094,713.519958496094,722.499938964844,722.499938964844,722.499938964844,722.499938964844,722.499938964844,794.640014648438,794.640014648438,794.640014648438,794.640014648438,794.640014648438,869.059936523438,869.059936523438,869.059936523438,869.059936523438,869.059936523438,NA
"UPLOG_6373",NA,NA,NA,NA,NA,NA,NA,NA,NA,NA,719.916687011719,719.916687011719,719.916687011719,719.916687011719,719.916687011719,719.916687011719,722.499938964844,722.499938964844,722.499938964844,722.499938964844,722.499938964844,794.640014648438,794.640014648438,794.640014648438,794.640014648438,794.640014648438,869.059936523438,869.059936523438,869.059936523438,869.059936523438,869.059936523438,NA
"UPLOG_6374",732.325073242188,732.325073242188,732.325073242188,732.325073242188,NA,NA,NA,NA,NA,NA,NA,NA,NA,NA,NA,NA,NA,NA,NA,NA,NA,NA,NA,NA,NA,NA,NA,NA,NA,NA,NA,NA
"UPLOG_6375",NA,NA,NA,NA,NA,NA,NA,NA,NA,NA,NA,NA,NA,NA,NA,NA,NA,NA,NA,NA,783.983337402344,783.983337402344,783.983337402344,783.983337402344,783.983337402344,783.983337402344,869.059936523438,869.059936523438,869.059936523438,869.059936523438,869.059936523438,NA
"UPLOG_6377",732.36669921875,732.36669921875,732.36669921875,732.36669921875,732.36669921875,732.36669921875,667.420043945312,667.420043945312,667.420043945312,667.420043945312,667.420043945312,713.519958496094,713.519958496094,713.519958496094,713.519958496094,713.519958496094,722.499938964844,722.499938964844,722.499938964844,722.499938964844,722.499938964844,794.640014648438,794.640014648438,794.640014648438,794.640014648438,794.640014648438,869.059936523438,869.059936523438,869.059936523438,869.059936523438,869.059936523438,NA
"UPLOG_6378",732.36669921875,732.36669921875,732.36669921875,732.36669921875,732.36669921875,732.36669921875,667.420043945312,667.420043945312,667.420043945312,667.420043945312,667.420043945312,713.519958496094,713.519958496094,713.519958496094,713.519958496094,713.519958496094,722.499938964844,722.499938964844,722.499938964844,722.499938964844,722.499938964844,794.640014648438,794.640014648438,794.640014648438,794.640014648438,794.640014648438,869.059936523438,869.059936523438,869.059936523438,869.059936523438,869.059936523438,NA
"UPLOG_6379",732.36669921875,732.36669921875,732.36669921875,732.36669921875,732.36669921875,732.36669921875,667.420043945312,667.420043945312,667.420043945312,667.420043945312,667.420043945312,713.519958496094,713.519958496094,713.519958496094,713.519958496094,713.519958496094,722.499938964844,722.499938964844,722.499938964844,722.499938964844,722.499938964844,794.640014648438,794.640014648438,794.640014648438,794.640014648438,794.640014648438,869.059936523438,869.059936523438,869.059936523438,869.059936523438,869.059936523438,NA
"UPLOG_6380",NA,NA,NA,NA,NA,NA,NA,NA,NA,NA,NA,NA,NA,NA,NA,754.966735839844,754.966735839844,754.966735839844,754.966735839844,754.966735839844,754.966735839844,794.640014648438,794.640014648438,794.640014648438,794.640014648438,794.640014648438,869.059936523438,869.059936523438,869.059936523438,869.059936523438,869.059936523438,NA
"UPLOG_6381",732.36669921875,732.36669921875,732.36669921875,732.36669921875,732.36669921875,732.36669921875,667.420043945312,667.420043945312,667.420043945312,667.420043945312,667.420043945312,713.519958496094,713.519958496094,713.519958496094,713.519958496094,713.519958496094,722.499938964844,722.499938964844,722.499938964844,722.499938964844,722.499938964844,794.640014648438,794.640014648438,794.640014648438,794.640014648438,794.640014648438,869.059936523438,869.059936523438,869.059936523438,869.059936523438,869.059936523438,NA
"UPLOG_6382",732.325073242188,732.325073242188,732.325073242188,732.325073242188,NA,NA,NA,NA,NA,NA,NA,NA,NA,NA,NA,NA,NA,NA,NA,NA,NA,NA,NA,NA,NA,NA,NA,NA,NA,NA,NA,NA
"UPLOG_6384",732.36669921875,732.36669921875,732.36669921875,732.36669921875,732.36669921875,732.36669921875,667.420043945312,667.420043945312,667.420043945312,667.420043945312,667.420043945312,713.519958496094,713.519958496094,713.519958496094,713.519958496094,713.519958496094,722.499938964844,722.499938964844,722.499938964844,722.499938964844,722.499938964844,794.640014648438,794.640014648438,794.640014648438,794.640014648438,794.640014648438,869.059936523438,869.059936523438,869.059936523438,869.059936523438,869.059936523438,NA
"UPLOG_6385",732.36669921875,732.36669921875,732.36669921875,732.36669921875,732.36669921875,732.36669921875,486.5,NA,NA,NA,NA,NA,NA,NA,NA,NA,NA,NA,NA,NA,NA,NA,NA,NA,NA,NA,NA,NA,NA,NA,NA,NA
"UPLOG_6386",NA,NA,NA,NA,NA,NA,NA,NA,NA,NA,NA,NA,NA,NA,NA,NA,NA,NA,NA,NA,NA,NA,NA,NA,NA,829.016662597656,829.016662597656,829.016662597656,829.016662597656,829.016662597656,829.016662597656,NA
"UPLOG_6387",732.36669921875,732.36669921875,732.36669921875,732.36669921875,732.36669921875,732.36669921875,667.420043945312,667.420043945312,667.420043945312,667.420043945312,667.420043945312,713.519958496094,713.519958496094,713.519958496094,713.519958496094,713.519958496094,770.099975585938,770.099975585938,NA,NA,NA,NA,NA,NA,NA,NA,NA,NA,NA,NA,NA,NA
"UPLOG_6388",732.36669921875,732.36669921875,732.36669921875,732.36669921875,732.36669921875,732.36669921875,667.420043945312,667.420043945312,667.420043945312,667.420043945312,667.420043945312,713.519958496094,713.519958496094,713.519958496094,713.519958496094,713.519958496094,722.499938964844,722.499938964844,722.499938964844,722.499938964844,722.499938964844,836.099975585938,836.099975585938,836.099975585938,836.099975585938,NA,NA,NA,NA,NA,NA,NA
"UPLOG_6389",732.36669921875,732.36669921875,732.36669921875,732.36669921875,732.36669921875,732.36669921875,667.420043945312,667.420043945312,667.420043945312,667.420043945312,667.420043945312,713.519958496094,713.519958496094,713.519958496094,713.519958496094,713.519958496094,722.499938964844,722.499938964844,722.499938964844,722.499938964844,722.499938964844,794.640014648438,794.640014648438,794.640014648438,794.640014648438,794.640014648438,869.059936523438,869.059936523438,869.059936523438,869.059936523438,869.059936523438,NA
"UPLOG_6391",732.36669921875,732.36669921875,732.36669921875,732.36669921875,732.36669921875,732.36669921875,667.420043945312,667.420043945312,667.420043945312,667.420043945312,667.420043945312,713.519958496094,713.519958496094,713.519958496094,713.519958496094,713.519958496094,722.499938964844,722.499938964844,722.499938964844,722.499938964844,722.499938964844,794.640014648438,794.640014648438,794.640014648438,794.640014648438,794.640014648438,869.059936523438,869.059936523438,869.059936523438,869.059936523438,869.059936523438,NA
"UPLOG_6394",732.36669921875,732.36669921875,732.36669921875,732.36669921875,732.36669921875,732.36669921875,667.420043945312,667.420043945312,667.420043945312,667.420043945312,667.420043945312,713.519958496094,713.519958496094,713.519958496094,713.519958496094,713.519958496094,722.499938964844,722.499938964844,722.499938964844,722.499938964844,722.499938964844,794.640014648438,794.640014648438,794.640014648438,794.640014648438,794.640014648438,869.059936523438,869.059936523438,869.059936523438,869.059936523438,869.059936523438,NA
"UPLOG_6395",NA,NA,NA,NA,NA,666.950012207031,666.950012207031,666.950012207031,666.950012207031,666.950012207031,666.950012207031,713.519958496094,713.519958496094,713.519958496094,713.519958496094,713.519958496094,722.499938964844,722.499938964844,722.499938964844,722.499938964844,722.499938964844,794.640014648438,794.640014648438,794.640014648438,794.640014648438,794.640014648438,869.059936523438,869.059936523438,869.059936523438,869.059936523438,869.059936523438,NA
"UPLOG_6398",NA,NA,NA,NA,NA,666.950012207031,666.950012207031,666.950012207031,666.950012207031,666.950012207031,666.950012207031,713.519958496094,713.519958496094,713.519958496094,713.519958496094,713.519958496094,722.499938964844,722.499938964844,722.499938964844,722.499938964844,722.499938964844,794.640014648438,794.640014648438,794.640014648438,794.640014648438,794.640014648438,869.059936523438,869.059936523438,869.059936523438,869.059936523438,869.059936523438,NA
"UPLOG_6399",732.36669921875,732.36669921875,732.36669921875,732.36669921875,732.36669921875,732.36669921875,667.420043945312,667.420043945312,667.420043945312,667.420043945312,667.420043945312,713.519958496094,713.519958496094,713.519958496094,713.519958496094,713.519958496094,722.499938964844,722.499938964844,722.499938964844,722.499938964844,722.499938964844,794.640014648438,794.640014648438,794.640014648438,794.640014648438,794.640014648438,869.059936523438,869.059936523438,869.059936523438,869.059936523438,869.059936523438,NA
"UPLOG_6504",732.36669921875,732.36669921875,732.36669921875,732.36669921875,732.36669921875,732.36669921875,667.420043945312,667.420043945312,667.420043945312,667.420043945312,667.420043945312,713.519958496094,713.519958496094,713.519958496094,713.519958496094,713.519958496094,722.499938964844,722.499938964844,722.499938964844,722.499938964844,722.499938964844,794.640014648438,794.640014648438,794.640014648438,794.640014648438,794.640014648438,869.059936523438,869.059936523438,869.059936523438,869.059936523438,869.059936523438,NA
"UPLOG_6608",NA,NA,NA,NA,NA,NA,NA,NA,NA,NA,NA,NA,NA,NA,NA,NA,NA,NA,NA,NA,783.983337402344,783.983337402344,783.983337402344,783.983337402344,783.983337402344,783.983337402344,NA,NA,NA,NA,NA,NA
"UPLOG_6610",NA,NA,NA,NA,NA,NA,NA,NA,NA,NA,NA,NA,NA,NA,NA,NA,NA,NA,NA,NA,NA,NA,NA,NA,NA,829.016662597656,829.016662597656,829.016662597656,829.016662597656,829.016662597656,829.016662597656,NA
"UPLOG_6611",732.36669921875,732.36669921875,732.36669921875,732.36669921875,732.36669921875,732.36669921875,667.420043945312,667.420043945312,667.420043945312,667.420043945312,667.420043945312,713.519958496094,713.519958496094,713.519958496094,713.519958496094,713.519958496094,722.499938964844,722.499938964844,722.499938964844,722.499938964844,722.499938964844,794.640014648438,794.640014648438,794.640014648438,794.640014648438,794.640014648438,NA,NA,NA,NA,NA,NA
"UPLOG_6612",732.36669921875,732.36669921875,732.36669921875,732.36669921875,732.36669921875,732.36669921875,667.420043945312,667.420043945312,667.420043945312,667.420043945312,667.420043945312,713.519958496094,713.519958496094,713.519958496094,713.519958496094,713.519958496094,722.499938964844,722.499938964844,722.499938964844,722.499938964844,722.499938964844,794.640014648438,794.640014648438,794.640014648438,794.640014648438,794.640014648438,869.059936523438,869.059936523438,869.059936523438,869.059936523438,869.059936523438,NA
"UPLOG_6613",NA,NA,NA,NA,NA,NA,NA,NA,NA,NA,719.916687011719,719.916687011719,719.916687011719,719.916687011719,719.916687011719,719.916687011719,722.499938964844,722.499938964844,722.499938964844,722.499938964844,722.499938964844,794.640014648438,794.640014648438,794.640014648438,794.640014648438,794.640014648438,869.059936523438,869.059936523438,869.059936523438,869.059936523438,869.059936523438,NA
"UPLOG_6614",732.36669921875,732.36669921875,732.36669921875,732.36669921875,732.36669921875,732.36669921875,667.420043945312,667.420043945312,667.420043945312,667.420043945312,667.420043945312,713.519958496094,713.519958496094,713.519958496094,713.519958496094,713.519958496094,722.499938964844,722.499938964844,722.499938964844,722.499938964844,722.499938964844,794.640014648438,794.640014648438,794.640014648438,794.640014648438,794.640014648438,869.059936523438,869.059936523438,869.059936523438,869.059936523438,869.059936523438,NA
"UPLOG_6615",732.36669921875,732.36669921875,732.36669921875,732.36669921875,732.36669921875,732.36669921875,667.420043945312,667.420043945312,667.420043945312,667.420043945312,667.420043945312,713.519958496094,713.519958496094,713.519958496094,713.519958496094,713.519958496094,722.499938964844,722.499938964844,722.499938964844,722.499938964844,722.499938964844,794.640014648438,794.640014648438,794.640014648438,794.640014648438,794.640014648438,869.059936523438,869.059936523438,869.059936523438,869.059936523438,869.059936523438,NA
"UPLOG_6616",732.36669921875,732.36669921875,732.36669921875,732.36669921875,732.36669921875,732.36669921875,667.420043945312,667.420043945312,667.420043945312,667.420043945312,667.420043945312,713.519958496094,713.519958496094,713.519958496094,713.519958496094,713.519958496094,722.499938964844,722.499938964844,722.499938964844,722.499938964844,722.499938964844,794.640014648438,794.640014648438,794.640014648438,794.640014648438,794.640014648438,869.059936523438,869.059936523438,869.059936523438,869.059936523438,869.059936523438,NA
"UPLOG_6617",732.36669921875,732.36669921875,732.36669921875,732.36669921875,732.36669921875,732.36669921875,667.420043945312,667.420043945312,667.420043945312,667.420043945312,667.420043945312,713.519958496094,713.519958496094,713.519958496094,713.519958496094,713.519958496094,722.499938964844,722.499938964844,722.499938964844,722.499938964844,722.499938964844,794.640014648438,794.640014648438,794.640014648438,794.640014648438,794.640014648438,869.059936523438,869.059936523438,869.059936523438,869.059936523438,869.059936523438,NA
"UPLOG_6618",732.36669921875,732.36669921875,732.36669921875,732.36669921875,732.36669921875,732.36669921875,667.420043945312,667.420043945312,667.420043945312,667.420043945312,667.420043945312,713.519958496094,713.519958496094,713.519958496094,713.519958496094,713.519958496094,722.499938964844,722.499938964844,722.499938964844,722.499938964844,722.499938964844,794.640014648438,794.640014648438,794.640014648438,794.640014648438,794.640014648438,868.074951171875,868.074951171875,868.074951171875,868.074951171875,NA,NA
"UPLOG_6625",732.36669921875,732.36669921875,732.36669921875,732.36669921875,732.36669921875,732.36669921875,667.420043945312,667.420043945312,667.420043945312,667.420043945312,667.420043945312,713.519958496094,713.519958496094,713.519958496094,713.519958496094,713.519958496094,770.099975585938,770.099975585938,NA,NA,NA,NA,NA,NA,NA,NA,NA,NA,NA,NA,NA,NA
"UPLOG_6633",732.36669921875,732.36669921875,732.36669921875,732.36669921875,732.36669921875,732.36669921875,667.420043945312,667.420043945312,667.420043945312,667.420043945312,667.420043945312,713.519958496094,713.519958496094,713.519958496094,713.519958496094,713.519958496094,720.449951171875,720.449951171875,720.449951171875,720.449951171875,NA,NA,NA,NA,NA,NA,NA,NA,NA,NA,NA,NA
"UPLOG_6635",NA,NA,NA,NA,NA,666.950012207031,666.950012207031,666.950012207031,666.950012207031,666.950012207031,666.950012207031,713.519958496094,713.519958496094,713.519958496094,713.519958496094,713.519958496094,722.499938964844,722.499938964844,722.499938964844,722.499938964844,722.499938964844,794.640014648438,794.640014648438,794.640014648438,794.640014648438,794.640014648438,NA,NA,NA,NA,NA,NA
"UPTHAR_2797",NA,NA,655.38330078125,655.38330078125,655.38330078125,655.38330078125,655.38330078125,655.38330078125,711.700073242188,711.700073242188,711.700073242188,711.700073242188,746.339965820312,746.339965820312,746.339965820312,746.339965820312,746.339965820312,730.799987792969,730.799987792969,730.799987792969,730.799987792969,730.799987792969,NA,NA,NA,NA,NA,NA,NA,NA,NA,NA
"UPTHAR_5131",NA,NA,655.38330078125,655.38330078125,655.38330078125,655.38330078125,655.38330078125,655.38330078125,711.700073242188,711.700073242188,711.700073242188,711.700073242188,746.339965820312,746.339965820312,746.339965820312,746.339965820312,746.339965820312,730.799987792969,730.799987792969,730.799987792969,730.799987792969,730.799987792969,806.940002441406,806.940002441406,806.940002441406,806.940002441406,806.940002441406,862.025024414062,862.025024414062,862.025024414062,862.025024414062,NA
"UPTHAR_5135",NA,NA,655.38330078125,655.38330078125,655.38330078125,655.38330078125,655.38330078125,655.38330078125,711.700073242188,711.700073242188,711.700073242188,711.700073242188,746.339965820312,746.339965820312,746.339965820312,746.339965820312,746.339965820312,730.799987792969,730.799987792969,730.799987792969,730.799987792969,730.799987792969,806.940002441406,806.940002441406,806.940002441406,806.940002441406,806.940002441406,812.240051269531,812.240051269531,812.240051269531,812.240051269531,812.240051269531
"UPTHAR_5136",NA,NA,655.38330078125,655.38330078125,655.38330078125,655.38330078125,655.38330078125,655.38330078125,711.700073242188,711.700073242188,711.700073242188,711.700073242188,746.339965820312,746.339965820312,746.339965820312,746.339965820312,746.339965820312,730.799987792969,730.799987792969,730.799987792969,730.799987792969,730.799987792969,806.940002441406,806.940002441406,806.940002441406,806.940002441406,806.940002441406,812.240051269531,812.240051269531,812.240051269531,812.240051269531,812.240051269531
"UPTHAR_5138",NA,NA,655.38330078125,655.38330078125,655.38330078125,655.38330078125,655.38330078125,655.38330078125,711.700073242188,711.700073242188,711.700073242188,711.700073242188,746.339965820312,746.339965820312,746.339965820312,746.339965820312,746.339965820312,730.799987792969,730.799987792969,730.799987792969,730.799987792969,730.799987792969,806.940002441406,806.940002441406,806.940002441406,806.940002441406,806.940002441406,812.240051269531,812.240051269531,812.240051269531,812.240051269531,812.240051269531
"UPTHAR_5144",NA,NA,655.38330078125,655.38330078125,655.38330078125,655.38330078125,655.38330078125,655.38330078125,711.700073242188,711.700073242188,711.700073242188,711.700073242188,673.399963378906,673.399963378906,673.399963378906,NA,NA,NA,NA,NA,NA,NA,NA,NA,NA,NA,NA,NA,NA,NA,NA,NA
"UPTHAR_5152",NA,NA,655.38330078125,655.38330078125,655.38330078125,655.38330078125,655.38330078125,655.38330078125,711.700073242188,711.700073242188,711.700073242188,711.700073242188,746.339965820312,746.339965820312,746.339965820312,746.339965820312,746.339965820312,730.799987792969,730.799987792969,730.799987792969,730.799987792969,730.799987792969,806.940002441406,806.940002441406,806.940002441406,806.940002441406,806.940002441406,812.240051269531,812.240051269531,812.240051269531,812.240051269531,812.240051269531
"UPTHAR_5155",NA,NA,655.38330078125,655.38330078125,655.38330078125,655.38330078125,655.38330078125,655.38330078125,711.700073242188,711.700073242188,711.700073242188,711.700073242188,786.799987792969,NA,NA,NA,NA,NA,NA,NA,NA,NA,NA,NA,NA,NA,NA,NA,NA,NA,NA,NA
"UPTHAR_5156",NA,NA,NA,NA,NA,NA,NA,696.140014648438,696.140014648438,696.140014648438,696.140014648438,696.140014648438,786.799987792969,NA,NA,NA,NA,NA,NA,NA,NA,NA,NA,NA,NA,NA,NA,NA,NA,NA,NA,NA
"UPTHAR_5157",NA,NA,655.38330078125,655.38330078125,655.38330078125,655.38330078125,655.38330078125,655.38330078125,711.700073242188,711.700073242188,711.700073242188,711.700073242188,661.049987792969,661.049987792969,NA,NA,NA,NA,NA,NA,NA,NA,NA,NA,NA,NA,NA,NA,NA,NA,NA,NA
"UPTHAR_5160",NA,NA,655.38330078125,655.38330078125,655.38330078125,655.38330078125,655.38330078125,655.38330078125,711.700073242188,711.700073242188,711.700073242188,711.700073242188,786.799987792969,NA,NA,NA,NA,NA,NA,NA,NA,NA,NA,NA,NA,NA,NA,NA,NA,NA,NA,NA
"UPTHAR_5165",NA,NA,655.38330078125,655.38330078125,655.38330078125,655.38330078125,655.38330078125,655.38330078125,732.400024414062,732.400024414062,NA,NA,NA,NA,NA,NA,NA,NA,NA,NA,NA,NA,NA,NA,NA,NA,NA,NA,NA,NA,NA,NA
"UPTHAR_5166",NA,NA,655.38330078125,655.38330078125,655.38330078125,655.38330078125,655.38330078125,655.38330078125,739.299987792969,NA,NA,NA,NA,NA,NA,NA,NA,NA,NA,NA,NA,NA,NA,NA,NA,NA,NA,NA,NA,NA,NA,NA
"UPTHAR_5168",NA,NA,655.38330078125,655.38330078125,655.38330078125,655.38330078125,655.38330078125,655.38330078125,711.700073242188,711.700073242188,711.700073242188,711.700073242188,673.399963378906,673.399963378906,673.399963378906,NA,NA,NA,NA,NA,NA,NA,NA,NA,NA,NA,NA,NA,NA,NA,NA,NA
"UPTHAR_5169",NA,NA,659.679992675781,659.679992675781,659.679992675781,659.679992675781,659.679992675781,NA,NA,NA,NA,NA,NA,NA,NA,NA,NA,NA,NA,NA,NA,NA,NA,NA,NA,NA,NA,NA,NA,NA,NA,NA
"UPTHAR_5170",NA,NA,655.38330078125,655.38330078125,655.38330078125,655.38330078125,655.38330078125,655.38330078125,732.400024414062,732.400024414062,NA,NA,NA,NA,NA,NA,NA,NA,NA,NA,NA,NA,NA,NA,NA,NA,NA,NA,NA,NA,NA,NA
"UPTHAR_5172",NA,NA,655.38330078125,655.38330078125,655.38330078125,655.38330078125,655.38330078125,655.38330078125,711.700073242188,711.700073242188,711.700073242188,711.700073242188,661.049987792969,661.049987792969,NA,NA,NA,NA,NA,NA,NA,NA,NA,NA,NA,NA,NA,NA,NA,NA,NA,NA
"UPTHAR_5174",NA,NA,655.38330078125,655.38330078125,655.38330078125,655.38330078125,655.38330078125,655.38330078125,711.700073242188,711.700073242188,711.700073242188,711.700073242188,786.799987792969,NA,NA,NA,NA,NA,NA,NA,NA,NA,NA,NA,NA,NA,NA,NA,NA,NA,NA,NA
"UPTHAR_5175",NA,NA,655.38330078125,655.38330078125,655.38330078125,655.38330078125,655.38330078125,655.38330078125,711.700073242188,711.700073242188,711.700073242188,711.700073242188,746.339965820312,746.339965820312,746.339965820312,746.339965820312,746.339965820312,730.799987792969,730.799987792969,730.799987792969,730.799987792969,730.799987792969,806.940002441406,806.940002441406,806.940002441406,806.940002441406,806.940002441406,812.240051269531,812.240051269531,812.240051269531,812.240051269531,812.240051269531
"UPTHAR_5176",NA,NA,655.38330078125,655.38330078125,655.38330078125,655.38330078125,655.38330078125,655.38330078125,711.700073242188,711.700073242188,711.700073242188,711.700073242188,786.799987792969,NA,NA,NA,NA,NA,NA,NA,NA,NA,NA,NA,NA,NA,NA,NA,NA,NA,NA,NA
"UPTHAR_5187",NA,NA,655.38330078125,655.38330078125,655.38330078125,655.38330078125,655.38330078125,655.38330078125,711.700073242188,711.700073242188,711.700073242188,711.700073242188,746.339965820312,746.339965820312,746.339965820312,746.339965820312,746.339965820312,730.799987792969,730.799987792969,730.799987792969,730.799987792969,730.799987792969,806.940002441406,806.940002441406,806.940002441406,806.940002441406,806.940002441406,812.240051269531,812.240051269531,812.240051269531,812.240051269531,812.240051269531
"UPTHAR_5194",NA,NA,655.38330078125,655.38330078125,655.38330078125,655.38330078125,655.38330078125,655.38330078125,711.700073242188,711.700073242188,711.700073242188,711.700073242188,746.339965820312,746.339965820312,746.339965820312,746.339965820312,746.339965820312,730.799987792969,730.799987792969,730.799987792969,730.799987792969,730.799987792969,806.940002441406,806.940002441406,806.940002441406,806.940002441406,806.940002441406,812.240051269531,812.240051269531,812.240051269531,812.240051269531,812.240051269531
"UPTHAR_5198",NA,NA,655.38330078125,655.38330078125,655.38330078125,655.38330078125,655.38330078125,655.38330078125,711.700073242188,711.700073242188,711.700073242188,711.700073242188,NA,NA,NA,NA,NA,NA,NA,NA,NA,NA,NA,NA,NA,NA,NA,NA,NA,NA,NA,NA
"UPTHAR_5204",NA,NA,655.38330078125,655.38330078125,655.38330078125,655.38330078125,655.38330078125,655.38330078125,711.700073242188,711.700073242188,711.700073242188,711.700073242188,673.399963378906,673.399963378906,673.399963378906,NA,NA,NA,NA,NA,NA,NA,NA,NA,NA,NA,NA,NA,NA,NA,NA,NA
"UPTHAR_5206",NA,NA,655.38330078125,655.38330078125,655.38330078125,655.38330078125,655.38330078125,655.38330078125,711.700073242188,711.700073242188,711.700073242188,711.700073242188,734.375,734.375,734.375,734.375,NA,NA,NA,NA,NA,NA,NA,NA,NA,NA,NA,NA,NA,NA,NA,NA
"UPTHAR_5211",NA,NA,673.5,673.5,NA,NA,NA,NA,NA,NA,NA,NA,NA,NA,NA,NA,NA,NA,NA,NA,NA,NA,NA,NA,NA,NA,NA,NA,NA,NA,NA,NA
"UPTHAR_5215",NA,NA,673.5,673.5,NA,NA,NA,NA,NA,NA,NA,NA,NA,NA,NA,NA,NA,NA,NA,NA,NA,NA,NA,NA,NA,NA,NA,NA,NA,NA,NA,NA
"UPTHAR_5217",NA,NA,655.38330078125,655.38330078125,655.38330078125,655.38330078125,655.38330078125,655.38330078125,NA,NA,NA,NA,NA,NA,NA,NA,NA,NA,NA,NA,NA,NA,NA,NA,NA,NA,NA,NA,NA,NA,NA,NA
"UPTHAR_5231",NA,NA,655.38330078125,655.38330078125,655.38330078125,655.38330078125,655.38330078125,655.38330078125,711.700073242188,711.700073242188,711.700073242188,711.700073242188,786.799987792969,NA,NA,NA,NA,NA,NA,NA,NA,NA,NA,NA,NA,NA,NA,NA,NA,NA,NA,NA
"UPTHAR_5240",NA,NA,655.38330078125,655.38330078125,655.38330078125,655.38330078125,655.38330078125,655.38330078125,711.700073242188,711.700073242188,711.700073242188,711.700073242188,746.339965820312,746.339965820312,746.339965820312,746.339965820312,746.339965820312,730.799987792969,730.799987792969,730.799987792969,730.799987792969,730.799987792969,806.940002441406,806.940002441406,806.940002441406,806.940002441406,806.940002441406,812.240051269531,812.240051269531,812.240051269531,812.240051269531,812.240051269531
"UPTHAR_5241",NA,NA,655.38330078125,655.38330078125,655.38330078125,655.38330078125,655.38330078125,655.38330078125,711.700073242188,711.700073242188,711.700073242188,711.700073242188,NA,NA,NA,NA,NA,NA,NA,NA,NA,NA,NA,NA,NA,NA,NA,NA,NA,NA,NA,NA
"UPTHAR_5242",NA,NA,655.38330078125,655.38330078125,655.38330078125,655.38330078125,655.38330078125,655.38330078125,711.700073242188,711.700073242188,711.700073242188,711.700073242188,786.799987792969,NA,NA,NA,NA,NA,NA,NA,NA,NA,NA,NA,NA,NA,NA,NA,NA,NA,NA,NA
"UPTHAR_5243",NA,NA,655.38330078125,655.38330078125,655.38330078125,655.38330078125,655.38330078125,655.38330078125,711.700073242188,711.700073242188,711.700073242188,711.700073242188,746.339965820312,746.339965820312,746.339965820312,746.339965820312,746.339965820312,730.799987792969,730.799987792969,730.799987792969,730.799987792969,730.799987792969,806.940002441406,806.940002441406,806.940002441406,806.940002441406,806.940002441406,812.240051269531,812.240051269531,812.240051269531,812.240051269531,812.240051269531
"UPTHAR_5245",NA,NA,655.38330078125,655.38330078125,655.38330078125,655.38330078125,655.38330078125,655.38330078125,711.700073242188,711.700073242188,711.700073242188,711.700073242188,734.375,734.375,734.375,734.375,NA,NA,NA,NA,NA,NA,NA,NA,NA,NA,NA,NA,NA,NA,NA,NA
"UPTHAR_5248",NA,NA,655.38330078125,655.38330078125,655.38330078125,655.38330078125,655.38330078125,655.38330078125,711.700073242188,711.700073242188,711.700073242188,711.700073242188,734.375,734.375,734.375,734.375,NA,NA,NA,NA,NA,NA,NA,NA,NA,NA,NA,NA,NA,NA,NA,NA
"UPTHAR_5251",NA,NA,655.38330078125,655.38330078125,655.38330078125,655.38330078125,655.38330078125,655.38330078125,711.700073242188,711.700073242188,711.700073242188,711.700073242188,746.339965820312,746.339965820312,746.339965820312,746.339965820312,746.339965820312,730.799987792969,730.799987792969,730.799987792969,730.799987792969,730.799987792969,806.940002441406,806.940002441406,806.940002441406,806.940002441406,806.940002441406,812.240051269531,812.240051269531,812.240051269531,812.240051269531,812.240051269531
"UPTHAR_5252",NA,NA,655.38330078125,655.38330078125,655.38330078125,655.38330078125,655.38330078125,655.38330078125,711.700073242188,711.700073242188,711.700073242188,711.700073242188,661.049987792969,661.049987792969,NA,NA,NA,NA,NA,NA,NA,NA,NA,NA,NA,NA,NA,NA,NA,NA,NA,NA
"UPTHAR_5258",NA,NA,702.974975585938,702.974975585938,702.974975585938,702.974975585938,NA,NA,NA,NA,NA,NA,NA,NA,NA,NA,NA,NA,NA,NA,NA,NA,NA,NA,NA,NA,NA,NA,NA,NA,NA,NA
"UPTHAR_5260",NA,NA,655.38330078125,655.38330078125,655.38330078125,655.38330078125,655.38330078125,655.38330078125,711.700073242188,711.700073242188,711.700073242188,711.700073242188,786.799987792969,NA,NA,NA,NA,NA,NA,NA,NA,NA,NA,NA,NA,NA,NA,NA,NA,NA,NA,NA
"UPTHAR_5261",NA,NA,655.38330078125,655.38330078125,655.38330078125,655.38330078125,655.38330078125,655.38330078125,711.700073242188,711.700073242188,711.700073242188,711.700073242188,786.799987792969,NA,NA,NA,NA,NA,NA,NA,NA,NA,NA,NA,NA,NA,NA,NA,NA,NA,NA,NA
"UPTHAR_5262",NA,NA,655.38330078125,655.38330078125,655.38330078125,655.38330078125,655.38330078125,655.38330078125,711.700073242188,711.700073242188,711.700073242188,711.700073242188,786.799987792969,NA,NA,NA,NA,NA,NA,NA,NA,NA,NA,NA,NA,NA,NA,NA,NA,NA,NA,NA
"UPTHAR_5265",NA,NA,655.38330078125,655.38330078125,655.38330078125,655.38330078125,655.38330078125,655.38330078125,711.700073242188,711.700073242188,711.700073242188,711.700073242188,673.399963378906,673.399963378906,673.399963378906,NA,NA,NA,NA,NA,NA,NA,NA,NA,NA,NA,NA,NA,NA,NA,NA,NA
"UPTHAR_5272",NA,NA,655.38330078125,655.38330078125,655.38330078125,655.38330078125,655.38330078125,655.38330078125,711.700073242188,711.700073242188,711.700073242188,711.700073242188,661.049987792969,661.049987792969,NA,NA,NA,NA,NA,NA,NA,NA,NA,NA,NA,NA,NA,NA,NA,NA,NA,NA
"UPTHAR_5279",NA,NA,655.38330078125,655.38330078125,655.38330078125,655.38330078125,655.38330078125,655.38330078125,711.700073242188,711.700073242188,711.700073242188,711.700073242188,661.049987792969,661.049987792969,NA,NA,NA,NA,NA,NA,NA,NA,NA,NA,NA,NA,NA,NA,NA,NA,NA,NA
"UPTHAR_5280",NA,NA,659.679992675781,659.679992675781,659.679992675781,659.679992675781,659.679992675781,NA,NA,NA,NA,NA,NA,NA,NA,NA,NA,NA,NA,NA,NA,NA,NA,NA,NA,NA,NA,NA,NA,NA,NA,NA
"UPTHAR_5281",NA,NA,655.38330078125,655.38330078125,655.38330078125,655.38330078125,655.38330078125,655.38330078125,711.700073242188,711.700073242188,711.700073242188,711.700073242188,NA,NA,NA,NA,NA,NA,NA,NA,NA,NA,NA,NA,NA,NA,NA,NA,NA,NA,NA,NA
"UPTHAR_5283",NA,NA,655.38330078125,655.38330078125,655.38330078125,655.38330078125,655.38330078125,655.38330078125,711.700073242188,711.700073242188,711.700073242188,711.700073242188,661.049987792969,661.049987792969,NA,NA,NA,NA,NA,NA,NA,NA,NA,NA,NA,NA,NA,NA,NA,NA,NA,NA
"UPTHAR_5284",NA,NA,673.5,673.5,NA,NA,NA,NA,NA,NA,NA,NA,NA,NA,NA,NA,NA,NA,NA,NA,NA,NA,NA,NA,NA,NA,NA,NA,NA,NA,NA,NA
"UPTHAR_5295",NA,NA,655.38330078125,655.38330078125,655.38330078125,655.38330078125,655.38330078125,655.38330078125,711.700073242188,711.700073242188,711.700073242188,711.700073242188,661.049987792969,661.049987792969,NA,NA,NA,NA,NA,NA,NA,NA,NA,NA,NA,NA,NA,NA,NA,NA,NA,NA
"UPTHAR_5298",NA,NA,655.38330078125,655.38330078125,655.38330078125,655.38330078125,655.38330078125,655.38330078125,711.700073242188,711.700073242188,711.700073242188,711.700073242188,661.049987792969,661.049987792969,NA,NA,NA,NA,NA,NA,NA,NA,NA,NA,NA,NA,NA,NA,NA,NA,NA,NA
"UPTHAR_5311",NA,NA,655.38330078125,655.38330078125,655.38330078125,655.38330078125,655.38330078125,655.38330078125,711.700073242188,711.700073242188,711.700073242188,711.700073242188,673.399963378906,673.399963378906,673.399963378906,NA,NA,NA,NA,NA,NA,NA,NA,NA,NA,NA,NA,NA,NA,NA,NA,NA
"UPTHAR_5313",NA,NA,655.38330078125,655.38330078125,655.38330078125,655.38330078125,655.38330078125,655.38330078125,711.700073242188,711.700073242188,711.700073242188,711.700073242188,746.339965820312,746.339965820312,746.339965820312,746.339965820312,746.339965820312,730.799987792969,730.799987792969,730.799987792969,730.799987792969,730.799987792969,806.940002441406,806.940002441406,806.940002441406,806.940002441406,806.940002441406,812.240051269531,812.240051269531,812.240051269531,812.240051269531,812.240051269531
"UPTHAR_5315",NA,NA,655.38330078125,655.38330078125,655.38330078125,655.38330078125,655.38330078125,655.38330078125,711.700073242188,711.700073242188,711.700073242188,711.700073242188,746.339965820312,746.339965820312,746.339965820312,746.339965820312,746.339965820312,730.799987792969,730.799987792969,730.799987792969,730.799987792969,730.799987792969,806.940002441406,806.940002441406,806.940002441406,806.940002441406,806.940002441406,812.240051269531,812.240051269531,812.240051269531,812.240051269531,812.240051269531
"UPTHAR_5316",NA,NA,673.5,673.5,NA,NA,NA,NA,NA,NA,NA,NA,NA,NA,NA,NA,NA,NA,NA,NA,NA,NA,NA,NA,NA,NA,NA,NA,NA,NA,NA,NA
"UPTHAR_5319",NA,NA,655.38330078125,655.38330078125,655.38330078125,655.38330078125,655.38330078125,655.38330078125,711.700073242188,711.700073242188,711.700073242188,711.700073242188,746.339965820312,746.339965820312,746.339965820312,746.339965820312,746.339965820312,730.799987792969,730.799987792969,730.799987792969,730.799987792969,730.799987792969,806.940002441406,806.940002441406,806.940002441406,806.940002441406,806.940002441406,812.240051269531,812.240051269531,812.240051269531,812.240051269531,812.240051269531
"UPTHAR_5327",NA,NA,655.38330078125,655.38330078125,655.38330078125,655.38330078125,655.38330078125,655.38330078125,711.700073242188,711.700073242188,711.700073242188,711.700073242188,746.339965820312,746.339965820312,746.339965820312,746.339965820312,746.339965820312,730.799987792969,730.799987792969,730.799987792969,730.799987792969,730.799987792969,806.940002441406,806.940002441406,806.940002441406,806.940002441406,806.940002441406,812.240051269531,812.240051269531,812.240051269531,812.240051269531,812.240051269531
"UPTHAR_5330",NA,NA,655.38330078125,655.38330078125,655.38330078125,655.38330078125,655.38330078125,655.38330078125,711.700073242188,711.700073242188,711.700073242188,711.700073242188,746.339965820312,746.339965820312,746.339965820312,746.339965820312,746.339965820312,730.799987792969,730.799987792969,730.799987792969,730.799987792969,730.799987792969,806.940002441406,806.940002441406,806.940002441406,806.940002441406,806.940002441406,812.240051269531,812.240051269531,812.240051269531,812.240051269531,812.240051269531
"UPTHAR_5332",NA,NA,655.38330078125,655.38330078125,655.38330078125,655.38330078125,655.38330078125,655.38330078125,711.700073242188,711.700073242188,711.700073242188,711.700073242188,746.339965820312,746.339965820312,746.339965820312,746.339965820312,746.339965820312,730.799987792969,730.799987792969,730.799987792969,730.799987792969,730.799987792969,NA,NA,NA,NA,NA,NA,NA,NA,NA,NA
"UPTHAR_5333",NA,NA,655.38330078125,655.38330078125,655.38330078125,655.38330078125,655.38330078125,655.38330078125,711.700073242188,711.700073242188,711.700073242188,711.700073242188,746.339965820312,746.339965820312,746.339965820312,746.339965820312,746.339965820312,730.799987792969,730.799987792969,730.799987792969,730.799987792969,730.799987792969,806.940002441406,806.940002441406,806.940002441406,806.940002441406,806.940002441406,812.240051269531,812.240051269531,812.240051269531,812.240051269531,812.240051269531
"UPTHAR_5336",NA,NA,673.5,673.5,NA,NA,NA,NA,NA,NA,NA,NA,NA,NA,NA,NA,NA,NA,NA,NA,NA,NA,NA,NA,NA,NA,NA,NA,NA,NA,NA,NA
"UPTHAR_5337",NA,NA,715.766662597656,715.766662597656,715.766662597656,NA,NA,NA,NA,NA,NA,NA,NA,NA,NA,NA,NA,NA,NA,NA,NA,NA,NA,NA,NA,NA,NA,NA,NA,NA,NA,NA
"UPTHAR_5344",NA,NA,655.38330078125,655.38330078125,655.38330078125,655.38330078125,655.38330078125,655.38330078125,711.700073242188,711.700073242188,711.700073242188,711.700073242188,734.375,734.375,734.375,734.375,NA,NA,NA,NA,NA,NA,NA,NA,NA,NA,NA,NA,NA,NA,NA,NA
"UPTHAR_5345",NA,NA,655.38330078125,655.38330078125,655.38330078125,655.38330078125,655.38330078125,655.38330078125,711.700073242188,711.700073242188,711.700073242188,711.700073242188,746.339965820312,746.339965820312,746.339965820312,746.339965820312,746.339965820312,730.799987792969,730.799987792969,730.799987792969,730.799987792969,730.799987792969,806.940002441406,806.940002441406,806.940002441406,806.940002441406,806.940002441406,812.240051269531,812.240051269531,812.240051269531,812.240051269531,812.240051269531
"UPTHAR_5356",NA,NA,655.38330078125,655.38330078125,655.38330078125,655.38330078125,655.38330078125,655.38330078125,711.700073242188,711.700073242188,711.700073242188,711.700073242188,746.339965820312,746.339965820312,746.339965820312,746.339965820312,746.339965820312,730.799987792969,730.799987792969,730.799987792969,730.799987792969,730.799987792969,806.940002441406,806.940002441406,806.940002441406,806.940002441406,806.940002441406,812.240051269531,812.240051269531,812.240051269531,812.240051269531,812.240051269531
"UPTHAR_5359",NA,NA,655.38330078125,655.38330078125,655.38330078125,655.38330078125,655.38330078125,655.38330078125,711.700073242188,711.700073242188,711.700073242188,711.700073242188,734.375,734.375,734.375,734.375,NA,NA,NA,NA,NA,NA,NA,NA,NA,NA,NA,NA,NA,NA,NA,NA
"UPTHAR_5360",NA,NA,655.38330078125,655.38330078125,655.38330078125,655.38330078125,655.38330078125,655.38330078125,711.700073242188,711.700073242188,711.700073242188,711.700073242188,746.339965820312,746.339965820312,746.339965820312,746.339965820312,746.339965820312,730.799987792969,730.799987792969,730.799987792969,730.799987792969,730.799987792969,806.940002441406,806.940002441406,806.940002441406,806.940002441406,806.940002441406,812.240051269531,812.240051269531,812.240051269531,812.240051269531,812.240051269531
"UPTHAR_5361",NA,NA,655.38330078125,655.38330078125,655.38330078125,655.38330078125,655.38330078125,655.38330078125,711.700073242188,711.700073242188,711.700073242188,711.700073242188,746.339965820312,746.339965820312,746.339965820312,746.339965820312,746.339965820312,NA,NA,NA,NA,NA,NA,NA,NA,NA,NA,NA,NA,NA,NA,NA
"UPTHAR_5362",NA,NA,655.38330078125,655.38330078125,655.38330078125,655.38330078125,655.38330078125,655.38330078125,711.700073242188,711.700073242188,711.700073242188,711.700073242188,746.339965820312,746.339965820312,746.339965820312,746.339965820312,746.339965820312,730.799987792969,730.799987792969,730.799987792969,730.799987792969,730.799987792969,899.75,899.75,NA,NA,NA,NA,NA,NA,NA,NA
"UPTHAR_5364",NA,NA,655.38330078125,655.38330078125,655.38330078125,655.38330078125,655.38330078125,655.38330078125,711.700073242188,711.700073242188,711.700073242188,711.700073242188,746.339965820312,746.339965820312,746.339965820312,746.339965820312,746.339965820312,730.799987792969,730.799987792969,730.799987792969,730.799987792969,730.799987792969,806.940002441406,806.940002441406,806.940002441406,806.940002441406,806.940002441406,812.240051269531,812.240051269531,812.240051269531,812.240051269531,812.240051269531
"UPTHAR_5366",NA,NA,655.38330078125,655.38330078125,655.38330078125,655.38330078125,655.38330078125,655.38330078125,711.700073242188,711.700073242188,711.700073242188,711.700073242188,746.339965820312,746.339965820312,746.339965820312,746.339965820312,746.339965820312,730.799987792969,730.799987792969,730.799987792969,730.799987792969,730.799987792969,806.940002441406,806.940002441406,806.940002441406,806.940002441406,806.940002441406,812.240051269531,812.240051269531,812.240051269531,812.240051269531,812.240051269531
"UPTHAR_5369",NA,NA,655.38330078125,655.38330078125,655.38330078125,655.38330078125,655.38330078125,655.38330078125,711.700073242188,711.700073242188,711.700073242188,711.700073242188,746.339965820312,746.339965820312,746.339965820312,746.339965820312,746.339965820312,730.799987792969,730.799987792969,730.799987792969,730.799987792969,730.799987792969,806.940002441406,806.940002441406,806.940002441406,806.940002441406,806.940002441406,812.240051269531,812.240051269531,812.240051269531,812.240051269531,812.240051269531
"UPTHAR_5376",NA,NA,655.38330078125,655.38330078125,655.38330078125,655.38330078125,655.38330078125,655.38330078125,711.700073242188,711.700073242188,711.700073242188,711.700073242188,746.339965820312,746.339965820312,746.339965820312,746.339965820312,746.339965820312,695.86669921875,695.86669921875,695.86669921875,NA,NA,NA,NA,NA,NA,NA,NA,NA,NA,NA,NA
"UPTHAR_5382",NA,NA,655.38330078125,655.38330078125,655.38330078125,655.38330078125,655.38330078125,655.38330078125,711.700073242188,711.700073242188,711.700073242188,711.700073242188,746.339965820312,746.339965820312,746.339965820312,746.339965820312,746.339965820312,730.799987792969,730.799987792969,730.799987792969,730.799987792969,730.799987792969,784.375,784.375,784.375,784.375,NA,NA,NA,NA,NA,NA
"UPTHAR_5386",NA,NA,655.38330078125,655.38330078125,655.38330078125,655.38330078125,655.38330078125,655.38330078125,711.700073242188,711.700073242188,711.700073242188,711.700073242188,673.399963378906,673.399963378906,673.399963378906,NA,NA,NA,NA,NA,NA,NA,NA,NA,NA,NA,NA,NA,NA,NA,NA,NA
"UPTHAR_5387",NA,NA,673.5,673.5,NA,NA,NA,NA,NA,NA,NA,NA,NA,NA,NA,NA,NA,NA,NA,NA,NA,NA,NA,NA,NA,NA,NA,NA,NA,NA,NA,NA
"UPTHAR_5389",NA,NA,655.38330078125,655.38330078125,655.38330078125,655.38330078125,655.38330078125,655.38330078125,711.700073242188,711.700073242188,711.700073242188,711.700073242188,786.799987792969,NA,NA,NA,NA,NA,NA,NA,NA,NA,NA,NA,NA,NA,NA,NA,NA,NA,NA,NA
"UPTHAR_5390",NA,NA,655.38330078125,655.38330078125,655.38330078125,655.38330078125,655.38330078125,655.38330078125,711.700073242188,711.700073242188,711.700073242188,711.700073242188,746.339965820312,746.339965820312,746.339965820312,746.339965820312,746.339965820312,730.799987792969,730.799987792969,730.799987792969,730.799987792969,730.799987792969,806.940002441406,806.940002441406,806.940002441406,806.940002441406,806.940002441406,812.240051269531,812.240051269531,812.240051269531,812.240051269531,812.240051269531
"UPTHAR_5391",NA,NA,655.38330078125,655.38330078125,655.38330078125,655.38330078125,655.38330078125,655.38330078125,711.700073242188,711.700073242188,711.700073242188,711.700073242188,746.339965820312,746.339965820312,746.339965820312,746.339965820312,746.339965820312,730.799987792969,730.799987792969,730.799987792969,730.799987792969,730.799987792969,806.940002441406,806.940002441406,806.940002441406,806.940002441406,806.940002441406,812.240051269531,812.240051269531,812.240051269531,812.240051269531,812.240051269531
"UPTHAR_5392",NA,NA,655.38330078125,655.38330078125,655.38330078125,655.38330078125,655.38330078125,655.38330078125,711.700073242188,711.700073242188,711.700073242188,711.700073242188,734.375,734.375,734.375,734.375,NA,NA,NA,NA,NA,NA,NA,NA,NA,NA,NA,NA,NA,NA,NA,NA
"UPTHAR_5393",NA,NA,655.38330078125,655.38330078125,655.38330078125,655.38330078125,655.38330078125,655.38330078125,711.700073242188,711.700073242188,711.700073242188,711.700073242188,746.339965820312,746.339965820312,746.339965820312,746.339965820312,746.339965820312,730.799987792969,730.799987792969,730.799987792969,730.799987792969,730.799987792969,806.940002441406,806.940002441406,806.940002441406,806.940002441406,806.940002441406,634.200012207031,NA,NA,NA,NA
"UPTHAR_5395",NA,NA,655.38330078125,655.38330078125,655.38330078125,655.38330078125,655.38330078125,655.38330078125,711.700073242188,711.700073242188,711.700073242188,711.700073242188,786.799987792969,NA,NA,NA,NA,NA,NA,NA,NA,NA,NA,NA,NA,NA,NA,NA,NA,NA,NA,NA
"UPTHAR_5400",NA,NA,NA,NA,NA,NA,NA,696.140014648438,696.140014648438,696.140014648438,696.140014648438,696.140014648438,746.339965820312,746.339965820312,746.339965820312,746.339965820312,746.339965820312,730.799987792969,730.799987792969,730.799987792969,730.799987792969,730.799987792969,806.940002441406,806.940002441406,806.940002441406,806.940002441406,806.940002441406,812.240051269531,812.240051269531,812.240051269531,812.240051269531,812.240051269531
"UPTHAR_5401",NA,NA,655.38330078125,655.38330078125,655.38330078125,655.38330078125,655.38330078125,655.38330078125,711.700073242188,711.700073242188,711.700073242188,711.700073242188,746.339965820312,746.339965820312,746.339965820312,746.339965820312,746.339965820312,730.799987792969,730.799987792969,730.799987792969,730.799987792969,730.799987792969,806.940002441406,806.940002441406,806.940002441406,806.940002441406,806.940002441406,812.240051269531,812.240051269531,812.240051269531,812.240051269531,812.240051269531
"UPTHAR_5404",NA,NA,655.38330078125,655.38330078125,655.38330078125,655.38330078125,655.38330078125,655.38330078125,NA,NA,NA,NA,NA,NA,NA,NA,NA,NA,NA,NA,NA,NA,NA,NA,NA,NA,NA,NA,NA,NA,NA,NA
"UPTHAR_5409",NA,NA,655.38330078125,655.38330078125,655.38330078125,655.38330078125,655.38330078125,655.38330078125,711.700073242188,711.700073242188,711.700073242188,711.700073242188,746.339965820312,746.339965820312,746.339965820312,746.339965820312,746.339965820312,730.799987792969,730.799987792969,730.799987792969,730.799987792969,730.799987792969,784.375,784.375,784.375,784.375,NA,NA,NA,NA,NA,NA
"UPTHAR_5410",NA,NA,655.38330078125,655.38330078125,655.38330078125,655.38330078125,655.38330078125,655.38330078125,711.700073242188,711.700073242188,711.700073242188,711.700073242188,746.339965820312,746.339965820312,746.339965820312,746.339965820312,746.339965820312,730.799987792969,730.799987792969,730.799987792969,730.799987792969,730.799987792969,784.375,784.375,784.375,784.375,NA,NA,NA,NA,NA,NA
"UPTHAR_5414",NA,NA,715.766662597656,715.766662597656,715.766662597656,NA,NA,NA,NA,NA,NA,NA,NA,NA,NA,NA,NA,NA,NA,NA,NA,NA,NA,NA,NA,NA,NA,NA,NA,NA,NA,NA
"UPTHAR_5416",NA,NA,702.974975585938,702.974975585938,702.974975585938,702.974975585938,NA,NA,NA,NA,NA,NA,NA,NA,NA,NA,NA,NA,NA,NA,NA,NA,NA,NA,NA,NA,NA,NA,NA,NA,NA,NA
"UPTHAR_5418",NA,NA,655.38330078125,655.38330078125,655.38330078125,655.38330078125,655.38330078125,655.38330078125,711.700073242188,711.700073242188,711.700073242188,711.700073242188,661.049987792969,661.049987792969,NA,NA,NA,NA,NA,NA,NA,NA,NA,NA,NA,NA,NA,NA,NA,NA,NA,NA
"UPTHAR_5419",NA,NA,655.38330078125,655.38330078125,655.38330078125,655.38330078125,655.38330078125,655.38330078125,711.700073242188,711.700073242188,711.700073242188,711.700073242188,661.049987792969,661.049987792969,NA,NA,NA,NA,NA,NA,NA,NA,NA,NA,NA,NA,NA,NA,NA,NA,NA,NA
"UPTHAR_5422",NA,NA,655.38330078125,655.38330078125,655.38330078125,655.38330078125,655.38330078125,655.38330078125,711.700073242188,711.700073242188,711.700073242188,711.700073242188,746.339965820312,746.339965820312,746.339965820312,746.339965820312,746.339965820312,730.799987792969,730.799987792969,730.799987792969,730.799987792969,730.799987792969,806.940002441406,806.940002441406,806.940002441406,806.940002441406,806.940002441406,812.240051269531,812.240051269531,812.240051269531,812.240051269531,812.240051269531
"UPTHAR_5427",NA,NA,655.38330078125,655.38330078125,655.38330078125,655.38330078125,655.38330078125,655.38330078125,711.700073242188,711.700073242188,711.700073242188,711.700073242188,NA,NA,NA,NA,NA,NA,NA,NA,NA,NA,NA,NA,NA,NA,NA,NA,NA,NA,NA,NA
"UPTHAR_5433",NA,NA,702.974975585938,702.974975585938,702.974975585938,702.974975585938,NA,NA,NA,NA,NA,NA,NA,NA,NA,NA,NA,NA,NA,NA,NA,NA,NA,NA,NA,NA,NA,NA,NA,NA,NA,NA
"UPTHAR_5434",NA,NA,655.38330078125,655.38330078125,655.38330078125,655.38330078125,655.38330078125,655.38330078125,711.700073242188,711.700073242188,711.700073242188,711.700073242188,746.339965820312,746.339965820312,746.339965820312,746.339965820312,746.339965820312,730.799987792969,730.799987792969,730.799987792969,730.799987792969,730.799987792969,806.940002441406,806.940002441406,806.940002441406,806.940002441406,806.940002441406,812.240051269531,812.240051269531,812.240051269531,812.240051269531,812.240051269531
"UPTHAR_5436",NA,NA,655.38330078125,655.38330078125,655.38330078125,655.38330078125,655.38330078125,655.38330078125,711.700073242188,711.700073242188,711.700073242188,711.700073242188,746.339965820312,746.339965820312,746.339965820312,746.339965820312,746.339965820312,730.799987792969,730.799987792969,730.799987792969,730.799987792969,730.799987792969,806.940002441406,806.940002441406,806.940002441406,806.940002441406,806.940002441406,812.240051269531,812.240051269531,812.240051269531,812.240051269531,812.240051269531
"UPTHAR_5445",NA,NA,677.910034179688,677.910034179688,677.910034179688,677.910034179688,677.910034179688,677.910034179688,677.910034179688,677.910034179688,677.910034179688,677.910034179688,NA,NA,NA,NA,NA,NA,NA,NA,NA,NA,NA,NA,NA,NA,NA,NA,NA,NA,NA,NA
"UPTHAR_5451",NA,NA,655.38330078125,655.38330078125,655.38330078125,655.38330078125,655.38330078125,655.38330078125,711.700073242188,711.700073242188,711.700073242188,711.700073242188,673.399963378906,673.399963378906,673.399963378906,NA,NA,NA,NA,NA,NA,NA,NA,NA,NA,NA,NA,NA,NA,NA,NA,NA
"UPTHAR_5452",NA,NA,655.38330078125,655.38330078125,655.38330078125,655.38330078125,655.38330078125,655.38330078125,711.700073242188,711.700073242188,711.700073242188,711.700073242188,746.339965820312,746.339965820312,746.339965820312,746.339965820312,746.339965820312,730.799987792969,730.799987792969,730.799987792969,730.799987792969,730.799987792969,806.940002441406,806.940002441406,806.940002441406,806.940002441406,806.940002441406,812.240051269531,812.240051269531,812.240051269531,812.240051269531,812.240051269531
"UPTHAR_5455",NA,NA,655.38330078125,655.38330078125,655.38330078125,655.38330078125,655.38330078125,655.38330078125,711.700073242188,711.700073242188,711.700073242188,711.700073242188,746.339965820312,746.339965820312,746.339965820312,746.339965820312,746.339965820312,730.799987792969,730.799987792969,730.799987792969,730.799987792969,730.799987792969,806.940002441406,806.940002441406,806.940002441406,806.940002441406,806.940002441406,812.240051269531,812.240051269531,812.240051269531,812.240051269531,812.240051269531
"UPTHAR_5458",NA,NA,655.38330078125,655.38330078125,655.38330078125,655.38330078125,655.38330078125,655.38330078125,711.700073242188,711.700073242188,711.700073242188,711.700073242188,746.339965820312,746.339965820312,746.339965820312,746.339965820312,746.339965820312,730.799987792969,730.799987792969,730.799987792969,730.799987792969,730.799987792969,806.940002441406,806.940002441406,806.940002441406,806.940002441406,806.940002441406,862.025024414062,862.025024414062,862.025024414062,862.025024414062,NA
"UPTHAR_5459",NA,NA,655.38330078125,655.38330078125,655.38330078125,655.38330078125,655.38330078125,655.38330078125,711.700073242188,711.700073242188,711.700073242188,711.700073242188,746.339965820312,746.339965820312,746.339965820312,746.339965820312,746.339965820312,730.799987792969,730.799987792969,730.799987792969,730.799987792969,730.799987792969,806.940002441406,806.940002441406,806.940002441406,806.940002441406,806.940002441406,NA,NA,NA,NA,NA
"UPTHAR_5460",NA,NA,715.766662597656,715.766662597656,715.766662597656,NA,NA,NA,NA,NA,NA,NA,NA,NA,NA,NA,NA,NA,NA,NA,NA,NA,NA,NA,NA,NA,NA,NA,NA,NA,NA,NA
"UPTHAR_5461",NA,NA,655.38330078125,655.38330078125,655.38330078125,655.38330078125,655.38330078125,655.38330078125,711.700073242188,711.700073242188,711.700073242188,711.700073242188,746.339965820312,746.339965820312,746.339965820312,746.339965820312,746.339965820312,730.799987792969,730.799987792969,730.799987792969,730.799987792969,730.799987792969,806.940002441406,806.940002441406,806.940002441406,806.940002441406,806.940002441406,812.240051269531,812.240051269531,812.240051269531,812.240051269531,812.240051269531
"UPTHAR_5462",NA,NA,655.38330078125,655.38330078125,655.38330078125,655.38330078125,655.38330078125,655.38330078125,711.700073242188,711.700073242188,711.700073242188,711.700073242188,746.339965820312,746.339965820312,746.339965820312,746.339965820312,746.339965820312,730.799987792969,730.799987792969,730.799987792969,730.799987792969,730.799987792969,806.940002441406,806.940002441406,806.940002441406,806.940002441406,806.940002441406,812.240051269531,812.240051269531,812.240051269531,812.240051269531,812.240051269531
"UPTHAR_5464",NA,NA,655.38330078125,655.38330078125,655.38330078125,655.38330078125,655.38330078125,655.38330078125,711.700073242188,711.700073242188,711.700073242188,711.700073242188,661.049987792969,661.049987792969,NA,NA,NA,NA,NA,NA,NA,NA,NA,NA,NA,NA,NA,NA,NA,NA,NA,NA
"UPTHAR_5465",NA,NA,659.679992675781,659.679992675781,659.679992675781,659.679992675781,659.679992675781,NA,NA,NA,NA,NA,NA,NA,NA,NA,NA,NA,NA,NA,NA,NA,NA,NA,NA,NA,NA,NA,NA,NA,NA,NA
"UPTHAR_5466",NA,NA,655.38330078125,655.38330078125,655.38330078125,655.38330078125,655.38330078125,655.38330078125,711.700073242188,711.700073242188,711.700073242188,711.700073242188,746.339965820312,746.339965820312,746.339965820312,746.339965820312,746.339965820312,730.799987792969,730.799987792969,730.799987792969,730.799987792969,730.799987792969,806.940002441406,806.940002441406,806.940002441406,806.940002441406,806.940002441406,812.240051269531,812.240051269531,812.240051269531,812.240051269531,812.240051269531
"UPTHAR_5467",NA,NA,655.38330078125,655.38330078125,655.38330078125,655.38330078125,655.38330078125,655.38330078125,711.700073242188,711.700073242188,711.700073242188,711.700073242188,746.339965820312,746.339965820312,746.339965820312,746.339965820312,746.339965820312,730.799987792969,730.799987792969,730.799987792969,730.799987792969,730.799987792969,806.940002441406,806.940002441406,806.940002441406,806.940002441406,806.940002441406,812.240051269531,812.240051269531,812.240051269531,812.240051269531,812.240051269531
"UPTHAR_5468",NA,NA,655.38330078125,655.38330078125,655.38330078125,655.38330078125,655.38330078125,655.38330078125,711.700073242188,711.700073242188,711.700073242188,711.700073242188,746.339965820312,746.339965820312,746.339965820312,746.339965820312,746.339965820312,730.799987792969,730.799987792969,730.799987792969,730.799987792969,730.799987792969,806.940002441406,806.940002441406,806.940002441406,806.940002441406,806.940002441406,812.240051269531,812.240051269531,812.240051269531,812.240051269531,812.240051269531
"UPTHAR_5471",NA,NA,655.38330078125,655.38330078125,655.38330078125,655.38330078125,655.38330078125,655.38330078125,711.700073242188,711.700073242188,711.700073242188,711.700073242188,746.339965820312,746.339965820312,746.339965820312,746.339965820312,746.339965820312,730.799987792969,730.799987792969,730.799987792969,730.799987792969,730.799987792969,806.940002441406,806.940002441406,806.940002441406,806.940002441406,806.940002441406,812.240051269531,812.240051269531,812.240051269531,812.240051269531,812.240051269531
"UPTHAR_5474",NA,NA,715.766662597656,715.766662597656,715.766662597656,NA,NA,NA,NA,NA,NA,NA,NA,NA,NA,NA,NA,NA,NA,NA,NA,NA,NA,NA,NA,NA,NA,NA,NA,NA,NA,NA
"UPTHAR_5475",NA,NA,655.38330078125,655.38330078125,655.38330078125,655.38330078125,655.38330078125,655.38330078125,711.700073242188,711.700073242188,711.700073242188,711.700073242188,786.799987792969,NA,NA,NA,NA,NA,NA,NA,NA,NA,NA,NA,NA,NA,NA,NA,NA,NA,NA,NA
"UPTHAR_5476",NA,NA,655.38330078125,655.38330078125,655.38330078125,655.38330078125,655.38330078125,655.38330078125,711.700073242188,711.700073242188,711.700073242188,711.700073242188,746.339965820312,746.339965820312,746.339965820312,746.339965820312,746.339965820312,730.799987792969,730.799987792969,730.799987792969,730.799987792969,730.799987792969,NA,NA,NA,NA,NA,NA,NA,NA,NA,NA
"UPTHAR_5477",NA,NA,655.38330078125,655.38330078125,655.38330078125,655.38330078125,655.38330078125,655.38330078125,711.700073242188,711.700073242188,711.700073242188,711.700073242188,746.339965820312,746.339965820312,746.339965820312,746.339965820312,746.339965820312,730.799987792969,730.799987792969,730.799987792969,730.799987792969,730.799987792969,981,NA,NA,NA,NA,NA,NA,NA,NA,NA
