"TreeID","1","2","3","4","5","6","7","8","9","10","11","12","13","14","15","16","17","18","19","20","21","22","23","24","25","26","27","28","29","30","31","32"
"LOLOG_5481",25.5,25.62,25.74,25.86,25.98,26.1,26.14,26.18,26.22,26.26,26.3,26.34,26.38,26.42,26.46,26.5,26.6,26.7,26.8,26.9,27,27.16,27.32,27.48,27.64,27.8,NA,NA,NA,NA,NA,NA
"LOLOG_5482",35,35.1,35.2,35.3,35.4,35.5,35.56,35.62,35.68,35.74,35.8,35.88,35.96,36.04,36.12,36.2,36.32,36.44,36.56,36.68,36.8,36.94,37.08,37.22,37.36,37.5,NA,NA,NA,NA,NA,NA
"LOLOG_5483",86.5,87.04,87.58,88.12,88.66,89.2,89.56,89.92,90.28,90.64,91,91.44,91.88,92.32,92.76,93.2,93.62,94.04,94.46,94.88,95.3,95.62,95.94,96.26,96.58,96.9,97.06,97.22,97.38,97.54,97.7,NA
"LOLOG_5484",79.6,79.44,79.28,79.12,78.96,78.8,79.08,79.36,79.64,79.92,80.2,80.16,80.12,80.08,80.04,80,80.06,80.12,80.18,80.24,80.3,80.36,80.42,80.48,80.54,80.6,80.84,81.08,81.32,81.56,81.8,NA
"LOLOG_5485",42.4,42.56,42.72,42.88,43.04,43.2,43.38,43.56,43.74,43.92,44.1,44.22,44.34,44.46,44.58,44.7,44.84,44.98,45.12,45.26,45.4,45.66,45.92,46.18,46.44,46.7,46.66,46.62,46.58,46.54,46.5,NA
"LOLOG_5486",51.7,51.96,52.22,52.48,52.74,53,52.78,52.56,52.34,52.12,51.9,52.16,52.42,52.68,52.94,53.2,53.3,53.4,53.5,53.6,53.7,53.94,54.18,54.42,54.66,54.9,NA,NA,NA,NA,NA,NA
"LOLOG_5488",23.9,23.84,23.78,23.72,23.66,23.6,23.54,23.48,23.42,23.36,23.3,23.42,23.54,23.66,23.78,23.9,23.94,23.98,24.02,24.06,24.1,24.175,24.25,24.325,24.4,NA,NA,NA,NA,NA,NA,NA
"LOLOG_5489",62,62.44,62.88,63.32,63.76,64.2,64.44,64.68,64.92,65.16,65.4,65.86,66.32,66.78,67.24,67.7,68.14,68.58,69.02,69.46,69.9,70.32,70.74,71.16,71.58,72,72.22,72.44,72.66,72.88,73.1,NA
"LOLOG_5490",54.1,54.3,54.5,54.7,54.9,55.1,55.44,55.78,56.12,56.46,56.8,57.14,57.48,57.82,58.16,58.5,58.86,59.22,59.58,59.94,60.3,60.76,61.22,61.68,62.14,62.6,63.04,63.48,63.92,64.36,64.8,NA
"LOLOG_5492",59.8,60.06,60.32,60.58,60.84,61.1,61.38,61.66,61.94,62.22,62.5,62.76,63.02,63.28,63.54,63.8,64.18,64.56,64.94,65.32,65.7,65.96,66.22,66.48,66.74,67,67.28,67.56,67.84,68.12,68.4,NA
"LOLOG_5493",85.1,85.66,86.22,86.78,87.34,87.9,88.32,88.74,89.16,89.58,90,90.72,91.44,92.16,92.88,93.6,93.9,94.2,94.5,94.8,95.1,95.56,96.02,96.48,96.94,97.4,NA,NA,NA,NA,NA,NA
"LOLOG_5494",96,96.56,97.12,97.68,98.24,98.8,99.3,99.8,100.3,100.8,101.3,101.48,101.66,101.84,102.02,102.2,102.52,102.84,103.16,103.48,103.8,103.966666666667,104.133333333333,104.3,NA,NA,NA,NA,NA,NA,NA,NA
"LOLOG_5497",36.2,36.4,36.6,36.8,37,37.2,37.34,37.48,37.62,37.76,37.9,38.06,38.22,38.38,38.54,38.7,38.68,38.66,38.64,38.62,38.6,38.7,38.8,38.9,NA,NA,NA,NA,NA,NA,NA,NA
"LOLOG_5499",94.4,94.62,94.84,95.06,95.28,95.5,95.92,96.34,96.76,97.18,97.6,98.14,98.68,99.22,99.76,100.3,100.785714285714,101.271428571429,101.757142857143,102.242857142857,102.728571428571,103.214285714286,103.7,104.133333333333,104.566666666667,105,105.1,105.2,105.3,105.4,105.5,NA
"LOLOG_5502",NA,NA,NA,NA,NA,NA,NA,NA,NA,NA,NA,NA,NA,NA,NA,15.4,15.78,16.16,16.54,16.92,17.3,17.58,17.86,18.14,18.42,18.7,18.86,19.02,19.18,19.34,19.5,NA
"LOLOG_5504",24.7,25,25.3,25.6,25.9,26.2,26.38,26.56,26.74,26.92,27.1,27.34,27.58,27.82,28.06,28.3,28.6,28.9,29.2,29.5,29.8,30.12,30.44,30.76,31.08,31.4,31.64,31.88,32.12,32.36,32.6,NA
"LOLOG_5506",24.5,24.58,24.66,24.74,24.82,24.9,25,25.1,25.2,25.3,25.4,25.5,25.6,25.7,25.8,25.9,26.06,26.22,26.38,26.54,26.7,27.26,27.82,28.38,28.94,29.5,29.26,29.02,28.78,28.54,28.3,NA
"LOLOG_5508",96.6,97.22,97.84,98.46,99.08,99.7,100.44,101.18,101.92,102.66,103.4,103.8,104.2,104.6,105,105.4,105.8,106.2,106.6,107,107.4,107.72,108.04,108.36,108.68,109,109.16,109.32,109.48,109.64,109.8,NA
"LOLOG_5512",37.6,37.86,38.12,38.38,38.64,38.9,38.74,38.58,38.42,38.26,38.1,38.22,38.34,38.46,38.58,38.7,38.88,39.06,39.24,39.42,39.6,39.78,39.96,40.14,40.32,40.5,40.86,41.22,41.58,41.94,42.3,NA
"LOLOG_5513",45.5,45.5,45.5,45.5,45.5,45.5,45.7,45.9,46.1,46.3,46.5,46.48,46.46,46.44,46.42,46.4,46.66,46.92,47.18,47.44,47.7,47.58,47.46,47.34,47.22,47.1,NA,NA,NA,NA,NA,NA
"LOLOG_5514",91.3,93.2,95.1,97,98.9,100.8,101.84,102.88,103.92,104.96,106,108.22,110.44,112.66,114.88,117.1,118.34,119.58,120.82,122.06,123.3,123.94,124.58,125.22,125.86,126.5,127.88,129.26,130.64,132.02,133.4,NA
"LOLOG_5515",23.4,23.58,23.76,23.94,24.12,24.3,24.5,24.7,24.9,25.1,25.3,25.18,25.06,24.94,24.82,24.7,24.72,24.74,24.76,24.78,24.8,24.66,24.52,24.38,24.24,24.1,24.3,24.5,24.7,24.9,25.1,NA
"LOLOG_5516",NA,NA,NA,NA,NA,NA,NA,NA,NA,NA,17,17.58,18.16,18.74,19.32,19.9,20.48,21.06,21.64,22.22,22.8,23.34,23.88,24.42,24.96,25.5,26.2,26.9,27.6,28.3,29,NA
"LOLOG_5520",161.6,161.26,160.92,160.58,160.24,159.9,159.96,160.02,160.08,160.14,160.2,160.56,160.92,161.28,161.64,162,161.7,161.4,161.1,160.8,160.5,NA,NA,NA,NA,NA,NA,NA,NA,NA,NA,NA
"LOLOG_5521",104.3,104.36,104.42,104.48,104.54,104.6,105.02,105.44,105.86,106.28,106.7,107.18,107.66,108.14,108.62,109.1,109.48,109.86,110.24,110.62,111,111.6,112.2,112.8,113.4,114,114,114,114,114,114,NA
"LOLOG_5522",15.3,15.62,15.94,16.26,16.58,16.9,17.18,17.46,17.74,18.02,18.3,18.64,18.98,19.32,19.66,20,20.36,20.72,21.08,21.44,21.8,22.08,22.36,22.64,22.92,23.2,23.56,23.92,24.28,24.64,25,NA
"LOLOG_5524",23.1,23.24,23.38,23.52,23.66,23.8,23.94,24.08,24.22,24.36,24.5,24.66,24.82,24.98,25.14,25.3,25.46,25.62,25.78,25.94,26.1,26.46,26.82,27.18,27.54,27.9,27.78,27.66,27.54,27.42,27.3,NA
"LOLOG_5525",NA,NA,NA,NA,NA,NA,NA,NA,NA,NA,NA,NA,NA,NA,NA,16.7,17.08,17.46,17.84,18.22,18.6,18.92,19.24,19.56,19.88,20.2,20.52,20.84,21.16,21.48,21.8,NA
"LOLOG_5528",56.6,56.62,56.64,56.66,56.68,56.7,56.8,56.9,57,57.1,57.2,57.42,57.64,57.86,58.08,58.3,58.38,58.46,58.54,58.62,58.7,58.74,58.78,58.82,58.86,58.9,59.06,59.22,59.38,59.54,59.7,NA
"LOLOG_5529",67.4,67.9,68.4,68.9,69.4,69.9,70.32,70.74,71.16,71.58,72,72.52,73.04,73.56,74.08,74.6,75.1,75.6,76.1,76.6,77.1,77.56,78.02,78.48,78.94,79.4,79.84,80.28,80.72,81.16,81.6,NA
"LOLOG_5530",43.7,43.74,43.78,43.82,43.86,43.9,44.02,44.14,44.26,44.38,44.5,44.6,44.7,44.8,44.9,45,45.08,45.16,45.24,45.32,45.4,45.58,45.76,45.94,46.12,46.3,46.3,46.3,46.3,46.3,46.3,NA
"LOLOG_5531",71.5,71.88,72.26,72.64,73.02,73.4,73.64,73.88,74.12,74.36,74.6,75.04,75.48,75.92,76.36,76.8,77.08,77.36,77.64,77.92,78.2,78.46,78.72,78.98,79.24,79.5,79.84,80.18,80.52,80.86,81.2,NA
"LOLOG_5532",25.4,25.68,25.96,26.24,26.52,26.8,27.18,27.56,27.94,28.32,28.7,29.08,29.46,29.84,30.22,30.6,30.98,31.36,31.74,32.12,32.5,32.8,33.1,33.4,33.7,34,34.4,34.8,35.2,35.6,36,NA
"LOLOG_5533",18.5,18.68,18.86,19.04,19.22,19.4,19.54,19.68,19.82,19.96,20.1,20.22,20.34,20.46,20.58,20.7,20.84,20.98,21.12,21.26,21.4,21.56,21.72,21.88,22.04,22.2,22.32,22.44,22.56,22.68,22.8,NA
"LOLOG_5534",65,65.26,65.52,65.78,66.04,66.3,66.84,67.38,67.92,68.46,69,69.2,69.4,69.6,69.8,70,70.3,70.6,70.9,71.2,71.5,71.76,72.02,72.28,72.54,72.8,73.04,73.28,73.52,73.76,74,NA
"LOLOG_5535",28.6,28.74,28.88,29.02,29.16,29.3,29.36,29.42,29.48,29.54,29.6,29.6,29.6,29.6,NA,NA,NA,NA,NA,NA,NA,NA,NA,NA,NA,NA,NA,NA,NA,NA,NA,NA
"LOLOG_5536",77.2,77.64,78.08,78.52,78.96,79.4,79.6,79.8,80,80.2,80.4,80.68,80.96,81.24,81.52,81.8,82.16,82.52,82.88,83.24,83.6,83.82,84.04,84.26,84.48,84.7,84.9,85.1,85.3,85.5,85.7,NA
"LOLOG_5537",69.2,69.58,69.96,70.34,70.72,71.1,71.34,71.58,71.82,72.06,72.3,72.64,72.98,73.32,73.66,74,74.32,74.64,74.96,75.28,75.6,75.86,76.12,76.38,76.64,76.9,77.14,77.38,77.62,77.86,78.1,NA
"LOLOG_5538",31.7,31.92,32.14,32.36,32.58,32.8,32.96,33.12,33.28,33.44,33.6,33.94,34.28,34.62,34.96,35.3,35.46,35.62,35.78,35.94,36.1,36.32,36.54,36.76,36.98,37.2,37.46,37.72,37.98,38.24,38.5,NA
"LOLOG_5539",86.8,87.48,88.16,88.84,89.52,90.2,90.82,91.44,92.06,92.68,93.3,93.6,93.9,94.2,94.5,94.8,95.34,95.88,96.42,96.96,97.5,97.9,98.3,98.7,99.1,99.5,99.96,100.42,100.88,101.34,101.8,NA
"LOLOG_5542",16.2,16.26,16.32,16.38,16.44,16.5,16.52,16.54,16.56,16.58,16.6,16.7,16.8,16.9,17,17.1,17.18,17.26,17.34,17.42,17.5,17.52,17.54,17.56,17.58,17.6,17.74,17.88,18.02,18.16,18.3,NA
"LOLOG_5543",75.6,76.16,76.72,77.28,77.84,78.4,78.62,78.84,79.06,79.28,79.5,79.9,80.3,80.7,81.1,81.5,82.16,82.82,83.48,84.14,84.8,85.2,85.6,86,86.4,86.8,87.32,87.84,88.36,88.88,89.4,NA
"LOLOG_5544",47.3,47.34,47.38,47.42,47.46,47.5,47.84,48.18,48.52,48.86,49.2,49.1,49,48.9,48.8,48.7,48.8,48.9,49,49.1,49.2,49.22,49.24,49.26,49.28,49.3,49.46,49.62,49.78,49.94,50.1,NA
"LOLOG_5545",26.8,27.24,27.68,28.12,28.56,29,29.24,29.48,29.72,29.96,30.2,30.66,31.12,31.58,32.04,32.5,32.74,32.98,33.22,33.46,33.7,33.88,34.06,34.24,34.42,34.6,34.72,34.84,34.96,35.08,35.2,NA
"LOLOG_5548",35.3,35.82,36.34,36.86,37.38,37.9,38.36,38.82,39.28,39.74,40.2,40.64,41.08,41.52,41.96,42.4,42.78,43.16,43.54,43.92,44.3,44.32,44.34,44.36,44.38,44.4,44.4,44.4,NA,NA,NA,NA
"LOLOG_5550",154.2,154.34,154.48,154.62,154.76,154.9,155.36,155.82,156.28,156.74,157.2,156.96,156.72,156.48,156.24,156,156.28,156.56,156.84,157.12,157.4,157.46,157.52,157.58,157.64,157.7,158.6,NA,NA,NA,NA,NA
"LOLOG_5551",46.5,46.56,46.62,46.68,46.74,46.8,46.725,46.65,46.575,46.5,NA,NA,NA,NA,NA,NA,NA,NA,NA,NA,NA,NA,NA,NA,NA,NA,NA,NA,NA,NA,NA,NA
"LOLOG_5552",54.5,54.92,55.34,55.76,56.18,56.6,56.88,57.16,57.44,57.72,58,58.18,58.36,58.54,58.72,58.9,NA,NA,NA,NA,NA,NA,NA,NA,NA,NA,NA,NA,NA,NA,NA,NA
"LOLOG_5553",16.1,16.4,16.7,17,17.3,17.6,18.1,18.6,19.1,19.6,20.1,20.48,20.86,21.24,21.62,22,22.54,23.08,23.62,24.16,24.7,25.2,25.7,26.2,26.7,27.2,27.76,28.32,28.88,29.44,30,NA
"LOLOG_5555",26,26.52,27.04,27.56,28.08,28.6,29.16,29.72,30.28,30.84,31.4,31.84,32.28,32.72,33.16,33.6,34.26,34.92,35.58,36.24,36.9,37.42,37.94,38.46,38.98,39.5,39.88,40.26,40.64,41.02,41.4,NA
"LOLOG_5556",52.2,52.8,53.4,54,54.6,55.2,55.7,56.2,56.7,57.2,57.7,58.28,58.86,59.44,60.02,60.6,61.28,61.96,62.64,63.32,64,64.5,65,65.5,66,66.5,66.9,67.3,67.7,68.1,68.5,NA
"LOLOG_5557",22.7,22.76,22.82,22.88,22.94,23,23.04,23.08,23.12,23.16,23.2,23.22,23.24,23.26,23.28,23.3,23.44,23.58,23.72,23.86,24,24.04,24.08,24.12,24.16,24.2,24.12,24.04,23.96,23.88,23.8,NA
"LOLOG_5558",52.8,53.28,53.76,54.24,54.72,55.2,55.56,55.92,56.28,56.64,57,57.46,57.92,58.38,58.84,59.3,60,60.7,61.4,62.1,62.8,63.14,63.48,63.82,64.16,64.5,65.14,65.78,66.42,67.06,67.7,NA
"LOLOG_5559",28.6,28.76,28.92,29.08,29.24,29.4,29.5,29.6,29.7,29.8,29.9,29.96,30.02,30.08,30.14,30.2,30.26,30.32,30.38,30.44,30.5,30.64,30.78,30.92,31.06,31.2,31.24,31.28,31.32,31.36,31.4,NA
"LOLOG_5560",25.1,25.3,25.5,25.7,25.9,26.1,26.3,26.5,26.7,26.9,27.1,27.36,27.62,27.88,28.14,28.4,28.74,29.08,29.42,29.76,30.1,30.46,30.82,31.18,31.54,31.9,31.98,32.06,32.14,32.22,32.3,NA
"LOLOG_5561",117.2,117.36,117.52,117.68,117.84,118,118.06,118.12,118.18,118.24,118.3,118.56,118.82,119.08,119.34,119.6,119.5,119.4,119.3,119.2,119.1,119.22,119.34,119.46,119.58,119.7,NA,NA,NA,NA,NA,NA
"LOLOG_5562",145.4,145.78,146.16,146.54,146.92,147.3,148.3,NA,NA,NA,NA,NA,NA,NA,NA,NA,NA,NA,NA,NA,NA,NA,NA,NA,NA,NA,NA,NA,NA,NA,NA,NA
"LOLOG_5563",127.1,127.32,127.54,127.76,127.98,128.2,128.32,128.44,128.56,128.68,128.8,128.92,129.04,129.16,129.28,129.4,129.54,129.68,129.82,129.96,130.1,130.02,129.94,129.86,129.78,129.7,NA,NA,NA,NA,NA,NA
"LOLOG_5564",NA,NA,NA,NA,NA,NA,NA,NA,NA,NA,15,15,15,15,15,15,15,15,15,15,15,15.06,15.12,15.18,15.24,15.3,15.4,NA,NA,NA,NA,NA
"LOLOG_5567",21.1,21.36,21.62,21.88,22.14,22.4,22.56,22.72,22.88,23.04,23.2,23.36,23.52,23.68,23.84,24,24.24,24.48,24.72,24.96,25.2,25.36,25.52,25.68,25.84,26,26.1,26.2,26.3,26.4,26.5,NA
"LOLOG_5570",103.1,103.9,104.7,105.5,106.3,107.1,107.62,108.14,108.66,109.18,109.7,110.08,110.46,110.84,111.22,111.6,112.42,113.24,114.06,114.88,115.7,115.86,116.02,116.18,116.34,116.5,116.8,117.1,117.4,117.7,118,NA
"LOLOG_5573",28,28.12,28.24,28.36,28.48,28.6,28.78,28.96,29.14,29.32,29.5,29.5,29.5,29.5,29.5,29.5,29.56,29.62,29.68,29.74,29.8,29.85,29.9,29.95,30,NA,NA,NA,NA,NA,NA,NA
"LOLOG_5574",46.3,46.32,46.34,46.36,46.38,46.4,46.52,46.64,46.76,46.88,47,47.08,47.16,47.24,47.32,47.4,47.68,47.96,48.24,48.52,48.8,48.9,49,49.1,49.2,49.3,49.38,49.46,49.54,49.62,49.7,NA
"LOLOG_5575",28.2,28.34,28.48,28.62,28.76,28.9,29.06,29.22,29.38,29.54,29.7,29.96,30.22,30.48,30.74,31,31.3,31.6,31.9,32.2,32.5,32.8,33.1,33.4,33.7,34,34.22,34.44,34.66,34.88,35.1,NA
"LOLOG_5576",29.1,29.5,29.9,30.3,30.7,31.1,31.62,32.14,32.66,33.18,33.7,34.06,34.42,34.78,35.14,35.5,36.04,36.58,37.12,37.66,38.2,38.56,38.92,39.28,39.64,40,NA,NA,NA,NA,NA,NA
"LOLOG_5577",33.3,33.82,34.34,34.86,35.38,35.9,36.4,36.9,37.4,37.9,38.4,38.92,39.44,39.96,40.48,41,41.66,42.32,42.98,43.64,44.3,44.88,45.46,46.04,46.62,47.2,47.68,48.16,48.64,49.12,49.6,NA
"LOLOG_5581",113.1,113.46,113.82,114.18,114.54,114.9,115.36,115.82,116.28,116.74,117.2,117.74,118.28,118.82,119.36,119.9,120.32,120.74,121.16,121.58,122,122.38,122.76,123.14,123.52,123.9,123.9,123.9,123.9,123.9,123.9,NA
"LOLOG_5583",107.1,107.54,107.98,108.42,108.86,109.3,109.62,109.94,110.26,110.58,110.9,111.28,111.66,112.04,112.42,112.8,113.02,113.24,113.46,113.68,113.9,114.24,114.58,114.92,115.26,115.6,115.64,115.68,115.72,115.76,115.8,NA
"LOLOG_5585",94.2,94.04,93.88,93.72,93.56,93.4,93.82,94.24,94.66,95.08,95.5,95.8,96.1,96.4,96.7,97,97.2,97.4,97.6,97.8,98,98.2,98.4,98.6,98.8,99,100.4,101.8,103.2,104.6,106,NA
"LOLOG_5587",57.2,57.04,56.88,56.72,56.56,56.4,56.68,56.96,57.24,57.52,57.8,57.88,57.96,58.04,58.12,58.2,58.14,58.08,58.02,57.96,57.9,57.84,57.78,57.72,57.66,57.6,NA,NA,NA,NA,NA,NA
"LOLOG_5589",39.4,39.74,40.08,40.42,40.76,41.1,41.16,41.22,41.28,41.34,41.4,41.64,41.88,42.12,42.36,42.6,42.84,43.08,43.32,43.56,43.8,44.02,44.24,44.46,44.68,44.9,45.06,45.22,45.38,45.54,45.7,NA
"LOLOG_5591",17.8,17.8,17.8,17.8,17.8,17.8,18.04,18.28,18.52,18.76,19,19.02,19.04,19.06,19.08,19.1,19.16,19.22,19.28,19.34,19.4,19.44,19.48,19.52,19.56,19.6,19.68,19.76,19.84,19.92,20,NA
"LOLOG_5595",27.5,27.6,27.7,27.8,27.9,28,28.3,28.6,28.9,29.2,29.5,29.62,29.74,29.86,29.98,30.1,30.24,30.38,30.52,30.66,30.8,30.98,31.16,31.34,31.52,31.7,31.86,32.02,32.18,32.34,32.5,NA
"LOLOG_5596",52.3,52.28,52.26,52.24,52.22,52.2,52.46,52.72,52.98,53.24,53.5,53.52,53.54,53.56,53.58,53.6,53.86,54.12,54.38,54.64,54.9,55,55.1,55.2,55.3,55.4,55.66,55.92,56.18,56.44,56.7,NA
"LOLOG_5597",44.1,44.62,45.14,45.66,46.18,46.7,47.24,47.78,48.32,48.86,49.4,50.12,50.84,51.56,52.28,53,53.82,54.64,55.46,56.28,57.1,57.64,58.18,58.72,59.26,59.8,60.42,61.04,61.66,62.28,62.9,NA
"LOLOG_5599",NA,NA,NA,NA,NA,NA,NA,NA,NA,NA,NA,NA,NA,NA,NA,NA,NA,NA,NA,NA,NA,NA,NA,NA,NA,15.4,15.54,15.68,15.82,15.96,16.1,NA
"LOLOG_5607",113.1,113.54,113.98,114.42,114.86,115.3,115.84,116.38,116.92,117.46,118,118.74,119.48,120.22,120.96,121.7,122.1,122.5,122.9,123.3,123.7,124.1,124.5,124.9,125.3,125.7,126.22,126.74,127.26,127.78,128.3,NA
"LOLOG_5608",107.7,107.72,107.74,107.76,107.78,107.8,107.84,107.88,107.92,107.96,108,108.08,108.16,108.24,108.32,108.4,108.54,108.68,108.82,108.96,109.1,109,108.9,108.8,108.7,108.6,108.44,108.28,108.12,107.96,107.8,NA
"LOLOG_5611",26.7,27.3,27.9,28.5,29.1,29.7,30.06,30.42,30.78,31.14,31.5,32.08,32.66,33.24,33.82,34.4,35.14,35.88,36.62,37.36,38.1,38.52,38.94,39.36,39.78,40.2,40.48,40.76,41.04,41.32,41.6,NA
"LOLOG_5612",15.2,15.24,15.28,15.32,15.36,15.4,15.46,15.52,15.58,15.64,15.7,16,NA,NA,NA,NA,NA,NA,NA,NA,NA,NA,NA,NA,NA,NA,NA,NA,NA,NA,NA,NA
"LOLOG_5613",62,62.52,63.04,63.56,64.08,64.6,65.1,65.6,66.1,66.6,67.1,67.56,68.02,68.48,68.94,69.4,70.3,71.2,72.1,73,73.9,74.58,75.26,75.94,76.62,77.3,78,78.7,79.4,80.1,80.8,NA
"LOLOG_5616",36.7,36.84,36.98,37.12,37.26,37.4,37.52,37.64,37.76,37.88,38,38.04,38.08,38.12,38.16,38.2,38.16,38.12,38.08,38.04,38,37.9666666666667,37.9333333333333,37.9,NA,NA,NA,NA,NA,NA,NA,NA
"LOLOG_5619",142,142.26,142.52,142.78,143.04,143.3,143.3,143.3,143.3,143.3,143.3,143.44,143.58,143.72,143.86,144,144.1,144.2,144.3,144.4,144.5,144.3,144.1,143.9,143.7,143.5,143.72,143.94,144.16,144.38,144.6,142.6
"LOLOG_5620",26.3,26.62,26.94,27.26,27.58,27.9,28.24,28.58,28.92,29.26,29.6,29.82,30.04,30.26,30.48,30.7,31.24,31.78,32.32,32.86,33.4,33.375,33.35,33.325,33.3,NA,NA,NA,NA,NA,NA,NA
"LOLOG_5621",21.8,21.88,21.96,22.04,22.12,22.2,22.2,22.2,22.2,22.2,22.2,22.22,22.24,22.26,22.28,22.3,22.32,22.34,22.36,22.38,22.4,22.42,22.44,22.46,22.48,22.5,22.475,22.45,22.425,22.4,NA,NA
"LOLOG_5622",33.6,33.66,33.72,33.78,33.84,33.9,34.26,34.62,34.98,35.34,35.7,36,36.3,36.6,36.9,37.2,37.64,38.08,38.52,38.96,39.4,39.98,40.56,41.14,41.72,42.3,42.7,43.1,43.5,43.9,44.3,NA
"LOLOG_5623",55.1,55.86,56.62,57.38,58.14,58.9,59.44,59.98,60.52,61.06,61.6,62.24,62.88,63.52,64.16,64.8,65.48,66.16,66.84,67.52,68.2,68.76,69.32,69.88,70.44,71,71.48,71.96,72.44,72.92,73.4,NA
"LOLOG_5624",21.8,22.38,22.96,23.54,24.12,24.7,25.24,25.78,26.32,26.86,27.4,28.04,28.68,29.32,29.96,30.6,31.24,31.88,32.52,33.16,33.8,34.28,34.76,35.24,35.72,36.2,36.72,37.24,37.76,38.28,38.8,NA
"LOLOG_5628",15,15.22,15.44,15.66,15.88,16.1,16.32,16.54,16.76,16.98,17.2,17.52,17.84,18.16,18.48,18.8,19,19.2,19.4,19.6,19.8,20.08,20.36,20.64,20.92,21.2,21.46,21.72,21.98,22.24,22.5,NA
"LOLOG_5636",30.7,31.34,31.98,32.62,33.26,33.9,34.34,34.78,35.22,35.66,36.1,36.62,37.14,37.66,38.18,38.7,39.24,39.78,40.32,40.86,41.4,41.66,41.92,42.18,42.44,42.7,42.88,43.06,43.24,43.42,43.6,NA
"LOLOG_5639",27.4,27.82,28.24,28.66,29.08,29.5,29.92,30.34,30.76,31.18,31.6,32.2,32.8,33.4,34,34.6,35.06,35.52,35.98,36.44,36.9,37.28,37.66,38.04,38.42,38.8,39.12,39.44,39.76,40.08,40.4,NA
"LOLOG_5640",139.8,140.22,140.64,141.06,141.48,141.9,141.9,141.9,141.9,141.9,141.9,142.14,142.38,142.62,142.86,143.1,143.44,143.78,144.12,144.46,144.8,144.82,144.84,144.86,144.88,144.9,145.02,145.14,145.26,145.38,145.5,NA
"LOLOG_5641",16.2,16.64,17.08,17.52,17.96,18.4,18.74,19.08,19.42,19.76,20.1,20.56,21.02,21.48,21.94,22.4,22.9,23.4,23.9,24.4,24.9,25.22,25.54,25.86,26.18,26.5,26.84,27.18,27.52,27.86,28.2,NA
"LOLOG_5643",17.5,17.84,18.18,18.52,18.86,19.2,19.56,19.92,20.28,20.64,21,21.36,21.72,22.08,22.44,22.8,23.24,23.68,24.12,24.56,25,25.3,25.6,25.9,26.2,26.5,26.82,27.14,27.46,27.78,28.1,NA
"LOLOG_5646",18.6,19.06,19.52,19.98,20.44,20.9,21.36,21.82,22.28,22.74,23.2,23.56,23.92,24.28,24.64,25,25.38,25.76,26.14,26.52,26.9,27.44,27.98,28.52,29.06,29.6,29.8,30,30.2,30.4,30.6,NA
"LOLOG_5647",36.8,37.62,38.44,39.26,40.08,40.9,41.48,42.06,42.64,43.22,43.8,44.52,45.24,45.96,46.68,47.4,48.28,49.16,50.04,50.92,51.8,52.5,53.2,53.9,54.6,55.3,55.94,56.58,57.22,57.86,58.5,NA
"LOLOG_5648",129.9,130.24,130.58,130.92,131.26,131.6,131.66,131.72,131.78,131.84,131.9,131.94,131.98,132.02,132.06,132.1,132.46,132.82,133.18,133.54,133.9,134.04,134.18,134.32,134.46,134.6,134.76,134.92,135.08,135.24,135.4,NA
"LOLOG_5653",20.6,20.96,21.32,21.68,22.04,22.4,22.66,22.92,23.18,23.44,23.7,23.96,24.22,24.48,24.74,25,25.48,25.96,26.44,26.92,27.4,27.72,28.04,28.36,28.68,29,29.24,29.48,29.72,29.96,30.2,NA
"LOLOG_5654",43.1,43.72,44.34,44.96,45.58,46.2,46.64,47.08,47.52,47.96,48.4,48.94,49.48,50.02,50.56,51.1,51.78,52.46,53.14,53.82,54.5,55.04,55.58,56.12,56.66,57.2,57.78,58.36,58.94,59.52,60.1,NA
"LOLOG_5655",43.6,44.02,44.44,44.86,45.28,45.7,46.2,46.7,47.2,47.7,48.2,48.64,49.08,49.52,49.96,50.4,50.94,51.48,52.02,52.56,53.1,53.68,54.26,54.84,55.42,56,56.52,57.04,57.56,58.08,58.6,NA
"LOLOG_5659",21,21.04,21.08,21.12,21.16,21.2,21.36,21.52,21.68,21.84,22,22.3,22.6,22.9,23.2,23.5,23.52,23.54,23.56,23.58,23.6,23.5,23.4,23.3,23.2,23.1,22.8,NA,NA,NA,NA,NA
"LOLOG_5660",21.2,21.48,21.76,22.04,22.32,22.6,22.78,22.96,23.14,23.32,23.5,23.82,24.14,24.46,24.78,25.1,25.18,25.26,25.34,25.42,25.5,25.68,25.86,26.04,26.22,26.4,26.72,27.04,27.36,27.68,28,NA
"LOLOG_5661",114.1,114.14,114.18,114.22,114.26,114.3,114.42,114.54,114.66,114.78,114.9,114.9,114.9,114.9,114.9,NA,NA,NA,NA,NA,NA,NA,NA,NA,NA,NA,NA,NA,NA,NA,NA,NA
"LOLOG_5662",61.1,61.74,62.38,63.02,63.66,64.3,64.74,65.18,65.62,66.06,66.5,67.26,68.02,68.78,69.54,70.3,71.12,71.94,72.76,73.58,74.4,75.08,75.76,76.44,77.12,77.8,78.44,79.08,79.72,80.36,81,NA
"LOLOG_5663",117.5,117.94,118.38,118.82,119.26,119.7,119.58,119.46,119.34,119.22,119.1,119.26,119.42,119.58,119.74,119.9,NA,NA,NA,NA,NA,NA,NA,NA,NA,NA,NA,NA,NA,NA,NA,NA
"LOLOG_5664",NA,NA,NA,NA,NA,NA,NA,NA,NA,NA,NA,NA,NA,NA,NA,NA,NA,NA,NA,NA,17.4,17.8,18.2,18.6,19,19.4,19.6,19.8,20,20.2,20.4,NA
"LOLOG_5665",34.1,34,33.9,33.8,33.7,33.6,33.62,33.64,33.66,33.68,33.7,33.7,33.7,33.7,33.7,NA,NA,NA,NA,NA,NA,NA,NA,NA,NA,NA,NA,NA,NA,NA,NA,NA
"LOLOG_5669",22,22.24,22.48,22.72,22.96,23.2,23.38,23.56,23.74,23.92,24.1,24.32,24.54,24.76,24.98,25.2,25.52,25.84,26.16,26.48,26.8,27.12,27.44,27.76,28.08,28.4,28.5,28.6,28.7,28.8,28.9,NA
"LOLOG_5671",37.1,37.72,38.34,38.96,39.58,40.2,40.64,41.08,41.52,41.96,42.4,43.08,43.76,44.44,45.12,45.8,46.48,47.16,47.84,48.52,49.2,49.9,50.6,51.3,52,52.7,53.16,53.62,54.08,54.54,55,NA
"LOLOG_5672",19.6,20,NA,NA,NA,NA,NA,NA,NA,NA,NA,NA,NA,NA,NA,NA,NA,NA,NA,NA,NA,NA,NA,NA,NA,NA,NA,NA,NA,NA,NA,NA
"LOLOG_5674",19.6,19.86,20.12,20.38,20.64,20.9,21.08,21.26,21.44,21.62,21.8,21.94,22.08,22.22,22.36,22.5,22.7,22.9,23.1,23.3,23.5,23.72,23.94,24.16,24.38,24.6,24.8,25,25.2,25.4,25.6,NA
"LOLOG_5675",15.1,15.28,15.46,15.64,15.82,16,16.08,16.16,16.24,16.32,16.4,16.52,16.64,16.76,16.88,17,17.06,17.12,17.18,17.24,17.3,17.38,17.46,17.54,17.62,17.7,17.76,17.82,17.88,17.94,18,NA
"LOLOG_5677",40.1,40.62,41.14,41.66,42.18,42.7,43.18,43.66,44.14,44.62,45.1,45.7,46.3,46.9,47.5,48.1,48.66,49.22,49.78,50.34,50.9,51.4,51.9,52.4,52.9,53.4,53.96,54.52,55.08,55.64,56.2,NA
"LOLOG_5678",18.2,18.44,18.68,18.92,19.16,19.4,19.54,19.68,19.82,19.96,20.1,20.14,20.18,20.22,20.26,20.3,20.34,20.38,20.42,20.46,20.5,20.5,20.5,20.5,20.5,NA,NA,NA,NA,NA,NA,NA
"LOLOG_5680",17.9,18.1,18.3,18.5,18.7,18.9,19,19.1,19.2,19.3,19.4,19.52,19.64,19.76,19.88,20,20.16,20.32,20.48,20.64,20.8,21.1,21.4,21.7,22,22.3,22.22,22.14,22.06,21.98,21.9,NA
"LOLOG_5685",17.1,17.36,17.62,17.88,18.14,18.4,18.64,18.88,19.12,19.36,19.6,19.78,19.96,20.14,20.32,20.5,20.74,20.98,21.22,21.46,21.7,21.96,22.22,22.48,22.74,23,23.2,23.4,23.6,23.8,24,NA
"LOLOG_5687",112.6,112.98,113.36,113.74,114.12,114.5,114.88,115.26,115.64,116.02,116.4,116.9,117.4,117.9,118.4,118.9,118.98,119.06,119.14,119.22,119.3,119.5,119.7,119.9,120.1,120.3,120.62,120.94,121.26,121.58,121.9,NA
"LOLOG_5688",110.5,110.76,111.02,111.28,111.54,111.8,112.28,112.76,113.24,113.72,114.2,114.42,114.64,114.86,115.08,115.3,115.6,115.9,116.2,116.5,116.8,117.18,117.56,117.94,118.32,118.7,119.02,119.34,119.66,119.98,120.3,NA
"LOLOG_5689",20.7,21.34,21.98,22.62,23.26,23.9,24.48,25.06,25.64,26.22,26.8,27.48,28.16,28.84,29.52,30.2,30.96,31.72,32.48,33.24,34,34.84,35.68,36.52,37.36,38.2,38.6,39,39.4,39.8,40.2,NA
"LOLOG_5691",NA,NA,NA,NA,NA,15.5,15.86,16.22,16.58,16.94,17.3,17.72,18.14,18.56,18.98,19.4,19.92,20.44,20.96,21.48,22,22.38,22.76,23.14,23.52,23.9,24.2,24.5,24.8,25.1,25.4,NA
"LOLOG_5692",78.5,78.9,79.3,79.7,80.1,80.5,80.7,80.9,81.1,81.3,81.5,82,82.5,83,83.5,84,84.54,85.08,85.62,86.16,86.7,87.08,87.46,87.84,88.22,88.6,88.78,88.96,89.14,89.32,89.5,NA
"LOLOG_5694",18.8,19.04,19.28,19.52,19.76,20,20.22,20.44,20.66,20.88,21.1,21.22,21.34,21.46,21.58,21.7,21.86,22.02,22.18,22.34,22.5,22.6,22.7,22.8,22.9,23,23.04,23.08,23.12,23.16,23.2,NA
"LOLOG_5697",32.4,32.9,33.4,33.9,34.4,34.9,35.26,35.62,35.98,36.34,36.7,37.16,37.62,38.08,38.54,39,39.6,40.2,40.8,41.4,42,42.46,42.92,43.38,43.84,44.3,44.7,45.1,45.5,45.9,46.3,NA
"LOLOG_5702",16.2,16.36,16.52,16.68,16.84,17,17.2,17.4,17.6,17.8,18,18.26,18.52,18.78,19.04,19.3,19.54,19.78,20.02,20.26,20.5,20.66,20.82,20.98,21.14,21.3,21.46,21.62,21.78,21.94,22.1,NA
"LOLOG_5703",23.5,23.72,23.94,24.16,24.38,24.6,24.86,25.12,25.38,25.64,25.9,26.06,26.22,26.38,26.54,26.7,26.86,27.02,27.18,27.34,27.5,27.58,27.66,27.74,27.82,27.9,27.86,27.82,27.78,27.74,27.7,NA
"LOLOG_5705",27.6,27.92,28.24,28.56,28.88,29.2,29.56,29.92,30.28,30.64,31,31.28,31.56,31.84,32.12,32.4,32.86,33.32,33.78,34.24,34.7,35.08,35.46,35.84,36.22,36.6,36.94,37.28,37.62,37.96,38.3,NA
"LOLOG_5706",38,38.5,39,39.5,40,40.5,41.02,41.54,42.06,42.58,43.1,43.66,44.22,44.78,45.34,45.9,46.42,46.94,47.46,47.98,48.5,49.14,49.78,50.42,51.06,51.7,52.48,53.26,54.04,54.82,55.6,NA
"LOLOG_5707",21.8,22.02,22.24,22.46,22.68,22.9,23.1,23.3,23.5,23.7,23.9,24.08,24.26,24.44,24.62,24.8,24.82,24.84,24.86,24.88,24.9,24.9,24.9,24.9,24.9,24.9,24.5,NA,NA,NA,NA,NA
"LOLOG_5712",20,20.2,20.4,20.6,20.8,21,21.28,21.56,21.84,22.12,22.4,22.72,23.04,23.36,23.68,24,24.1,24.2,24.3,24.4,24.5,24.66,24.82,24.98,25.14,25.3,25.42,25.54,25.66,25.78,25.9,NA
"LOLOG_5713",22.5,22.9,23.3,23.7,24.1,24.5,24.62,24.74,24.86,24.98,25.1,25.38,25.66,25.94,26.22,26.5,26.54,26.58,26.62,26.66,26.7,26.94,27.18,27.42,27.66,27.9,28.06,28.22,28.38,28.54,28.7,NA
"LOLOG_5716",47.6,48.3,49,49.7,50.4,51.1,51.64,52.18,52.72,53.26,53.8,54.44,55.08,55.72,56.36,57,57.88,58.76,59.64,60.52,61.4,62.18,62.96,63.74,64.52,65.3,65.88,66.46,67.04,67.62,68.2,NA
"LOLOG_5717",139.3,139.32,139.34,139.36,139.38,139.4,139.52,139.64,139.76,139.88,140,140.2,140.4,140.6,140.8,141,140.92,140.84,140.76,140.68,140.6,140.78,140.96,141.14,141.32,141.5,141.2,140.9,NA,NA,NA,NA
"LOLOG_5720",21.4,21.76,22.12,22.48,22.84,23.2,23.48,23.76,24.04,24.32,24.6,24.9,25.2,25.5,25.8,26.1,26.42,26.74,27.06,27.38,27.7,27.94,28.18,28.42,28.66,28.9,29.2,29.5,29.8,30.1,30.4,NA
"LOLOG_5723",23.3,23.52,23.74,23.96,24.18,24.4,24.64,24.88,25.12,25.36,25.6,26,26.4,26.8,27.2,27.6,27.88,28.16,28.44,28.72,29,29.38,29.76,30.14,30.52,30.9,31.3,31.7,32.1,32.5,32.9,NA
"LOLOG_5725",16.9,17.26,17.62,17.98,18.34,18.7,18.9,19.1,19.3,19.5,19.7,19.92,20.14,20.36,20.58,20.8,20.92,21.04,21.16,21.28,21.4,21.62,21.84,22.06,22.28,22.5,22.78,23.06,23.34,23.62,23.9,NA
"LOLOG_5726",NA,NA,NA,NA,NA,NA,NA,NA,NA,NA,NA,NA,NA,NA,NA,NA,NA,NA,NA,NA,15.9,16.12,16.34,16.56,16.78,17,17.32,17.64,17.96,18.28,18.6,NA
"LOLOG_5728",104.6,105.14,105.68,106.22,106.76,107.3,107.56,107.82,108.08,108.34,108.6,108.78,108.96,109.14,109.32,109.5,109.76,110.02,110.28,110.54,110.8,110.566666666667,110.333333333333,110.1,NA,NA,NA,NA,NA,NA,NA,NA
"LOLOG_5729",83,83.22,83.44,83.66,83.88,84.1,84.4,84.7,85,85.3,85.6,85.54,85.48,85.42,85.36,85.3,85.26,85.22,85.18,85.14,85.1,84.9,84.7,84.5,84.3,NA,NA,NA,NA,NA,NA,NA
"LOLOG_5730",120.9,121,121.1,121.2,121.3,121.4,121.22,121.04,120.86,120.68,120.5,120.9,121.3,121.7,122.1,122.5,122.04,121.58,121.12,120.66,120.2,120.5,120.8,NA,NA,NA,NA,NA,NA,NA,NA,NA
"LOLOG_5731",160.5,160.74,160.98,161.22,161.46,161.7,161.94,162.18,162.42,162.66,162.9,163.3,163.7,164.1,164.5,164.9,165.36,165.82,166.28,166.74,167.2,167.64,168.08,168.52,168.96,169.4,169.6,169.8,170,170.2,170.4,NA
"LOLOG_5732",67.8,68.08,68.36,68.64,68.92,69.2,69.44,69.68,69.92,70.16,70.4,70.68,70.96,71.24,71.52,71.8,71.98,72.16,72.34,72.52,72.7,73.14,73.58,74.02,74.46,74.9,74.92,74.94,74.96,74.98,75,NA
"LOLOG_5733",121.4,121.64,121.88,122.12,122.36,122.6,122.86,123.12,123.38,123.64,123.9,124.38,124.86,125.34,125.82,126.3,NA,NA,NA,NA,NA,NA,NA,NA,NA,NA,NA,NA,NA,NA,NA,NA
"LOLOG_5736",38.5,38.86,39.22,39.58,39.94,40.3,40.74,41.18,41.62,42.06,42.5,43.08,43.66,44.24,44.82,45.4,45.94,46.48,47.02,47.56,48.1,48.64,49.18,49.72,50.26,50.8,51.24,51.68,52.12,52.56,53,NA
"LOLOG_5737",95.4,95.4,95.4,95.4,95.4,NA,NA,NA,NA,NA,NA,NA,NA,NA,NA,NA,NA,NA,NA,NA,NA,NA,NA,NA,NA,NA,NA,NA,NA,NA,NA,NA
"LOLOG_5739",34.2,34.72,35.24,35.76,36.28,36.8,37.14,37.48,37.82,38.16,38.5,38.86,39.22,39.58,39.94,40.3,40.64,40.98,41.32,41.66,42,42.4,42.8,43.2,43.6,44,44.26,44.52,44.78,45.04,45.3,NA
"LOLOG_5741",128.6,128.74,128.88,129.02,129.16,129.3,129.74,130.18,130.62,131.06,131.5,131.66,131.82,131.98,132.14,132.3,132.6,132.9,133.2,133.5,133.8,134,134.2,134.4,134.6,134.8,134.9,135,135.1,135.2,135.3,NA
"LOLOG_5742",21.7,21.9,22.1,22.3,22.5,22.7,22.96,23.22,23.48,23.74,24,24.26,24.52,24.78,25.04,25.3,25.58,25.86,26.14,26.42,26.7,26.9,27.1,27.3,27.5,27.7,27.84,27.98,28.12,28.26,28.4,NA
"LOLOG_5743",NA,NA,NA,NA,NA,NA,NA,NA,NA,NA,NA,NA,NA,NA,NA,NA,NA,NA,NA,NA,15.3,15.48,15.66,15.84,16.02,16.2,16.28,16.36,16.44,16.52,16.6,NA
"LOLOG_5744",28.4,28.78,29.16,29.54,29.92,30.3,30.58,30.86,31.14,31.42,31.7,32.14,32.58,33.02,33.46,33.9,34.16,34.42,34.68,34.94,35.2,35.25,35.3,NA,NA,NA,NA,NA,NA,NA,NA,NA
"LOLOG_5749",28.3,28.56,28.82,29.08,29.34,29.6,29.54,29.48,29.42,29.36,29.3,29.32,29.34,29.36,29.38,29.4,29.46,29.52,29.58,29.64,29.7,29.74,29.78,29.82,29.86,29.9,29.98,30.06,30.14,30.22,30.3,NA
"LOLOG_5750",79,79,79,79,79,79,79.74,80.48,81.22,81.96,82.7,82.62,82.54,82.46,82.38,82.3,82.52,82.74,82.96,83.18,83.4,83.86,84.32,84.78,85.24,85.7,86.04,86.38,86.72,87.06,87.4,NA
"LOLOG_5751",42.1,42.18,42.26,42.34,42.42,42.5,NA,NA,NA,NA,NA,NA,NA,NA,NA,NA,NA,NA,NA,NA,NA,NA,NA,NA,NA,NA,NA,NA,NA,NA,NA,NA
"LOLOG_5752",72.1,72.98,73.86,74.74,75.62,76.5,77.2,77.9,78.6,79.3,80,80.6,81.2,81.8,82.4,83,83.62,84.24,84.86,85.48,86.1,86.54,86.98,87.42,87.86,88.3,88.72,89.14,89.56,89.98,90.4,NA
"LOLOG_5754",103.7,104.1,104.5,104.9,105.3,105.7,106.14,106.58,107.02,107.46,107.9,108.36,108.82,109.28,109.74,110.2,110.56,110.92,111.28,111.64,112,112.28,112.56,112.84,113.12,113.4,113.72,114.04,114.36,114.68,115,NA
"LOLOG_5755",24.8,25.06,25.32,25.58,25.84,26.1,26.44,26.78,27.12,27.46,27.8,28.02,28.24,28.46,28.68,28.9,29.04,29.18,29.32,29.46,29.6,29.78,29.96,30.14,30.32,30.5,30.74,30.98,31.22,31.46,31.7,NA
"LOLOG_5758",NA,NA,NA,NA,NA,NA,NA,NA,NA,NA,15,15.08,15.16,15.24,15.32,15.4,15.52,15.64,15.76,15.88,16,16.08,16.16,16.24,16.32,16.4,16.56,16.72,16.88,17.04,17.2,NA
"LOLOG_5759",49.8,50.42,51.04,51.66,52.28,52.9,53.32,53.74,54.16,54.58,55,55.4,55.8,56.2,56.6,57,57.6,58.2,58.8,59.4,60,60.36,60.72,61.08,61.44,61.8,62.24,62.68,63.12,63.56,64,NA
"LOLOG_5760",16.9,17.18,17.46,17.74,18.02,18.3,18.54,18.78,19.02,19.26,19.5,19.7,19.9,20.1,20.3,20.5,20.78,21.06,21.34,21.62,21.9,22.08,22.26,22.44,22.62,22.8,23.08,23.36,23.64,23.92,24.2,NA
"LOLOG_5761",NA,NA,NA,NA,NA,NA,NA,NA,NA,NA,15.2,15.26,15.32,15.38,15.44,15.5,15.64,15.78,15.92,16.06,16.2,16.22,16.24,16.26,16.28,16.3,16.4,16.5,16.6,16.7,16.8,NA
"LOLOG_5762",35.6,35.98,36.36,36.74,37.12,37.5,37.86,38.22,38.58,38.94,39.3,39.48,39.66,39.84,40.02,40.2,40.44,40.68,40.92,41.16,41.4,41.52,41.64,41.76,41.88,42,42.26,42.52,42.78,43.04,43.3,NA
"LOLOG_5763",58.9,59.34,59.78,60.22,60.66,61.1,61.62,62.14,62.66,63.18,63.7,64.06,64.42,64.78,65.14,65.5,66.06,66.62,67.18,67.74,68.3,68.54,68.78,69.02,69.26,69.5,70.04,70.58,71.12,71.66,72.2,NA
"LOLOG_5765",62,62.24,62.48,62.72,62.96,63.2,63.66,64.12,64.58,65.04,65.5,65.84,66.18,66.52,66.86,67.2,67.56,67.92,68.28,68.64,69,69.38,69.76,70.14,70.52,70.9,71.2,71.5,71.8,72.1,72.4,NA
"LOLOG_5766",69.4,70.04,70.68,71.32,71.96,72.6,73.26,73.92,74.58,75.24,75.9,76.48,77.06,77.64,78.22,78.8,79.3,79.8,80.3,80.8,81.3,81.78,82.26,82.74,83.22,83.7,84.2,84.7,85.2,85.7,86.2,NA
"LOLOG_5767",51.6,51.68,51.76,51.84,51.92,52,52.3,52.6,52.9,53.2,53.5,53.86,54.22,54.58,54.94,55.3,55.62,55.94,56.26,56.58,56.9,57.14,57.38,57.62,57.86,58.1,58.16,58.22,58.28,58.34,58.4,NA
"LOLOG_5768",NA,NA,NA,NA,NA,NA,NA,NA,NA,NA,15,15.08,15.16,15.24,15.32,15.4,15.66,15.92,16.18,16.44,16.7,16.76,16.82,16.88,16.94,17,17,17,NA,NA,NA,NA
"LOLOG_5770",18,17.98,17.96,17.94,17.92,17.9,18,18.1,18.2,18.3,18.4,18.36,18.32,18.28,18.24,18.2,18.42,18.64,18.86,19.08,19.3,19.44,19.58,19.72,19.86,20,20.16,20.32,20.48,20.64,20.8,NA
"LOLOG_5771",68.9,69.6,70.3,71,71.7,72.4,73.06,73.72,74.38,75.04,75.7,76.42,77.14,77.86,78.58,79.3,80.18,81.06,81.94,82.82,83.7,83.95,84.2,84.45,84.7,NA,NA,NA,NA,NA,NA,NA
"LOLOG_5772",16.6,16.78,16.96,17.14,17.32,17.5,17.38,17.26,17.14,17.02,16.9,17.04,17.18,17.32,17.46,17.6,17.5,17.4,17.3,17.2,17.1,17.14,17.18,17.22,17.26,17.3,NA,NA,NA,NA,NA,NA
"LOLOG_5773",16,16.26,16.52,16.78,17.04,17.3,17.6,17.9,18.2,18.5,18.8,18.98,19.16,19.34,19.52,19.7,19.98,20.26,20.54,20.82,21.1,21.34,21.58,21.82,22.06,22.3,22.58,22.86,23.14,23.42,23.7,NA
"LOLOG_5774",NA,NA,NA,NA,NA,15,15.28,15.56,15.84,16.12,16.4,16.42,16.44,16.46,16.48,16.5,16.66,16.82,16.98,17.14,17.3,17.5,17.7,17.9,18.1,18.3,18.54,18.78,19.02,19.26,19.5,NA
"LOLOG_5775",79.4,79.56,79.72,79.88,80.04,80.2,80.6,81,81.4,81.8,82.2,82.62,83.04,83.46,83.88,84.3,84.56,84.82,85.08,85.34,85.6,85.76,85.92,86.08,86.24,86.4,86.68,86.96,87.24,87.52,87.8,NA
"LOLOG_5776",NA,NA,NA,NA,NA,NA,NA,NA,NA,NA,NA,NA,NA,NA,NA,15.1,15.19,15.28,15.37,15.46,15.55,15.64,15.73,15.82,15.91,16,NA,NA,NA,NA,NA,NA
"LOLOG_5777",44.8,45.24,45.68,46.12,46.56,47,47.2,47.4,47.6,47.8,48,48.4,48.8,49.2,49.6,50,50.28,50.56,50.84,51.12,51.4,51.62,51.84,52.06,52.28,52.5,52.82,53.14,53.46,53.78,54.1,NA
"LOLOG_5780",29,29.36,29.72,30.08,30.44,30.8,31.34,31.88,32.42,32.96,33.5,33.52,33.54,33.56,33.58,33.6,33.94,34.28,34.62,34.96,35.3,35.54,35.78,36.02,36.26,36.5,36.7,36.9,37.1,37.3,37.5,NA
"LOLOG_5783",39.1,39.66,40.22,40.78,41.34,41.9,42.22,42.54,42.86,43.18,43.5,43.84,44.18,44.52,44.86,45.2,45.6,46,46.4,46.8,47.2,47.7,48.2,48.7,49.2,49.7,50.18,50.66,51.14,51.62,52.1,NA
"LOLOG_5784",21.3,21.52,21.74,21.96,22.18,22.4,22.48,22.56,22.64,22.72,22.8,22.92,23.04,23.16,23.28,23.4,23.46,23.52,23.58,23.64,23.7,23.82,23.94,24.06,24.18,24.3,24.42,24.54,24.66,24.78,24.9,NA
"LOLOG_5789",NA,NA,NA,NA,NA,NA,NA,NA,NA,NA,NA,NA,NA,NA,NA,NA,NA,NA,NA,NA,NA,NA,NA,NA,NA,15.2,15.8,16.4,17,17.6,18.2,NA
"LOLOG_5791",17.2,17.44,17.68,17.92,18.16,18.4,18.62,18.84,19.06,19.28,19.5,19.74,19.98,20.22,20.46,20.7,20.86,21.02,21.18,21.34,21.5,21.66,21.82,21.98,22.14,22.3,22.58,22.86,23.14,23.42,23.7,NA
"LOLOG_5792",35.1,35.52,35.94,36.36,36.78,37.2,37.52,37.84,38.16,38.48,38.8,39.1,39.4,39.7,40,40.3,40.6,40.9,41.2,41.5,41.8,42.1,42.4,42.7,43,43.3,43.5,43.7,43.9,44.1,44.3,NA
"LOLOG_5797",NA,NA,NA,NA,NA,NA,NA,NA,NA,NA,NA,NA,NA,NA,NA,NA,NA,NA,NA,NA,15.1,15.18,15.26,15.34,15.42,15.5,NA,NA,NA,NA,NA,NA
"LOLOG_5798",42.7,43.32,43.94,44.56,45.18,45.8,46.26,46.72,47.18,47.64,48.1,48.42,48.74,49.06,49.38,49.7,50.24,50.78,51.32,51.86,52.4,52.64,52.88,53.12,53.36,53.6,54.16,54.72,55.28,55.84,56.4,NA
"LOLOG_5799",26.3,26.46,26.62,26.78,26.94,27.1,27,26.9,26.8,26.7,26.6,26.675,26.75,26.825,26.9,NA,NA,NA,NA,NA,NA,NA,NA,NA,NA,NA,NA,NA,NA,NA,NA,NA
"LOLOG_5800",31.6,32.2,32.8,33.4,34,34.6,34.44,34.28,34.12,33.96,33.8,33.98,34.16,34.34,34.52,34.7,34.64,34.58,34.52,34.46,34.4,34.52,34.64,34.76,34.88,35,35.14,35.28,35.42,35.56,35.7,NA
"LOLOG_5802",37.3,37.5,37.7,37.9,38.1,38.3,38.64,38.98,39.32,39.66,40,40.18,40.36,40.54,40.72,40.9,40.7,40.5,40.3,40.1,39.9,NA,NA,NA,NA,NA,NA,NA,NA,NA,NA,NA
"LOLOG_5804",65.7,66.26,66.82,67.38,67.94,68.5,68.82,69.14,69.46,69.78,70.1,70.4,70.7,71,71.3,71.6,71.84,72.08,72.32,72.56,72.8,73.1,73.4,73.7,74,NA,NA,NA,NA,NA,NA,NA
"LOLOG_5805",32.6,32.7,32.8,32.9,33,33.1,33.18,33.26,33.34,33.42,33.5,33.52,33.54,33.56,33.58,33.6,33.64,33.68,33.72,33.76,33.8,NA,NA,NA,NA,NA,NA,NA,NA,NA,NA,NA
"LOLOG_5806",29.7,29.66,29.62,29.58,29.54,29.5,29.5,29.5,29.5,29.5,29.5,NA,NA,NA,NA,NA,NA,NA,NA,NA,NA,NA,NA,NA,NA,NA,NA,NA,NA,NA,NA,NA
"LOLOG_5807",126.9,127.58,128.26,128.94,129.62,130.3,130.7,131.1,131.5,131.9,132.3,132.84,133.38,133.92,134.46,135,135.1,135.2,135.3,135.4,135.5,135.7,135.9,136.1,136.3,136.5,136.74,136.98,137.22,137.46,137.7,NA
"LOLOG_5808",42.8,43.04,43.28,43.52,43.76,44,44.06,44.12,44.18,44.24,44.3,44.5,44.7,44.9,45.1,45.3,45.9,NA,NA,NA,NA,NA,NA,NA,NA,NA,NA,NA,NA,NA,NA,NA
"LOLOG_5809",48.9,49.2,49.5,49.8,50.1,50.4,50.76,51.12,51.48,51.84,52.2,52.78,53.36,53.94,54.52,55.1,55.64,56.18,56.72,57.26,57.8,57.92,58.04,58.16,58.28,58.4,58.48,58.56,58.64,58.72,58.8,NA
"LOLOG_5815",31.3,31.36,31.42,31.48,31.54,31.6,31.64,31.68,31.72,31.76,31.8,31.84,31.88,31.92,31.96,32,NA,NA,NA,NA,NA,NA,NA,NA,NA,NA,NA,NA,NA,NA,NA,NA
"LOLOG_5816",105,105.8,106.6,107.4,108.2,109,109.58,110.16,110.74,111.32,111.9,112.48,113.06,113.64,114.22,114.8,115.04,115.28,115.52,115.76,116,116.3,116.6,116.9,117.2,117.5,117.6,117.7,117.8,117.9,118,NA
"LOLOG_5818",NA,NA,NA,NA,NA,NA,NA,NA,NA,NA,NA,NA,NA,NA,NA,NA,NA,NA,NA,NA,NA,NA,NA,NA,NA,15.5,15.76,16.02,16.28,16.54,16.8,NA
"LOLOG_5819",NA,NA,NA,NA,NA,16,16.36,16.72,17.08,17.44,17.8,18.08,18.36,18.64,18.92,19.2,19.54,19.88,20.22,20.56,20.9,21.18,21.46,21.74,22.02,22.3,22.58,22.86,23.14,23.42,23.7,NA
"LOLOG_5820",28.2,28.46,28.72,28.98,29.24,29.5,29.84,30.18,30.52,30.86,31.2,31.66,32.12,32.58,33.04,33.5,33.8,34.1,34.4,34.7,35,35.4,35.8,36.2,36.6,37,37.36,37.72,38.08,38.44,38.8,NA
"LOLOG_5821",27.3,27.44,27.58,27.72,27.86,28,28.34,28.68,29.02,29.36,29.7,30.16,30.62,31.08,31.54,32,32.44,32.88,33.32,33.76,34.2,34.6,35,35.4,35.8,36.2,36.64,37.08,37.52,37.96,38.4,NA
"LOLOG_5822",28.5,29.16,29.82,30.48,31.14,31.8,32.12,32.44,32.76,33.08,33.4,33.88,34.36,34.84,35.32,35.8,36.08,36.36,36.64,36.92,37.2,37.3,NA,NA,NA,NA,NA,NA,NA,NA,NA,NA
"LOLOG_5823",117.9,117.86,117.82,117.78,117.74,117.7,117.24,116.78,116.32,115.86,115.4,116.766666666667,118.133333333333,119.5,NA,NA,NA,NA,NA,NA,NA,NA,NA,NA,NA,NA,NA,NA,NA,NA,NA,NA
"LOLOG_5824",157.8,156.98,156.16,155.34,154.52,153.7,153.62,153.54,153.46,153.38,153.3,153.62,153.94,154.26,154.58,154.9,154.96,155.02,155.08,155.14,155.2,155.12,155.04,154.96,154.88,154.8,154.84,154.88,154.92,154.96,155,NA
"LOLOG_5825",16.2,16.36,16.52,16.68,16.84,17,17.16,17.32,17.48,17.64,17.8,17.94,18.08,18.22,18.36,18.5,18.66,18.82,18.98,19.14,19.3,19.44,19.58,19.72,19.86,20,20.24,20.48,20.72,20.96,21.2,NA
"LOLOG_5827",34.4,34.72,35.04,35.36,35.68,36,36.42,36.84,37.26,37.68,38.1,38.66,39.22,39.78,40.34,40.9,41.32,41.74,42.16,42.58,43,43.5,44,44.5,45,45.5,46.02,46.54,47.06,47.58,48.1,NA
"LOLOG_5830",NA,NA,NA,NA,NA,NA,NA,NA,NA,NA,NA,NA,NA,NA,NA,15.7,15.9,16.1,16.3,16.5,16.7,17.02,17.34,17.66,17.98,18.3,18.52,18.74,18.96,19.18,19.4,NA
"LOLOG_5832",102.5,102.62,102.74,102.86,102.98,103.1,103.32,103.54,103.76,103.98,104.2,104.64,105.08,105.52,105.96,106.4,106.82,107.24,107.66,108.08,108.5,108.92,109.34,109.76,110.18,110.6,110.96,111.32,111.68,112.04,112.4,NA
"LOLOG_5833",42.5,42.68,42.86,43.04,43.22,43.4,43.8,44.2,44.6,45,45.4,45.92,46.44,46.96,47.48,48,48.6,49.2,49.8,50.4,51,51.64,52.28,52.92,53.56,54.2,54.72,55.24,55.76,56.28,56.8,NA
"LOLOG_5834",NA,NA,NA,NA,NA,NA,NA,NA,NA,NA,15.1,15.16,15.22,15.28,15.34,15.4,15.42,15.44,15.46,15.48,15.5,15.5,15.5,15.5,15.5,15.5,15.6,NA,NA,NA,NA,NA
"LOLOG_5835",75.2,75.76,76.32,76.88,77.44,78,78.34,78.68,79.02,79.36,79.7,79.96,80.22,80.48,80.74,81,80.7666666666667,80.5333333333333,80.3,NA,NA,NA,NA,NA,NA,NA,NA,NA,NA,NA,NA,NA
"LOLOG_5836",49.5,50.1,50.7,51.3,51.9,52.5,53.04,53.58,54.12,54.66,55.2,56.2,57.2,58.2,59.2,60.2,60.8,61.4,62,62.6,63.2,63.86,64.52,65.18,65.84,66.5,67.08,67.66,68.24,68.82,69.4,NA
"LOLOG_5837",25.8,26.22,26.64,27.06,27.48,27.9,28.22,28.54,28.86,29.18,29.5,29.66,29.82,29.98,30.14,30.3,30.42,30.54,30.66,30.78,30.9,30.96,31.02,31.08,31.14,31.2,30.8,NA,NA,NA,NA,NA
"LOLOG_5838",140.5,140.84,141.18,141.52,141.86,142.2,142.24,142.28,142.32,142.36,142.4,142.38,142.36,142.34,142.32,142.3,142.28,142.26,142.24,142.22,142.2,142.14,142.08,142.02,141.96,141.9,NA,NA,NA,NA,NA,NA
"LOLOG_5840",90.8,90.95,91.1,NA,NA,NA,NA,NA,NA,NA,NA,NA,NA,NA,NA,NA,NA,NA,NA,NA,NA,NA,NA,NA,NA,NA,NA,NA,NA,NA,NA,NA
"LOLOG_5846",52.9,53.56,54.22,54.88,55.54,56.2,56.9,57.6,58.3,59,59.7,60.5,61.3,62.1,62.9,63.7,64.48,65.26,66.04,66.82,67.6,68.08,68.56,69.04,69.52,70,70.48,70.96,71.44,71.92,72.4,NA
"LOLOG_5847",NA,NA,NA,NA,NA,NA,NA,NA,NA,NA,NA,NA,NA,NA,NA,15,15.14,15.28,15.42,15.56,15.7,15.84,15.98,16.12,16.26,16.4,16.52,16.64,16.76,16.88,17,NA
"LOLOG_5849",NA,NA,NA,NA,NA,15.1,15.42,15.74,16.06,16.38,16.7,17.02,17.34,17.66,17.98,18.3,18.6,18.9,19.2,19.5,19.8,20.06,20.32,20.58,20.84,21.1,21.22,21.34,21.46,21.58,21.7,NA
"LOLOG_5851",40.5,40.96,41.42,41.88,42.34,42.8,43.32,43.84,44.36,44.88,45.4,45.98,46.56,47.14,47.72,48.3,48.94,49.58,50.22,50.86,51.5,52.04,52.58,53.12,53.66,54.2,54.8,55.4,56,56.6,57.2,NA
"LOLOG_5852",101.5,101.85,102.2,NA,NA,NA,NA,NA,NA,NA,NA,NA,NA,NA,NA,NA,NA,NA,NA,NA,NA,NA,NA,NA,NA,NA,NA,NA,NA,NA,NA,NA
"LOLOG_5853",25.8,26.42,27.04,27.66,28.28,28.9,28.8,28.7,28.6,28.5,28.4,NA,NA,NA,NA,NA,NA,NA,NA,NA,NA,NA,NA,NA,NA,NA,NA,NA,NA,NA,NA,NA
"LOLOG_5859",17.4,18.04,18.68,19.32,19.96,20.6,21.08,21.56,22.04,22.52,23,23.66,24.32,24.98,25.64,26.3,27.04,27.78,28.52,29.26,30,30.74,31.48,32.22,32.96,33.7,34.34,34.98,35.62,36.26,36.9,NA
"LOLOG_5866",42.6,42.78,42.96,43.14,43.32,43.5,43.7,43.9,44.1,44.3,44.5,45.06,45.62,46.18,46.74,47.3,48,48.7,49.4,50.1,50.8,51.5,52.2,52.9,53.6,54.3,54.94,55.58,56.22,56.86,57.5,NA
"LOLOG_5867",27,27.52,28.04,28.56,29.08,29.6,30.06,30.52,30.98,31.44,31.9,32.42,32.94,33.46,33.98,34.5,34.96,35.42,35.88,36.34,36.8,37.2,37.6,38,38.4,38.8,39.24,39.68,40.12,40.56,41,NA
"LOLOG_5868",19.2,19.6,20,20.4,20.8,21.2,21.42,21.64,21.86,22.08,22.3,22.5,22.7,22.9,23.1,23.3,23.64,23.98,24.32,24.66,25,25.08,25.16,25.24,25.32,25.4,25.58,25.76,25.94,26.12,26.3,NA
"LOLOG_5870",24.9,25.14,25.38,25.62,25.86,26.1,26.28,26.46,26.64,26.82,27,27.24,27.48,27.72,27.96,28.2,28.36,28.52,28.68,28.84,29,29.12,29.24,29.36,29.48,29.6,29.64,29.68,29.72,29.76,29.8,NA
"LOLOG_5872",16.2,16.36,16.52,16.68,16.84,17,17.18,17.36,17.54,17.72,17.9,18.04,18.18,18.32,18.46,18.6,18.76,18.92,19.08,19.24,19.4,19.42,19.44,19.46,19.48,19.5,NA,NA,NA,NA,NA,NA
"LOLOG_5878",NA,NA,NA,NA,NA,NA,NA,NA,NA,NA,NA,NA,NA,NA,NA,NA,NA,NA,NA,NA,15,15.32,15.64,15.96,16.28,16.6,17.08,17.56,18.04,18.52,19,NA
"LOLOG_5879",40.4,40.56,40.72,40.88,41.04,41.2,41.05,40.9,NA,NA,NA,NA,NA,NA,NA,NA,NA,NA,NA,NA,NA,NA,NA,NA,NA,NA,NA,NA,NA,NA,NA,NA
"LOLOG_5880",NA,NA,NA,NA,NA,NA,NA,NA,NA,NA,NA,NA,NA,NA,NA,NA,NA,NA,NA,NA,17.1,17.58,18.06,18.54,19.02,19.5,19.86,20.22,20.58,20.94,21.3,NA
"LOLOG_5881",NA,NA,NA,NA,NA,NA,NA,NA,NA,NA,15.2,15.86,16.52,17.18,17.84,18.5,19.16,19.82,20.48,21.14,21.8,22.3,22.8,23.3,23.8,24.3,24.88,25.46,26.04,26.62,27.2,NA
"LOLOG_5882",36.1,35.82,35.54,35.26,34.98,34.7,34.82,34.94,35.06,35.18,35.3,35.4,35.5,35.6,35.7,35.8,35.82,35.84,35.86,35.88,35.9,35.925,35.95,35.975,36,NA,NA,NA,NA,NA,NA,NA
"LOLOG_5893",20.1,20.44,20.78,21.12,21.46,21.8,22.06,22.32,22.58,22.84,23.1,23.38,23.66,23.94,24.22,24.5,24.92,25.34,25.76,26.18,26.6,26.88,27.16,27.44,27.72,28,28.28,28.56,28.84,29.12,29.4,NA
"LOLOG_5895",48.1,48.9,49.7,50.5,51.3,52.1,52.8,53.5,54.2,54.9,55.6,56.28,56.96,57.64,58.32,59,59.82,60.64,61.46,62.28,63.1,63.76,64.42,65.08,65.74,66.4,67.06,67.72,68.38,69.04,69.7,NA
"LOLOG_6202",21,21.8,22.6,23.4,24.2,25,25.68,26.36,27.04,27.72,28.4,29.02,29.64,30.26,30.88,31.5,32.32,33.14,33.96,34.78,35.6,36.3,37,37.7,38.4,39.1,39.66,40.22,40.78,41.34,41.9,NA
"LOLOG_6205",NA,NA,NA,NA,NA,NA,NA,NA,NA,NA,15.5,15.76,16.02,16.28,16.54,16.8,17.14,17.48,17.82,18.16,18.5,18.62,18.74,18.86,18.98,19.1,19.36,19.62,19.88,20.14,20.4,NA
"LOLOG_6206",67.4,67.3,NA,NA,NA,NA,NA,NA,NA,NA,NA,NA,NA,NA,NA,NA,NA,NA,NA,NA,NA,NA,NA,NA,NA,NA,NA,NA,NA,NA,NA,NA
"LOLOG_6207",19.5,20.14,20.78,21.42,22.06,22.7,23.24,23.78,24.32,24.86,25.4,26.04,26.68,27.32,27.96,28.6,29.28,29.96,30.64,31.32,32,32.54,33.08,33.62,34.16,34.7,35.04,35.38,35.72,36.06,36.4,NA
"LOLOG_6209",NA,NA,NA,NA,NA,NA,NA,NA,NA,NA,NA,NA,NA,NA,NA,NA,NA,NA,NA,NA,15.4,15.84,16.28,16.72,17.16,17.6,17.96,18.32,18.68,19.04,19.4,NA
"LOLOG_6218",NA,NA,NA,NA,NA,NA,NA,NA,NA,NA,NA,NA,NA,NA,NA,18.5,19.82,21.14,22.46,23.78,25.1,25.66,26.22,26.78,27.34,27.9,28.38,28.86,29.34,29.82,30.3,NA
"LOLOG_6219",93.2,93.68,94.16,94.64,95.12,95.6,95.74,95.88,96.02,96.16,96.3,96.64,96.98,97.32,97.66,98,98.28,98.56,98.84,99.12,99.4,99.1,98.8,98.5,NA,NA,NA,NA,NA,NA,NA,NA
"LOLOG_6220",29.8,29.62,29.44,29.26,29.08,28.9,29.06,29.22,29.38,29.54,29.7,29.74,29.78,29.82,29.86,29.9,29.92,29.94,29.96,29.98,30,NA,NA,NA,NA,NA,NA,NA,NA,NA,NA,NA
"LOLOG_6228",57.5,57.92,58.34,58.76,59.18,59.6,60.16,60.72,61.28,61.84,62.4,62.76,63.12,63.48,63.84,64.2,64.76,65.32,65.88,66.44,67,67.48,67.96,68.44,68.92,69.4,70.22,71.04,71.86,72.68,73.5,NA
"LOLOG_6229",76.2,76.66,77.12,77.58,78.04,78.5,78.8,79.1,79.4,79.7,80,80.26,80.52,80.78,81.04,81.3,81.56,81.82,82.08,82.34,82.6,82.4,82.2,82,NA,NA,NA,NA,NA,NA,NA,NA
"LOLOG_6231",30.9,31.52,32.14,32.76,33.38,34,34.46,34.92,35.38,35.84,36.3,36.94,37.58,38.22,38.86,39.5,40.18,40.86,41.54,42.22,42.9,43.5,44.1,44.7,45.3,45.9,46.58,47.26,47.94,48.62,49.3,NA
"LOLOG_6232",NA,NA,NA,NA,NA,105,105.52,106.04,106.56,107.08,107.6,108.36,109.12,109.88,110.64,111.4,112.08,112.76,113.44,114.12,114.8,114.76,114.72,114.68,114.64,114.6,NA,NA,NA,NA,NA,NA
"LOLOG_6233",71.6,72,72.4,72.8,73.2,73.6,74.12,74.64,75.16,75.68,76.2,76.84,77.48,78.12,78.76,79.4,80.14,80.88,81.62,82.36,83.1,83.24,83.38,83.52,83.66,83.8,84.52,85.24,85.96,86.68,87.4,NA
"LOLOG_6234",50.5,49.8,NA,NA,NA,NA,NA,NA,NA,NA,NA,NA,NA,NA,NA,NA,NA,NA,NA,NA,NA,NA,NA,NA,NA,NA,NA,NA,NA,NA,NA,NA
"LOLOG_6235",68,68.04,68.08,68.12,68.16,68.2,68.66,69.12,69.58,70.04,70.5,71.02,71.54,72.06,72.58,73.1,73.48,73.86,74.24,74.62,75,75.22,75.44,75.66,75.88,76.1,76.68,77.26,77.84,78.42,79,NA
"LOLOG_6335",NA,NA,NA,NA,NA,NA,NA,NA,NA,NA,NA,NA,NA,NA,NA,NA,NA,NA,NA,NA,NA,NA,NA,NA,NA,17.8,18.44,19.08,19.72,20.36,21,NA
"LOLOG_6501",46.9,47.68,48.46,49.24,50.02,50.8,51.6,52.4,53.2,54,54.8,55.7,56.6,57.5,58.4,59.3,60.2,61.1,62,62.9,63.8,64.54,65.28,66.02,66.76,67.5,68.38,69.26,70.14,71.02,71.9,NA
"LOLOG_6502",41,41,41,41,41,41,40.96,40.92,40.88,40.84,40.8,40.94,41.08,41.22,41.36,41.5,41.4,41.3,41.2,41.1,41,40.925,40.85,40.775,40.7,NA,NA,NA,NA,NA,NA,NA
"LOLOG_790",NA,NA,NA,NA,NA,NA,NA,NA,NA,NA,NA,NA,NA,NA,NA,NA,NA,NA,NA,NA,15.2,15.84,16.48,17.12,17.76,18.4,18.96,19.52,20.08,20.64,21.2,NA
"LOLOG_796",NA,NA,NA,NA,NA,NA,NA,NA,NA,NA,NA,NA,NA,NA,NA,NA,NA,NA,NA,NA,NA,NA,NA,NA,NA,16.5,17.1,17.7,18.3,18.9,19.5,NA
"LOTHAR_2502",NA,NA,35.59,36.09,36.59,37.09,37.59,38.09,38.515,38.94,39.365,39.79,40.492,41.194,41.896,42.598,43.3,43.88,44.46,45.04,45.62,46.2,46.9,47.6,48.3,49,49.7,NA,NA,NA,NA,NA
"LOTHAR_2503",NA,NA,65,65.76,66.52,67.28,68.04,68.8,69.35,69.9,70.45,71,71.84,72.68,73.52,74.36,75.2,75.9,76.6,77.3,78,78.7,79.34,79.98,80.62,81.26,81.9,NA,NA,NA,NA,NA
"LOTHAR_2504",NA,NA,37.7,38.018,38.336,38.654,38.972,39.29,39.4425,39.595,39.7475,39.9,40.26,40.62,40.98,41.34,41.7,41.86,42.02,42.18,42.34,42.5,42.66,42.82,42.98,43.14,43.3,NA,NA,NA,NA,NA
"LOTHAR_2505",NA,NA,38.4,38.678,38.956,39.234,39.512,39.79,40.115,40.44,40.765,41.09,41.692,42.294,42.896,43.498,44.1,44.42,44.74,45.06,45.38,45.7,45.8,45.9,46,46.1,46.2,NA,NA,NA,NA,NA
"LOTHAR_2506",NA,NA,54.59,55.372,56.154,56.936,57.718,58.5,59.1475,59.795,60.4425,61.09,61.952,62.814,63.676,64.538,65.4,65.96,66.52,67.08,67.64,68.2,68.64,69.08,69.52,69.96,70.4,70.55,70.7,NA,NA,NA
"LOTHAR_2507",NA,NA,61.09,61.772,62.454,63.136,63.818,64.5,64.8975,65.295,65.6925,66.09,66.932,67.774,68.616,69.458,70.3,70.9,71.5,72.1,72.7,73.3,73.92,74.54,75.16,75.78,76.4,76.92,77.44,77.96,78.48,79
"LOTHAR_2510",NA,NA,57.5,57.918,58.336,58.754,59.172,59.59,59.9175,60.245,60.5725,60.9,61.62,62.34,63.06,63.78,64.5,65.04,65.58,66.12,66.66,67.2,67.55,67.9,68.25,68.6,NA,NA,NA,NA,NA,NA
"LOTHAR_2517",NA,NA,124,123.9,123.8,123.7,123.6,123.5,122.875,122.25,121.625,121,121.04,121.08,121.12,121.16,121.2,121.46,121.72,121.98,122.24,122.5,122.5,122.5,122.5,122.5,122.5,NA,NA,NA,NA,NA
"LOTHAR_2519",NA,NA,39.5,40.3,41.1,41.9,42.7,43.5,44.0725,44.645,45.2175,45.79,46.532,47.274,48.016,48.758,49.5,50.4,51.3,52.2,53.1,54,55.04,56.08,57.12,58.16,59.2,59.68,60.16,60.64,61.12,61.6
"LOTHAR_2521",NA,NA,15.69,16.33,16.97,17.61,18.25,18.89,19.4175,19.945,20.4725,21,22,23,NA,NA,NA,NA,NA,NA,NA,NA,NA,NA,NA,NA,NA,NA,NA,NA,NA,NA
"LOTHAR_2522",NA,NA,25.2,26.06,26.92,27.78,28.64,29.5,30.175,30.85,31.525,32.2,33.4,34.6,35.8,37,38.2,39.38,40.56,41.74,42.92,44.1,45.12,46.14,47.16,48.18,49.2,49.28,49.36,49.44,49.52,49.6
"LOTHAR_2527",NA,NA,87.69,87.57,87.45,87.33,87.21,87.09,NA,NA,NA,NA,NA,NA,NA,NA,NA,NA,NA,NA,NA,NA,NA,NA,NA,NA,NA,NA,NA,NA,NA,NA
"LOTHAR_2536",NA,NA,33.2,33.36,33.52,33.68,33.84,34,34.1475,34.295,34.4425,34.59,34.832,35.074,35.316,35.558,35.8,36.06,36.32,36.58,36.84,37.1,37.42,37.74,38.06,38.38,38.7,39.08,39.46,39.84,40.22,40.6
"LOTHAR_2537",NA,NA,59.9,60.238,60.576,60.914,61.252,61.59,61.265,60.94,60.615,60.29,60.492,60.694,60.896,61.098,61.3,61.52,61.74,61.96,62.18,62.4,62.3,62.2,62.1,62,NA,NA,NA,NA,NA,NA
"LOTHAR_2539",NA,NA,41,41.118,41.236,41.354,41.472,41.59,41.64,41.69,41.74,41.79,42.061,42.332,42.603,42.874,43.145,43.416,43.687,43.958,44.229,44.5,44.675,44.85,45.025,45.2,NA,NA,NA,NA,NA,NA
"LOTHAR_2541",NA,NA,76.4,76.72,77.04,77.36,77.68,78,78.125,78.25,78.375,78.5,78.72,78.94,79.16,79.38,79.6,79.84,80.08,80.32,80.56,80.8,80.725,80.65,80.575,80.5,NA,NA,NA,NA,NA,NA
"LOTHAR_2542",NA,NA,35.09,35.09,35.09,35.09,35.09,35.09,35.09,35.09,35.09,35.09,35.152,35.214,35.276,35.338,35.4,35.56,35.72,35.88,36.04,36.2,36.34,36.48,36.62,36.76,36.9,36.86,36.82,36.78,36.74,36.7
"LOTHAR_2545",NA,NA,43.2,43.4,43.6,43.8,44,44.2,44.3475,44.495,44.6425,44.79,45.192,45.594,45.996,46.398,46.8,47.08,47.36,47.64,47.92,48.2,48.56,48.92,49.28,49.64,50,50.22,50.44,50.66,50.88,51.1
"LOTHAR_2549",NA,NA,62.5,62.74,62.98,63.22,63.46,63.7,64.0475,64.395,64.7425,65.09,65.372,65.654,65.936,66.218,66.5,66.94,67.38,67.82,68.26,68.7,69.02,69.34,69.66,69.98,70.3,70.68,71.06,71.44,71.82,72.2
"LOTHAR_2550",NA,NA,62.79,63.212,63.634,64.056,64.478,64.9,65.375,65.85,66.325,66.8,67.28,67.76,68.24,68.72,69.2,69.92,70.64,71.36,72.08,72.8,73.36,73.92,74.48,75.04,75.6,75.98,76.36,76.74,77.12,77.5
"LOTHAR_2551",NA,NA,62.09,62.532,62.974,63.416,63.858,64.3,64.7,65.1,65.5,65.9,66.22,66.54,66.86,67.18,67.5,67.98,68.46,68.94,69.42,69.9,70.24,70.58,70.92,71.26,71.6,72.1,72.6,73.1,73.6,74.1
"LOTHAR_2554",NA,NA,39.5,39.5,39.5,39.5,39.5,39.5,39.55,39.6,39.65,39.7,39.88,40.06,40.24,40.42,40.6,40.84,41.08,41.32,41.56,41.8,42.12,42.44,42.76,43.08,43.4,43.74,44.08,44.42,44.76,45.1
"LOTHAR_2555",NA,NA,37.5,37.758,38.016,38.274,38.532,38.79,39.115,39.44,39.765,40.09,40.412,40.734,41.056,41.378,41.7,42.14,42.58,43.02,43.46,43.9,44.32,44.74,45.16,45.58,46,46.5,47,47.5,48,48.5
"LOTHAR_2558",NA,NA,102.09,102,NA,NA,NA,NA,NA,NA,NA,NA,NA,NA,NA,NA,NA,NA,NA,NA,NA,NA,NA,NA,NA,NA,NA,NA,NA,NA,NA,NA
"LOTHAR_2562",NA,NA,84.59,84.972,85.354,85.736,86.118,86.5,86.825,87.15,87.475,87.8,88.16,88.52,88.88,89.24,89.6,89.76,89.92,90.08,90.24,90.4,90.52,90.64,90.76,90.88,91,90.94,90.88,90.82,90.76,90.7
"LOTHAR_2563",NA,NA,90.5,91.018,91.536,92.054,92.572,93.09,93.34,93.59,93.84,94.09,94.432,94.774,95.116,95.458,95.8,96.24,96.68,97.12,97.56,98,98.16,98.32,98.48,98.64,98.8,98.98,99.16,99.34,99.52,99.7
"LOTHAR_2564",NA,NA,80.5,80.5,80.5,80.5,80.5,NA,NA,NA,NA,NA,NA,NA,NA,NA,NA,NA,NA,NA,NA,NA,NA,NA,NA,NA,NA,NA,NA,NA,NA,NA
"LOTHAR_2566",NA,NA,30,30.24,30.48,30.72,30.96,31.2,31.2,31.2,31.2,31.2,31.4,31.6,31.8,32,32.2,32.14,32.08,32.02,31.96,31.9,32.05,32.2,32.35,32.5,NA,NA,NA,NA,NA,NA
"LOTHAR_2575",NA,NA,43.9,43.6975,43.495,43.2925,43.09,NA,NA,NA,NA,NA,NA,NA,NA,NA,NA,NA,NA,NA,NA,NA,NA,NA,NA,NA,NA,NA,NA,NA,NA,NA
"LOTHAR_2576",NA,NA,31.29,31.2175,31.145,31.0725,31,NA,NA,NA,NA,NA,NA,NA,NA,NA,NA,NA,NA,NA,NA,NA,NA,NA,NA,NA,NA,NA,NA,NA,NA,NA
"LOTHAR_2577",NA,NA,48.09,48.252,48.414,48.576,48.738,48.9,49.275,49.65,50.025,50.4,50.9,51.4,51.9,52.4,52.9,53.32,53.74,54.16,54.58,55,55.62,56.24,56.86,57.48,58.1,58.46,58.82,59.18,59.54,59.9
"LOTHAR_2578",NA,NA,58.09,58.272,58.454,58.636,58.818,59,59.25,59.5,59.75,60,60.26,60.52,60.78,61.04,61.3,61.68,62.06,62.44,62.82,63.2,63.56,63.92,64.28,64.64,65,65.46,65.92,66.38,66.84,67.3
"LOTHAR_2581",NA,NA,56.7,56.86,57.02,57.18,57.34,57.5,57.6475,57.795,57.9425,58.09,59.612,61.134,62.656,64.178,65.7,64.78,63.86,62.94,62.02,61.1,61.32,61.54,61.76,61.98,62.2,62.64,63.08,63.52,63.96,64.4
"LOTHAR_2584",NA,NA,25.5,25.6,25.7,25.8,25.9,26,NA,NA,NA,NA,NA,NA,NA,NA,NA,NA,NA,NA,NA,NA,NA,NA,NA,NA,NA,NA,NA,NA,NA,NA
"LOTHAR_2588",NA,NA,36.2,36.378,36.556,36.734,36.912,37.09,37.3175,37.545,37.7725,38,38.44,38.88,39.32,39.76,40.2,40.6166666666667,41.0333333333333,41.45,41.8666666666667,42.2833333333333,42.7,43.175,43.65,44.125,44.6,45.06,45.52,45.98,46.44,46.9
"LOTHAR_2591",NA,NA,85.5,85.86,86.22,86.58,86.94,87.3,87.6,87.9,88.2,88.5,89.08,89.66,90.24,90.82,91.4,91.88,92.36,92.84,93.32,93.8,94.3,94.8,95.3,95.8,96.3,96.76,97.22,97.68,98.14,98.6
"LOTHAR_2596",NA,NA,67.4,67.82,68.24,68.66,69.08,69.5,69.85,70.2,70.55,70.9,71.32,71.74,72.16,72.58,73,73.4,73.8,74.2,74.6,75,75.48,75.96,76.44,76.92,77.4,77.92,78.44,78.96,79.48,80
"LOTHAR_2599",NA,NA,44,43.7666666666667,43.5333333333333,43.3,NA,NA,NA,NA,NA,NA,NA,NA,NA,NA,NA,NA,NA,NA,NA,NA,NA,NA,NA,NA,NA,NA,NA,NA,NA,NA
"LOTHAR_2617",NA,NA,39.6,39.6,NA,NA,NA,NA,NA,NA,NA,NA,NA,NA,NA,NA,NA,NA,NA,NA,NA,NA,NA,NA,NA,NA,NA,NA,NA,NA,NA,NA
"LOTHAR_2627",NA,NA,53,53.1,53.2,53.3,53.4,53.5,54.09,NA,NA,NA,NA,NA,NA,NA,NA,NA,NA,NA,NA,NA,NA,NA,NA,NA,NA,NA,NA,NA,NA,NA
"LOTHAR_2628",NA,NA,15.8,15.86,15.92,15.98,16.04,16.1,16.05,16,NA,NA,NA,NA,NA,NA,NA,NA,NA,NA,NA,NA,NA,NA,NA,NA,NA,NA,NA,NA,NA,NA
"LOTHAR_2632",NA,NA,74.4,75.12,75.84,76.56,77.28,78,78.45,78.9,79.35,79.8,80.5,81.2,81.9,82.6,83.3,83.78,84.26,84.74,85.22,85.7,85.55,85.4,NA,NA,NA,NA,NA,NA,NA,NA
"LOTHAR_2633",NA,NA,35.5,35.618,35.736,35.854,35.972,36.09,36.215,36.34,36.465,36.59,37.7,NA,NA,NA,NA,NA,NA,NA,NA,NA,NA,NA,NA,NA,NA,NA,NA,NA,NA,NA
"LOTHAR_2635",NA,NA,43,43.4,43.8,44.2,44.6,45,45.55,46.1,46.65,47.2,47.9666666666667,48.7333333333333,49.5,NA,NA,NA,NA,NA,NA,NA,NA,NA,NA,NA,NA,NA,NA,NA,NA,NA
"LOTHAR_2637",NA,NA,101.09,101.032,100.974,100.916,100.858,100.8,100.975,101.15,101.325,101.5,101.5,101.5,101.5,101.5,101.5,101.2,100.9,100.6,100.3,100,99.2,NA,NA,NA,NA,NA,NA,NA,NA,NA
"LOTHAR_2641",NA,NA,51.5,51.6,51.7,51.8,51.9,52,52,52,52,52,52,52,52,NA,NA,NA,NA,NA,NA,NA,NA,NA,NA,NA,NA,NA,NA,NA,NA,NA
"LOTHAR_2642",NA,NA,50.09,50.9911111111111,51.8922222222222,52.7933333333333,53.6944444444444,54.5955555555555,55.4966666666667,56.3977777777778,57.2988888888889,58.2,NA,NA,NA,NA,NA,NA,NA,NA,NA,NA,NA,NA,NA,NA,NA,NA,NA,NA,NA,NA
"LOTHAR_2646",NA,NA,45.09,45.272,45.454,45.636,45.818,46,46,46,46,46,46.7,NA,NA,NA,NA,NA,NA,NA,NA,NA,NA,NA,NA,NA,NA,NA,NA,NA,NA,NA
"LOTHAR_2654",NA,NA,64.09,64.632,65.174,65.716,66.258,66.8,66.9975,67.195,67.3925,67.59,68.372,69.154,69.936,70.718,71.5,71.82,72.14,72.46,72.78,73.1,73.425,73.75,74.075,74.4,NA,NA,NA,NA,NA,NA
"LOTHAR_2655",NA,NA,20.1,20.52,20.94,21.36,21.78,22.2,NA,NA,NA,NA,NA,NA,NA,NA,NA,NA,NA,NA,NA,NA,NA,NA,NA,NA,NA,NA,NA,NA,NA,NA
"LOTHAR_2661",NA,NA,37.2,37.318,37.436,37.554,37.672,37.79,37.8925,37.995,38.0975,38.2,38.36,38.52,38.68,38.84,39,38.92,38.84,38.76,38.68,38.6,38.66,38.72,38.78,38.84,38.9,38.875,38.85,38.825,38.8,NA
"LOTHAR_2662",NA,NA,46.79,47.072,47.354,47.636,47.918,48.2,48.5,48.8,49.1,49.4,49.92,50.44,50.96,51.48,52,52.56,53.12,53.68,54.24,54.8,55.02,55.24,55.46,55.68,55.9,56.12,56.34,56.56,56.78,57
"LOTHAR_2665",NA,NA,42.5,42.618,42.736,42.854,42.972,43.09,43.045,43,NA,NA,NA,NA,NA,NA,NA,NA,NA,NA,NA,NA,NA,NA,NA,NA,NA,NA,NA,NA,NA,NA
"LOTHAR_2666",NA,NA,41.2,41.4,41.6,41.8,42,42.2,42.025,41.85,41.675,41.5,NA,NA,NA,NA,NA,NA,NA,NA,NA,NA,NA,NA,NA,NA,NA,NA,NA,NA,NA,NA
"LOTHAR_2671",NA,NA,36.4,36.72,37.04,37.36,37.68,38,38.475,38.95,39.425,39.9,40.42,40.94,41.46,41.98,42.5,42.98,43.46,43.94,44.42,44.9,45.64,46.38,47.12,47.86,48.6,49.04,49.48,49.92,50.36,50.8
"LOTHAR_2674",NA,NA,46.4,46.938,47.476,48.014,48.552,49.09,49.39,49.69,49.99,50.29,51.172,52.054,52.936,53.818,54.7,55.3,55.9,56.5,57.1,57.7,58.38,59.06,59.74,60.42,61.1,61.5,61.9,62.3,62.7,63.1
"LOTHAR_2677",NA,NA,27.5,27.658,27.816,27.974,28.132,28.29,28.6175,28.945,29.2725,29.6,30,NA,NA,NA,NA,NA,NA,NA,NA,NA,NA,NA,NA,NA,NA,NA,NA,NA,NA,NA
"LOTHAR_2686",NA,NA,94,94.3,94.6,94.9,95.2,95.5,95.575,95.65,95.725,95.8,95.94,96.08,96.22,96.36,96.5,96.94,97.38,97.82,98.26,98.7,99.2,99.7,100.2,100.7,101.2,101.54,101.88,102.22,102.56,102.9
"LOTHAR_2687",NA,NA,36.09,36.43,36.77,37.11,37.45,37.79,38.115,38.44,38.765,39.09,39.712,40.334,40.956,41.578,42.2,42.6,43,43.4,43.8,44.2,44.78,45.36,45.94,46.52,47.1,47.58,48.06,48.54,49.02,49.5
"LOTHAR_2689",NA,NA,40.5,41.2,41.9,42.6,43.3,44,44.55,45.1,45.65,46.2,47.08,47.96,48.84,49.72,50.6,51.44,52.28,53.12,53.96,54.8,55.5,NA,NA,NA,NA,NA,NA,NA,NA,NA
"LOTHAR_2693",NA,NA,126.8,126.64,126.48,126.32,126.16,126,126.3975,126.795,127.1925,127.59,127.745,127.9,NA,NA,NA,NA,NA,NA,NA,NA,NA,NA,NA,NA,NA,NA,NA,NA,NA,NA
"LOTHAR_2694",NA,NA,80.09,80.272,80.454,80.636,80.818,81,81.5,82,82.5,83,83.18,83.36,83.54,83.72,83.9,84.3,84.7,85.1,85.5,85.9,86.32,86.74,87.16,87.58,88,88.52,89.04,89.56,90.08,90.6
"LOTHAR_2698",NA,NA,61.4,61.82,62.24,62.66,63.08,63.5,63.9225,64.345,64.7675,65.19,65.712,66.234,66.756,67.278,67.8,68.56,69.32,70.08,70.84,71.6,72.66,73.72,74.78,75.84,76.9,77.08,77.26,77.44,77.62,77.8
"LOTHAR_2805",NA,NA,109,108.8,108.6,108.4,108.2,108,107.933333333333,107.866666666667,107.8,NA,NA,NA,NA,NA,NA,NA,NA,NA,NA,NA,NA,NA,NA,NA,NA,NA,NA,NA,NA,NA
"LOTHAR_2810",NA,NA,34,32.658,31.316,29.974,28.632,27.29,29.8925,32.495,35.0975,37.7,NA,NA,NA,NA,NA,NA,NA,NA,NA,NA,NA,NA,NA,NA,NA,NA,NA,NA,NA,NA
"LOTHAR_2811",NA,NA,26.4,26.7,27,27.3,NA,NA,NA,NA,NA,NA,NA,NA,NA,NA,NA,NA,NA,NA,NA,NA,NA,NA,NA,NA,NA,NA,NA,NA,NA,NA
"LOTHAR_2812",NA,NA,46.09,47.052,48.014,48.976,49.938,50.9,51.725,52.55,53.375,54.2,54.68,55.16,55.64,56.12,56.6,57.24,57.88,58.52,59.16,59.8,60.26,60.72,61.18,61.64,62.1,NA,NA,NA,NA,NA
"LOTHAR_2826",NA,NA,43.09,43.352,43.614,43.876,44.138,44.4,44.8225,45.245,45.6675,46.09,46.572,47.054,47.536,48.018,48.5,49.46,50.42,51.38,52.34,53.3,53.2333333333333,53.1666666666667,53.1,NA,NA,NA,NA,NA,NA,NA
"LOTHAR_2838",NA,NA,188.69,189.63,190.57,191.51,192.45,193.39,194.39,195.39,196.39,197.39,195.772,194.154,192.536,190.918,189.3,190.51,191.72,192.93,194.14,195.35,196.56,197.77,198.98,200.19,201.4,202.12,202.84,203.56,204.28,205
"LOTHAR_2839",NA,NA,61.09,61.252,61.414,61.576,61.738,61.9,62.225,62.55,62.875,63.2,63.56,63.92,64.28,64.64,65,65.38,65.76,66.14,66.52,66.9,67.225,67.55,67.875,68.2,NA,NA,NA,NA,NA,NA
"LOTHAR_2840",NA,NA,28.89,29.132,29.374,29.616,29.858,30.1,30.3975,30.695,30.9925,31.29,31.5933333333333,31.8966666666667,32.2,NA,NA,NA,NA,NA,NA,NA,NA,NA,NA,NA,NA,NA,NA,NA,NA,NA
"LOTHAR_2851",NA,NA,44.4,44.72,45.04,45.36,45.68,46,46.25,46.5,46.75,47,46.84,46.68,46.52,46.36,46.2,NA,NA,NA,NA,NA,NA,NA,NA,NA,NA,NA,NA,NA,NA,NA
"LOTHAR_2853",NA,NA,100.9,100.966666666667,101.033333333333,101.1,NA,NA,NA,NA,NA,NA,NA,NA,NA,NA,NA,NA,NA,NA,NA,NA,NA,NA,NA,NA,NA,NA,NA,NA,NA,NA
"LOTHAR_2854",NA,NA,36.2,36.76,37.32,37.88,38.44,39,39.8225,40.645,41.4675,42.29,43.212,44.134,45.056,45.978,46.9,47.72,48.54,49.36,50.18,51,51.6,52.2,52.8,53.4,54,54.84,55.68,56.52,57.36,58.2
"LOTHAR_2857",NA,NA,69.19,69.57,69.95,70.33,70.71,71.09,71.49,71.89,72.29,72.69,72.812,72.934,73.056,73.178,73.3,73.84,74.38,74.92,75.46,76,76.5,77,77.5,78,78.5,79,79.5,80,80.5,81
"LOTHAR_2858",NA,NA,38.9,39.478,40.056,40.634,41.212,41.79,41.74,41.69,41.64,41.59,41.972,42.354,42.736,43.118,43.5,44.16,44.82,45.48,46.14,46.8,46.9666666666667,47.1333333333333,47.3,NA,NA,NA,NA,NA,NA,NA
"LOTHAR_2860",NA,NA,69.4,69.92,70.44,70.96,71.48,72,71.95,71.9,71.85,71.8,72,72.2,72.4,72.6,72.8,NA,NA,NA,NA,NA,NA,NA,NA,NA,NA,NA,NA,NA,NA,NA
"LOTHAR_2861",NA,NA,35,35.458,35.916,36.374,36.832,37.29,37.615,37.94,38.265,38.59,38.372,38.154,37.936,37.718,37.5,38.3,39.1,39.9,40.7,41.5,41.9,42.3,42.7,43.1,43.5,43.55,43.6,43.65,43.7,NA
"LOTHAR_2863",NA,NA,72.5,73.06,73.62,74.18,74.74,75.3,75.7725,76.245,76.7175,77.19,77.292,77.394,77.496,77.598,77.7,78.16,78.62,79.08,79.54,80,80.52,81.04,81.56,82.08,82.6,82.7,82.8,82.9,NA,NA
"LOTHAR_2865",NA,NA,80.59,81.352,82.114,82.876,83.638,84.4,85.2225,86.045,86.8675,87.69,88.612,89.534,90.456,91.378,92.3,93.46,94.62,95.78,96.94,98.1,98.52,98.94,99.36,99.78,100.2,100.9,101.6,102.3,NA,NA
"LOTHAR_2868",NA,NA,76.5,77.138,77.776,78.414,79.052,79.69,79.9925,80.295,80.5975,80.9,81.7,82.5,83.3,84.1,84.9,85.64,86.38,87.12,87.86,88.6,89.02,89.44,89.86,90.28,90.7,91.26,91.82,92.38,92.94,93.5
"LOTHAR_2878",NA,NA,102.5,102.96,103.42,103.88,104.34,104.8,104.95,105.1,105.25,105.4,105.7,106,106.3,106.6,106.9,106.5,NA,NA,NA,NA,NA,NA,NA,NA,NA,NA,NA,NA,NA,NA
"LOTHAR_2879",NA,NA,43.2,43.94,44.68,45.42,46.16,46.9,47.4,47.9,48.4,48.9,49.46,50.02,50.58,51.14,51.7,51.92,52.14,52.36,52.58,52.8,52.8,52.8,52.8,52.8,NA,NA,NA,NA,NA,NA
"LOTHAR_2884",NA,NA,100.09,100.01,99.93,99.85,99.77,99.69,99.565,99.44,99.315,99.19,99.472,99.754,100.036,100.318,100.6,100.86,101.12,101.38,101.64,101.9,102.12,102.34,102.56,102.78,103,102.16,101.32,100.48,99.64,98.8
"LOTHAR_2885",NA,NA,108.4,108.12,107.84,107.56,107.28,107,107.1475,107.295,107.4425,107.59,108.092,108.594,109.096,109.598,110.1,110.78,111.46,112.14,112.82,113.5,114.18,114.86,115.54,116.22,116.9,117.76,118.62,119.48,120.34,121.2
"LOTHAR_2886",NA,NA,159.1,158.78,158.46,158.14,157.82,157.5,157.75,158,158.25,158.5,NA,NA,NA,NA,NA,NA,NA,NA,NA,NA,NA,NA,NA,NA,NA,NA,NA,NA,NA,NA
"LOTHAR_2888",NA,NA,70.8,71.158,71.516,71.874,72.232,72.59,73.0425,73.495,73.9475,74.4,74.72,75.04,75.36,75.68,76,76.86,77.72,78.58,79.44,80.3,80.92,81.54,82.16,82.78,83.4,83.96,84.52,85.08,85.64,86.2
"LOTHAR_2889",NA,NA,80.4,80.558,80.716,80.874,81.032,81.19,81.595,82,NA,NA,NA,NA,NA,NA,NA,NA,NA,NA,NA,NA,NA,NA,NA,NA,NA,NA,NA,NA,NA,NA
"LOTHAR_2891",NA,NA,101,101.3,101.6,101.9,102.2,102.5,102.625,102.75,102.875,103,103.28,103.56,103.84,104.12,104.4,104.78,105.16,105.54,105.92,106.3,106.68,107.06,107.44,107.82,108.2,108.16,108.12,108.08,108.04,108
"LOTHAR_2894",NA,NA,76.5,76.5,76.5,76.5,76.5,76.5,76.5225,76.545,76.5675,76.59,76.69,NA,NA,NA,NA,NA,NA,NA,NA,NA,NA,NA,NA,NA,NA,NA,NA,NA,NA,NA
"LOTHAR_2897",NA,NA,35.29,35.35,35.41,35.47,35.53,35.59,35.7425,35.895,36.0475,36.2,36.4,36.6,36.8,37,37.2,37.44,37.68,37.92,38.16,38.4,38.7,39,39.3,39.6,39.9,40.4,40.9,41.4,41.9,42.4
"LOTHAR_2900",NA,NA,76.3,76.378,76.456,76.534,76.612,76.69,76.665,76.64,76.615,76.59,76.792,76.994,77.196,77.398,77.6,77.66,77.72,77.78,77.84,77.9,78.04,78.18,78.32,78.46,78.6,78.85,79.1,NA,NA,NA
"LOTHAR_2901",NA,NA,25.7,25.76,25.82,25.88,25.94,26,26.0725,26.145,26.2175,26.29,26.572,26.854,27.136,27.418,27.7,27.64,27.58,27.52,27.46,27.4,27.48,27.56,27.64,27.72,27.8,28.2,28.6,29,29.4,NA
"LOTHAR_2904",NA,NA,80.19,80.39,80.59,80.79,80.99,81.19,81.3425,81.495,81.6475,81.8,82.14,82.48,82.82,83.16,83.5,83.74,83.98,84.22,84.46,84.7,84.82,84.94,85.06,85.18,85.3,85.48,85.66,85.84,86.02,86.2
"LOTHAR_2907",NA,NA,33.5,33.6,33.7,33.8,33.9,34,34.25,34.5,34.75,35,35.4,35.8,36.2,36.6,37,37.36,37.72,38.08,38.44,38.8,38.78,38.76,38.74,38.72,38.7,39.05,39.4,39.75,40.1,NA
"LOTHAR_2909",NA,NA,73.9,74.18,74.46,74.74,75.02,75.3,75.5225,75.745,75.9675,76.19,76.632,77.074,77.516,77.958,78.4,78.84,79.28,79.72,80.16,80.6,80.88,81.16,81.44,81.72,82,82.06,82.12,82.18,82.24,82.3
"LOTHAR_2911",NA,NA,30.6,30.48,30.36,30.24,30.12,30,30.175,30.35,30.525,30.7,30.8,30.9,31,31.1,31.2,31.52,31.84,32.16,32.48,32.8,33.12,33.44,33.76,34.08,34.4,34.675,34.95,35.225,35.5,NA
"LOTHAR_2912",NA,NA,99.5,99.68,99.86,100.04,100.22,100.4,100.675,100.95,101.225,101.5,101.8,102.1,102.4,102.7,103,103.3,103.6,103.9,104.2,104.5,104.82,105.14,105.46,105.78,106.1,106.54,106.98,107.42,107.86,108.3
"LOTHAR_2913",NA,NA,43.9,44.5,45.1,45.7,46.3,46.9,47.4475,47.995,48.5425,49.09,49.612,50.134,50.656,51.178,51.7,52.16,52.62,53.08,53.54,54,54.56,55.12,55.68,56.24,56.8,57.4,58,58.6,59.2,59.8
"LOTHAR_2914",NA,NA,NA,NA,NA,NA,NA,NA,NA,NA,NA,NA,NA,NA,NA,NA,NA,NA,NA,NA,NA,NA,NA,NA,NA,NA,15.3,15.94,16.58,17.22,17.86,18.5
"LOTHAR_2916",NA,NA,36,36.658,37.316,37.974,38.632,39.29,39.6425,39.995,40.3475,40.7,40.55,40.4,NA,NA,NA,NA,NA,NA,NA,NA,NA,NA,NA,NA,NA,NA,NA,NA,NA,NA
"LOTHAR_2917",NA,NA,86.9,86.68,86.46,86.24,86.02,85.8,85.95,86.1,86.25,86.4,86.84,87.28,87.72,88.16,88.6,88.92,89.24,89.56,89.88,90.2,90.36,90.52,90.68,90.84,91,91.32,91.64,91.96,92.28,92.6
"LOTHAR_2918",NA,NA,29.5,29.9,30.3,30.7,31.1,31.5,32.0225,32.545,33.0675,33.59,34.012,34.434,34.856,35.278,35.7,35.72,35.74,35.76,35.78,35.8,36,36.2,NA,NA,NA,NA,NA,NA,NA,NA
"LOTHAR_2923",NA,NA,36.4,36.938,37.476,38.014,38.552,39.09,39.465,39.84,40.215,40.59,41.092,41.594,42.096,42.598,43.1,43.66,44.22,44.78,45.34,45.9,46.42,46.94,47.46,47.98,48.5,49.08,49.66,50.24,50.82,51.4
"LOTHAR_2924",NA,NA,119,119.6,120.2,120.8,121.4,122,122.5225,123.045,123.5675,124.09,124.272,124.454,124.636,124.818,125,125.7,126.4,127.1,127.8,128.5,129.24,129.98,130.72,131.46,132.2,132.42,132.64,132.86,133.08,133.3
"LOTHAR_2938",NA,NA,95.8,95.9,96,96.1,96.2,96.3,96.6475,96.995,97.3425,97.69,97.872,98.054,98.236,98.418,98.6,98.68,98.76,98.84,98.92,99,98.76,98.52,98.28,98.04,97.8,98.04,98.28,98.52,98.76,99
"LOTHAR_2942",NA,NA,57.4,57.66,57.92,58.18,58.44,58.7,58.9225,59.145,59.3675,59.59,60.352,61.114,61.876,62.638,63.4,63.62,63.84,64.06,64.28,64.5,65.06,65.62,66.18,66.74,67.3,68.04,68.78,69.52,70.26,71
"LOTHAR_2945",NA,NA,35.29,35.49,35.69,35.89,36.09,36.29,36.7175,37.145,37.5725,38,38.42,38.84,39.26,39.68,40.1,40.24,40.38,40.52,40.66,40.8,41.24,41.68,42.12,42.56,43,43.42,43.84,44.26,44.68,45.1
"LOTHAR_2950",NA,NA,88.5,88.618,88.736,88.854,88.972,89.09,89.365,89.64,89.915,90.19,89.3933333333333,88.5966666666667,87.8,NA,NA,NA,NA,NA,NA,NA,NA,NA,NA,NA,NA,NA,NA,NA,NA,NA
"LOTHAR_2951",NA,NA,44.2,44.36,44.52,44.68,44.84,45,45.3,45.6,45.9,46.2,46.66,47.12,47.58,48.04,48.5,48.625,48.75,48.875,49,NA,NA,NA,NA,NA,NA,NA,NA,NA,NA,NA
"LOTHAR_2953",NA,NA,84.4,84.038,83.676,83.314,82.952,82.59,82.715,82.84,82.965,83.09,83.552,84.014,84.476,84.938,85.4,85.4,85.4,85.4,85.4,NA,NA,NA,NA,NA,NA,NA,NA,NA,NA,NA
"LOTHAR_2955",NA,NA,85.5,85.56,85.62,85.68,85.74,85.8,85.95,86.1,86.25,86.4,NA,NA,NA,NA,NA,NA,NA,NA,NA,NA,NA,NA,NA,NA,NA,NA,NA,NA,NA,NA
"LOTHAR_2957",NA,NA,21,21.3,21.6,21.9,22.2,22.5,22.7225,22.945,23.1675,23.39,23.145,22.9,NA,NA,NA,NA,NA,NA,NA,NA,NA,NA,NA,NA,NA,NA,NA,NA,NA,NA
"LOTHAR_2958",NA,NA,39.79,40.15,40.51,40.87,41.23,41.59,42.09,42.59,43.09,43.59,44.312,45.034,45.756,46.478,47.2,47.68,48.16,48.64,49.12,49.6,50.36,51.12,51.88,52.64,53.4,54.12,54.84,55.56,56.28,57
"LOTHAR_2959",NA,NA,43.9,43.96,44.02,44.08,44.14,44.2,NA,NA,NA,NA,NA,NA,NA,NA,NA,NA,NA,NA,NA,NA,NA,NA,NA,NA,NA,NA,NA,NA,NA,NA
"LOTHAR_2963",NA,NA,68.4,68.758,69.116,69.474,69.832,70.19,70.1175,70.045,69.9725,69.9,70.32,70.74,71.16,71.58,72,72.08,72.16,72.24,72.32,72.4,72.1,71.8,71.5,71.2,70.9,71.22,71.54,71.86,72.18,72.5
"LOTHAR_2964",NA,NA,121.19,121.512,121.834,122.156,122.478,122.8,123.0225,123.245,123.4675,123.69,124.372,125.054,125.736,126.418,127.1,127.62,128.14,128.66,129.18,129.7,130.32,130.94,131.56,132.18,132.8,132.78,132.76,132.74,132.72,132.7
"LOTHAR_2966",NA,NA,71.9,72.1,72.3,72.5,72.7,72.9,72.9,72.9,72.9,72.9,73.04,73.18,73.32,73.46,73.6,73.82,74.04,74.26,74.48,74.7,74.94,75.18,75.42,75.66,75.9,75.9,75.9,75.9,75.9,75.9
"LOTHAR_2975",NA,NA,141.69,141.612,141.534,141.456,141.378,141.3,141.6,141.9,142.2,142.5,143.06,143.62,144.18,144.74,145.3,145.58,145.86,146.14,146.42,146.7,146.92,147.14,147.36,147.58,147.8,148.04,148.28,148.52,148.76,149
"LOTHAR_2983",NA,NA,38.59,38.69,38.79,38.89,38.99,39.09,39.0425,38.995,38.9475,38.9,39,NA,NA,NA,NA,NA,NA,NA,NA,NA,NA,NA,NA,NA,NA,NA,NA,NA,NA,NA
"LOTHAR_2984",NA,NA,79.8,79.94,80.08,80.22,80.36,80.5,80.6475,80.795,80.9425,81.09,81.452,81.814,82.176,82.538,82.9,83.3,83.7,84.1,84.5,84.9,85.12,85.34,85.56,85.78,86,86.34,86.68,87.02,87.36,87.7
"LOTHAR_2991",NA,NA,72.5,72.6,72.7,72.8,72.9,73,73.475,73.95,74.425,74.9,75.56,76.22,76.88,77.54,78.2,78.8,79.4,80,80.6,81.2,81.74,82.28,82.82,83.36,83.9,84.46,85.02,85.58,86.14,86.7
"LOTHAR_2996",NA,NA,77,77.1,77.2,77.3,77.4,77.5,77.575,77.65,77.725,77.8,78.08,78.36,78.64,78.92,79.2,79.04,78.88,78.72,78.56,78.4,78.38,78.36,78.34,78.32,78.3,78.74,79.18,79.62,80.06,80.5
"LOTHAR_2997",NA,NA,58.2,58.378,58.556,58.734,58.912,59.09,59.215,59.34,59.465,59.59,59.932,60.274,60.616,60.958,61.3,61.6,61.9,62.2,62.5,62.8,63.02,63.24,63.46,63.68,63.9,64.46,65.02,65.58,66.14,66.7
"LOTHAR_2998",NA,NA,107.8,108.278,108.756,109.234,109.712,110.19,110.44,110.69,110.94,111.19,111.832,112.474,113.116,113.758,114.4,114.84,115.28,115.72,116.16,116.6,117.16,117.72,118.28,118.84,119.4,119.82,120.24,120.66,121.08,121.5
"LOTHAR_2999",NA,NA,73.5,73.618,73.736,73.854,73.972,74.09,74.3175,74.545,74.7725,75,75.3,75.6,75.9,76.2,76.5,77.04,77.58,78.12,78.66,79.2,79.66,80.12,80.58,81.04,81.5,82.1,82.7,83.3,83.9,84.5
"LOTHAR_3000",NA,NA,63.4,63.538,63.676,63.814,63.952,64.09,64.1675,64.245,64.3225,64.4,64.76,65.12,65.48,65.84,66.2,66.48,66.76,67.04,67.32,67.6,67.94,68.28,68.62,68.96,69.3,69.52,69.74,69.96,70.18,70.4
"LOTHAR_3623",NA,NA,NA,NA,NA,NA,NA,NA,NA,NA,NA,NA,NA,NA,NA,NA,NA,NA,NA,NA,NA,NA,NA,NA,NA,NA,21.1,22.56,24.02,25.48,26.94,28.4
"LOTHAR_3624",NA,NA,NA,NA,NA,NA,NA,NA,NA,NA,NA,NA,NA,NA,NA,NA,NA,NA,NA,NA,NA,NA,NA,NA,NA,NA,20.4,21.84,23.28,24.72,26.16,27.6
"LOTHAR_3626",NA,NA,NA,NA,NA,NA,NA,NA,NA,NA,NA,NA,NA,NA,NA,NA,NA,NA,NA,NA,NA,NA,NA,NA,NA,NA,18.7,19.74,20.78,21.82,22.86,23.9
"LOTHAR_5001",NA,NA,16.89,17.432,17.974,18.516,19.058,19.6,20.2,20.8,21.4,22,22.94,23.88,24.82,25.76,26.7,27.24,27.78,28.32,28.86,29.4,29.76,30.12,30.48,30.84,31.2,31.3,31.4,31.5,31.6,31.7
"LOTHAR_5005",NA,NA,24.29,24.49,24.69,24.89,25.09,25.29,25.915,26.54,27.165,27.79,27.732,27.674,27.616,27.558,27.5,27.46,27.42,27.38,27.34,27.3,27.35,27.4,27.45,27.5,NA,NA,NA,NA,NA,NA
"LOTHAR_5007",NA,NA,57.09,57.49,57.89,58.29,58.69,59.09,59.59,60.09,60.59,61.09,61.632,62.174,62.716,63.258,63.8,64.72,65.64,66.56,67.48,68.4,69.42,70.44,71.46,72.48,73.5,73.88,74.26,74.64,75.02,75.4
"LOTHAR_5009",NA,NA,106.5,106.78,107.06,107.34,107.62,107.9,107.8225,107.745,107.6675,107.59,107.892,108.194,108.496,108.798,109.1,109.36,109.62,109.88,110.14,110.4,110.96,111.52,112.08,112.64,113.2,113.42,113.64,113.86,114.08,114.3
"LOTHAR_5013",NA,NA,28.2,28.4,28.6,28.8,29,29.2,29.175,29.15,29.125,29.1,29.18,29.26,29.34,29.42,29.5,29.66,29.82,29.98,30.14,30.3,30.74,31.18,31.62,32.06,32.5,32.66,32.82,32.98,33.14,33.3
"LOTHAR_5015",NA,NA,58,58.3,58.6,58.9,59.2,59.5,59.8975,60.295,60.6925,61.09,61.412,61.734,62.056,62.378,62.7,62.92,63.14,63.36,63.58,63.8,64.16,64.52,64.88,65.24,65.6,66.08,66.56,67.04,67.52,68
"LOTHAR_5016",NA,NA,51.4,51.6,51.8,52,52.2,52.4,52.7475,53.095,53.4425,53.79,54.172,54.554,54.936,55.318,55.7,56.3,56.9,57.5,58.1,58.7,59.16,59.62,60.08,60.54,61,61.48,61.96,62.44,62.92,63.4
"LOTHAR_5018",NA,NA,16.29,16.51,16.73,16.95,17.17,17.39,17.7925,18.195,18.5975,19,19.1666666666667,19.3333333333333,19.5,NA,NA,NA,NA,NA,NA,NA,NA,NA,NA,NA,NA,NA,NA,NA,NA,NA
"LOTHAR_5020",NA,NA,150,150.36,150.72,151.08,151.44,151.8,152.225,152.65,153.075,153.5,153.96,154.42,154.88,155.34,155.8,156.72,157.64,158.56,159.48,160.4,160.94,161.48,162.02,162.56,163.1,163.32,163.54,163.76,163.98,164.2
"LOTHAR_5027",NA,NA,18.79,19.89,20.99,22.09,23.19,24.29,25.29,26.29,27.29,28.29,29.492,30.694,31.896,33.098,34.3,35.46,36.62,37.78,38.94,40.1,41.62,43.14,44.66,46.18,47.7,48.72,49.74,50.76,51.78,52.8
"LOTHAR_5029",NA,NA,97.8,98,98.2,98.4,98.6,98.8,98.925,99.05,99.175,99.3,99.5,99.7,99.9,100.1,100.3,100.58,100.86,101.14,101.42,101.7,101.54,101.38,101.22,101.06,100.9,101.24,101.58,101.92,102.26,102.6
"LOTHAR_5030",NA,NA,52.7,52.84,52.98,53.12,53.26,53.4,53.4475,53.495,53.5425,53.59,53.852,54.114,54.376,54.638,54.9,54.74,54.58,54.42,54.26,54.1,54.18,54.26,54.34,54.42,54.5,54.56,54.62,54.68,54.74,54.8
"LOTHAR_5031",NA,NA,18.79,19.772,20.754,21.736,22.718,23.7,24.8,25.9,27,28.1,29.56,31.02,32.48,33.94,35.4,37.12,38.84,40.56,42.28,44,45.74,47.48,49.22,50.96,52.7,53.94,55.18,56.42,57.66,58.9
"LOTHAR_5032",NA,NA,68.5,69.28,70.06,70.84,71.62,72.4,73.0725,73.745,74.4175,75.09,76.192,77.294,78.396,79.498,80.6,82.18,83.76,85.34,86.92,88.5,89.48,90.46,91.44,92.42,93.4,93.82,94.24,94.66,95.08,95.5
"LOTHAR_5033",NA,NA,61.79,62.632,63.474,64.316,65.158,66,66.3975,66.795,67.1925,67.59,67.7425,67.895,68.0475,68.2,NA,NA,NA,NA,NA,NA,NA,NA,NA,NA,NA,NA,NA,NA,NA,NA
"LOTHAR_5035",NA,NA,95.5,95.9,96.3,96.7,97.1,97.5,99.1725,100.845,102.5175,104.19,105.392,106.594,107.796,108.998,110.2,111,111.8,112.6,113.4,114.2,115.36,116.52,117.68,118.84,120,119.78,119.56,119.34,119.12,118.9
"LOTHAR_5036",NA,NA,95.3,96.458,97.616,98.774,99.932,101.09,100.6425,100.195,99.7475,99.3,100.02,100.74,101.46,102.18,102.9,103.6,104.3,105,105.7,106.4,106.94,107.48,108.02,108.56,109.1,109.5,109.9,110.3,110.7,111.1
"LOTHAR_5049",NA,NA,118,118,118,118,118,118,118.19,NA,NA,NA,NA,NA,NA,NA,NA,NA,NA,NA,NA,NA,NA,NA,NA,NA,NA,NA,NA,NA,NA,NA
"LOTHAR_5083",NA,NA,35.2,35.2333333333333,35.2666666666667,35.3,NA,NA,NA,NA,NA,NA,NA,NA,NA,NA,NA,NA,NA,NA,NA,NA,NA,NA,NA,NA,NA,NA,NA,NA,NA,NA
"LOTHAR_5085",NA,NA,36,36.08,36.16,36.24,36.32,36.4,36.925,37.45,37.975,38.5,NA,NA,NA,NA,NA,NA,NA,NA,NA,NA,NA,NA,NA,NA,NA,NA,NA,NA,NA,NA
"LOTHAR_5087",NA,NA,43.7,44.66,45.62,46.58,47.54,48.5,49.3,50.1,50.9,51.7,51.775,51.85,51.925,52,NA,NA,NA,NA,NA,NA,NA,NA,NA,NA,NA,NA,NA,NA,NA,NA
"LOTHAR_5088",NA,NA,31.89,31.87,31.85,31.83,31.81,31.79,31.9566666666667,32.1233333333333,32.29,NA,NA,NA,NA,NA,NA,NA,NA,NA,NA,NA,NA,NA,NA,NA,NA,NA,NA,NA,NA,NA
"LOTHAR_5089",NA,NA,37.29,37.39,37.49,37.59,37.69,37.79,37.9675,38.145,38.3225,38.5,39.4,NA,NA,NA,NA,NA,NA,NA,NA,NA,NA,NA,NA,NA,NA,NA,NA,NA,NA,NA
"LOTHAR_5090",NA,NA,36.9,37.36,37.82,38.28,38.74,39.2,39.65,40.1,40.55,41,42.59,NA,NA,NA,NA,NA,NA,NA,NA,NA,NA,NA,NA,NA,NA,NA,NA,NA,NA,NA
"LOTHAR_5091",NA,NA,146.5,146.96,147.42,147.88,148.34,148.8,149.1475,149.495,149.8425,150.19,150.572,150.954,151.336,151.718,152.1,152.16,152.22,152.28,152.34,152.4,152.98,153.56,154.14,154.72,155.3,155.32,155.34,155.36,155.38,155.4
"LOTHAR_5092",NA,NA,47.29,47.432,47.574,47.716,47.858,48,46,44,42,40,42.55,45.1,47.65,50.2,NA,NA,NA,NA,NA,NA,NA,NA,NA,NA,NA,NA,NA,NA,NA,NA
"LOTHAR_5093",NA,NA,40.29,40.29,40.29,40.29,40.29,40.29,40.5925,40.895,41.1975,41.5,41.9666666666667,42.4333333333333,42.9,NA,NA,NA,NA,NA,NA,NA,NA,NA,NA,NA,NA,NA,NA,NA,NA,NA
"LOTHAR_5095",NA,NA,60.79,61.492,62.194,62.896,63.598,64.3,64.975,65.65,66.325,67,67.8,68.6,69.4,70.2,71,72.2,73.4,74.6,75.8,77,77.74,78.48,79.22,79.96,80.7,80.92,81.14,81.36,81.58,81.8
"LOTHAR_5096",NA,NA,24.7,24.638,24.576,24.514,24.452,24.39,24.5425,24.695,24.8475,25,24.7,NA,NA,NA,NA,NA,NA,NA,NA,NA,NA,NA,NA,NA,NA,NA,NA,NA,NA,NA
"LOTHAR_5097",NA,NA,30.6,31.02,31.44,31.86,32.28,32.7,33.2,33.7,34.2,34.7,35.5,NA,NA,NA,NA,NA,NA,NA,NA,NA,NA,NA,NA,NA,NA,NA,NA,NA,NA,NA
"LOTHAR_5100",NA,NA,35.9,36.178,36.456,36.734,37.012,37.29,37.7675,38.245,38.7225,39.2,40.4,41.6,NA,NA,NA,NA,NA,NA,NA,NA,NA,NA,NA,NA,NA,NA,NA,NA,NA,NA
"LOTHAR_5101",NA,NA,50.9,51.22,51.54,51.86,52.18,52.5,53.1,53.7,54.3,54.9,55.2,55.5,55.8,56.1,56.4,NA,NA,NA,NA,NA,NA,NA,NA,NA,NA,NA,NA,NA,NA,NA
"LOTHAR_5102",NA,NA,37.79,38.112,38.434,38.756,39.078,39.4,39.6225,39.845,40.0675,40.29,42.2,NA,NA,NA,NA,NA,NA,NA,NA,NA,NA,NA,NA,NA,NA,NA,NA,NA,NA,NA
"LOTHAR_5103",NA,NA,69.69,70.17,70.65,71.13,71.61,72.09,72.3925,72.695,72.9975,73.3,73.675,74.05,74.425,74.8,NA,NA,NA,NA,NA,NA,NA,NA,NA,NA,NA,NA,NA,NA,NA,NA
"LOTHAR_5104",NA,NA,54.2,54.3,54.4,54.5,54.6,54.7,54.8475,54.995,55.1425,55.29,55.4,NA,NA,NA,NA,NA,NA,NA,NA,NA,NA,NA,NA,NA,NA,NA,NA,NA,NA,NA
"LOTHAR_5105",NA,NA,22.1,22.538,22.976,23.414,23.852,24.29,24.8675,25.445,26.0225,26.6,27.05,27.5,NA,NA,NA,NA,NA,NA,NA,NA,NA,NA,NA,NA,NA,NA,NA,NA,NA,NA
"LOTHAR_5110",NA,NA,34,34.458,34.916,35.374,35.832,36.29,36.615,36.94,37.265,37.59,38.132,38.674,39.216,39.758,40.3,40.7,41.1,41.5,41.9,42.3,42.68,43.06,43.44,43.82,44.2,44.52,44.84,45.16,45.48,45.8
"LOTHAR_5111",NA,NA,55.59,56.912,58.234,59.556,60.878,62.2,63.4475,64.695,65.9425,67.19,68.392,69.594,70.796,71.998,73.2,74.26,75.32,76.38,77.44,78.5,78.98,79.46,79.94,80.42,80.9,80.76,80.62,80.48,80.34,80.2
"LOTHAR_5112",NA,NA,45.29,45.612,45.934,46.256,46.578,46.9,47.475,48.05,48.625,49.2,49.8,50.4,51,NA,NA,NA,NA,NA,NA,NA,NA,NA,NA,NA,NA,NA,NA,NA,NA,NA
"LOTHAR_5115",NA,NA,38.29,38.6,NA,NA,NA,NA,NA,NA,NA,NA,NA,NA,NA,NA,NA,NA,NA,NA,NA,NA,NA,NA,NA,NA,NA,NA,NA,NA,NA,NA
"LOTHAR_5116",NA,NA,28.6,28.92,29.24,29.56,29.88,30.2,30.95,31.7,32.45,33.2,33.6,34,34.4,34.8,35.2,35.94,36.68,37.42,38.16,38.9,39.7,40.5,41.3,42.1,42.9,43.72,44.54,45.36,46.18,47
"LOTHAR_5117",NA,NA,52,53.118,54.236,55.354,56.472,57.59,58.5425,59.495,60.4475,61.4,62.1,62.8,63.5,64.2,64.9,65.46,66.02,66.58,67.14,67.7,68.68,69.66,70.64,71.62,72.6,73.6,74.6,75.6,76.6,77.6
"LOTHAR_5118",NA,NA,NA,NA,NA,NA,NA,NA,NA,NA,NA,NA,NA,NA,NA,NA,NA,NA,NA,NA,NA,NA,NA,NA,NA,NA,17.1,17.76,18.42,19.08,19.74,20.4
"LOTHAR_5119",NA,NA,42.09,42.672,43.254,43.836,44.418,45,45.6475,46.295,46.9425,47.59,NA,NA,NA,NA,NA,NA,NA,NA,NA,NA,NA,NA,NA,NA,NA,NA,NA,NA,NA,NA
"LOTHAR_5120",NA,NA,66.09,66.952,67.814,68.676,69.538,70.4,70.925,71.45,71.975,72.5,73.12,73.74,74.36,74.98,75.6,75.72,75.84,75.96,76.08,76.2,77.04,77.88,78.72,79.56,80.4,80.92,81.44,81.96,82.48,83
"LOTHAR_5121",NA,NA,61.9,61.92,61.94,61.96,61.98,62,62.4475,62.895,63.3425,63.79,64.132,64.474,64.816,65.158,65.5,65.76,66.02,66.28,66.54,66.8,67.9,69,70.1,71.2,72.3,71.9,71.5,71.1,70.7,70.3
"LOTHAR_5122",NA,NA,38.29,38.85,39.41,39.97,40.53,41.09,41.715,42.34,42.965,43.59,44.632,45.674,46.716,47.758,48.8,49.48,50.16,50.84,51.52,52.2,52.82,53.44,54.06,54.68,55.3,55.66,56.02,56.38,56.74,57.1
"LOTHAR_5123",NA,NA,87.8,88.278,88.756,89.234,89.712,90.19,90.2675,90.345,90.4225,90.5,90.72,90.94,91.16,91.38,91.6,92.24,92.88,93.52,94.16,94.8,95,95.2,95.4,95.6,95.8,95.98,96.16,96.34,96.52,96.7
"LOTHAR_5124",NA,NA,122.5,122.68,122.86,123.04,123.22,123.4,123.5,123.6,123.7,123.8,123.94,124.08,124.22,124.36,124.5,124.9,125.3,125.7,126.1,126.5,126.3,126.1,125.9,125.7,125.5,125.575,125.65,125.725,125.8,NA
"LOTHAR_5125",NA,NA,101.4,101.538,101.676,101.814,101.952,102.09,101.69,NA,NA,NA,NA,NA,NA,NA,NA,NA,NA,NA,NA,NA,NA,NA,NA,NA,NA,NA,NA,NA,NA,NA
"LOTHAR_5126",NA,NA,24.1,25.12,26.14,27.16,28.18,29.2,29.9,30.6,31.3,32,32.96,33.92,34.88,35.84,36.8,38.14,39.48,40.82,42.16,43.5,44.7,45.9,47.1,48.3,49.5,50.52,51.54,52.56,53.58,54.6
"LOTHAR_5127",NA,NA,99.8,99.74,99.68,99.62,99.56,99.5,99.75,100,100.25,100.5,100.78,101.06,101.34,101.62,101.9,102.72,103.54,104.36,105.18,106,106.033333333333,106.066666666667,106.1,NA,NA,NA,NA,NA,NA,NA
"LOTHAR_5129",NA,NA,75.5,76.038,76.576,77.114,77.652,78.19,78.9675,79.745,80.5225,81.3,82.7,84.1,85.5,NA,NA,NA,NA,NA,NA,NA,NA,NA,NA,NA,NA,NA,NA,NA,NA,NA
"LOTHAR_6200",NA,NA,NA,NA,NA,NA,NA,NA,NA,NA,NA,NA,NA,NA,NA,NA,NA,NA,NA,NA,NA,16.5,17.38,18.26,19.14,20.02,20.9,21.74,22.58,23.42,24.26,25.1
"LOTHAR_6534",NA,NA,18.6,18.68,18.76,18.84,18.92,19,19.0725,19.145,19.2175,19.29,19.392,19.494,19.596,19.698,19.8,19.98,20.16,20.34,20.52,20.7,21.04,21.38,21.72,22.06,22.4,22.64,22.88,23.12,23.36,23.6
"LOTHAR_6674",NA,NA,NA,NA,NA,NA,NA,NA,NA,NA,NA,NA,NA,NA,NA,NA,NA,NA,NA,NA,NA,15,16.18,17.36,18.54,19.72,20.9,21.9,22.9,23.9,24.9,NA
"UPLOG_2284",NA,NA,NA,NA,NA,27.5,28.178,28.856,29.534,30.212,30.89,31.692,32.494,33.296,34.098,34.9,35.32,35.74,36.16,36.58,37,37.6,38.2,38.8,39.4,40,40.36,40.72,41.08,41.44,41.8,NA
"UPLOG_5901",20.1,20.28,20.46,20.64,20.82,21,21.24,21.48,21.72,21.96,22.2,22.4,22.6,22.8,23,23.2,23.56,23.92,24.28,24.64,25,25.18,25.36,25.54,25.72,25.9,26.12,26.34,26.56,26.78,27,NA
"UPLOG_5905",75,75.96,76.92,77.88,78.84,79.8,80.658,81.516,82.374,83.232,84.09,84.972,85.854,86.736,87.618,88.5,89.26,90.02,90.78,91.54,92.3,92.68,93.06,93.44,93.82,94.2,NA,NA,NA,NA,NA,NA
"UPLOG_5907",25,25.22,25.44,25.66,25.88,26.1,26.42,26.74,27.06,27.38,27.7,28.02,28.34,28.66,28.98,29.3,29.68,30.06,30.44,30.82,31.2,31.52,31.84,32.16,32.48,32.8,33.14,33.48,33.82,34.16,34.5,NA
"UPLOG_5908",20.5,20.52,20.54,20.56,20.58,20.6,20.738,20.876,21.014,21.152,21.29,21.292,21.294,21.296,21.298,21.3,21.36,21.42,21.48,21.54,21.6,21.66,21.72,21.78,21.84,21.9,21.96,22.02,22.08,22.14,22.2,NA
"UPLOG_5909",90.09,90.952,91.814,92.676,93.538,94.4,94.938,95.476,96.014,96.552,97.09,98.072,99.054,100.036,101.018,102,102.06,102.12,102.18,102.24,102.3,102.54,102.78,103.02,103.26,103.5,104.12,104.74,105.36,105.98,106.6,NA
"UPLOG_5912",26.7,26.818,26.936,27.054,27.172,27.29,27.39,27.49,27.59,27.69,27.79,27.972,28.154,28.336,28.518,28.7,28.68,28.66,28.64,28.62,28.6,28.72,28.84,28.96,29.08,29.2,29.38,29.56,29.74,29.92,30.1,NA
"UPLOG_5914",40,40.458,40.916,41.374,41.832,42.29,42.872,43.454,44.036,44.618,45.2,45.82,46.44,47.06,47.68,48.3,48.72,49.14,49.56,49.98,50.4,50.8,51.2,51.6,52,52.4,52.78,53.16,53.54,53.92,54.3,NA
"UPLOG_5917",NA,NA,NA,NA,NA,16.1,16.52,16.94,17.36,17.78,18.2,18.76,19.32,19.88,20.44,21,21.36,21.72,22.08,22.44,22.8,23.28,23.76,24.24,24.72,25.2,25.76,26.32,26.88,27.44,28,NA
"UPLOG_5919",NA,NA,NA,NA,NA,NA,NA,NA,NA,NA,NA,NA,NA,NA,NA,NA,NA,NA,NA,NA,NA,NA,NA,NA,NA,15.4,15.64,15.88,16.12,16.36,16.6,NA
"UPLOG_5923",20.5,22.4,24.3,26.2,28.1,30,30.12,30.24,30.36,30.48,30.6,30.72,30.84,30.96,31.08,31.2,31.26,31.32,31.38,31.44,31.5,31.58,31.66,31.74,31.82,31.9,31.98,32.06,32.14,32.22,32.3,NA
"UPLOG_5924",101.19,101.412,101.634,101.856,102.078,102.3,102.54,102.78,103.02,103.26,103.5,103.88,104.26,104.64,105.02,105.4,105.76,106.12,106.48,106.84,107.2,107.32,107.44,107.56,107.68,107.8,108.24,108.68,109.12,109.56,110,NA
"UPLOG_5925",35.29,35.49,35.69,35.89,36.09,36.29,36.512,36.734,36.956,37.178,37.4,37.64,37.88,38.12,38.36,38.6,38.76,38.92,39.08,39.24,39.4,39.62,39.84,40.06,40.28,40.5,40.68,40.86,41.04,41.22,41.4,NA
"UPLOG_5926",74.19,74.612,75.034,75.456,75.878,76.3,76.62,76.94,77.26,77.58,77.9,78.32,78.74,79.16,79.58,80,80.26,80.52,80.78,81.04,81.3,81.46,81.62,81.78,81.94,82.1,82.38,82.66,82.94,83.22,83.5,NA
"UPLOG_5927",84.5,85.08,85.66,86.24,86.82,87.4,87.7,88,88.3,88.6,88.9,89.3,89.7,90.1,90.5,90.9,91.4,91.9,92.4,92.9,93.4,93.54,93.68,93.82,93.96,94.1,94.24,94.38,94.52,94.66,94.8,NA
"UPLOG_5928",127.69,127.652,127.614,127.576,127.538,127.5,127.58,127.66,127.74,127.82,127.9,128.06,128.22,128.38,128.54,128.7,128.566666666667,128.433333333333,128.3,NA,NA,NA,NA,NA,NA,NA,NA,NA,NA,NA,NA,NA
"UPLOG_5931",44.2,44.46,44.72,44.98,45.24,45.5,45.68,45.86,46.04,46.22,46.4,46.66,46.92,47.18,47.44,47.7,48.02,48.34,48.66,48.98,49.3,49.6,49.9,50.2,50.5,50.8,NA,NA,NA,NA,NA,NA
"UPLOG_5935",16.5,18,NA,NA,NA,NA,NA,NA,NA,NA,NA,NA,NA,NA,NA,NA,NA,NA,NA,NA,NA,NA,NA,NA,NA,NA,NA,NA,NA,NA,NA,NA
"UPLOG_5938",24.7,24.618,24.536,24.454,24.372,24.29,24.232,24.174,24.116,24.058,24,24.14,24.28,24.42,24.56,24.7,24.7,24.7,24.7,24.7,24.7,24.8,24.9,25,25.1,25.2,25,NA,NA,NA,NA,NA
"UPLOG_5939",66.19,66.912,67.634,68.356,69.078,69.8,70.2,70.6,71,71.4,71.8,72.34,72.88,73.42,73.96,74.5,74.94,75.38,75.82,76.26,76.7,77.04,77.38,77.72,78.06,78.4,78.72,79.04,79.36,79.68,80,NA
"UPLOG_5940",40.2,40.74,41.28,41.82,42.36,42.9,43.22,43.54,43.86,44.18,44.5,44.84,45.18,45.52,45.86,46.2,46.6,47,47.4,47.8,48.2,48.56,48.92,49.28,49.64,50,50.26,50.52,50.78,51.04,51.3,NA
"UPLOG_5941",113.8,114.2,114.6,115,115.4,115.8,115.678,115.556,115.434,115.312,115.19,115.672,116.154,116.636,117.118,117.6,117.86,118.12,118.38,118.64,118.9,118.8,118.7,118.6,118.5,NA,NA,NA,NA,NA,NA,NA
"UPLOG_5942",21,21.1,21.2,21.3,21.4,21.5,21.5,21.5,21.5,21.5,21.5,21.62,21.74,21.86,21.98,22.1,22.14,22.18,22.22,22.26,22.3,22.32,22.34,22.36,22.38,22.4,22.52,22.64,22.76,22.88,23,NA
"UPLOG_5943",60.29,60.732,61.174,61.616,62.058,62.5,62.758,63.016,63.274,63.532,63.79,64.032,64.274,64.516,64.758,65,65.28,65.56,65.84,66.12,66.4,66.62,66.84,67.06,67.28,67.5,67.82,68.14,68.46,68.78,69.1,NA
"UPLOG_5944",58.59,59.172,59.754,60.336,60.918,61.5,61.74,61.98,62.22,62.46,62.7,63.16,63.62,64.08,64.54,65,65.76,66.52,67.28,68.04,68.8,68.56,68.32,68.08,67.84,67.6,67.96,68.32,68.68,69.04,69.4,NA
"UPLOG_5945",57.2,57.7,58.2,58.7,59.2,59.7,60.16,60.62,61.08,61.54,62,62.58,63.16,63.74,64.32,64.9,65.42,65.94,66.46,66.98,67.5,67.92,68.34,68.76,69.18,69.6,70.04,70.48,70.92,71.36,71.8,NA
"UPLOG_5946",NA,NA,NA,NA,NA,54.79,54.95,55.11,55.27,55.43,55.59,55.792,55.994,56.196,56.398,56.6,56.78,56.96,57.14,57.32,57.5,57.6,57.7,57.8,57.9,58,58.18,58.36,58.54,58.72,58.9,NA
"UPLOG_5947",37.29,37.332,37.374,37.416,37.458,37.5,37.618,37.736,37.854,37.972,38.09,38.152,38.214,38.276,38.338,38.4,38.6,38.8,39,39.2,39.4,39.5,39.6,39.7,39.8,39.9,40.04,40.18,40.32,40.46,40.6,NA
"UPLOG_5948",50.79,50.732,50.674,50.616,50.558,50.5,50.48,50.46,50.44,50.42,50.4,NA,NA,NA,NA,NA,NA,NA,NA,NA,NA,NA,NA,NA,NA,NA,NA,NA,NA,NA,NA,NA
"UPLOG_5949",34.59,34.832,35.074,35.316,35.558,35.8,NA,NA,NA,NA,NA,NA,NA,NA,NA,NA,NA,NA,NA,NA,NA,NA,NA,NA,NA,NA,NA,NA,NA,NA,NA,NA
"UPLOG_5950",26.2,26.16,26.12,26.08,26.04,26,NA,NA,NA,NA,NA,NA,NA,NA,NA,NA,NA,NA,NA,NA,NA,NA,NA,NA,NA,NA,NA,NA,NA,NA,NA,NA
"UPLOG_5951",61.2,61.76,62.32,62.88,63.44,64,64.38,64.76,65.14,65.52,65.9,66.48,67.06,67.64,68.22,68.8,69.34,69.88,70.42,70.96,71.5,71.76,72.02,72.28,72.54,72.8,73.3,73.8,74.3,74.8,75.3,NA
"UPLOG_5952",56.7,57.06,57.42,57.78,58.14,58.5,58.94,59.38,59.82,60.26,60.7,61.14,61.58,62.02,62.46,62.9,63.46,64.02,64.58,65.14,65.7,66.02,66.34,66.66,66.98,67.3,67.66,68.02,68.38,68.74,69.1,NA
"UPLOG_5953",45.5,45.58,45.66,45.74,45.82,45.9,46,46.1,46.2,46.3,46.4,46.46,46.52,46.58,46.64,46.7,46.84,46.98,47.12,47.26,47.4,47.42,47.44,47.46,47.48,47.5,NA,NA,NA,NA,NA,NA
"UPLOG_5954",61.29,61.832,62.374,62.916,63.458,64,64.56,65.12,65.68,66.24,66.8,67.2,67.6,68,68.4,68.8,69.24,69.68,70.12,70.56,71,71.34,71.68,72.02,72.36,72.7,73.04,73.38,73.72,74.06,74.4,NA
"UPLOG_5955",16.89,17.032,17.174,17.316,17.458,17.6,17.658,17.716,17.774,17.832,17.89,17.992,18.094,18.196,18.298,18.4,18.48,18.56,18.64,18.72,18.8,18.84,18.88,18.92,18.96,19,19.06,19.12,19.18,19.24,19.3,NA
"UPLOG_5956",48.29,48.872,49.454,50.036,50.618,51.2,51.66,52.12,52.58,53.04,53.5,54.12,54.74,55.36,55.98,56.6,57.12,57.64,58.16,58.68,59.2,59.48,59.76,60.04,60.32,60.6,61.06,61.52,61.98,62.44,62.9,NA
"UPLOG_5958",51.9,52.42,52.94,53.46,53.98,54.5,54.8,55.1,55.4,55.7,56,56.52,57.04,57.56,58.08,58.6,59.04,59.48,59.92,60.36,60.8,61.14,61.48,61.82,62.16,62.5,62.82,63.14,63.46,63.78,64.1,NA
"UPLOG_5960",NA,NA,NA,NA,NA,NA,NA,NA,NA,NA,15.3,15.24,15.18,15.12,15.06,15,15.02,15.04,15.06,15.08,15.1,15.1,15.1,15.1,15.1,15.1,NA,NA,NA,NA,NA,NA
"UPLOG_5961",28.39,28.512,28.634,28.756,28.878,29,29.078,29.156,29.234,29.312,29.39,29.532,29.674,29.816,29.958,30.1,30.24,30.38,30.52,30.66,30.8,30.96,31.12,31.28,31.44,31.6,31.7,31.8,31.9,32,32.1,NA
"UPLOG_5963",21.1,21.18,21.26,21.34,21.42,21.5,21.558,21.616,21.674,21.732,21.79,22.012,22.234,22.456,22.678,22.9,23.14,23.38,23.62,23.86,24.1,24.3,24.5,24.7,24.9,25.1,25.26,25.42,25.58,25.74,25.9,NA
"UPLOG_5964",41.7,42.018,42.336,42.654,42.972,43.29,43.672,44.054,44.436,44.818,45.2,45.54,45.88,46.22,46.56,46.9,47.12,47.34,47.56,47.78,48,48.16,48.32,48.48,48.64,48.8,49.1,49.4,49.7,50,50.3,NA
"UPLOG_5965",30.6,30.4,30.2,30,29.8,29.6,29.6,29.6,29.6,29.6,29.6,NA,NA,NA,NA,NA,NA,NA,NA,NA,NA,NA,NA,NA,NA,NA,NA,NA,NA,NA,NA,NA
"UPLOG_5966",29.39,29.552,29.714,29.876,30.038,30.2,30.038,29.876,29.714,29.552,29.39,29.432,29.474,29.516,29.558,29.6,29.6,29.6,29.6,29.6,29.6,29.64,29.68,29.72,29.76,29.8,NA,NA,NA,NA,NA,NA
"UPLOG_5967",34.09,33.952,33.814,33.676,33.538,33.4,33.52,33.64,33.76,33.88,34,34.12,34.24,34.36,34.48,34.6,34.76,34.92,35.08,35.24,35.4,35.44,35.48,35.52,35.56,35.6,35.65,35.7,NA,NA,NA,NA
"UPLOG_5968",53.2,53.96,54.72,55.48,56.24,57,57.74,58.48,59.22,59.96,60.7,61.64,62.58,63.52,64.46,65.4,66.34,67.28,68.22,69.16,70.1,70.76,71.42,72.08,72.74,73.4,74.04,74.68,75.32,75.96,76.6,NA
"UPLOG_5970",56.59,57.372,58.154,58.936,59.718,60.5,61.218,61.936,62.654,63.372,64.09,64.992,65.894,66.796,67.698,68.6,69.4,70.2,71,71.8,72.6,73.24,73.88,74.52,75.16,75.8,76.3,76.8,77.3,77.8,78.3,NA
"UPLOG_5972",57.5,58.08,58.66,59.24,59.82,60.4,60.938,61.476,62.014,62.552,63.09,63.772,64.454,65.136,65.818,66.5,67.14,67.78,68.42,69.06,69.7,70.1,70.5,70.9,71.3,71.7,72.22,72.74,73.26,73.78,74.3,NA
"UPLOG_5973",40.29,40.872,41.454,42.036,42.618,43.2,43.478,43.756,44.034,44.312,44.59,45.072,45.554,46.036,46.518,47,47.48,47.96,48.44,48.92,49.4,49.7,50,50.3,50.6,50.9,51.2,51.5,51.8,52.1,52.4,NA
"UPLOG_5974",25.29,25.332,25.374,25.416,25.458,25.5,25.54,25.58,25.62,25.66,25.7,25.74,25.78,25.82,25.86,25.9,25.98,26.06,26.14,26.22,26.3,26.25,26.2,26.15,26.1,NA,NA,NA,NA,NA,NA,NA
"UPLOG_5975",31.89,32.152,32.414,32.676,32.938,33.2,33.418,33.636,33.854,34.072,34.29,34.532,34.774,35.016,35.258,35.5,35.68,35.86,36.04,36.22,36.4,36.56,36.72,36.88,37.04,37.2,37.34,37.48,37.62,37.76,37.9,NA
"UPLOG_5977",35,35.258,35.516,35.774,36.032,36.29,36.65,37.01,37.37,37.73,38.09,38.552,39.014,39.476,39.938,40.4,40.84,41.28,41.72,42.16,42.6,42.86,43.12,43.38,43.64,43.9,44.2,44.5,44.8,45.1,45.4,NA
"UPLOG_5978",18,18,18,18,18,NA,NA,NA,NA,NA,NA,NA,NA,NA,NA,NA,NA,NA,NA,NA,NA,NA,NA,NA,NA,NA,NA,NA,NA,NA,NA,NA
"UPLOG_5979",23.5,23.44,23.38,23.32,23.26,23.2,23.338,23.476,23.614,23.752,23.89,23.912,23.934,23.956,23.978,24,24.06,24.12,24.18,24.24,24.3,24.28,24.26,24.24,24.22,24.2,NA,NA,NA,NA,NA,NA
"UPLOG_5980",78,78.838,79.676,80.514,81.352,82.19,82.77,83.35,83.93,84.51,85.09,85.832,86.574,87.316,88.058,88.8,89.54,90.28,91.02,91.76,92.5,92.88,93.26,93.64,94.02,94.4,94.96,95.52,96.08,96.64,97.2,NA
"UPLOG_5982",38.09,38.712,39.334,39.956,40.578,41.2,41.4,41.6,41.8,42,42.2,42.76,43.32,43.88,44.44,45,45.36,45.72,46.08,46.44,46.8,47.16,47.52,47.88,48.24,48.6,48.96,49.32,49.68,50.04,50.4,NA
"UPLOG_5983",21,21.04,21.08,21.12,21.16,21.2,21.18,21.16,21.14,21.12,21.1,21.18,21.26,21.34,21.42,21.5,21.5,21.5,21.5,21.5,21.5,21.56,21.62,21.68,21.74,21.8,NA,NA,NA,NA,NA,NA
"UPLOG_5984",31.7,31.778,31.856,31.934,32.012,32.09,32.23,32.37,32.51,32.65,32.79,32.872,32.954,33.036,33.118,33.2,NA,NA,NA,NA,NA,NA,NA,NA,NA,NA,NA,NA,NA,NA,NA,NA
"UPLOG_5985",35.09,35.172,35.254,35.336,35.418,35.5,35.54,35.58,35.62,35.66,35.7,35.84,35.98,36.12,36.26,36.4,36.58,36.76,36.94,37.12,37.3,37.34,37.38,37.42,37.46,37.5,37.6,37.7,NA,NA,NA,NA
"UPLOG_5986",48.79,49.09,49.39,49.69,49.99,50.29,50.85,51.41,51.97,52.53,53.09,53.212,53.334,53.456,53.578,53.7,54.08,54.46,54.84,55.22,55.6,55.96,56.32,56.68,57.04,57.4,57.64,57.88,58.12,58.36,58.6,NA
"UPLOG_5987",32.7,32.65,32.6,NA,NA,NA,NA,NA,NA,NA,NA,NA,NA,NA,NA,NA,NA,NA,NA,NA,NA,NA,NA,NA,NA,NA,NA,NA,NA,NA,NA,NA
"UPLOG_5988",44.9,45.338,45.776,46.214,46.652,47.09,47.552,48.014,48.476,48.938,49.4,49.76,50.12,50.48,50.84,51.2,51.3,51.4,51.5,NA,NA,NA,NA,NA,NA,NA,NA,NA,NA,NA,NA,NA
"UPLOG_5989",32.29,32.3175,32.345,32.3725,32.4,NA,NA,NA,NA,NA,NA,NA,NA,NA,NA,NA,NA,NA,NA,NA,NA,NA,NA,NA,NA,NA,NA,NA,NA,NA,NA,NA
"UPLOG_5990",27.7,27.76,27.82,27.88,27.94,28,28.14,28.28,28.42,28.56,28.7,28.7,28.7,28.7,28.7,28.7,28.7,28.7,28.7,28.7,28.7,28.725,28.75,28.775,28.8,NA,NA,NA,NA,NA,NA,NA
"UPLOG_5991",38.2,38.818,39.436,40.054,40.672,41.29,41.812,42.334,42.856,43.378,43.9,44.52,45.14,45.76,46.38,47,47.7,48.4,49.1,49.8,50.5,50.92,51.34,51.76,52.18,52.6,53.06,53.52,53.98,54.44,54.9,NA
"UPLOG_5992",18.6,18.48,18.36,18.24,18.12,18,NA,NA,NA,NA,NA,NA,NA,NA,NA,NA,NA,NA,NA,NA,NA,NA,NA,NA,NA,NA,NA,NA,NA,NA,NA,NA
"UPLOG_5993",100.4,100.758,101.116,101.474,101.832,102.19,102.652,103.114,103.576,104.038,104.5,104.66,104.82,104.98,105.14,105.3,105.44,105.58,105.72,105.86,106,106.22,106.44,106.66,106.88,107.1,107.46,107.82,108.18,108.54,108.9,NA
"UPLOG_5994",17.1,17.3,17.5,17.7,17.9,18.1,18.158,18.216,18.274,18.332,18.39,18.512,18.634,18.756,18.878,19,19,19,19,19,19,19.04,19.08,19.12,19.16,19.2,19.28,19.36,19.44,19.52,19.6,19.6
"UPLOG_5995",33.9,34.178,34.456,34.734,35.012,35.29,35.55,35.81,36.07,36.33,36.59,36.752,36.914,37.076,37.238,37.4,37.48,37.56,37.64,37.72,37.8,37.74,37.68,37.62,37.56,37.5,37.68,37.86,38.04,38.22,38.4,NA
"UPLOG_5996",16.79,16.832,16.874,16.916,16.958,17,17.02,17.04,17.06,17.08,17.1,17.18,17.26,17.34,17.42,17.5,16.7,NA,NA,NA,NA,NA,NA,NA,NA,NA,NA,NA,NA,NA,NA,NA
"UPLOG_5999",50.29,50.932,51.574,52.216,52.858,53.5,54,54.5,55,55.5,56,56.64,57.28,57.92,58.56,59.2,59.66,60.12,60.58,61.04,61.5,62.04,62.58,63.12,63.66,64.2,64.76,65.32,65.88,66.44,67,NA
"UPLOG_6000",32,32.418,32.836,33.254,33.672,34.09,34.452,34.814,35.176,35.538,35.9,36.32,36.74,37.16,37.58,38,38.36,38.72,39.08,39.44,39.8,40.14,40.48,40.82,41.16,41.5,41.7,41.9,42.1,42.3,42.5,NA
"UPLOG_6002",24.5,24.82,25.14,25.46,25.78,26.1,26.258,26.416,26.574,26.732,26.89,27.072,27.254,27.436,27.618,27.8,27.96,28.12,28.28,28.44,28.6,28.66,28.72,28.78,28.84,28.9,29.1,29.3,29.5,29.7,29.9,NA
"UPLOG_6003",42.5,43.14,43.78,44.42,45.06,45.7,46.16,46.62,47.08,47.54,48,48.8,49.6,50.4,51.2,52,52.64,53.28,53.92,54.56,55.2,55.48,55.76,56.04,56.32,56.6,56.94,57.28,57.62,57.96,58.3,NA
"UPLOG_6004",32,32.658,33.316,33.974,34.632,35.29,35.85,36.41,36.97,37.53,38.09,38.852,39.614,40.376,41.138,41.9,42.58,43.26,43.94,44.62,45.3,46.04,46.78,47.52,48.26,49,49.5,50,50.5,51,51.5,NA
"UPLOG_6006",109.09,109.772,110.454,111.136,111.818,112.5,112.76,113.02,113.28,113.54,113.8,114.42,115.04,115.66,116.28,116.9,117.48,118.06,118.64,119.22,119.8,119.76,119.72,119.68,119.64,119.6,119.72,119.84,119.96,120.08,120.2,NA
"UPLOG_6007",15.5,16.04,16.58,17.12,17.66,18.2,18.36,18.52,18.68,18.84,19,19.24,19.48,19.72,19.96,20.2,20.46,20.72,20.98,21.24,21.5,21.76,22.02,22.28,22.54,22.8,22.88,22.96,23.04,23.12,23.2,NA
"UPLOG_6009",NA,NA,NA,NA,NA,17.2,17.738,18.276,18.814,19.352,19.89,20.472,21.054,21.636,22.218,22.8,23.38,23.96,24.54,25.12,25.7,26.34,26.98,27.62,28.26,28.9,29.16,29.42,29.68,29.94,30.2,NA
"UPLOG_6010",NA,NA,NA,NA,NA,15.19,15.492,15.794,16.096,16.398,16.7,17,17.3,17.6,17.9,18.2,18.42,18.64,18.86,19.08,19.3,19.34,19.38,19.42,19.46,19.5,19.64,19.78,19.92,20.06,20.2,NA
"UPLOG_6011",NA,NA,NA,NA,NA,NA,NA,NA,NA,NA,NA,NA,NA,NA,NA,16.7,17.04,17.38,17.72,18.06,18.4,18.76,19.12,19.48,19.84,20.2,20.48,20.76,21.04,21.32,21.6,NA
"UPLOG_6012",22.79,23.232,23.674,24.116,24.558,25,25.52,26.04,26.56,27.08,27.6,28.08,28.56,29.04,29.52,30,30.38,30.76,31.14,31.52,31.9,32.46,33.02,33.58,34.14,34.7,35.26,35.82,36.38,36.94,37.5,NA
"UPLOG_6015",NA,NA,NA,NA,NA,NA,NA,NA,NA,NA,NA,NA,NA,NA,NA,15.7,16.02,16.34,16.66,16.98,17.3,17.54,17.78,18.02,18.26,18.5,18.88,19.26,19.64,20.02,20.4,NA
"UPLOG_6017",NA,NA,NA,NA,NA,17.2,17.88,18.56,19.24,19.92,20.6,21.28,21.96,22.64,23.32,24,24.8,25.6,26.4,27.2,28,28.78,29.56,30.34,31.12,31.9,32.56,33.22,33.88,34.54,35.2,NA
"UPLOG_6019",43.29,43.99,44.69,45.39,46.09,46.79,47.172,47.554,47.936,48.318,48.7,49,49.3,49.6,49.9,50.2,50.72,51.24,51.76,52.28,52.8,53.14,53.48,53.82,54.16,54.5,54.98,55.46,55.94,56.42,56.9,NA
"UPLOG_6020",35.5,35.818,36.136,36.454,36.772,37.09,37.452,37.814,38.176,38.538,38.9,39.22,39.54,39.86,40.18,40.5,40.96,41.42,41.88,42.34,42.8,43.22,43.64,44.06,44.48,44.9,45.24,45.58,45.92,46.26,46.6,NA
"UPLOG_6021",129.89,130.272,130.654,131.036,131.418,131.8,131.495,131.19,NA,NA,NA,NA,NA,NA,NA,NA,NA,NA,NA,NA,NA,NA,NA,NA,NA,NA,NA,NA,NA,NA,NA,NA
"UPLOG_6022",NA,NA,NA,NA,NA,NA,NA,NA,NA,NA,NA,NA,NA,NA,NA,NA,NA,NA,NA,NA,16.1,16.58,17.06,17.54,18.02,18.5,19,19.5,20,20.5,21,NA
"UPLOG_6023",22.5,23.078,23.656,24.234,24.812,25.39,25.932,26.474,27.016,27.558,28.1,28.76,29.42,30.08,30.74,31.4,32.06,32.72,33.38,34.04,34.7,35.38,36.06,36.74,37.42,38.1,38.58,39.06,39.54,40.02,40.5,NA
"UPLOG_6024",NA,NA,NA,NA,NA,NA,NA,NA,NA,NA,NA,NA,NA,NA,NA,16.5,16.78,17.06,17.34,17.62,17.9,18.34,18.78,19.22,19.66,20.1,20.44,20.78,21.12,21.46,21.8,NA
"UPLOG_6026",NA,NA,NA,NA,NA,NA,NA,NA,NA,NA,NA,NA,NA,NA,NA,15.3,15.76,16.22,16.68,17.14,17.6,17.94,18.28,18.62,18.96,19.3,19.5,19.7,19.9,20.1,20.3,NA
"UPLOG_6027",109.5,109.9,110.3,110.7,111.1,111.5,111.475,111.45,111.425,111.4,NA,NA,NA,NA,NA,NA,NA,NA,NA,NA,NA,NA,NA,NA,NA,NA,NA,NA,NA,NA,NA,NA
"UPLOG_6030",NA,NA,NA,NA,NA,NA,NA,NA,NA,NA,NA,NA,NA,NA,NA,17.9,18.96,20.02,21.08,22.14,23.2,23.92,24.64,25.36,26.08,26.8,27.42,28.04,28.66,29.28,29.9,NA
"UPLOG_6032",NA,NA,NA,NA,NA,15.39,15.97,16.55,17.13,17.71,18.29,18.892,19.494,20.096,20.698,21.3,22.04,22.78,23.52,24.26,25,25.62,26.24,26.86,27.48,28.1,28.58,29.06,29.54,30.02,30.5,NA
"UPLOG_6035",NA,NA,NA,NA,NA,NA,NA,NA,NA,NA,NA,NA,NA,NA,NA,15.4,16,16.6,17.2,17.8,18.4,18.92,19.44,19.96,20.48,21,21.36,21.72,22.08,22.44,22.8,NA
"UPLOG_6036",NA,NA,NA,NA,NA,NA,NA,NA,NA,NA,NA,NA,NA,NA,NA,NA,NA,NA,NA,NA,16,16.22,16.44,16.66,16.88,17.1,17.26,17.42,17.58,17.74,17.9,NA
"UPLOG_6037",NA,NA,NA,NA,NA,NA,NA,NA,NA,NA,NA,NA,NA,NA,NA,NA,NA,NA,NA,NA,16,16.34,16.68,17.02,17.36,17.7,17.92,18.14,18.36,18.58,18.8,NA
"UPLOG_6042",129.19,129.572,129.954,130.336,130.718,131.1,131.218,131.336,131.454,131.572,131.69,131.952,132.214,132.476,132.738,133,133.5,134,134.5,135,135.5,135.54,135.58,135.62,135.66,135.7,135.84,135.98,136.12,136.26,136.4,NA
"UPLOG_6043",63.2,63.62,64.04,64.46,64.88,65.3,65.878,66.456,67.034,67.612,68.19,68.672,69.154,69.636,70.118,70.6,71,71.4,71.8,72.2,72.6,72.86,73.12,73.38,73.64,73.9,NA,NA,NA,NA,NA,NA
"UPLOG_6045",65,65.7,66.4,67.1,67.8,68.5,68.638,68.776,68.914,69.052,69.19,69.532,69.874,70.216,70.558,70.9,71.24,71.58,71.92,72.26,72.6,73.06,73.52,73.98,74.44,74.9,75.2,75.5,75.8,76.1,76.4,NA
"UPLOG_6046",NA,NA,NA,NA,NA,17.39,17.89,18.39,18.89,19.39,19.89,20.312,20.734,21.156,21.578,22,22.48,22.96,23.44,23.92,24.4,24.78,25.16,25.54,25.92,26.3,26.64,26.98,27.32,27.66,28,NA
"UPLOG_6048",16,16.8,17.6,18.4,19.2,20,20.658,21.316,21.974,22.632,23.29,24.132,24.974,25.816,26.658,27.5,28.16,28.82,29.48,30.14,30.8,31.46,32.12,32.78,33.44,34.1,34.66,35.22,35.78,36.34,36.9,NA
"UPLOG_6049",40.5,41.14,41.78,42.42,43.06,43.7,44.218,44.736,45.254,45.772,46.29,46.992,47.694,48.396,49.098,49.8,50.34,50.88,51.42,51.96,52.5,52.98,53.46,53.94,54.42,54.9,55.4,55.9,56.4,56.9,57.4,NA
"UPLOG_6050",NA,NA,NA,NA,NA,NA,NA,NA,NA,NA,15.8,16.44,17.08,17.72,18.36,19,19.58,20.16,20.74,21.32,21.9,22.46,23.02,23.58,24.14,24.7,25.04,25.38,25.72,26.06,26.4,NA
"UPLOG_6051",150.1,150.518,150.936,151.354,151.772,152.19,152.312,152.434,152.556,152.678,152.8,153.3,153.8,154.3,154.8,155.3,155.32,155.34,155.36,155.38,155.4,155.5,155.6,155.7,155.8,155.9,156,156.1,156.2,156.3,156.4,NA
"UPLOG_6052",103.59,103.89,104.19,104.49,104.79,105.09,105.272,105.454,105.636,105.818,106,106.64,107.28,107.92,108.56,109.2,109.26,109.32,109.38,109.44,109.5,109.82,110.14,110.46,110.78,111.1,111.3,111.5,111.7,111.9,112.1,NA
"UPLOG_6053",29.29,30.332,31.374,32.416,33.458,34.5,35.28,36.06,36.84,37.62,38.4,39.32,40.24,41.16,42.08,43,44.12,45.24,46.36,47.48,48.6,49.34,50.08,50.82,51.56,52.3,52.86,53.42,53.98,54.54,55.1,NA
"UPLOG_6054",NA,NA,NA,NA,NA,NA,NA,NA,NA,NA,NA,NA,NA,NA,NA,NA,NA,NA,NA,NA,NA,NA,NA,NA,NA,15.1,15.52,15.94,16.36,16.78,17.2,NA
"UPLOG_6058",NA,NA,NA,NA,NA,NA,NA,NA,NA,NA,NA,NA,NA,NA,NA,NA,NA,NA,NA,NA,NA,NA,NA,NA,NA,15,15,15,15,15,15,NA
"UPLOG_6061",NA,NA,NA,NA,NA,NA,NA,NA,NA,NA,17.1,17.56,18.02,18.48,18.94,19.4,19.88,20.36,20.84,21.32,21.8,22.2,22.6,23,23.4,23.8,24.24,24.68,25.12,25.56,26,NA
"UPLOG_6062",NA,NA,NA,NA,NA,15,15.378,15.756,16.134,16.512,16.89,17.352,17.814,18.276,18.738,19.2,19.62,20.04,20.46,20.88,21.3,21.86,22.42,22.98,23.54,24.1,24.62,25.14,25.66,26.18,26.7,NA
"UPLOG_6066",25.39,25.47,25.55,25.63,25.71,25.79,25.852,25.914,25.976,26.038,26.1,26.32,26.54,26.76,26.98,27.2,27.2,27.2,27.2,27.2,27.2,27.38,27.56,27.74,27.92,28.1,28.3,28.5,28.7,28.9,29.1,NA
"UPLOG_6068",64.9,65.32,65.74,66.16,66.58,67,67.26,67.52,67.78,68.04,68.3,68.48,68.66,68.84,69.02,69.2,69.44,69.68,69.92,70.16,70.4,70.62,70.84,71.06,71.28,71.5,71.7,71.9,72.1,72.3,72.5,NA
"UPLOG_6071",26.5,26.9,27.3,27.7,28.1,28.5,28.378,28.256,28.134,28.012,27.89,27.892,27.894,27.896,27.898,27.9,28.06,28.22,28.38,28.54,28.7,28.76,28.82,28.88,28.94,29,29.12,29.24,29.36,29.48,29.6,NA
"UPLOG_6072",66.5,66.818,67.136,67.454,67.772,68.09,68.172,68.254,68.336,68.418,68.5,68.64,68.78,68.92,69.06,69.2,69.4,69.6,69.8,70,70.2,70.22,70.24,70.26,70.28,70.3,70.5,70.7,70.9,NA,NA,NA
"UPLOG_6073",33.29,33.732,34.174,34.616,35.058,35.5,35.34,35.18,35.02,34.86,34.7,34.84,34.98,35.12,35.26,35.4,35.5,35.6,35.7,35.8,35.9,36.02,36.14,36.26,36.38,36.5,36.66,36.82,36.98,37.14,37.3,NA
"UPLOG_6074",122.5,122.8,123.1,123.4,123.7,124,124.08,124.16,124.24,124.32,124.4,124.64,124.88,125.12,125.36,125.6,125.86,126.12,126.38,126.64,126.9,127.14,127.38,127.62,127.86,128.1,128.3,128.5,128.7,128.9,129.1,NA
"UPLOG_6075",20,19.978,19.956,19.934,19.912,19.89,19.77,19.65,19.53,19.41,19.29,19.312,19.334,19.356,19.378,19.4,19.4,19.4,19.4,19.4,19.4,19.2333333333333,19.0666666666667,18.9,NA,NA,NA,NA,NA,NA,NA,NA
"UPLOG_6076",NA,NA,NA,NA,NA,NA,NA,NA,NA,NA,NA,NA,NA,NA,NA,NA,NA,NA,NA,NA,NA,NA,NA,NA,NA,15,15.16,15.32,15.48,15.64,15.8,NA
"UPLOG_6077",36,36.358,36.716,37.074,37.432,37.79,38.072,38.354,38.636,38.918,39.2,39.52,39.84,40.16,40.48,40.8,41.1,41.4,41.7,42,42.3,42.82,43.34,43.86,44.38,44.9,45.02,45.14,45.26,45.38,45.5,NA
"UPLOG_6079",64.69,65.112,65.534,65.956,66.378,66.8,66.64,66.48,66.32,66.16,66,66.18,66.36,66.54,66.72,66.9,67.04,67.18,67.32,67.46,67.6,67.56,67.52,67.48,67.44,67.4,NA,NA,NA,NA,NA,NA
"UPLOG_6080",49,49.08,49.16,49.24,49.32,49.4,49.578,49.756,49.934,50.112,50.29,50.332,50.374,50.416,50.458,50.5,50.66,50.82,50.98,51.14,51.3,51.46,51.62,51.78,51.94,52.1,52.26,52.42,52.58,52.74,52.9,NA
"UPLOG_6081",68,68.5,69,69.5,70,70.5,70.838,71.176,71.514,71.852,72.19,72.512,72.834,73.156,73.478,73.8,74.1,74.4,74.7,75,75.3,75.62,75.94,76.26,76.58,76.9,76.98,77.06,77.14,77.22,77.3,77.2
"UPLOG_6083",NA,NA,NA,NA,NA,NA,NA,NA,NA,NA,15.89,15.792,15.694,15.596,15.498,15.4,15.52,15.64,15.76,15.88,16,16.04,16.08,16.12,16.16,16.2,16.4,16.6,16.8,17,17.2,NA
"UPLOG_6085",21.89,22.032,22.174,22.316,22.458,22.6,22.7,22.8,22.9,23,23.1,23.26,23.42,23.58,23.74,23.9,24.04,24.18,24.32,24.46,24.6,24.88,25.16,25.44,25.72,26,26.12,26.24,26.36,26.48,26.6,NA
"UPLOG_6086",19.39,19.39,19.39,19.39,19.39,19.39,19.632,19.874,20.116,20.358,20.6,20.7,20.8,20.9,21,21.1,21.22,21.34,21.46,21.58,21.7,21.86,22.02,22.18,22.34,22.5,22.64,22.78,22.92,23.06,23.2,NA
"UPLOG_6087",22,22.278,22.556,22.834,23.112,23.39,23.612,23.834,24.056,24.278,24.5,24.7,24.9,25.1,25.3,25.5,25.74,25.98,26.22,26.46,26.7,27,27.3,27.6,27.9,28.2,28.46,28.72,28.98,29.24,29.5,NA
"UPLOG_6088",47.59,47.672,47.754,47.836,47.918,48,48.2,48.4,48.6,48.8,49,49.16,49.32,49.48,49.64,49.8,49.94,50.08,50.22,50.36,50.5,50.72,50.94,51.16,51.38,51.6,51.96,52.32,52.68,53.04,53.4,NA
"UPLOG_6089",57.29,57.932,58.574,59.216,59.858,60.5,60.58,60.66,60.74,60.82,60.9,61.08,61.26,61.44,61.62,61.8,62.24,62.68,63.12,63.56,64,64.24,64.48,64.72,64.96,65.2,65.6,66,66.4,66.8,67.2,NA
"UPLOG_6091",163.1,163.158,163.216,163.274,163.332,163.39,164.012,164.634,165.256,165.878,166.5,166.48,166.46,166.44,166.42,166.4,166.46,166.52,166.58,166.64,166.7,166.62,166.54,166.46,166.38,166.3,NA,NA,NA,NA,NA,NA
"UPLOG_6092",NA,NA,NA,NA,NA,NA,NA,NA,NA,NA,15.6,15.8,16,16.2,16.4,16.6,16.86,17.12,17.38,17.64,17.9,18,18.1,NA,NA,NA,NA,NA,NA,NA,NA,NA
"UPLOG_6098",49.09,49.73,50.37,51.01,51.65,52.29,52.772,53.254,53.736,54.218,54.7,54.72,54.74,54.76,54.78,54.8,55,55.2,55.4,55.6,55.8,55.98,56.16,56.34,56.52,56.7,55.8,NA,NA,NA,NA,NA
"UPLOG_6099",NA,NA,NA,NA,NA,15.69,15.952,16.214,16.476,16.738,17,17.4,17.8,18.2,18.6,19,19.42,19.84,20.26,20.68,21.1,21.38,21.66,21.94,22.22,22.5,NA,NA,NA,NA,NA,NA
"UPLOG_6100",NA,NA,NA,NA,NA,NA,NA,NA,NA,NA,NA,NA,NA,NA,NA,NA,NA,NA,NA,NA,NA,NA,NA,NA,NA,15.5,16.04,16.58,17.12,17.66,18.2,NA
"UPLOG_6101",24.79,25.332,25.874,26.416,26.958,27.5,27.72,27.94,28.16,28.38,28.6,28.96,29.32,29.68,30.04,30.4,30.82,31.24,31.66,32.08,32.5,32.96,33.42,33.88,34.34,34.8,35.26,35.72,36.18,36.64,37.1,NA
"UPLOG_6102",19,19.5,20,20.5,21,21.5,21.94,22.38,22.82,23.26,23.7,24.1,24.5,24.9,25.3,25.7,26.1,26.5,26.9,27.3,27.7,28.08,28.46,28.84,29.22,29.6,29.65,29.7,NA,NA,NA,NA
"UPLOG_6104",19.39,20.09,20.79,21.49,22.19,22.89,23.49,24.09,24.69,25.29,25.89,26.452,27.014,27.576,28.138,28.7,29.3,29.9,30.5,31.1,31.7,32.28,32.86,33.44,34.02,34.6,35.06,35.52,35.98,36.44,36.9,NA
"UPLOG_6105",NA,NA,NA,NA,NA,NA,NA,NA,NA,NA,NA,NA,NA,NA,NA,15,15.32,15.64,15.96,16.28,16.6,16.84,17.08,17.32,17.56,17.8,NA,NA,NA,NA,NA,NA
"UPLOG_6108",NA,NA,NA,NA,NA,NA,NA,NA,NA,NA,NA,NA,NA,NA,NA,15.6,16.02,16.44,16.86,17.28,17.7,18.08,18.46,18.84,19.22,19.6,NA,NA,NA,NA,NA,NA
"UPLOG_6109",NA,NA,NA,NA,NA,15.19,15.472,15.754,16.036,16.318,16.6,16.88,17.16,17.44,17.72,18,18.22,18.44,18.66,18.88,19.1,19.3,19.5,19.7,19.9,20.1,19.9,NA,NA,NA,NA,NA
"UPLOG_6110",15.6,15.738,15.876,16.014,16.152,16.29,16.61,16.93,17.25,17.57,17.89,18.092,18.294,18.496,18.698,18.9,19,19.1,19.2,19.3,19.4,NA,NA,NA,NA,NA,NA,NA,NA,NA,NA,NA
"UPLOG_6111",72.3,72.4,72.5,72.6,72.7,72.8,73.02,73.24,73.46,73.68,73.9,73.72,73.54,73.36,73.18,73,73.26,73.52,73.78,74.04,74.3,74.42,74.54,74.66,74.78,74.9,74.96,75.02,75.08,75.14,75.2,NA
"UPLOG_6113",15.8,16.08,16.36,16.64,16.92,17.2,17.418,17.636,17.854,18.072,18.29,18.572,18.854,19.136,19.418,19.7,20.08,20.46,20.84,21.22,21.6,22,22.4,22.8,23.2,23.6,23.88,24.16,24.44,24.72,25,NA
"UPLOG_6114",15,15.278,15.556,15.834,16.112,16.39,16.67,16.95,17.23,17.51,17.79,18.172,18.554,18.936,19.318,19.7,20.12,20.54,20.96,21.38,21.8,22.02,22.24,22.46,22.68,22.9,22.7,NA,NA,NA,NA,NA
"UPLOG_6115",21.89,22.612,23.334,24.056,24.778,25.5,26.04,26.58,27.12,27.66,28.2,28.68,29.16,29.64,30.12,30.6,30.8333333333333,31.0666666666667,31.3,NA,NA,NA,NA,NA,NA,NA,NA,NA,NA,NA,NA,NA
"UPLOG_6117",NA,NA,NA,NA,NA,NA,NA,NA,NA,NA,NA,NA,NA,NA,NA,NA,NA,NA,NA,NA,17.4,18.04,18.68,19.32,19.96,20.6,21.24,21.88,22.52,23.16,23.8,NA
"UPLOG_6118",24.5,25.378,26.256,27.134,28.012,28.89,29.452,30.014,30.576,31.138,31.7,32.24,32.78,33.32,33.86,34.4,34.98,35.56,36.14,36.72,37.3,38.02,38.74,39.46,40.18,40.9,41.46,42.02,42.58,43.14,43.7,NA
"UPLOG_6119",16.39,17.17,17.95,18.73,19.51,20.29,20.81,21.33,21.85,22.37,22.89,23.392,23.894,24.396,24.898,25.4,26.06,26.72,27.38,28.04,28.7,29.26,29.82,30.38,30.94,31.5,32.04,32.58,33.12,33.66,34.2,NA
"UPLOG_6120",18.1,18.6,19.1,19.6,20.1,20.6,20.9,21.2,21.5,21.8,22.1,22.44,22.78,23.12,23.46,23.8,24.34,24.88,25.42,25.96,26.5,26.96,27.42,27.88,28.34,28.8,29.08,29.36,29.64,29.92,30.2,NA
"UPLOG_6121",36.5,37.118,37.736,38.354,38.972,39.59,40.03,40.47,40.91,41.35,41.79,42.401,43.012,43.623,44.234,44.845,45.456,46.067,46.678,47.289,47.9,48.46,49.02,49.58,50.14,50.7,51.1,51.5,51.9,52.3,52.7,NA
"UPLOG_6122",36.59,37.13,37.67,38.21,38.75,39.29,39.65,40.01,40.37,40.73,41.09,41.852,42.614,43.376,44.138,44.9,44.9,44.9,44.9,44.9,44.9,45.34,45.78,46.22,46.66,47.1,47.45,47.8,NA,NA,NA,NA
"UPLOG_6123",115.8,116.02,116.24,116.46,116.68,116.9,117.038,117.176,117.314,117.452,117.59,118.252,118.914,119.576,120.238,120.9,120.72,120.54,120.36,120.18,120,120.02,120.04,120.06,120.08,120.1,120.34,120.58,120.82,121.06,121.3,NA
"UPLOG_6124",15,15.358,15.716,16.074,16.432,16.79,17.11,17.43,17.75,18.07,18.39,19.012,19.634,20.256,20.878,21.5,21.8,22.1,22.4,22.7,23,23.44,23.88,24.32,24.76,25.2,NA,NA,NA,NA,NA,NA
"UPLOG_6126",128.6,128.6,128.6,128.6,NA,NA,NA,NA,NA,NA,NA,NA,NA,NA,NA,NA,NA,NA,NA,NA,NA,NA,NA,NA,NA,NA,NA,NA,NA,NA,NA,NA
"UPLOG_6127",109.69,109.57,109.45,109.33,109.21,109.09,109.532,109.974,110.416,110.858,111.3,111.8,112.3,112.8,113.3,113.8,113.56,113.32,113.08,112.84,112.6,112.92,113.24,113.56,113.88,114.2,114.26,114.32,114.38,114.44,114.5,NA
"UPLOG_6128",122.5,122.538,122.576,122.614,122.652,122.69,122.812,122.934,123.056,123.178,123.3,123.44,123.58,123.72,123.86,124,124.3,124.6,124.9,125.2,125.5,125.86,126.22,126.58,126.94,127.3,127.2,127.1,127,126.9,126.8,NA
"UPLOG_6189",24.29,24.29,24.29,24.29,24.29,24.29,24.452,24.614,24.776,24.938,25.1,25.34,25.58,25.82,26.06,26.3,26.58,26.86,27.14,27.42,27.7,28.06,28.42,28.78,29.14,29.5,29.84,30.18,30.52,30.86,31.2,NA
"UPLOG_6190",53.59,53.63,53.67,53.71,53.75,53.79,54.032,54.274,54.516,54.758,55,55.22,55.44,55.66,55.88,56.1,56.26,56.42,56.58,56.74,56.9,57.16,57.42,57.68,57.94,58.2,58.26,58.32,58.38,58.44,58.5,NA
"UPLOG_6238",NA,NA,NA,NA,NA,NA,NA,NA,NA,NA,NA,NA,NA,NA,NA,NA,NA,NA,NA,NA,16,16.36,16.72,17.08,17.44,17.8,18.04,18.28,18.52,18.76,19,NA
"UPLOG_6239",NA,NA,NA,NA,NA,NA,NA,NA,NA,NA,NA,NA,NA,NA,NA,15,15.34,15.68,16.02,16.36,16.7,16.96,17.22,17.48,17.74,18,18.28,18.56,18.84,19.12,19.4,NA
"UPLOG_6240",NA,NA,NA,NA,NA,NA,NA,NA,NA,NA,15.89,16.212,16.534,16.856,17.178,17.5,17.9,18.3,18.7,19.1,19.5,19.88,20.26,20.64,21.02,21.4,21.76,22.12,22.48,22.84,23.2,NA
"UPLOG_6242",20.79,21.272,21.754,22.236,22.718,23.2,23.618,24.036,24.454,24.872,25.29,25.732,26.174,26.616,27.058,27.5,28.1,28.7,29.3,29.9,30.5,31.06,31.62,32.18,32.74,33.3,34,34.7,35.4,36.1,36.8,NA
"UPLOG_6243",NA,NA,NA,NA,NA,15.19,15.392,15.594,15.796,15.998,16.2,16.86,17.52,18.18,18.84,19.5,19.76,20.02,20.28,20.54,20.8,21.14,21.48,21.82,22.16,22.5,22.86,23.22,23.58,23.94,24.3,NA
"UPLOG_6244",114.8,114.678,114.556,114.434,114.312,114.19,114.69,115.19,115.69,116.19,116.69,116.432,116.174,115.916,115.658,115.4,115.86,116.32,116.78,117.24,117.7,117.96,118.22,118.48,118.74,119,119.62,120.24,120.86,121.48,122.1,NA
"UPLOG_6247",NA,NA,NA,NA,NA,17.1,17.438,17.776,18.114,18.452,18.79,19.092,19.394,19.696,19.998,20.3,20.7,21.1,21.5,21.9,22.3,22.62,22.94,23.26,23.58,23.9,24.14,24.38,24.62,24.86,25.1,NA
"UPLOG_6250",23,23.44,23.88,24.32,24.76,25.2,25.56,25.92,26.28,26.64,27,27.4,27.8,28.2,28.6,29,29.1666666666667,29.3333333333333,29.5,NA,NA,NA,NA,NA,NA,NA,NA,NA,NA,NA,NA,NA
"UPLOG_6255",NA,NA,NA,NA,NA,NA,NA,NA,NA,NA,NA,NA,NA,NA,NA,NA,NA,NA,NA,NA,NA,NA,NA,NA,NA,15.1,15.44,15.78,16.12,16.46,16.8,NA
"UPLOG_6256",21.7,22.48,23.26,24.04,24.82,25.6,26.12,26.64,27.16,27.68,28.2,29,29.8,30.6,31.4,32.2,33.04,33.88,34.72,35.56,36.4,36.5,36.6,36.7,36.8,36.9,NA,NA,NA,NA,NA,NA
"UPLOG_6259",18.2,18.64,19.08,19.52,19.96,20.4,NA,NA,NA,NA,NA,NA,NA,NA,NA,NA,NA,NA,NA,NA,NA,NA,NA,NA,NA,NA,NA,NA,NA,NA,NA,NA
"UPLOG_6261",16.5,16.82,17.14,17.46,17.78,18.1,18.3,18.5,18.7,18.9,19.1,19.26,19.42,19.58,19.74,19.9,20.1,20.3,20.5,20.7,20.9,21.04,21.18,21.32,21.46,21.6,NA,NA,NA,NA,NA,NA
"UPLOG_6262",NA,NA,NA,NA,NA,NA,NA,NA,NA,NA,NA,NA,NA,NA,NA,NA,NA,NA,NA,NA,15.5,16,16.5,17,17.5,18,18.48,18.96,19.44,19.92,20.4,NA
"UPLOG_6264",NA,NA,NA,NA,NA,NA,NA,NA,NA,NA,NA,NA,NA,NA,NA,16.9,17.4,17.9,18.4,18.9,19.4,19.98,20.56,21.14,21.72,22.3,22.74,23.18,23.62,24.06,24.5,NA
"UPLOG_6267",17.5,17.92,18.34,18.76,19.18,19.6,20,20.4,20.8,21.2,21.6,21.86,22.12,22.38,22.64,22.9,23.28,23.66,24.04,24.42,24.8,25.16,25.52,25.88,26.24,26.6,NA,NA,NA,NA,NA,NA
"UPLOG_6268",NA,NA,NA,NA,NA,NA,NA,NA,NA,NA,16.5,16.68,16.86,17.04,17.22,17.4,17.7,18,18.3,18.6,18.9,19.32,19.74,20.16,20.58,21,21.48,21.96,22.44,22.92,23.4,NA
"UPLOG_6269",22.89,23.832,24.774,25.716,26.658,27.6,27.98,28.36,28.74,29.12,29.5,30.08,30.66,31.24,31.82,32.4,33.06,33.72,34.38,35.04,35.7,36.24,36.78,37.32,37.86,38.4,NA,NA,NA,NA,NA,NA
"UPLOG_6272",NA,NA,NA,NA,NA,NA,NA,NA,NA,NA,NA,NA,NA,NA,NA,NA,NA,NA,NA,NA,NA,NA,NA,NA,NA,15.1,15.48,15.86,16.24,16.62,17,NA
"UPLOG_6277",NA,NA,NA,NA,NA,NA,NA,NA,NA,NA,15.3,15.46,15.62,15.78,15.94,16.1,16.36,16.62,16.88,17.14,17.4,17.6,17.8,18,18.2,18.4,18.74,19.08,19.42,19.76,20.1,NA
"UPLOG_6278",NA,NA,NA,NA,NA,NA,NA,NA,NA,NA,16.5,16.6,16.7,16.8,16.9,17,17.26,17.52,17.78,18.04,18.3,18.5,18.7,18.9,19.1,19.3,19.48,19.66,19.84,20.02,20.2,NA
"UPLOG_6279",NA,NA,NA,NA,NA,NA,NA,NA,NA,NA,16.5,16.82,17.14,17.46,17.78,18.1,18.48,18.86,19.24,19.62,20,20.34,20.68,21.02,21.36,21.7,21.6,NA,NA,NA,NA,NA
"UPLOG_6281",NA,NA,NA,NA,NA,NA,NA,NA,NA,NA,NA,NA,NA,NA,NA,15.2,15.5,15.8,16.1,16.4,16.7,17.02,17.34,17.66,17.98,18.3,18.64,18.98,19.32,19.66,20,NA
"UPLOG_6282",NA,NA,NA,NA,NA,NA,NA,NA,NA,NA,18,18.64,19.28,19.92,20.56,21.2,21.76,22.32,22.88,23.44,24,24.54,25.08,25.62,26.16,26.7,27.2,27.7,28.2,28.7,29.2,NA
"UPLOG_6284",NA,NA,NA,NA,NA,NA,NA,NA,NA,NA,NA,NA,NA,NA,NA,NA,NA,NA,NA,NA,NA,NA,NA,NA,NA,15.3,15.84,16.38,16.92,17.46,18,NA
"UPLOG_6285",NA,NA,NA,NA,NA,NA,NA,NA,NA,NA,15.8,16.18,16.56,16.94,17.32,17.7,18.02,18.34,18.66,18.98,19.3,19.68,20.06,20.44,20.82,21.2,21.66,22.12,22.58,23.04,23.5,NA
"UPLOG_6286",31.6,32.238,32.876,33.514,34.152,34.79,35.632,36.474,37.316,38.158,39,38.5,NA,NA,NA,NA,NA,NA,NA,NA,NA,NA,NA,NA,NA,NA,NA,NA,NA,NA,NA,NA
"UPLOG_6289",NA,NA,NA,NA,NA,NA,NA,NA,NA,NA,NA,NA,NA,NA,NA,15.5,15.98,16.46,16.94,17.42,17.9,18.74,19.58,20.42,21.26,22.1,22.38,22.66,22.94,23.22,23.5,NA
"UPLOG_6290",15.8,16.06,16.32,16.58,16.84,17.1,17.48,17.86,18.24,18.62,19,19.22,19.44,19.66,19.88,20.1,20.6,21.1,21.6,22.1,22.6,23.1,23.6,24.1,24.6,25.1,25.64,26.18,26.72,27.26,27.8,NA
"UPLOG_6294",NA,NA,NA,NA,NA,NA,NA,NA,NA,NA,16.2,16.5,16.8,17.1,17.4,17.7,18.12,18.54,18.96,19.38,19.8,20.08,20.36,20.64,20.92,21.2,NA,NA,NA,NA,NA,NA
"UPLOG_6296",NA,NA,NA,NA,NA,NA,NA,NA,NA,NA,15.39,15.712,16.034,16.356,16.678,17,17.34,17.68,18.02,18.36,18.7,19.04,19.38,19.72,20.06,20.4,20.3,NA,NA,NA,NA,NA
"UPLOG_6297",NA,NA,NA,NA,NA,16.5,16.858,17.216,17.574,17.932,18.29,18.732,19.174,19.616,20.058,20.5,20.7,20.9,21.1,21.3,21.5,21.6,21.7,NA,NA,NA,NA,NA,NA,NA,NA,NA
"UPLOG_6299",41.79,42.372,42.954,43.536,44.118,44.7,45.34,45.98,46.62,47.26,47.9,48.72,49.54,50.36,51.18,52,52.18,52.36,52.54,52.72,52.9,53.38,53.86,54.34,54.82,55.3,55.8,56.3,56.8,57.3,57.8,NA
"UPLOG_6300",19.2,19.36,19.52,19.68,19.84,20,20.22,20.44,20.66,20.88,21.1,21.18,21.26,21.34,21.42,21.5,21.6,21.7,21.8,21.9,22,22.16,22.32,22.48,22.64,22.8,22.94,23.08,23.22,23.36,23.5,NA
"UPLOG_6301",120.19,120.193333333333,120.196666666667,120.2,NA,NA,NA,NA,NA,NA,NA,NA,NA,NA,NA,NA,NA,NA,NA,NA,NA,NA,NA,NA,NA,NA,NA,NA,NA,NA,NA,NA
"UPLOG_6304",15.89,16.452,17.014,17.576,18.138,18.7,19.418,20.136,20.854,21.572,22.29,23.412,24.534,25.656,26.778,27.9,28.52,29.14,29.76,30.38,31,31.78,32.56,33.34,34.12,34.9,35.58,36.26,36.94,37.62,38.3,NA
"UPLOG_6305",NA,NA,NA,NA,NA,15.19,15.6,NA,NA,NA,NA,NA,NA,NA,NA,NA,NA,NA,NA,NA,NA,NA,NA,NA,NA,NA,NA,NA,NA,NA,NA,NA
"UPLOG_6306",77,77.4,77.8,78.2,78.6,79,79.5,80,80.5,81,81.5,82.12,82.74,83.36,83.98,84.6,84.92,85.24,85.56,85.88,86.2,86.62,87.04,87.46,87.88,88.3,88.6,88.9,89.2,89.5,89.8,88.2
"UPLOG_6307",117.59,116.893333333333,116.196666666667,115.5,NA,NA,NA,NA,NA,NA,NA,NA,NA,NA,NA,NA,NA,NA,NA,NA,NA,NA,NA,NA,NA,NA,NA,NA,NA,NA,NA,NA
"UPLOG_6308",19.6,20.4,21.2,22,22.8,23.6,24.22,24.84,25.46,26.08,26.7,27.02,27.34,27.66,27.98,28.3,NA,NA,NA,NA,NA,NA,NA,NA,NA,NA,NA,NA,NA,NA,NA,NA
"UPLOG_6311",NA,NA,NA,NA,NA,17,17.42,17.84,18.26,18.68,19.1,19.66,20.22,20.78,21.34,21.9,22.36,22.82,23.28,23.74,24.2,24.72,25.24,25.76,26.28,26.8,27.12,27.44,27.76,28.08,28.4,NA
"UPLOG_6312",41.2,42.06,42.92,43.78,44.64,45.5,46.78,48.06,49.34,50.62,51.9,52.16,52.42,52.68,52.94,53.2,54.08,54.96,55.84,56.72,57.6,58.32,59.04,59.76,60.48,61.2,61.96,62.72,63.48,64.24,65,NA
"UPLOG_6313",59.4,59.9,60.4,60.9,61.4,61.9,62.42,62.94,63.46,63.98,64.5,65.1,65.7,66.3,66.9,67.5,67.88,68.26,68.64,69.02,69.4,69.56,69.72,69.88,70.04,70.2,70.6,71,71.4,71.8,72.2,NA
"UPLOG_6316",27.7,28,NA,NA,NA,NA,NA,NA,NA,NA,NA,NA,NA,NA,NA,NA,NA,NA,NA,NA,NA,NA,NA,NA,NA,NA,NA,NA,NA,NA,NA,NA
"UPLOG_6317",71.5,71.66,71.82,71.98,72.14,72.3,72.54,72.78,73.02,73.26,73.5,73.58,73.66,73.74,73.82,73.9,74,74.1,74.2,74.3,74.4,74.46,74.52,74.58,74.64,74.7,74.84,74.98,75.12,75.26,75.4,NA
"UPLOG_6318",79.3,79.458,79.616,79.774,79.932,80.09,80.272,80.454,80.636,80.818,81,81.06,81.12,81.18,81.24,81.3,81.68,82.06,82.44,82.82,83.2,83.25,83.3,83.35,83.4,NA,NA,NA,NA,NA,NA,NA
"UPLOG_6319",NA,NA,NA,NA,NA,NA,NA,NA,NA,NA,15.19,15.252,15.314,15.376,15.438,15.5,15.68,15.86,16.04,16.22,16.4,16.5,16.6,16.7,16.8,16.9,17,17.1,17.2,17.3,17.4,NA
"UPLOG_6320",56.4,56.56,56.72,56.88,57.04,57.2,57.478,57.756,58.034,58.312,58.59,58.532,58.474,58.416,58.358,58.3,58.48,58.66,58.84,59.02,59.2,59.28,59.36,59.44,59.52,59.6,59.76,59.92,60.08,60.24,60.4,NA
"UPLOG_6321",88.19,88.452,88.714,88.976,89.238,89.5,89.718,89.936,90.154,90.372,90.59,90.812,91.034,91.256,91.478,91.7,91.58,91.46,91.34,91.22,91.1,91.16,91.22,91.28,91.34,91.4,91.48,91.56,91.64,91.72,91.8,NA
"UPLOG_6329",18.79,18.932,19.074,19.216,19.358,19.5,19.74,19.98,20.22,20.46,20.7,20.94,21.18,21.42,21.66,21.9,22.12,22.34,22.56,22.78,23,23.04,23.08,23.12,23.16,23.2,23.34,23.48,23.62,23.76,23.9,NA
"UPLOG_6331",32.09,32.552,33.014,33.476,33.938,34.4,34.66,34.92,35.18,35.44,35.7,36.08,36.46,36.84,37.22,37.6,38.08,38.56,39.04,39.52,40,40.3,40.6,40.9,41.2,41.5,41.8,42.1,42.4,42.7,43,NA
"UPLOG_6334",43.2,44.078,44.956,45.834,46.712,47.59,48.152,48.714,49.276,49.838,50.4,51.16,51.92,52.68,53.44,54.2,55,55.8,56.6,57.4,58.2,58.72,59.24,59.76,60.28,60.8,61.34,61.88,62.42,62.96,63.5,NA
"UPLOG_6335",40.29,40.412,40.534,40.656,40.778,40.9,NA,NA,NA,NA,NA,NA,NA,NA,NA,NA,NA,NA,NA,NA,NA,NA,NA,NA,NA,NA,NA,NA,NA,NA,NA,NA
"UPLOG_6346",15.19,15.51,15.83,16.15,16.47,16.79,17.21,17.63,18.05,18.47,18.89,19.312,19.734,20.156,20.578,21,21.35,21.7,22.05,22.4,22.75,23.1,23.45,23.8,24.15,24.5,24.76,25.02,25.28,25.54,25.8,NA
"UPLOG_6348",37.2,37.818,38.436,39.054,39.672,40.29,40.89,41.49,42.09,42.69,43.29,44.032,44.774,45.516,46.258,47,47.66,48.32,48.98,49.64,50.3,50.64,50.98,51.32,51.66,52,52.38,52.76,53.14,53.52,53.9,NA
"UPLOG_6349",NA,NA,NA,NA,NA,NA,NA,NA,NA,NA,NA,NA,NA,NA,NA,15.7,16,16.3,16.6,16.9,17.2,17.36,17.52,17.68,17.84,18,18.26,18.52,18.78,19.04,19.3,NA
"UPLOG_6351",66.59,66.972,67.354,67.736,68.118,68.5,69.06,69.62,70.18,70.74,71.3,71.56,71.82,72.08,72.34,72.6,73.16,73.72,74.28,74.84,75.4,75.7,76,76.3,76.6,76.9,77.58,78.26,78.94,79.62,80.3,NA
"UPLOG_6352",51,51.34,51.68,52.02,52.36,52.7,52.96,53.22,53.48,53.74,54,54.2,54.4,54.6,54.8,55,55.46,55.92,56.38,56.84,57.3,57.46,57.62,57.78,57.94,58.1,58.42,58.74,59.06,59.38,59.7,NA
"UPLOG_6353",NA,NA,NA,NA,NA,15.19,15.29,15.39,15.49,15.59,15.69,15.772,15.854,15.936,16.018,16.1,16.3,16.5,16.7,16.9,17.1,17.22,17.34,17.46,17.58,17.7,17.9,18.1,18.3,18.5,18.7,NA
"UPLOG_6356",16.79,16.7933333333333,16.7966666666667,16.8,NA,NA,NA,NA,NA,NA,NA,NA,NA,NA,NA,NA,NA,NA,NA,NA,NA,NA,NA,NA,NA,NA,NA,NA,NA,NA,NA,NA
"UPLOG_6357",17.89,18.152,18.414,18.676,18.938,19.2,19.26,19.32,19.38,19.44,19.5,19.8,20.1,20.4,20.7,21,21.32,21.64,21.96,22.28,22.6,22.94,23.28,23.62,23.96,24.3,24.7,25.1,25.5,25.9,26.3,NA
"UPLOG_6358",121.5,121.96,122.42,122.88,123.34,123.8,124.32,124.84,125.36,125.88,126.4,126.92,127.44,127.96,128.48,129,129.54,130.08,130.62,131.16,131.7,131.8,131.9,132,132.1,NA,NA,NA,NA,NA,NA,NA
"UPLOG_6359",20.1,20.18,20.26,20.34,20.42,20.5,20.778,21.056,21.334,21.612,21.89,22.032,22.174,22.316,22.458,22.6,22.9,23.2,23.5,23.8,24.1,24.375,24.65,24.925,25.2,NA,NA,NA,NA,NA,NA,NA
"UPLOG_6360",109.69,111.79,113.89,115.99,118.09,120.19,120.532,120.874,121.216,121.558,121.9,121.2875,120.675,120.0625,119.45,118.8375,118.225,117.6125,117,NA,NA,NA,NA,NA,NA,NA,NA,NA,NA,NA,NA,NA
"UPLOG_6361",88,87.918,87.836,87.754,87.672,87.59,87.61,87.63,87.65,87.67,87.69,87.7675,87.845,87.9225,88,NA,NA,NA,NA,NA,NA,NA,NA,NA,NA,NA,NA,NA,NA,NA,NA,NA
"UPLOG_6363",47.5,48.058,48.616,49.174,49.732,50.29,50.75,51.21,51.67,52.13,52.59,52.872,53.154,53.436,53.718,54,54.52,55.04,55.56,56.08,56.6,57.28,57.96,58.64,59.32,60,59.8,59.6,59.4,59.2,59,NA
"UPLOG_6366",92.5,92.938,93.376,93.814,94.252,94.69,94.632,94.574,94.516,94.458,94.4,94.56,94.72,94.88,95.04,95.2,96.06,96.92,97.78,98.64,99.5,99.46,99.42,99.38,99.34,99.3,99.02,98.74,98.46,98.18,97.9,NA
"UPLOG_6367",81.8,82.2,82.6,83,83.4,83.8,84.6,85.4,86.2,87,87.8,88.62,89.44,90.26,91.08,91.9,92.22,92.54,92.86,93.18,93.5,93.34,93.18,93.02,92.86,92.7,NA,NA,NA,NA,NA,NA
"UPLOG_6368",107.8,107.9,108,108.1,108.2,108.3,108.558,108.816,109.074,109.332,109.59,109.493333333333,109.396666666667,109.3,NA,NA,NA,NA,NA,NA,NA,NA,NA,NA,NA,NA,NA,NA,NA,NA,NA,NA
"UPLOG_6369",72,72.018,72.036,72.054,72.072,72.09,72.332,72.574,72.816,73.058,73.3,73.15,73,NA,NA,NA,NA,NA,NA,NA,NA,NA,NA,NA,NA,NA,NA,NA,NA,NA,NA,NA
"UPLOG_6371",NA,NA,NA,NA,NA,NA,NA,NA,NA,NA,NA,NA,NA,NA,NA,18,18.92,19.84,20.76,21.68,22.6,23.52,24.44,25.36,26.28,27.2,28.04,28.88,29.72,30.56,31.4,NA
"UPLOG_6372",NA,NA,NA,NA,NA,15.3,15.88,16.46,17.04,17.62,18.2,18.84,19.48,20.12,20.76,21.4,22.1,22.8,23.5,24.2,24.9,25.82,26.74,27.66,28.58,29.5,30.1,30.7,31.3,31.9,32.5,NA
"UPLOG_6373",NA,NA,NA,NA,NA,NA,NA,NA,NA,NA,16.29,16.692,17.094,17.496,17.898,18.3,18.84,19.38,19.92,20.46,21,21.5,22,22.5,23,23.5,24.06,24.62,25.18,25.74,26.3,NA
"UPLOG_6374",34.4,34.4,34.4,34.4,NA,NA,NA,NA,NA,NA,NA,NA,NA,NA,NA,NA,NA,NA,NA,NA,NA,NA,NA,NA,NA,NA,NA,NA,NA,NA,NA,NA
"UPLOG_6375",NA,NA,NA,NA,NA,NA,NA,NA,NA,NA,NA,NA,NA,NA,NA,NA,NA,NA,NA,NA,15,15.62,16.24,16.86,17.48,18.1,18.54,18.98,19.42,19.86,20.3,NA
"UPLOG_6377",77.19,77.332,77.474,77.616,77.758,77.9,78.22,78.54,78.86,79.18,79.5,79.88,80.26,80.64,81.02,81.4,81.42,81.44,81.46,81.48,81.5,82.02,82.54,83.06,83.58,84.1,84.18,84.26,84.34,84.42,84.5,NA
"UPLOG_6378",32.79,32.872,32.954,33.036,33.118,33.2,33.4,33.6,33.8,34,34.2,34.6,35,35.4,35.8,36.2,36.36,36.52,36.68,36.84,37,37.3,37.6,37.9,38.2,38.5,38.86,39.22,39.58,39.94,40.3,NA
"UPLOG_6379",15.69,16.192,16.694,17.196,17.698,18.2,18.438,18.676,18.914,19.152,19.39,19.812,20.234,20.656,21.078,21.5,21.86,22.22,22.58,22.94,23.3,23.72,24.14,24.56,24.98,25.4,25.82,26.24,26.66,27.08,27.5,NA
"UPLOG_6380",NA,NA,NA,NA,NA,NA,NA,NA,NA,NA,NA,NA,NA,NA,NA,15.1,15.84,16.58,17.32,18.06,18.8,19.42,20.04,20.66,21.28,21.9,22.44,22.98,23.52,24.06,24.6,NA
"UPLOG_6381",76.3,76.878,77.456,78.034,78.612,79.19,79.652,80.114,80.576,81.038,81.5,81.7,81.9,82.1,82.3,82.5,81.98,81.46,80.94,80.42,79.9,80.22,80.54,80.86,81.18,81.5,81.8,82.1,82.4,82.7,83,NA
"UPLOG_6382",97.9,97.9,97.9,97.9,NA,NA,NA,NA,NA,NA,NA,NA,NA,NA,NA,NA,NA,NA,NA,NA,NA,NA,NA,NA,NA,NA,NA,NA,NA,NA,NA,NA
"UPLOG_6384",20,20.578,21.156,21.734,22.312,22.89,23.39,23.89,24.39,24.89,25.39,25.712,26.034,26.356,26.678,27,27.62,28.24,28.86,29.48,30.1,30.68,31.26,31.84,32.42,33,33.48,33.96,34.44,34.92,35.4,NA
"UPLOG_6385",51.9,51.938,51.976,52.014,52.052,52.09,51.29,NA,NA,NA,NA,NA,NA,NA,NA,NA,NA,NA,NA,NA,NA,NA,NA,NA,NA,NA,NA,NA,NA,NA,NA,NA
"UPLOG_6386",NA,NA,NA,NA,NA,NA,NA,NA,NA,NA,NA,NA,NA,NA,NA,NA,NA,NA,NA,NA,NA,NA,NA,NA,NA,16.9,17.46,18.02,18.58,19.14,19.7,NA
"UPLOG_6387",36.59,37.312,38.034,38.756,39.478,40.2,40.96,41.72,42.48,43.24,44,44.26,44.52,44.78,45.04,45.3,45.05,44.8,NA,NA,NA,NA,NA,NA,NA,NA,NA,NA,NA,NA,NA,NA
"UPLOG_6388",78.5,79,79.5,80,80.5,81,81.36,81.72,82.08,82.44,82.8,83.42,84.04,84.66,85.28,85.9,86.22,86.54,86.86,87.18,87.5,88.125,88.75,89.375,90,NA,NA,NA,NA,NA,NA,NA
"UPLOG_6389",64,64.16,64.32,64.48,64.64,64.8,65.12,65.44,65.76,66.08,66.4,66.64,66.88,67.12,67.36,67.6,67.94,68.28,68.62,68.96,69.3,69.62,69.94,70.26,70.58,70.9,71.18,71.46,71.74,72.02,72.3,NA
"UPLOG_6391",20.79,21.11,21.43,21.75,22.07,22.39,22.79,23.19,23.59,23.99,24.39,24.712,25.034,25.356,25.678,26,26.42,26.84,27.26,27.68,28.1,28.6,29.1,29.6,30.1,30.6,30.92,31.24,31.56,31.88,32.2,NA
"UPLOG_6394",15,15.4,15.8,16.2,16.6,17,17.3,17.6,17.9,18.2,18.5,18.82,19.14,19.46,19.78,20.1,20.5,20.9,21.3,21.7,22.1,22.44,22.78,23.12,23.46,23.8,24.08,24.36,24.64,24.92,25.2,NA
"UPLOG_6395",NA,NA,NA,NA,NA,18.6,19.5,20.4,21.3,22.2,23.1,23.58,24.06,24.54,25.02,25.5,26.24,26.98,27.72,28.46,29.2,29.82,30.44,31.06,31.68,32.3,32.84,33.38,33.92,34.46,35,NA
"UPLOG_6398",NA,NA,NA,NA,NA,16,16.458,16.916,17.374,17.832,18.29,18.792,19.294,19.796,20.298,20.8,21.3,21.8,22.3,22.8,23.3,23.74,24.18,24.62,25.06,25.5,25.98,26.46,26.94,27.42,27.9,NA
"UPLOG_6399",16.6,16.9,17.2,17.5,17.8,18.1,18.52,18.94,19.36,19.78,20.2,20.52,20.84,21.16,21.48,21.8,22.08,22.36,22.64,22.92,23.2,23.5,23.8,24.1,24.4,24.7,24.92,25.14,25.36,25.58,25.8,NA
"UPLOG_6504",25,25.778,26.556,27.334,28.112,28.89,29.53,30.17,30.81,31.45,32.09,32.612,33.134,33.656,34.178,34.7,35.44,36.18,36.92,37.66,38.4,39.02,39.64,40.26,40.88,41.5,42.12,42.74,43.36,43.98,44.6,NA
"UPLOG_6608",NA,NA,NA,NA,NA,NA,NA,NA,NA,NA,NA,NA,NA,NA,NA,NA,NA,NA,NA,NA,15.3,15.6,15.9,16.2,16.5,16.8,NA,NA,NA,NA,NA,NA
"UPLOG_6610",NA,NA,NA,NA,NA,NA,NA,NA,NA,NA,NA,NA,NA,NA,NA,NA,NA,NA,NA,NA,NA,NA,NA,NA,NA,15.6,16.2,16.8,17.4,18,18.6,NA
"UPLOG_6611",31.89,32.452,33.014,33.576,34.138,34.7,35.178,35.656,36.134,36.612,37.09,37.372,37.654,37.936,38.218,38.5,38.96,39.42,39.88,40.34,40.8,41.22,41.64,42.06,42.48,42.9,NA,NA,NA,NA,NA,NA
"UPLOG_6612",33.2,33.718,34.236,34.754,35.272,35.79,36.072,36.354,36.636,36.918,37.2,37.66,38.12,38.58,39.04,39.5,39.98,40.46,40.94,41.42,41.9,42.3,42.7,43.1,43.5,43.9,44.22,44.54,44.86,45.18,45.5,NA
"UPLOG_6613",NA,NA,NA,NA,NA,NA,NA,NA,NA,NA,16.6,16.88,17.16,17.44,17.72,18,18.36,18.72,19.08,19.44,19.8,20.2,20.6,21,21.4,21.8,22.2,22.6,23,23.4,23.8,NA
"UPLOG_6614",40.09,40.472,40.854,41.236,41.618,42,42.24,42.48,42.72,42.96,43.2,43.42,43.64,43.86,44.08,44.3,44.72,45.14,45.56,45.98,46.4,46.7,47,47.3,47.6,47.9,48.18,48.46,48.74,49.02,49.3,NA
"UPLOG_6615",25.2,25.738,26.276,26.814,27.352,27.89,28.29,28.69,29.09,29.49,29.89,30.312,30.734,31.156,31.578,32,32.34,32.68,33.02,33.36,33.7,34.36,35.02,35.68,36.34,37,37.4,37.8,38.2,38.6,39,NA
"UPLOG_6616",47,47.518,48.036,48.554,49.072,49.59,49.99,50.39,50.79,51.19,51.59,52.052,52.514,52.976,53.438,53.9,54.28,54.66,55.04,55.42,55.8,56.26,56.72,57.18,57.64,58.1,58.4,58.7,59,59.3,59.6,NA
"UPLOG_6617",78,78.618,79.236,79.854,80.472,81.09,81.472,81.854,82.236,82.618,83,83.2,83.4,83.6,83.8,84,84.2,84.4,84.6,84.8,85,85.26,85.52,85.78,86.04,86.3,86.48,86.66,86.84,87.02,87.2,NA
"UPLOG_6618",55.79,55.972,56.154,56.336,56.518,56.7,56.718,56.736,56.754,56.772,56.79,56.812,56.834,56.856,56.878,56.9,57.06,57.22,57.38,57.54,57.7,57.48,57.26,57.04,56.82,56.6,56.3,56,55.7,55.4,NA,NA
"UPLOG_6625",16.39,16.732,17.074,17.416,17.758,18.1,18.4,18.7,19,19.3,19.6,20.48,21.36,22.24,23.12,24,22.6,21.2,NA,NA,NA,NA,NA,NA,NA,NA,NA,NA,NA,NA,NA,NA
"UPLOG_6633",157.19,157.752,158.314,158.876,159.438,160,160.12,160.24,160.36,160.48,160.6,160.76,160.92,161.08,161.24,161.4,161.675,161.95,162.225,162.5,NA,NA,NA,NA,NA,NA,NA,NA,NA,NA,NA,NA
"UPLOG_6635",NA,NA,NA,NA,NA,15.5,15.82,16.14,16.46,16.78,17.1,17.46,17.82,18.18,18.54,18.9,19.12,19.34,19.56,19.78,20,20.26,20.52,20.78,21.04,21.3,NA,NA,NA,NA,NA,NA
"UPTHAR_2797",NA,NA,59.2,59.318,59.436,59.554,59.672,59.79,59.9675,60.145,60.3225,60.5,60.8,61.1,61.4,61.7,62,62.54,63.08,63.62,64.16,64.7,NA,NA,NA,NA,NA,NA,NA,NA,NA,NA
"UPTHAR_5131",NA,NA,130.8,131.04,131.28,131.52,131.76,132,132.575,133.15,133.725,134.3,134.94,135.58,136.22,136.86,137.5,137.88,138.26,138.64,139.02,139.4,139.48,139.56,139.64,139.72,139.8,140.175,140.55,140.925,141.3,NA
"UPTHAR_5135",NA,NA,61,61.28,61.56,61.84,62.12,62.4,62.7475,63.095,63.4425,63.79,64.272,64.754,65.236,65.718,66.2,66.5,66.8,67.1,67.4,67.7,68.14,68.58,69.02,69.46,69.9,70.26,70.62,70.98,71.34,71.7
"UPTHAR_5136",NA,NA,47.4,48.02,48.64,49.26,49.88,50.5,51.1475,51.795,52.4425,53.09,54.332,55.574,56.816,58.058,59.3,60.38,61.46,62.54,63.62,64.7,65.52,66.34,67.16,67.98,68.8,69.34,69.88,70.42,70.96,71.5
"UPTHAR_5138",NA,NA,44,44.48,44.96,45.44,45.92,46.4,46.6975,46.995,47.2925,47.59,48.272,48.954,49.636,50.318,51,51.32,51.64,51.96,52.28,52.6,52.8,53,53.2,53.4,53.6,53.72,53.84,53.96,54.08,54.2
"UPTHAR_5144",NA,NA,38,38.64,39.28,39.92,40.56,41.2,41.4725,41.745,42.0175,42.29,43.3933333333333,44.4966666666667,45.6,NA,NA,NA,NA,NA,NA,NA,NA,NA,NA,NA,NA,NA,NA,NA,NA,NA
"UPTHAR_5152",NA,NA,51.7,52.418,53.136,53.854,54.572,55.29,55.79,56.29,56.79,57.29,58.532,59.774,61.016,62.258,63.5,64.4,65.3,66.2,67.1,68,68.66,69.32,69.98,70.64,71.3,71.74,72.18,72.62,73.06,73.5
"UPTHAR_5155",NA,NA,21.6,21.658,21.716,21.774,21.832,21.89,21.9675,22.045,22.1225,22.2,23.79,NA,NA,NA,NA,NA,NA,NA,NA,NA,NA,NA,NA,NA,NA,NA,NA,NA,NA,NA
"UPTHAR_5156",NA,NA,NA,NA,NA,NA,NA,16,16.125,16.25,16.375,16.5,18.29,NA,NA,NA,NA,NA,NA,NA,NA,NA,NA,NA,NA,NA,NA,NA,NA,NA,NA,NA
"UPTHAR_5157",NA,NA,32,32.358,32.716,33.074,33.432,33.79,34.1425,34.495,34.8475,35.2,36.5,37.8,NA,NA,NA,NA,NA,NA,NA,NA,NA,NA,NA,NA,NA,NA,NA,NA,NA,NA
"UPTHAR_5160",NA,NA,48.2,48.218,48.236,48.254,48.272,48.29,48.7175,49.145,49.5725,50,50.2,NA,NA,NA,NA,NA,NA,NA,NA,NA,NA,NA,NA,NA,NA,NA,NA,NA,NA,NA
"UPTHAR_5165",NA,NA,55.4,55.56,55.72,55.88,56.04,56.2,56.45,56.7,NA,NA,NA,NA,NA,NA,NA,NA,NA,NA,NA,NA,NA,NA,NA,NA,NA,NA,NA,NA,NA,NA
"UPTHAR_5166",NA,NA,37.5,37.5,37.5,37.5,37.5,37.5,37.5,NA,NA,NA,NA,NA,NA,NA,NA,NA,NA,NA,NA,NA,NA,NA,NA,NA,NA,NA,NA,NA,NA,NA
"UPTHAR_5168",NA,NA,60.79,61.77,62.75,63.73,64.71,65.69,66.29,66.89,67.49,68.09,68.2266666666667,68.3633333333333,68.5,NA,NA,NA,NA,NA,NA,NA,NA,NA,NA,NA,NA,NA,NA,NA,NA,NA
"UPTHAR_5169",NA,NA,50.2,50.375,50.55,50.725,50.9,NA,NA,NA,NA,NA,NA,NA,NA,NA,NA,NA,NA,NA,NA,NA,NA,NA,NA,NA,NA,NA,NA,NA,NA,NA
"UPTHAR_5170",NA,NA,68.3,68.658,69.016,69.374,69.732,70.09,70.14,70.19,NA,NA,NA,NA,NA,NA,NA,NA,NA,NA,NA,NA,NA,NA,NA,NA,NA,NA,NA,NA,NA,NA
"UPTHAR_5172",NA,NA,47.5,48.18,48.86,49.54,50.22,50.9,51.4975,52.095,52.6925,53.29,54.195,55.1,NA,NA,NA,NA,NA,NA,NA,NA,NA,NA,NA,NA,NA,NA,NA,NA,NA,NA
"UPTHAR_5174",NA,NA,35.4,35.538,35.676,35.814,35.952,36.09,36.2925,36.495,36.6975,36.9,38.79,NA,NA,NA,NA,NA,NA,NA,NA,NA,NA,NA,NA,NA,NA,NA,NA,NA,NA,NA
"UPTHAR_5175",NA,NA,100.3,101.178,102.056,102.934,103.812,104.69,105.1425,105.595,106.0475,106.5,107.14,107.78,108.42,109.06,109.7,110.7,111.7,112.7,113.7,114.7,115.14,115.58,116.02,116.46,116.9,117.34,117.78,118.22,118.66,119.1
"UPTHAR_5176",NA,NA,39.79,39.832,39.874,39.916,39.958,40,40.25,40.5,40.75,41,43,NA,NA,NA,NA,NA,NA,NA,NA,NA,NA,NA,NA,NA,NA,NA,NA,NA,NA,NA
"UPTHAR_5187",NA,NA,94.5,95.4,96.3,97.2,98.1,99,99.225,99.45,99.675,99.9,99.9,99.9,99.9,99.9,99.9,100.86,101.82,102.78,103.74,104.7,105.36,106.02,106.68,107.34,108,107.58,107.16,106.74,106.32,105.9
"UPTHAR_5194",NA,NA,70,70.78,71.56,72.34,73.12,73.9,74.25,74.6,74.95,75.3,75.68,76.06,76.44,76.82,77.2,77.74,78.28,78.82,79.36,79.9,80.04,80.18,80.32,80.46,80.6,80.96,81.32,81.68,82.04,82.4
"UPTHAR_5198",NA,NA,22.5,22.64,22.78,22.92,23.06,23.2,23.2,23.2,23.2,23.2,NA,NA,NA,NA,NA,NA,NA,NA,NA,NA,NA,NA,NA,NA,NA,NA,NA,NA,NA,NA
"UPTHAR_5204",NA,NA,94.69,95.112,95.534,95.956,96.378,96.8,97.1,97.4,97.7,98,97.4666666666667,96.9333333333333,96.4,NA,NA,NA,NA,NA,NA,NA,NA,NA,NA,NA,NA,NA,NA,NA,NA,NA
"UPTHAR_5206",NA,NA,94.69,95.052,95.414,95.776,96.138,96.5,96.5475,96.595,96.6425,96.69,96.9175,97.145,97.3725,97.6,NA,NA,NA,NA,NA,NA,NA,NA,NA,NA,NA,NA,NA,NA,NA,NA
"UPTHAR_5211",NA,NA,153.39,152.5,NA,NA,NA,NA,NA,NA,NA,NA,NA,NA,NA,NA,NA,NA,NA,NA,NA,NA,NA,NA,NA,NA,NA,NA,NA,NA,NA,NA
"UPTHAR_5215",NA,NA,53,53.3,NA,NA,NA,NA,NA,NA,NA,NA,NA,NA,NA,NA,NA,NA,NA,NA,NA,NA,NA,NA,NA,NA,NA,NA,NA,NA,NA,NA
"UPTHAR_5217",NA,NA,40.5,40.518,40.536,40.554,40.572,40.59,NA,NA,NA,NA,NA,NA,NA,NA,NA,NA,NA,NA,NA,NA,NA,NA,NA,NA,NA,NA,NA,NA,NA,NA
"UPTHAR_5231",NA,NA,31.5,31.478,31.456,31.434,31.412,31.39,31.49,31.59,31.69,31.79,33.2,NA,NA,NA,NA,NA,NA,NA,NA,NA,NA,NA,NA,NA,NA,NA,NA,NA,NA,NA
"UPTHAR_5240",NA,NA,116.59,116.372,116.154,115.936,115.718,115.5,115.625,115.75,115.875,116,115.68,115.36,115.04,114.72,114.4,114.28,114.16,114.04,113.92,113.8,114.28,114.76,115.24,115.72,116.2,116.28,116.36,116.44,116.52,116.6
"UPTHAR_5241",NA,NA,58.59,58.63,58.67,58.71,58.75,58.79,58.7175,58.645,58.5725,58.5,NA,NA,NA,NA,NA,NA,NA,NA,NA,NA,NA,NA,NA,NA,NA,NA,NA,NA,NA,NA
"UPTHAR_5242",NA,NA,52.59,52.612,52.634,52.656,52.678,52.7,52.7225,52.745,52.7675,52.79,53.9,NA,NA,NA,NA,NA,NA,NA,NA,NA,NA,NA,NA,NA,NA,NA,NA,NA,NA,NA
"UPTHAR_5243",NA,NA,108.59,108.672,108.754,108.836,108.918,109,109.0225,109.045,109.0675,109.09,109.532,109.974,110.416,110.858,111.3,111.22,111.14,111.06,110.98,110.9,110.92,110.94,110.96,110.98,111,111.02,111.04,111.06,111.08,111.1
"UPTHAR_5245",NA,NA,93.3,93.578,93.856,94.134,94.412,94.69,95.19,95.69,96.19,96.69,96.8925,97.095,97.2975,97.5,NA,NA,NA,NA,NA,NA,NA,NA,NA,NA,NA,NA,NA,NA,NA,NA
"UPTHAR_5248",NA,NA,105.69,106.052,106.414,106.776,107.138,107.5,107.725,107.95,108.175,108.4,108.8,109.2,109.6,110,NA,NA,NA,NA,NA,NA,NA,NA,NA,NA,NA,NA,NA,NA,NA,NA
"UPTHAR_5251",NA,NA,65.3,65.82,66.34,66.86,67.38,67.9,68.3475,68.795,69.2425,69.69,70.112,70.534,70.956,71.378,71.8,72.6,73.4,74.2,75,75.8,76.52,77.24,77.96,78.68,79.4,79.68,79.96,80.24,80.52,80.8
"UPTHAR_5252",NA,NA,68.69,69.232,69.774,70.316,70.858,71.4,71.3,71.2,71.1,71,71.45,71.9,NA,NA,NA,NA,NA,NA,NA,NA,NA,NA,NA,NA,NA,NA,NA,NA,NA,NA
"UPTHAR_5258",NA,NA,57.2,57.7,58.2,58.7,NA,NA,NA,NA,NA,NA,NA,NA,NA,NA,NA,NA,NA,NA,NA,NA,NA,NA,NA,NA,NA,NA,NA,NA,NA,NA
"UPTHAR_5260",NA,NA,85.8,86.14,86.48,86.82,87.16,87.5,87.5225,87.545,87.5675,87.59,89,NA,NA,NA,NA,NA,NA,NA,NA,NA,NA,NA,NA,NA,NA,NA,NA,NA,NA,NA
"UPTHAR_5261",NA,NA,71,71.16,71.32,71.48,71.64,71.8,71.9975,72.195,72.3925,72.59,73.5,NA,NA,NA,NA,NA,NA,NA,NA,NA,NA,NA,NA,NA,NA,NA,NA,NA,NA,NA
"UPTHAR_5262",NA,NA,94,94.018,94.036,94.054,94.072,94.09,94.3925,94.695,94.9975,95.3,96.3,NA,NA,NA,NA,NA,NA,NA,NA,NA,NA,NA,NA,NA,NA,NA,NA,NA,NA,NA
"UPTHAR_5265",NA,NA,65.8,65.758,65.716,65.674,65.632,65.59,65.74,65.89,66.04,66.19,65.9266666666667,65.6633333333333,65.4,NA,NA,NA,NA,NA,NA,NA,NA,NA,NA,NA,NA,NA,NA,NA,NA,NA
"UPTHAR_5272",NA,NA,158.19,158.312,158.434,158.556,158.678,158.8,158.85,158.9,158.95,159,159.2,159.4,NA,NA,NA,NA,NA,NA,NA,NA,NA,NA,NA,NA,NA,NA,NA,NA,NA,NA
"UPTHAR_5279",NA,NA,63.09,63.372,63.654,63.936,64.218,64.5,64.85,65.2,65.55,65.9,66.8,67.7,NA,NA,NA,NA,NA,NA,NA,NA,NA,NA,NA,NA,NA,NA,NA,NA,NA,NA
"UPTHAR_5280",NA,NA,127.69,127.99,128.29,128.59,128.89,NA,NA,NA,NA,NA,NA,NA,NA,NA,NA,NA,NA,NA,NA,NA,NA,NA,NA,NA,NA,NA,NA,NA,NA,NA
"UPTHAR_5281",NA,NA,102.19,102.17,102.15,102.13,102.11,102.09,102.5675,103.045,103.5225,104,NA,NA,NA,NA,NA,NA,NA,NA,NA,NA,NA,NA,NA,NA,NA,NA,NA,NA,NA,NA
"UPTHAR_5283",NA,NA,48.2,48.418,48.636,48.854,49.072,49.29,49.7675,50.245,50.7225,51.2,51.6,52,NA,NA,NA,NA,NA,NA,NA,NA,NA,NA,NA,NA,NA,NA,NA,NA,NA,NA
"UPTHAR_5284",NA,NA,125.3,124.3,NA,NA,NA,NA,NA,NA,NA,NA,NA,NA,NA,NA,NA,NA,NA,NA,NA,NA,NA,NA,NA,NA,NA,NA,NA,NA,NA,NA
"UPTHAR_5295",NA,NA,73,73.1,73.2,73.3,73.4,73.5,73.575,73.65,73.725,73.8,73.8,73.8,NA,NA,NA,NA,NA,NA,NA,NA,NA,NA,NA,NA,NA,NA,NA,NA,NA,NA
"UPTHAR_5298",NA,NA,97.09,97.252,97.414,97.576,97.738,97.9,97.875,97.85,97.825,97.8,96.55,95.3,NA,NA,NA,NA,NA,NA,NA,NA,NA,NA,NA,NA,NA,NA,NA,NA,NA,NA
"UPTHAR_5311",NA,NA,86,86.2,86.4,86.6,86.8,87,87.1,87.2,87.3,87.4,87.2333333333333,87.0666666666667,86.9,NA,NA,NA,NA,NA,NA,NA,NA,NA,NA,NA,NA,NA,NA,NA,NA,NA
"UPTHAR_5313",NA,NA,83,83.3,83.6,83.9,84.2,84.5,85.1,85.7,86.3,86.9,86.56,86.22,85.88,85.54,85.2,86.24,87.28,88.32,89.36,90.4,91.56,92.72,93.88,95.04,96.2,95.72,95.24,94.76,94.28,93.8
"UPTHAR_5315",NA,NA,65.19,65.412,65.634,65.856,66.078,66.3,66.6475,66.995,67.3425,67.69,68.472,69.254,70.036,70.818,71.6,72.54,73.48,74.42,75.36,76.3,77,77.7,78.4,79.1,79.8,80.5,81.2,81.9,82.6,83.3
"UPTHAR_5316",NA,NA,48.8,48.7,NA,NA,NA,NA,NA,NA,NA,NA,NA,NA,NA,NA,NA,NA,NA,NA,NA,NA,NA,NA,NA,NA,NA,NA,NA,NA,NA,NA
"UPTHAR_5319",NA,NA,102.3,102.62,102.94,103.26,103.58,103.9,104.4,104.9,105.4,105.9,106.1,106.3,106.5,106.7,106.9,107.38,107.86,108.34,108.82,109.3,109.86,110.42,110.98,111.54,112.1,112.36,112.62,112.88,113.14,113.4
"UPTHAR_5327",NA,NA,76.8,76.978,77.156,77.334,77.512,77.69,77.9925,78.295,78.5975,78.9,79.62,80.34,81.06,81.78,82.5,83.3,84.1,84.9,85.7,86.5,87.1,87.7,88.3,88.9,89.5,89.88,90.26,90.64,91.02,91.4
"UPTHAR_5330",NA,NA,66.09,66.272,66.454,66.636,66.818,67,67.375,67.75,68.125,68.5,69.26,70.02,70.78,71.54,72.3,73.08,73.86,74.64,75.42,76.2,76.96,77.72,78.48,79.24,80,80.5,81,81.5,82,82.5
"UPTHAR_5332",NA,NA,86.5,86.618,86.736,86.854,86.972,87.09,87.2675,87.445,87.6225,87.8,87.8,87.8,87.8,87.8,87.8,87.72,87.64,87.56,87.48,87.4,NA,NA,NA,NA,NA,NA,NA,NA,NA,NA
"UPTHAR_5333",NA,NA,98.9,99.32,99.74,100.16,100.58,101,100.975,100.95,100.925,100.9,100.98,101.06,101.14,101.22,101.3,101.32,101.34,101.36,101.38,101.4,101.78,102.16,102.54,102.92,103.3,103,102.7,102.4,102.1,101.8
"UPTHAR_5336",NA,NA,102.9,102.6,NA,NA,NA,NA,NA,NA,NA,NA,NA,NA,NA,NA,NA,NA,NA,NA,NA,NA,NA,NA,NA,NA,NA,NA,NA,NA,NA,NA
"UPTHAR_5337",NA,NA,68.59,68.195,67.8,NA,NA,NA,NA,NA,NA,NA,NA,NA,NA,NA,NA,NA,NA,NA,NA,NA,NA,NA,NA,NA,NA,NA,NA,NA,NA,NA
"UPTHAR_5344",NA,NA,84.5,84.518,84.536,84.554,84.572,84.59,84.6425,84.695,84.7475,84.8,84.7,84.6,84.5,84.4,NA,NA,NA,NA,NA,NA,NA,NA,NA,NA,NA,NA,NA,NA,NA,NA
"UPTHAR_5345",NA,NA,96.9,96.9,96.9,96.9,96.9,96.9,97.0975,97.295,97.4925,97.69,97.392,97.094,96.796,96.498,96.2,96.52,96.84,97.16,97.48,97.8,98.14,98.48,98.82,99.16,99.5,99.68,99.86,100.04,100.22,100.4
"UPTHAR_5356",NA,NA,122.5,122.918,123.336,123.754,124.172,124.59,125.09,125.59,126.09,126.59,126.692,126.794,126.896,126.998,127.1,127.88,128.66,129.44,130.22,131,131.6,132.2,132.8,133.4,134,133.68,133.36,133.04,132.72,132.4
"UPTHAR_5359",NA,NA,73.4,73.62,73.84,74.06,74.28,74.5,74.875,75.25,75.625,76,75.2,74.4,73.6,72.8,NA,NA,NA,NA,NA,NA,NA,NA,NA,NA,NA,NA,NA,NA,NA,NA
"UPTHAR_5360",NA,NA,104,104.1,104.2,104.3,104.4,104.5,104.825,105.15,105.475,105.8,106.04,106.28,106.52,106.76,107,107.32,107.64,107.96,108.28,108.6,109.4,110.2,111,111.8,112.6,112.1,111.6,111.1,110.6,110.1
"UPTHAR_5361",NA,NA,77,77.138,77.276,77.414,77.552,77.69,77.915,78.14,78.365,78.59,77.752,76.914,76.076,75.238,74.4,NA,NA,NA,NA,NA,NA,NA,NA,NA,NA,NA,NA,NA,NA,NA
"UPTHAR_5362",NA,NA,119.59,119.632,119.674,119.716,119.758,119.8,119.85,119.9,119.95,120,119.96,119.92,119.88,119.84,119.8,119.8,119.8,119.8,119.8,119.8,119.85,119.9,NA,NA,NA,NA,NA,NA,NA,NA
"UPTHAR_5364",NA,NA,79.4,79.52,79.64,79.76,79.88,80,80.1475,80.295,80.4425,80.59,80.812,81.034,81.256,81.478,81.7,81.94,82.18,82.42,82.66,82.9,83.16,83.42,83.68,83.94,84.2,84.24,84.28,84.32,84.36,84.4
"UPTHAR_5366",NA,NA,80.8,80.92,81.04,81.16,81.28,81.4,81.4475,81.495,81.5425,81.59,81.752,81.914,82.076,82.238,82.4,82.7,83,83.3,83.6,83.9,84.14,84.38,84.62,84.86,85.1,85.36,85.62,85.88,86.14,86.4
"UPTHAR_5369",NA,NA,98.4,98.48,98.56,98.64,98.72,98.8,99.05,99.3,99.55,99.8,100.12,100.44,100.76,101.08,101.4,101.82,102.24,102.66,103.08,103.5,103.52,103.54,103.56,103.58,103.6,103.82,104.04,104.26,104.48,104.7
"UPTHAR_5376",NA,NA,55.7,56.118,56.536,56.954,57.372,57.79,57.8925,57.995,58.0975,58.2,58,57.8,57.6,57.4,57.2,58.2333333333333,59.2666666666667,60.3,NA,NA,NA,NA,NA,NA,NA,NA,NA,NA,NA,NA
"UPTHAR_5382",NA,NA,111.5,111.918,112.336,112.754,113.172,113.59,114.0425,114.495,114.9475,115.4,115.78,116.16,116.54,116.92,117.3,118,118.7,119.4,120.1,120.8,121.15,121.5,121.85,122.2,NA,NA,NA,NA,NA,NA
"UPTHAR_5386",NA,NA,87.4,87.558,87.716,87.874,88.032,88.19,88.3925,88.595,88.7975,89,88.9,88.8,88.7,NA,NA,NA,NA,NA,NA,NA,NA,NA,NA,NA,NA,NA,NA,NA,NA,NA
"UPTHAR_5387",NA,NA,142.1,141.4,NA,NA,NA,NA,NA,NA,NA,NA,NA,NA,NA,NA,NA,NA,NA,NA,NA,NA,NA,NA,NA,NA,NA,NA,NA,NA,NA,NA
"UPTHAR_5389",NA,NA,31.7,32.418,33.136,33.854,34.572,35.29,35.165,35.04,34.915,34.79,34.5,NA,NA,NA,NA,NA,NA,NA,NA,NA,NA,NA,NA,NA,NA,NA,NA,NA,NA,NA
"UPTHAR_5390",NA,NA,72.5,72.738,72.976,73.214,73.452,73.69,74.1175,74.545,74.9725,75.4,76.44,77.48,78.52,79.56,80.6,81.14,81.68,82.22,82.76,83.3,83.76,84.22,84.68,85.14,85.6,86.16,86.72,87.28,87.84,88.4
"UPTHAR_5391",NA,NA,100.19,100.352,100.514,100.676,100.838,101,101.1475,101.295,101.4425,101.59,102.072,102.554,103.036,103.518,104,104.06,104.12,104.18,104.24,104.3,104.62,104.94,105.26,105.58,105.9,106.4,106.9,107.4,107.9,108.4
"UPTHAR_5392",NA,NA,42.4,42.838,43.276,43.714,44.152,44.59,44.9425,45.295,45.6475,46,46.35,46.7,47.05,47.4,NA,NA,NA,NA,NA,NA,NA,NA,NA,NA,NA,NA,NA,NA,NA,NA
"UPTHAR_5393",NA,NA,23.89,24.652,25.414,26.176,26.938,27.7,28.5975,29.495,30.3925,31.29,31.872,32.454,33.036,33.618,34.2,34.2,34.2,34.2,34.2,34.2,34.36,34.52,34.68,34.84,35,35,NA,NA,NA,NA
"UPTHAR_5395",NA,NA,15.19,15.81,16.43,17.05,17.67,18.29,18.7425,19.195,19.6475,20.1,22,NA,NA,NA,NA,NA,NA,NA,NA,NA,NA,NA,NA,NA,NA,NA,NA,NA,NA,NA
"UPTHAR_5400",NA,NA,NA,NA,NA,NA,NA,16.89,17.365,17.84,18.315,18.79,19.052,19.314,19.576,19.838,20.1,20.7,21.3,21.9,22.5,23.1,23.86,24.62,25.38,26.14,26.9,27.54,28.18,28.82,29.46,30.1
"UPTHAR_5401",NA,NA,39.5,40.68,41.86,43.04,44.22,45.4,46.275,47.15,48.025,48.9,50.16,51.42,52.68,53.94,55.2,56.54,57.88,59.22,60.56,61.9,63.48,65.06,66.64,68.22,69.8,70.56,71.32,72.08,72.84,73.6
"UPTHAR_5404",NA,NA,40.8,40.82,40.84,40.86,40.88,40.9,NA,NA,NA,NA,NA,NA,NA,NA,NA,NA,NA,NA,NA,NA,NA,NA,NA,NA,NA,NA,NA,NA,NA,NA
"UPTHAR_5409",NA,NA,47.9,48.62,49.34,50.06,50.78,51.5,52.2725,53.045,53.8175,54.59,54.812,55.034,55.256,55.478,55.7,56.2,56.7,57.2,57.7,58.2,58.7,59.2,59.7,60.2,NA,NA,NA,NA,NA,NA
"UPTHAR_5410",NA,NA,92.9,93.22,93.54,93.86,94.18,94.5,94.4225,94.345,94.2675,94.19,94.372,94.554,94.736,94.918,95.1,95.26,95.42,95.58,95.74,95.9,96.2,96.5,96.8,97.1,NA,NA,NA,NA,NA,NA
"UPTHAR_5414",NA,NA,43.5,43.65,43.8,NA,NA,NA,NA,NA,NA,NA,NA,NA,NA,NA,NA,NA,NA,NA,NA,NA,NA,NA,NA,NA,NA,NA,NA,NA,NA,NA
"UPTHAR_5416",NA,NA,27.3,27.7666666666667,28.2333333333333,28.7,NA,NA,NA,NA,NA,NA,NA,NA,NA,NA,NA,NA,NA,NA,NA,NA,NA,NA,NA,NA,NA,NA,NA,NA,NA,NA
"UPTHAR_5418",NA,NA,47,47.84,48.68,49.52,50.36,51.2,51.6725,52.145,52.6175,53.09,53.445,53.8,NA,NA,NA,NA,NA,NA,NA,NA,NA,NA,NA,NA,NA,NA,NA,NA,NA,NA
"UPTHAR_5419",NA,NA,33.5,34.418,35.336,36.254,37.172,38.09,38.6675,39.245,39.8225,40.4,40.5,40.6,NA,NA,NA,NA,NA,NA,NA,NA,NA,NA,NA,NA,NA,NA,NA,NA,NA,NA
"UPTHAR_5422",NA,NA,101.59,101.952,102.314,102.676,103.038,103.4,103.25,103.1,102.95,102.8,103.28,103.76,104.24,104.72,105.2,105.48,105.76,106.04,106.32,106.6,106.94,107.28,107.62,107.96,108.3,108.82,109.34,109.86,110.38,110.9
"UPTHAR_5427",NA,NA,61.59,61.89,62.19,62.49,62.79,63.09,62.8175,62.545,62.2725,62,NA,NA,NA,NA,NA,NA,NA,NA,NA,NA,NA,NA,NA,NA,NA,NA,NA,NA,NA,NA
"UPTHAR_5433",NA,NA,102.8,102.633333333333,102.466666666667,102.3,NA,NA,NA,NA,NA,NA,NA,NA,NA,NA,NA,NA,NA,NA,NA,NA,NA,NA,NA,NA,NA,NA,NA,NA,NA,NA
"UPTHAR_5434",NA,NA,23.5,23.978,24.456,24.934,25.412,25.89,26.365,26.84,27.315,27.79,28.372,28.954,29.536,30.118,30.7,31.64,32.58,33.52,34.46,35.4,36.32,37.24,38.16,39.08,40,40.76,41.52,42.28,43.04,43.8
"UPTHAR_5436",NA,NA,21.79,22.032,22.274,22.516,22.758,23,23.3,23.6,23.9,24.2,24.58,24.96,25.34,25.72,26.1,26.56,27.02,27.48,27.94,28.4,29.02,29.64,30.26,30.88,31.5,32.1,32.7,33.3,33.9,34.5
"UPTHAR_5445",NA,NA,111,111.644444444444,112.288888888889,112.933333333333,113.577777777778,114.222222222222,114.866666666667,115.511111111111,116.155555555556,116.8,NA,NA,NA,NA,NA,NA,NA,NA,NA,NA,NA,NA,NA,NA,NA,NA,NA,NA,NA,NA
"UPTHAR_5451",NA,NA,55.9,55.82,55.74,55.66,55.58,55.5,55.475,55.45,55.425,55.4,55.4666666666667,55.5333333333333,55.6,NA,NA,NA,NA,NA,NA,NA,NA,NA,NA,NA,NA,NA,NA,NA,NA,NA
"UPTHAR_5452",NA,NA,100.59,101.432,102.274,103.116,103.958,104.8,104.2725,103.745,103.2175,102.69,103.252,103.814,104.376,104.938,105.5,106.48,107.46,108.44,109.42,110.4,110.98,111.56,112.14,112.72,113.3,113.92,114.54,115.16,115.78,116.4
"UPTHAR_5455",NA,NA,125.59,126.01,126.43,126.85,127.27,127.69,127.865,128.04,128.215,128.39,128.812,129.234,129.656,130.078,130.5,131.1,131.7,132.3,132.9,133.5,134.02,134.54,135.06,135.58,136.1,136.44,136.78,137.12,137.46,137.8
"UPTHAR_5458",NA,NA,112.8,112.578,112.356,112.134,111.912,111.69,112.04,112.39,112.74,113.09,113.132,113.174,113.216,113.258,113.3,113.72,114.14,114.56,114.98,115.4,115.56,115.72,115.88,116.04,116.2,114.875,113.55,112.225,110.9,NA
"UPTHAR_5459",NA,NA,53.7,53.66,53.62,53.58,53.54,53.5,53.625,53.75,53.875,54,54.08,54.16,54.24,54.32,54.4,54.68,54.96,55.24,55.52,55.8,56.26,56.72,57.18,57.64,58.1,NA,NA,NA,NA,NA
"UPTHAR_5460",NA,NA,96.09,96.145,96.2,NA,NA,NA,NA,NA,NA,NA,NA,NA,NA,NA,NA,NA,NA,NA,NA,NA,NA,NA,NA,NA,NA,NA,NA,NA,NA,NA
"UPTHAR_5461",NA,NA,99.3,99.558,99.816,100.074,100.332,100.59,100.7925,100.995,101.1975,101.4,101.44,101.48,101.52,101.56,101.6,102.1,102.6,103.1,103.6,104.1,104.2,104.3,104.4,104.5,104.6,104.94,105.28,105.62,105.96,106.3
"UPTHAR_5462",NA,NA,84.19,84.452,84.714,84.976,85.238,85.5,85.45,85.4,85.35,85.3,85.48,85.66,85.84,86.02,86.2,86.44,86.68,86.92,87.16,87.4,87.72,88.04,88.36,88.68,89,88.96,88.92,88.88,88.84,88.8
"UPTHAR_5464",NA,NA,34.59,34.752,34.914,35.076,35.238,35.4,35.35,35.3,35.25,35.2,35.5,35.8,NA,NA,NA,NA,NA,NA,NA,NA,NA,NA,NA,NA,NA,NA,NA,NA,NA,NA
"UPTHAR_5465",NA,NA,97.3,97.575,97.85,98.125,98.4,NA,NA,NA,NA,NA,NA,NA,NA,NA,NA,NA,NA,NA,NA,NA,NA,NA,NA,NA,NA,NA,NA,NA,NA,NA
"UPTHAR_5466",NA,NA,124.09,125.01,125.93,126.85,127.77,128.69,128.815,128.94,129.065,129.19,129.312,129.434,129.556,129.678,129.8,130.08,130.36,130.64,130.92,131.2,131.2,131.2,131.2,131.2,131.2,131.66,132.12,132.58,133.04,133.5
"UPTHAR_5467",NA,NA,78.09,78.21,78.33,78.45,78.57,78.69,78.815,78.94,79.065,79.19,79.412,79.634,79.856,80.078,80.3,80.54,80.78,81.02,81.26,81.5,81.58,81.66,81.74,81.82,81.9,82.28,82.66,83.04,83.42,83.8
"UPTHAR_5468",NA,NA,87.4,87.5,87.6,87.7,87.8,87.9,88.15,88.4,88.65,88.9,89.18,89.46,89.74,90.02,90.3,90.58,90.86,91.14,91.42,91.7,91.9,92.1,92.3,92.5,92.7,92.94,93.18,93.42,93.66,93.9
"UPTHAR_5471",NA,NA,118.8,118.92,119.04,119.16,119.28,119.4,119.4,119.4,119.4,119.4,120,120.6,121.2,121.8,122.4,123,123.6,124.2,124.8,125.4,125.68,125.96,126.24,126.52,126.8,127.12,127.44,127.76,128.08,128.4
"UPTHAR_5474",NA,NA,88.69,88.095,87.5,NA,NA,NA,NA,NA,NA,NA,NA,NA,NA,NA,NA,NA,NA,NA,NA,NA,NA,NA,NA,NA,NA,NA,NA,NA,NA,NA
"UPTHAR_5475",NA,NA,68.69,68.752,68.814,68.876,68.938,69,69.325,69.65,69.975,70.3,71,NA,NA,NA,NA,NA,NA,NA,NA,NA,NA,NA,NA,NA,NA,NA,NA,NA,NA,NA
"UPTHAR_5476",NA,NA,29.2,29.9,30.6,31.3,32,32.7,33.25,33.8,34.35,34.9,35.26,35.62,35.98,36.34,36.7,36.52,36.34,36.16,35.98,35.8,NA,NA,NA,NA,NA,NA,NA,NA,NA,NA
"UPTHAR_5477",NA,NA,30.89,31.592,32.294,32.996,33.698,34.4,35.225,36.05,36.875,37.7,38.34,38.98,39.62,40.26,40.9,41.32,41.74,42.16,42.58,43,43.1,NA,NA,NA,NA,NA,NA,NA,NA,NA
