"TreeID","1","2","3","4","5","6","7","8","9","10","11","12","13","14","15","16","17","18","19","20","21","22","23","24","25","26","27","28","29","30","31","32"
"MCK 13-3 C_71.0_101.0",NA,594.39306640625,594.39306640625,594.39306640625,594.39306640625,594.39306640625,594.39306640625,594.39306640625,594.39306640625,594.39306640625,NA,NA,NA,NA,NA,NA,NA,NA,NA,NA,NA,NA,NA,NA,NA,NA,NA,NA,NA,NA,NA,NA
"MCK 13-3 C_71.0_102.0",NA,594.39306640625,594.39306640625,594.39306640625,594.39306640625,594.39306640625,594.39306640625,594.39306640625,594.39306640625,594.39306640625,NA,NA,NA,NA,NA,NA,NA,NA,NA,NA,NA,NA,NA,NA,NA,NA,NA,NA,NA,NA,NA,NA
"MCK 13-3 C_71.0_103.0",NA,594.39306640625,594.39306640625,594.39306640625,594.39306640625,594.39306640625,594.39306640625,594.39306640625,594.39306640625,594.39306640625,NA,NA,NA,NA,NA,NA,NA,NA,NA,NA,NA,NA,NA,NA,NA,NA,NA,NA,NA,NA,NA,NA
"MCK 13-3 C_71.0_104.0",NA,594.39306640625,594.39306640625,594.39306640625,594.39306640625,594.39306640625,594.39306640625,594.39306640625,594.39306640625,594.39306640625,NA,NA,NA,NA,NA,NA,NA,NA,NA,NA,NA,NA,NA,NA,NA,NA,NA,NA,NA,NA,NA,NA
"MCK 13-3 C_71.0_105.0",NA,594.39306640625,594.39306640625,594.39306640625,594.39306640625,594.39306640625,594.39306640625,594.39306640625,594.39306640625,594.39306640625,NA,NA,NA,NA,NA,NA,NA,NA,NA,NA,NA,NA,NA,NA,NA,NA,NA,NA,NA,NA,NA,NA
"MCK 13-3 C_71.0_106.0",NA,594.39306640625,594.39306640625,594.39306640625,594.39306640625,594.39306640625,594.39306640625,594.39306640625,594.39306640625,594.39306640625,NA,NA,NA,NA,NA,NA,NA,NA,NA,NA,NA,NA,NA,NA,NA,NA,NA,NA,NA,NA,NA,NA
"MCK 13-3 C_71.0_107.0",NA,594.39306640625,594.39306640625,594.39306640625,594.39306640625,594.39306640625,594.39306640625,594.39306640625,594.39306640625,594.39306640625,NA,NA,NA,NA,NA,NA,NA,NA,NA,NA,NA,NA,NA,NA,NA,NA,NA,NA,NA,NA,NA,NA
"MCK 13-3 C_71.0_108.0",NA,594.39306640625,594.39306640625,594.39306640625,594.39306640625,594.39306640625,594.39306640625,594.39306640625,594.39306640625,594.39306640625,NA,NA,NA,NA,NA,NA,NA,NA,NA,NA,NA,NA,NA,NA,NA,NA,NA,NA,NA,NA,NA,NA
"MCK 13-3 C_71.0_109.0",NA,594.39306640625,594.39306640625,594.39306640625,594.39306640625,594.39306640625,594.39306640625,594.39306640625,594.39306640625,594.39306640625,NA,NA,NA,NA,NA,NA,NA,NA,NA,NA,NA,NA,NA,NA,NA,NA,NA,NA,NA,NA,NA,NA
"MCK 13-3 C_71.0_111.0",NA,594.39306640625,594.39306640625,594.39306640625,594.39306640625,594.39306640625,594.39306640625,594.39306640625,594.39306640625,594.39306640625,NA,NA,NA,NA,NA,NA,NA,NA,NA,NA,NA,NA,NA,NA,NA,NA,NA,NA,NA,NA,NA,NA
"MCK 13-3 C_71.0_112.0",NA,594.39306640625,594.39306640625,594.39306640625,594.39306640625,594.39306640625,594.39306640625,594.39306640625,594.39306640625,594.39306640625,NA,NA,NA,NA,NA,NA,NA,NA,NA,NA,NA,NA,NA,NA,NA,NA,NA,NA,NA,NA,NA,NA
"MCK 13-3 C_71.0_113.0",NA,594.39306640625,594.39306640625,594.39306640625,594.39306640625,594.39306640625,594.39306640625,594.39306640625,594.39306640625,594.39306640625,NA,NA,NA,NA,NA,NA,NA,NA,NA,NA,NA,NA,NA,NA,NA,NA,NA,NA,NA,NA,NA,NA
"MCK 13-3 C_71.0_114.0",NA,594.39306640625,594.39306640625,594.39306640625,594.39306640625,594.39306640625,594.39306640625,594.39306640625,594.39306640625,594.39306640625,NA,NA,NA,NA,NA,NA,NA,NA,NA,NA,NA,NA,NA,NA,NA,NA,NA,NA,NA,NA,NA,NA
"MCK 13-3 C_71.0_115.0",NA,594.39306640625,594.39306640625,594.39306640625,594.39306640625,594.39306640625,594.39306640625,594.39306640625,594.39306640625,594.39306640625,NA,NA,NA,NA,NA,NA,NA,NA,NA,NA,NA,NA,NA,NA,NA,NA,NA,NA,NA,NA,NA,NA
"MCK 13-3 C_71.0_118.0",NA,594.39306640625,594.39306640625,594.39306640625,594.39306640625,594.39306640625,594.39306640625,594.39306640625,594.39306640625,594.39306640625,NA,NA,NA,NA,NA,NA,NA,NA,NA,NA,NA,NA,NA,NA,NA,NA,NA,NA,NA,NA,NA,NA
"MCK 13-3 C_71.0_119.0",NA,594.39306640625,594.39306640625,594.39306640625,594.39306640625,594.39306640625,594.39306640625,594.39306640625,594.39306640625,594.39306640625,NA,NA,NA,NA,NA,NA,NA,NA,NA,NA,NA,NA,NA,NA,NA,NA,NA,NA,NA,NA,NA,NA
"MCK 13-3 C_71.0_120.0",NA,594.39306640625,594.39306640625,594.39306640625,594.39306640625,594.39306640625,594.39306640625,594.39306640625,594.39306640625,594.39306640625,NA,NA,NA,NA,NA,NA,NA,NA,NA,NA,NA,NA,NA,NA,NA,NA,NA,NA,NA,NA,NA,NA
"MCK 13-3 C_71.0_123.0",NA,594.39306640625,594.39306640625,594.39306640625,594.39306640625,594.39306640625,594.39306640625,594.39306640625,594.39306640625,594.39306640625,NA,NA,NA,NA,NA,NA,NA,NA,NA,NA,NA,NA,NA,NA,NA,NA,NA,NA,NA,NA,NA,NA
"MCK 13-3 C_71.0_124.0",NA,594.39306640625,594.39306640625,594.39306640625,594.39306640625,594.39306640625,594.39306640625,594.39306640625,594.39306640625,594.39306640625,NA,NA,NA,NA,NA,NA,NA,NA,NA,NA,NA,NA,NA,NA,NA,NA,NA,NA,NA,NA,NA,NA
"MCK 13-3 C_71.0_125.0",NA,594.39306640625,594.39306640625,594.39306640625,594.39306640625,594.39306640625,594.39306640625,594.39306640625,594.39306640625,594.39306640625,NA,NA,NA,NA,NA,NA,NA,NA,NA,NA,NA,NA,NA,NA,NA,NA,NA,NA,NA,NA,NA,NA
"MCK 13-3 C_71.0_126.0",NA,594.39306640625,594.39306640625,594.39306640625,594.39306640625,594.39306640625,594.39306640625,594.39306640625,594.39306640625,594.39306640625,NA,NA,NA,NA,NA,NA,NA,NA,NA,NA,NA,NA,NA,NA,NA,NA,NA,NA,NA,NA,NA,NA
"MCK 13-3 C_71.0_127.0",NA,594.39306640625,594.39306640625,594.39306640625,594.39306640625,594.39306640625,594.39306640625,594.39306640625,594.39306640625,594.39306640625,NA,NA,NA,NA,NA,NA,NA,NA,NA,NA,NA,NA,NA,NA,NA,NA,NA,NA,NA,NA,NA,NA
"MCK 13-3 C_71.0_129.0",NA,594.39306640625,594.39306640625,594.39306640625,594.39306640625,594.39306640625,594.39306640625,594.39306640625,594.39306640625,594.39306640625,NA,NA,NA,NA,NA,NA,NA,NA,NA,NA,NA,NA,NA,NA,NA,NA,NA,NA,NA,NA,NA,NA
"MCK 13-3 C_71.0_130.0",NA,594.39306640625,594.39306640625,594.39306640625,594.39306640625,594.39306640625,594.39306640625,594.39306640625,594.39306640625,594.39306640625,NA,NA,NA,NA,NA,NA,NA,NA,NA,NA,NA,NA,NA,NA,NA,NA,NA,NA,NA,NA,NA,NA
"MCK 13-3 C_71.0_132.0",NA,594.39306640625,594.39306640625,594.39306640625,594.39306640625,594.39306640625,594.39306640625,594.39306640625,594.39306640625,594.39306640625,NA,NA,NA,NA,NA,NA,NA,NA,NA,NA,NA,NA,NA,NA,NA,NA,NA,NA,NA,NA,NA,NA
"MCK 13-3 C_71.0_133.0",NA,594.39306640625,594.39306640625,594.39306640625,594.39306640625,594.39306640625,594.39306640625,594.39306640625,594.39306640625,594.39306640625,NA,NA,NA,NA,NA,NA,NA,NA,NA,NA,NA,NA,NA,NA,NA,NA,NA,NA,NA,NA,NA,NA
"MCK 13-3 C_71.0_134.0",NA,594.39306640625,594.39306640625,594.39306640625,594.39306640625,594.39306640625,594.39306640625,594.39306640625,594.39306640625,594.39306640625,NA,NA,NA,NA,NA,NA,NA,NA,NA,NA,NA,NA,NA,NA,NA,NA,NA,NA,NA,NA,NA,NA
"MCK 13-3 C_71.0_135.0",NA,594.39306640625,594.39306640625,594.39306640625,594.39306640625,594.39306640625,594.39306640625,594.39306640625,594.39306640625,594.39306640625,NA,NA,NA,NA,NA,NA,NA,NA,NA,NA,NA,NA,NA,NA,NA,NA,NA,NA,NA,NA,NA,NA
"MCK 13-3 C_71.0_137.0",NA,594.39306640625,594.39306640625,594.39306640625,594.39306640625,594.39306640625,594.39306640625,594.39306640625,594.39306640625,594.39306640625,NA,NA,NA,NA,NA,NA,NA,NA,NA,NA,NA,NA,NA,NA,NA,NA,NA,NA,NA,NA,NA,NA
"MCK 13-3 C_71.0_138.0",NA,594.39306640625,594.39306640625,594.39306640625,594.39306640625,594.39306640625,594.39306640625,594.39306640625,594.39306640625,594.39306640625,NA,NA,NA,NA,NA,NA,NA,NA,NA,NA,NA,NA,NA,NA,NA,NA,NA,NA,NA,NA,NA,NA
"MCK 13-3 C_71.0_139.0",NA,594.39306640625,594.39306640625,594.39306640625,594.39306640625,594.39306640625,594.39306640625,594.39306640625,594.39306640625,594.39306640625,NA,NA,NA,NA,NA,NA,NA,NA,NA,NA,NA,NA,NA,NA,NA,NA,NA,NA,NA,NA,NA,NA
"MCK 13-3 C_71.0_141.0",NA,594.39306640625,594.39306640625,594.39306640625,594.39306640625,594.39306640625,594.39306640625,594.39306640625,594.39306640625,594.39306640625,NA,NA,NA,NA,NA,NA,NA,NA,NA,NA,NA,NA,NA,NA,NA,NA,NA,NA,NA,NA,NA,NA
"MCK 13-3 C_71.0_142.0",NA,594.39306640625,594.39306640625,594.39306640625,594.39306640625,594.39306640625,594.39306640625,594.39306640625,594.39306640625,594.39306640625,NA,NA,NA,NA,NA,NA,NA,NA,NA,NA,NA,NA,NA,NA,NA,NA,NA,NA,NA,NA,NA,NA
"MCK 13-3 C_71.0_250.0",NA,594.39306640625,594.39306640625,594.39306640625,594.39306640625,594.39306640625,594.39306640625,594.39306640625,594.39306640625,594.39306640625,NA,NA,NA,NA,NA,NA,NA,NA,NA,NA,NA,NA,NA,NA,NA,NA,NA,NA,NA,NA,NA,NA
"MCK 13-3 C_71.0_253.0",NA,594.39306640625,594.39306640625,594.39306640625,594.39306640625,594.39306640625,594.39306640625,594.39306640625,594.39306640625,594.39306640625,NA,NA,NA,NA,NA,NA,NA,NA,NA,NA,NA,NA,NA,NA,NA,NA,NA,NA,NA,NA,NA,NA
"MCK 13-3 C_71.0_254.0",NA,594.39306640625,594.39306640625,594.39306640625,594.39306640625,594.39306640625,594.39306640625,594.39306640625,594.39306640625,594.39306640625,NA,NA,NA,NA,NA,NA,NA,NA,NA,NA,NA,NA,NA,NA,NA,NA,NA,NA,NA,NA,NA,NA
"MCK 13-3 C_71.0_255.0",NA,594.39306640625,594.39306640625,594.39306640625,594.39306640625,594.39306640625,594.39306640625,594.39306640625,594.39306640625,594.39306640625,NA,NA,NA,NA,NA,NA,NA,NA,NA,NA,NA,NA,NA,NA,NA,NA,NA,NA,NA,NA,NA,NA
"MCK 13-3 C_71.0_257.0",NA,594.39306640625,594.39306640625,594.39306640625,594.39306640625,594.39306640625,594.39306640625,594.39306640625,594.39306640625,594.39306640625,NA,NA,NA,NA,NA,NA,NA,NA,NA,NA,NA,NA,NA,NA,NA,NA,NA,NA,NA,NA,NA,NA
"MCK 13-3 C_71.0_258.0",NA,594.39306640625,594.39306640625,594.39306640625,594.39306640625,594.39306640625,594.39306640625,594.39306640625,594.39306640625,594.39306640625,NA,NA,NA,NA,NA,NA,NA,NA,NA,NA,NA,NA,NA,NA,NA,NA,NA,NA,NA,NA,NA,NA
"MCK 13-3 C_71.0_259.0",NA,594.39306640625,594.39306640625,594.39306640625,594.39306640625,594.39306640625,594.39306640625,594.39306640625,594.39306640625,594.39306640625,NA,NA,NA,NA,NA,NA,NA,NA,NA,NA,NA,NA,NA,NA,NA,NA,NA,NA,NA,NA,NA,NA
"MCK 13-3 C_71.0_260.0",NA,594.39306640625,594.39306640625,594.39306640625,594.39306640625,594.39306640625,594.39306640625,594.39306640625,594.39306640625,594.39306640625,NA,NA,NA,NA,NA,NA,NA,NA,NA,NA,NA,NA,NA,NA,NA,NA,NA,NA,NA,NA,NA,NA
"MCK 13-3 C_71.0_261.0",NA,594.39306640625,594.39306640625,594.39306640625,594.39306640625,594.39306640625,594.39306640625,594.39306640625,594.39306640625,594.39306640625,NA,NA,NA,NA,NA,NA,NA,NA,NA,NA,NA,NA,NA,NA,NA,NA,NA,NA,NA,NA,NA,NA
"MCK 13-3 C_71.0_262.0",NA,594.39306640625,594.39306640625,594.39306640625,594.39306640625,594.39306640625,594.39306640625,594.39306640625,594.39306640625,594.39306640625,NA,NA,NA,NA,NA,NA,NA,NA,NA,NA,NA,NA,NA,NA,NA,NA,NA,NA,NA,NA,NA,NA
"MCK 13-3 C_71.0_263.0",NA,594.39306640625,594.39306640625,594.39306640625,594.39306640625,594.39306640625,594.39306640625,594.39306640625,594.39306640625,594.39306640625,NA,NA,NA,NA,NA,NA,NA,NA,NA,NA,NA,NA,NA,NA,NA,NA,NA,NA,NA,NA,NA,NA
"MCK 13-3 C_71.0_265.0",NA,594.39306640625,594.39306640625,594.39306640625,594.39306640625,594.39306640625,594.39306640625,594.39306640625,594.39306640625,594.39306640625,NA,NA,NA,NA,NA,NA,NA,NA,NA,NA,NA,NA,NA,NA,NA,NA,NA,NA,NA,NA,NA,NA
"MCK 13-3 C_71.0_267.0",NA,594.39306640625,594.39306640625,594.39306640625,594.39306640625,594.39306640625,594.39306640625,594.39306640625,594.39306640625,594.39306640625,NA,NA,NA,NA,NA,NA,NA,NA,NA,NA,NA,NA,NA,NA,NA,NA,NA,NA,NA,NA,NA,NA
"MCK 13-3 C_71.0_268.0",NA,594.39306640625,594.39306640625,594.39306640625,594.39306640625,594.39306640625,594.39306640625,594.39306640625,594.39306640625,594.39306640625,NA,NA,NA,NA,NA,NA,NA,NA,NA,NA,NA,NA,NA,NA,NA,NA,NA,NA,NA,NA,NA,NA
"MCK 13-3 C_71.0_270.0",NA,594.39306640625,594.39306640625,594.39306640625,594.39306640625,594.39306640625,594.39306640625,594.39306640625,594.39306640625,594.39306640625,NA,NA,NA,NA,NA,NA,NA,NA,NA,NA,NA,NA,NA,NA,NA,NA,NA,NA,NA,NA,NA,NA
"MCK 13-3 C_71.0_271.0",NA,594.39306640625,594.39306640625,594.39306640625,594.39306640625,594.39306640625,594.39306640625,594.39306640625,594.39306640625,594.39306640625,NA,NA,NA,NA,NA,NA,NA,NA,NA,NA,NA,NA,NA,NA,NA,NA,NA,NA,NA,NA,NA,NA
"MCK 13-3 C_71.0_272.0",NA,594.39306640625,594.39306640625,594.39306640625,594.39306640625,594.39306640625,594.39306640625,594.39306640625,594.39306640625,594.39306640625,NA,NA,NA,NA,NA,NA,NA,NA,NA,NA,NA,NA,NA,NA,NA,NA,NA,NA,NA,NA,NA,NA
"MCK 13-3 C_71.0_273.0",NA,594.39306640625,594.39306640625,594.39306640625,594.39306640625,594.39306640625,594.39306640625,594.39306640625,594.39306640625,594.39306640625,NA,NA,NA,NA,NA,NA,NA,NA,NA,NA,NA,NA,NA,NA,NA,NA,NA,NA,NA,NA,NA,NA
"MCK 13-3 C_71.0_274.0",NA,594.39306640625,594.39306640625,594.39306640625,594.39306640625,594.39306640625,594.39306640625,594.39306640625,594.39306640625,594.39306640625,NA,NA,NA,NA,NA,NA,NA,NA,NA,NA,NA,NA,NA,NA,NA,NA,NA,NA,NA,NA,NA,NA
"MCK 13-3 C_71.0_275.0",NA,594.39306640625,594.39306640625,594.39306640625,594.39306640625,594.39306640625,594.39306640625,594.39306640625,594.39306640625,594.39306640625,NA,NA,NA,NA,NA,NA,NA,NA,NA,NA,NA,NA,NA,NA,NA,NA,NA,NA,NA,NA,NA,NA
"MCK 13-3 C_71.0_276.0",NA,594.39306640625,594.39306640625,594.39306640625,594.39306640625,594.39306640625,594.39306640625,594.39306640625,594.39306640625,594.39306640625,NA,NA,NA,NA,NA,NA,NA,NA,NA,NA,NA,NA,NA,NA,NA,NA,NA,NA,NA,NA,NA,NA
"MCK 13-3 C_71.0_279.0",NA,594.39306640625,594.39306640625,594.39306640625,594.39306640625,594.39306640625,594.39306640625,594.39306640625,594.39306640625,594.39306640625,NA,NA,NA,NA,NA,NA,NA,NA,NA,NA,NA,NA,NA,NA,NA,NA,NA,NA,NA,NA,NA,NA
"MCK 13-3 C_71.0_281.0",NA,594.39306640625,594.39306640625,594.39306640625,594.39306640625,594.39306640625,594.39306640625,594.39306640625,594.39306640625,594.39306640625,NA,NA,NA,NA,NA,NA,NA,NA,NA,NA,NA,NA,NA,NA,NA,NA,NA,NA,NA,NA,NA,NA
"MCK 13-3 C_71.0_282.0",NA,594.39306640625,594.39306640625,594.39306640625,594.39306640625,594.39306640625,594.39306640625,594.39306640625,594.39306640625,594.39306640625,NA,NA,NA,NA,NA,NA,NA,NA,NA,NA,NA,NA,NA,NA,NA,NA,NA,NA,NA,NA,NA,NA
"MCK 13-3 C_71.0_283.0",NA,594.39306640625,594.39306640625,594.39306640625,594.39306640625,594.39306640625,594.39306640625,594.39306640625,594.39306640625,594.39306640625,NA,NA,NA,NA,NA,NA,NA,NA,NA,NA,NA,NA,NA,NA,NA,NA,NA,NA,NA,NA,NA,NA
"MCK 13-3 C_71.0_284.0",NA,594.39306640625,594.39306640625,594.39306640625,594.39306640625,594.39306640625,594.39306640625,594.39306640625,594.39306640625,594.39306640625,NA,NA,NA,NA,NA,NA,NA,NA,NA,NA,NA,NA,NA,NA,NA,NA,NA,NA,NA,NA,NA,NA
"MCK 13-3 C_71.0_286.0",NA,594.39306640625,594.39306640625,594.39306640625,594.39306640625,594.39306640625,594.39306640625,594.39306640625,594.39306640625,594.39306640625,NA,NA,NA,NA,NA,NA,NA,NA,NA,NA,NA,NA,NA,NA,NA,NA,NA,NA,NA,NA,NA,NA
"MCK 13-3 C_71.0_287.0",NA,594.39306640625,594.39306640625,594.39306640625,594.39306640625,594.39306640625,594.39306640625,594.39306640625,594.39306640625,594.39306640625,NA,NA,NA,NA,NA,NA,NA,NA,NA,NA,NA,NA,NA,NA,NA,NA,NA,NA,NA,NA,NA,NA
"MCK 13-3 C_71.0_289.0",NA,594.39306640625,594.39306640625,594.39306640625,594.39306640625,594.39306640625,594.39306640625,594.39306640625,594.39306640625,594.39306640625,NA,NA,NA,NA,NA,NA,NA,NA,NA,NA,NA,NA,NA,NA,NA,NA,NA,NA,NA,NA,NA,NA
"MCK 13-3 C_71.0_291.0",NA,594.39306640625,594.39306640625,594.39306640625,594.39306640625,594.39306640625,594.39306640625,594.39306640625,594.39306640625,594.39306640625,NA,NA,NA,NA,NA,NA,NA,NA,NA,NA,NA,NA,NA,NA,NA,NA,NA,NA,NA,NA,NA,NA
"MCK 13-3 C_71.0_292.0",NA,594.39306640625,594.39306640625,594.39306640625,594.39306640625,594.39306640625,594.39306640625,594.39306640625,594.39306640625,594.39306640625,NA,NA,NA,NA,NA,NA,NA,NA,NA,NA,NA,NA,NA,NA,NA,NA,NA,NA,NA,NA,NA,NA
"MCK 13-3 C_71.0_293.0",NA,594.39306640625,594.39306640625,594.39306640625,594.39306640625,594.39306640625,594.39306640625,594.39306640625,594.39306640625,594.39306640625,NA,NA,NA,NA,NA,NA,NA,NA,NA,NA,NA,NA,NA,NA,NA,NA,NA,NA,NA,NA,NA,NA
"MCK 13-3 C_71.0_295.0",NA,594.39306640625,594.39306640625,594.39306640625,594.39306640625,594.39306640625,594.39306640625,594.39306640625,594.39306640625,594.39306640625,NA,NA,NA,NA,NA,NA,NA,NA,NA,NA,NA,NA,NA,NA,NA,NA,NA,NA,NA,NA,NA,NA
"MCK 13-3 C_71.0_296.0",NA,594.39306640625,594.39306640625,594.39306640625,594.39306640625,594.39306640625,594.39306640625,594.39306640625,594.39306640625,594.39306640625,NA,NA,NA,NA,NA,NA,NA,NA,NA,NA,NA,NA,NA,NA,NA,NA,NA,NA,NA,NA,NA,NA
"MCK 13-3 C_71.0_299.0",NA,594.39306640625,594.39306640625,594.39306640625,594.39306640625,594.39306640625,594.39306640625,594.39306640625,594.39306640625,594.39306640625,NA,NA,NA,NA,NA,NA,NA,NA,NA,NA,NA,NA,NA,NA,NA,NA,NA,NA,NA,NA,NA,NA
"MCK 13-3 C_71.0_91.0",NA,594.39306640625,594.39306640625,594.39306640625,594.39306640625,594.39306640625,594.39306640625,594.39306640625,594.39306640625,594.39306640625,NA,NA,NA,NA,NA,NA,NA,NA,NA,NA,NA,NA,NA,NA,NA,NA,NA,NA,NA,NA,NA,NA
"MCK 13-3 C_71.0_93.0",NA,594.39306640625,594.39306640625,594.39306640625,594.39306640625,594.39306640625,594.39306640625,594.39306640625,594.39306640625,594.39306640625,NA,NA,NA,NA,NA,NA,NA,NA,NA,NA,NA,NA,NA,NA,NA,NA,NA,NA,NA,NA,NA,NA
"MCK 13-3 C_71.0_94.0",NA,594.39306640625,594.39306640625,594.39306640625,594.39306640625,594.39306640625,594.39306640625,594.39306640625,594.39306640625,594.39306640625,NA,NA,NA,NA,NA,NA,NA,NA,NA,NA,NA,NA,NA,NA,NA,NA,NA,NA,NA,NA,NA,NA
"MCK 13-3 C_71.0_95.0",NA,594.39306640625,594.39306640625,594.39306640625,594.39306640625,594.39306640625,594.39306640625,594.39306640625,594.39306640625,594.39306640625,NA,NA,NA,NA,NA,NA,NA,NA,NA,NA,NA,NA,NA,NA,NA,NA,NA,NA,NA,NA,NA,NA
"MCK 13-3 C_72.0_143.0",NA,594.39306640625,594.39306640625,594.39306640625,594.39306640625,594.39306640625,594.39306640625,594.39306640625,594.39306640625,594.39306640625,NA,NA,NA,NA,NA,NA,NA,NA,NA,NA,NA,NA,NA,NA,NA,NA,NA,NA,NA,NA,NA,NA
"MCK 13-3 C_72.0_145.0",NA,594.39306640625,594.39306640625,594.39306640625,594.39306640625,594.39306640625,594.39306640625,594.39306640625,594.39306640625,594.39306640625,NA,NA,NA,NA,NA,NA,NA,NA,NA,NA,NA,NA,NA,NA,NA,NA,NA,NA,NA,NA,NA,NA
"MCK 13-3 C_72.0_147.0",NA,594.39306640625,594.39306640625,594.39306640625,594.39306640625,594.39306640625,594.39306640625,594.39306640625,594.39306640625,594.39306640625,NA,NA,NA,NA,NA,NA,NA,NA,NA,NA,NA,NA,NA,NA,NA,NA,NA,NA,NA,NA,NA,NA
"MCK 13-3 C_72.0_148.0",NA,594.39306640625,594.39306640625,594.39306640625,594.39306640625,594.39306640625,594.39306640625,594.39306640625,594.39306640625,594.39306640625,NA,NA,NA,NA,NA,NA,NA,NA,NA,NA,NA,NA,NA,NA,NA,NA,NA,NA,NA,NA,NA,NA
"MCK 13-3 C_72.0_151.0",NA,594.39306640625,594.39306640625,594.39306640625,594.39306640625,594.39306640625,594.39306640625,594.39306640625,594.39306640625,594.39306640625,NA,NA,NA,NA,NA,NA,NA,NA,NA,NA,NA,NA,NA,NA,NA,NA,NA,NA,NA,NA,NA,NA
"MCK 13-3 C_72.0_154.0",NA,594.39306640625,594.39306640625,594.39306640625,594.39306640625,594.39306640625,594.39306640625,594.39306640625,594.39306640625,594.39306640625,NA,NA,NA,NA,NA,NA,NA,NA,NA,NA,NA,NA,NA,NA,NA,NA,NA,NA,NA,NA,NA,NA
"MCK 13-3 C_72.0_155.0",NA,594.39306640625,594.39306640625,594.39306640625,594.39306640625,594.39306640625,594.39306640625,594.39306640625,594.39306640625,594.39306640625,NA,NA,NA,NA,NA,NA,NA,NA,NA,NA,NA,NA,NA,NA,NA,NA,NA,NA,NA,NA,NA,NA
"MCK 13-3 C_72.0_157.0",NA,594.39306640625,594.39306640625,594.39306640625,594.39306640625,594.39306640625,594.39306640625,594.39306640625,594.39306640625,594.39306640625,NA,NA,NA,NA,NA,NA,NA,NA,NA,NA,NA,NA,NA,NA,NA,NA,NA,NA,NA,NA,NA,NA
"MCK 13-3 C_72.0_158.0",NA,594.39306640625,594.39306640625,594.39306640625,594.39306640625,594.39306640625,594.39306640625,594.39306640625,594.39306640625,594.39306640625,NA,NA,NA,NA,NA,NA,NA,NA,NA,NA,NA,NA,NA,NA,NA,NA,NA,NA,NA,NA,NA,NA
"MCK 13-3 C_72.0_159.0",NA,594.39306640625,594.39306640625,594.39306640625,594.39306640625,594.39306640625,594.39306640625,594.39306640625,594.39306640625,594.39306640625,NA,NA,NA,NA,NA,NA,NA,NA,NA,NA,NA,NA,NA,NA,NA,NA,NA,NA,NA,NA,NA,NA
"MCK 13-3 C_72.0_161.0",NA,594.39306640625,594.39306640625,594.39306640625,594.39306640625,594.39306640625,594.39306640625,594.39306640625,594.39306640625,594.39306640625,NA,NA,NA,NA,NA,NA,NA,NA,NA,NA,NA,NA,NA,NA,NA,NA,NA,NA,NA,NA,NA,NA
"MCK 13-3 C_72.0_163.0",NA,594.39306640625,594.39306640625,594.39306640625,594.39306640625,594.39306640625,594.39306640625,594.39306640625,594.39306640625,594.39306640625,NA,NA,NA,NA,NA,NA,NA,NA,NA,NA,NA,NA,NA,NA,NA,NA,NA,NA,NA,NA,NA,NA
"MCK 13-3 C_72.0_166.0",NA,594.39306640625,594.39306640625,594.39306640625,594.39306640625,594.39306640625,594.39306640625,594.39306640625,594.39306640625,594.39306640625,NA,NA,NA,NA,NA,NA,NA,NA,NA,NA,NA,NA,NA,NA,NA,NA,NA,NA,NA,NA,NA,NA
"MCK 13-3 C_72.0_167.0",NA,594.39306640625,594.39306640625,594.39306640625,594.39306640625,594.39306640625,594.39306640625,594.39306640625,594.39306640625,594.39306640625,NA,NA,NA,NA,NA,NA,NA,NA,NA,NA,NA,NA,NA,NA,NA,NA,NA,NA,NA,NA,NA,NA
"MCK 13-3 C_72.0_168.0",NA,594.39306640625,594.39306640625,594.39306640625,594.39306640625,594.39306640625,594.39306640625,594.39306640625,594.39306640625,594.39306640625,NA,NA,NA,NA,NA,NA,NA,NA,NA,NA,NA,NA,NA,NA,NA,NA,NA,NA,NA,NA,NA,NA
"MCK 13-3 C_72.0_169.0",NA,594.39306640625,594.39306640625,594.39306640625,594.39306640625,594.39306640625,594.39306640625,594.39306640625,594.39306640625,594.39306640625,NA,NA,NA,NA,NA,NA,NA,NA,NA,NA,NA,NA,NA,NA,NA,NA,NA,NA,NA,NA,NA,NA
"MCK 13-3 C_72.0_170.0",NA,594.39306640625,594.39306640625,594.39306640625,594.39306640625,594.39306640625,594.39306640625,594.39306640625,594.39306640625,594.39306640625,NA,NA,NA,NA,NA,NA,NA,NA,NA,NA,NA,NA,NA,NA,NA,NA,NA,NA,NA,NA,NA,NA
"MCK 13-3 C_72.0_172.0",NA,594.39306640625,594.39306640625,594.39306640625,594.39306640625,594.39306640625,594.39306640625,594.39306640625,594.39306640625,594.39306640625,NA,NA,NA,NA,NA,NA,NA,NA,NA,NA,NA,NA,NA,NA,NA,NA,NA,NA,NA,NA,NA,NA
"MCK 13-3 C_72.0_175.0",NA,594.39306640625,594.39306640625,594.39306640625,594.39306640625,594.39306640625,594.39306640625,594.39306640625,594.39306640625,594.39306640625,NA,NA,NA,NA,NA,NA,NA,NA,NA,NA,NA,NA,NA,NA,NA,NA,NA,NA,NA,NA,NA,NA
"MCK 13-3 C_72.0_176.0",NA,594.39306640625,594.39306640625,594.39306640625,594.39306640625,594.39306640625,594.39306640625,594.39306640625,594.39306640625,594.39306640625,NA,NA,NA,NA,NA,NA,NA,NA,NA,NA,NA,NA,NA,NA,NA,NA,NA,NA,NA,NA,NA,NA
"MCK 13-3 C_72.0_178.0",NA,594.39306640625,594.39306640625,594.39306640625,594.39306640625,594.39306640625,594.39306640625,594.39306640625,594.39306640625,594.39306640625,NA,NA,NA,NA,NA,NA,NA,NA,NA,NA,NA,NA,NA,NA,NA,NA,NA,NA,NA,NA,NA,NA
"MCK 13-3 C_72.0_179.0",NA,594.39306640625,594.39306640625,594.39306640625,594.39306640625,594.39306640625,594.39306640625,594.39306640625,594.39306640625,594.39306640625,NA,NA,NA,NA,NA,NA,NA,NA,NA,NA,NA,NA,NA,NA,NA,NA,NA,NA,NA,NA,NA,NA
"MCK 13-3 C_72.0_180.0",NA,594.39306640625,594.39306640625,594.39306640625,594.39306640625,594.39306640625,594.39306640625,594.39306640625,594.39306640625,594.39306640625,NA,NA,NA,NA,NA,NA,NA,NA,NA,NA,NA,NA,NA,NA,NA,NA,NA,NA,NA,NA,NA,NA
"MCK 13-3 C_72.0_181.0",NA,594.39306640625,594.39306640625,594.39306640625,594.39306640625,594.39306640625,594.39306640625,594.39306640625,594.39306640625,594.39306640625,NA,NA,NA,NA,NA,NA,NA,NA,NA,NA,NA,NA,NA,NA,NA,NA,NA,NA,NA,NA,NA,NA
"MCK 13-3 C_72.0_182.0",NA,594.39306640625,594.39306640625,594.39306640625,594.39306640625,594.39306640625,594.39306640625,594.39306640625,594.39306640625,594.39306640625,NA,NA,NA,NA,NA,NA,NA,NA,NA,NA,NA,NA,NA,NA,NA,NA,NA,NA,NA,NA,NA,NA
"MCK 13-3 C_72.0_183.0",NA,594.39306640625,594.39306640625,594.39306640625,594.39306640625,594.39306640625,594.39306640625,594.39306640625,594.39306640625,594.39306640625,NA,NA,NA,NA,NA,NA,NA,NA,NA,NA,NA,NA,NA,NA,NA,NA,NA,NA,NA,NA,NA,NA
"MCK 13-3 C_72.0_185.0",NA,594.39306640625,594.39306640625,594.39306640625,594.39306640625,594.39306640625,594.39306640625,594.39306640625,594.39306640625,594.39306640625,NA,NA,NA,NA,NA,NA,NA,NA,NA,NA,NA,NA,NA,NA,NA,NA,NA,NA,NA,NA,NA,NA
"MCK 13-3 C_72.0_186.0",NA,594.39306640625,594.39306640625,594.39306640625,594.39306640625,594.39306640625,594.39306640625,594.39306640625,594.39306640625,594.39306640625,NA,NA,NA,NA,NA,NA,NA,NA,NA,NA,NA,NA,NA,NA,NA,NA,NA,NA,NA,NA,NA,NA
"MCK 13-3 C_72.0_187.0",NA,594.39306640625,594.39306640625,594.39306640625,594.39306640625,594.39306640625,594.39306640625,594.39306640625,594.39306640625,594.39306640625,NA,NA,NA,NA,NA,NA,NA,NA,NA,NA,NA,NA,NA,NA,NA,NA,NA,NA,NA,NA,NA,NA
"MCK 13-3 C_72.0_188.0",NA,594.39306640625,594.39306640625,594.39306640625,594.39306640625,594.39306640625,594.39306640625,594.39306640625,594.39306640625,594.39306640625,NA,NA,NA,NA,NA,NA,NA,NA,NA,NA,NA,NA,NA,NA,NA,NA,NA,NA,NA,NA,NA,NA
"MCK 13-3 C_72.0_189.0",NA,594.39306640625,594.39306640625,594.39306640625,594.39306640625,594.39306640625,594.39306640625,594.39306640625,594.39306640625,594.39306640625,NA,NA,NA,NA,NA,NA,NA,NA,NA,NA,NA,NA,NA,NA,NA,NA,NA,NA,NA,NA,NA,NA
"MCK 13-3 C_72.0_190.0",NA,594.39306640625,594.39306640625,594.39306640625,594.39306640625,594.39306640625,594.39306640625,594.39306640625,594.39306640625,594.39306640625,NA,NA,NA,NA,NA,NA,NA,NA,NA,NA,NA,NA,NA,NA,NA,NA,NA,NA,NA,NA,NA,NA
"MCK 13-3 C_72.0_192.0",NA,594.39306640625,594.39306640625,594.39306640625,594.39306640625,594.39306640625,594.39306640625,594.39306640625,594.39306640625,594.39306640625,NA,NA,NA,NA,NA,NA,NA,NA,NA,NA,NA,NA,NA,NA,NA,NA,NA,NA,NA,NA,NA,NA
"MCK 13-3 C_72.0_193.0",NA,594.39306640625,594.39306640625,594.39306640625,594.39306640625,594.39306640625,594.39306640625,594.39306640625,594.39306640625,594.39306640625,NA,NA,NA,NA,NA,NA,NA,NA,NA,NA,NA,NA,NA,NA,NA,NA,NA,NA,NA,NA,NA,NA
"MCK 13-3 C_72.0_194.0",NA,594.39306640625,594.39306640625,594.39306640625,594.39306640625,594.39306640625,594.39306640625,594.39306640625,594.39306640625,594.39306640625,NA,NA,NA,NA,NA,NA,NA,NA,NA,NA,NA,NA,NA,NA,NA,NA,NA,NA,NA,NA,NA,NA
"MCK 13-3 C_72.0_196.0",NA,594.39306640625,594.39306640625,594.39306640625,594.39306640625,594.39306640625,594.39306640625,594.39306640625,594.39306640625,594.39306640625,NA,NA,NA,NA,NA,NA,NA,NA,NA,NA,NA,NA,NA,NA,NA,NA,NA,NA,NA,NA,NA,NA
"MCK 13-3 C_72.0_197.0",NA,594.39306640625,594.39306640625,594.39306640625,594.39306640625,594.39306640625,594.39306640625,594.39306640625,594.39306640625,594.39306640625,NA,NA,NA,NA,NA,NA,NA,NA,NA,NA,NA,NA,NA,NA,NA,NA,NA,NA,NA,NA,NA,NA
"MCK 13-3 C_72.0_200.0",NA,594.39306640625,594.39306640625,594.39306640625,594.39306640625,594.39306640625,594.39306640625,594.39306640625,594.39306640625,594.39306640625,NA,NA,NA,NA,NA,NA,NA,NA,NA,NA,NA,NA,NA,NA,NA,NA,NA,NA,NA,NA,NA,NA
"MCK 13-3 C_72.0_504.0",NA,594.39306640625,594.39306640625,594.39306640625,594.39306640625,594.39306640625,594.39306640625,594.39306640625,594.39306640625,594.39306640625,NA,NA,NA,NA,NA,NA,NA,NA,NA,NA,NA,NA,NA,NA,NA,NA,NA,NA,NA,NA,NA,NA
"MCK 13-3 C_72.0_505.0",NA,594.39306640625,594.39306640625,594.39306640625,594.39306640625,594.39306640625,594.39306640625,594.39306640625,594.39306640625,594.39306640625,NA,NA,NA,NA,NA,NA,NA,NA,NA,NA,NA,NA,NA,NA,NA,NA,NA,NA,NA,NA,NA,NA
"MCK 13-3 C_72.0_507.0",NA,594.39306640625,594.39306640625,594.39306640625,594.39306640625,594.39306640625,594.39306640625,594.39306640625,594.39306640625,594.39306640625,NA,NA,NA,NA,NA,NA,NA,NA,NA,NA,NA,NA,NA,NA,NA,NA,NA,NA,NA,NA,NA,NA
"MCK 13-3 C_72.0_509.0",NA,594.39306640625,594.39306640625,594.39306640625,594.39306640625,594.39306640625,594.39306640625,594.39306640625,594.39306640625,594.39306640625,NA,NA,NA,NA,NA,NA,NA,NA,NA,NA,NA,NA,NA,NA,NA,NA,NA,NA,NA,NA,NA,NA
"MCK 13-3 C_72.0_510.0",NA,594.39306640625,594.39306640625,594.39306640625,594.39306640625,594.39306640625,594.39306640625,594.39306640625,594.39306640625,594.39306640625,NA,NA,NA,NA,NA,NA,NA,NA,NA,NA,NA,NA,NA,NA,NA,NA,NA,NA,NA,NA,NA,NA
"MCK 13-3 C_72.0_511.0",NA,594.39306640625,594.39306640625,594.39306640625,594.39306640625,594.39306640625,594.39306640625,594.39306640625,594.39306640625,594.39306640625,NA,NA,NA,NA,NA,NA,NA,NA,NA,NA,NA,NA,NA,NA,NA,NA,NA,NA,NA,NA,NA,NA
"MCK 13-3 C_72.0_512.0",NA,594.39306640625,594.39306640625,594.39306640625,594.39306640625,594.39306640625,594.39306640625,594.39306640625,594.39306640625,594.39306640625,NA,NA,NA,NA,NA,NA,NA,NA,NA,NA,NA,NA,NA,NA,NA,NA,NA,NA,NA,NA,NA,NA
"MCK 13-3 C_72.0_516.0",NA,594.39306640625,594.39306640625,594.39306640625,594.39306640625,594.39306640625,594.39306640625,594.39306640625,594.39306640625,594.39306640625,NA,NA,NA,NA,NA,NA,NA,NA,NA,NA,NA,NA,NA,NA,NA,NA,NA,NA,NA,NA,NA,NA
"MCK 13-3 C_72.0_517.0",NA,594.39306640625,594.39306640625,594.39306640625,594.39306640625,594.39306640625,594.39306640625,594.39306640625,594.39306640625,594.39306640625,NA,NA,NA,NA,NA,NA,NA,NA,NA,NA,NA,NA,NA,NA,NA,NA,NA,NA,NA,NA,NA,NA
"MCK 13-3 C_72.0_521.0",NA,594.39306640625,594.39306640625,594.39306640625,594.39306640625,594.39306640625,594.39306640625,594.39306640625,594.39306640625,594.39306640625,NA,NA,NA,NA,NA,NA,NA,NA,NA,NA,NA,NA,NA,NA,NA,NA,NA,NA,NA,NA,NA,NA
"MCK 13-3 C_72.0_522.0",NA,594.39306640625,594.39306640625,594.39306640625,594.39306640625,594.39306640625,594.39306640625,594.39306640625,594.39306640625,594.39306640625,NA,NA,NA,NA,NA,NA,NA,NA,NA,NA,NA,NA,NA,NA,NA,NA,NA,NA,NA,NA,NA,NA
"MCK 13-3 C_72.0_523.0",NA,594.39306640625,594.39306640625,594.39306640625,594.39306640625,594.39306640625,594.39306640625,594.39306640625,594.39306640625,594.39306640625,NA,NA,NA,NA,NA,NA,NA,NA,NA,NA,NA,NA,NA,NA,NA,NA,NA,NA,NA,NA,NA,NA
"MCK 13-3 C_72.0_525.0",NA,594.39306640625,594.39306640625,594.39306640625,594.39306640625,594.39306640625,594.39306640625,594.39306640625,594.39306640625,594.39306640625,NA,NA,NA,NA,NA,NA,NA,NA,NA,NA,NA,NA,NA,NA,NA,NA,NA,NA,NA,NA,NA,NA
"MCK 13-3 C_72.0_526.0",NA,594.39306640625,594.39306640625,594.39306640625,594.39306640625,594.39306640625,594.39306640625,594.39306640625,594.39306640625,594.39306640625,NA,NA,NA,NA,NA,NA,NA,NA,NA,NA,NA,NA,NA,NA,NA,NA,NA,NA,NA,NA,NA,NA
"MCK 13-3 C_72.0_528.0",NA,594.39306640625,594.39306640625,594.39306640625,594.39306640625,594.39306640625,594.39306640625,594.39306640625,594.39306640625,594.39306640625,NA,NA,NA,NA,NA,NA,NA,NA,NA,NA,NA,NA,NA,NA,NA,NA,NA,NA,NA,NA,NA,NA
"MCK 13-3 C_72.0_532.0",NA,594.39306640625,594.39306640625,594.39306640625,594.39306640625,594.39306640625,594.39306640625,594.39306640625,594.39306640625,594.39306640625,NA,NA,NA,NA,NA,NA,NA,NA,NA,NA,NA,NA,NA,NA,NA,NA,NA,NA,NA,NA,NA,NA
"MCK 13-3 C_72.0_536.0",NA,594.39306640625,594.39306640625,594.39306640625,594.39306640625,594.39306640625,594.39306640625,594.39306640625,594.39306640625,594.39306640625,NA,NA,NA,NA,NA,NA,NA,NA,NA,NA,NA,NA,NA,NA,NA,NA,NA,NA,NA,NA,NA,NA
"MCK 13-3 C_72.0_538.0",NA,594.39306640625,594.39306640625,594.39306640625,594.39306640625,594.39306640625,594.39306640625,594.39306640625,594.39306640625,594.39306640625,NA,NA,NA,NA,NA,NA,NA,NA,NA,NA,NA,NA,NA,NA,NA,NA,NA,NA,NA,NA,NA,NA
"MCK 13-3 C_72.0_539.0",NA,594.39306640625,594.39306640625,594.39306640625,594.39306640625,594.39306640625,594.39306640625,594.39306640625,594.39306640625,594.39306640625,NA,NA,NA,NA,NA,NA,NA,NA,NA,NA,NA,NA,NA,NA,NA,NA,NA,NA,NA,NA,NA,NA
"MCK 13-3 C_72.0_541.0",NA,594.39306640625,594.39306640625,594.39306640625,594.39306640625,594.39306640625,594.39306640625,594.39306640625,594.39306640625,594.39306640625,NA,NA,NA,NA,NA,NA,NA,NA,NA,NA,NA,NA,NA,NA,NA,NA,NA,NA,NA,NA,NA,NA
"MCK 13-3 C_72.0_542.0",NA,594.39306640625,594.39306640625,594.39306640625,594.39306640625,594.39306640625,594.39306640625,594.39306640625,594.39306640625,594.39306640625,NA,NA,NA,NA,NA,NA,NA,NA,NA,NA,NA,NA,NA,NA,NA,NA,NA,NA,NA,NA,NA,NA
"MCK 13-3 C_72.0_544.0",NA,594.39306640625,594.39306640625,594.39306640625,594.39306640625,594.39306640625,594.39306640625,594.39306640625,594.39306640625,594.39306640625,NA,NA,NA,NA,NA,NA,NA,NA,NA,NA,NA,NA,NA,NA,NA,NA,NA,NA,NA,NA,NA,NA
"MCK 13-3 C_72.0_545.0",NA,594.39306640625,594.39306640625,594.39306640625,594.39306640625,594.39306640625,594.39306640625,594.39306640625,594.39306640625,594.39306640625,NA,NA,NA,NA,NA,NA,NA,NA,NA,NA,NA,NA,NA,NA,NA,NA,NA,NA,NA,NA,NA,NA
"MCK 13-3 C_72.0_546.0",NA,594.39306640625,594.39306640625,594.39306640625,594.39306640625,594.39306640625,594.39306640625,594.39306640625,594.39306640625,594.39306640625,NA,NA,NA,NA,NA,NA,NA,NA,NA,NA,NA,NA,NA,NA,NA,NA,NA,NA,NA,NA,NA,NA
"MCK 13-3 C_72.0_548.0",NA,594.39306640625,594.39306640625,594.39306640625,594.39306640625,594.39306640625,594.39306640625,594.39306640625,594.39306640625,594.39306640625,NA,NA,NA,NA,NA,NA,NA,NA,NA,NA,NA,NA,NA,NA,NA,NA,NA,NA,NA,NA,NA,NA
"MCK 13-3 C_72.0_549.0",NA,594.39306640625,594.39306640625,594.39306640625,594.39306640625,594.39306640625,594.39306640625,594.39306640625,594.39306640625,594.39306640625,NA,NA,NA,NA,NA,NA,NA,NA,NA,NA,NA,NA,NA,NA,NA,NA,NA,NA,NA,NA,NA,NA
"MCK 13-3 C_72.0_551.0",NA,594.39306640625,594.39306640625,594.39306640625,594.39306640625,594.39306640625,594.39306640625,594.39306640625,594.39306640625,594.39306640625,NA,NA,NA,NA,NA,NA,NA,NA,NA,NA,NA,NA,NA,NA,NA,NA,NA,NA,NA,NA,NA,NA
"MCK 13-3 C_72.0_555.0",NA,594.39306640625,594.39306640625,594.39306640625,594.39306640625,594.39306640625,594.39306640625,594.39306640625,594.39306640625,594.39306640625,NA,NA,NA,NA,NA,NA,NA,NA,NA,NA,NA,NA,NA,NA,NA,NA,NA,NA,NA,NA,NA,NA
"MCK 13-3 C_72.0_556.0",NA,594.39306640625,594.39306640625,594.39306640625,594.39306640625,594.39306640625,594.39306640625,594.39306640625,594.39306640625,594.39306640625,NA,NA,NA,NA,NA,NA,NA,NA,NA,NA,NA,NA,NA,NA,NA,NA,NA,NA,NA,NA,NA,NA
"MCK 13-3 C_73.0_101.0",NA,594.39306640625,594.39306640625,594.39306640625,594.39306640625,594.39306640625,594.39306640625,594.39306640625,594.39306640625,594.39306640625,NA,NA,NA,NA,NA,NA,NA,NA,NA,NA,NA,NA,NA,NA,NA,NA,NA,NA,NA,NA,NA,NA
"MCK 13-3 C_73.0_106.0",NA,594.39306640625,594.39306640625,594.39306640625,594.39306640625,594.39306640625,594.39306640625,594.39306640625,594.39306640625,594.39306640625,NA,NA,NA,NA,NA,NA,NA,NA,NA,NA,NA,NA,NA,NA,NA,NA,NA,NA,NA,NA,NA,NA
"MCK 13-3 C_73.0_107.0",NA,594.39306640625,594.39306640625,594.39306640625,594.39306640625,594.39306640625,594.39306640625,594.39306640625,594.39306640625,594.39306640625,NA,NA,NA,NA,NA,NA,NA,NA,NA,NA,NA,NA,NA,NA,NA,NA,NA,NA,NA,NA,NA,NA
"MCK 13-3 C_73.0_108.0",NA,594.39306640625,594.39306640625,594.39306640625,594.39306640625,594.39306640625,594.39306640625,594.39306640625,594.39306640625,594.39306640625,NA,NA,NA,NA,NA,NA,NA,NA,NA,NA,NA,NA,NA,NA,NA,NA,NA,NA,NA,NA,NA,NA
"MCK 13-3 C_73.0_109.0",NA,594.39306640625,594.39306640625,594.39306640625,594.39306640625,594.39306640625,594.39306640625,594.39306640625,594.39306640625,594.39306640625,NA,NA,NA,NA,NA,NA,NA,NA,NA,NA,NA,NA,NA,NA,NA,NA,NA,NA,NA,NA,NA,NA
"MCK 13-3 C_73.0_110.0",NA,594.39306640625,594.39306640625,594.39306640625,594.39306640625,594.39306640625,594.39306640625,594.39306640625,594.39306640625,594.39306640625,NA,NA,NA,NA,NA,NA,NA,NA,NA,NA,NA,NA,NA,NA,NA,NA,NA,NA,NA,NA,NA,NA
"MCK 13-3 C_73.0_111.0",NA,594.39306640625,594.39306640625,594.39306640625,594.39306640625,594.39306640625,594.39306640625,594.39306640625,594.39306640625,594.39306640625,NA,NA,NA,NA,NA,NA,NA,NA,NA,NA,NA,NA,NA,NA,NA,NA,NA,NA,NA,NA,NA,NA
"MCK 13-3 C_73.0_112.0",NA,594.39306640625,594.39306640625,594.39306640625,594.39306640625,594.39306640625,594.39306640625,594.39306640625,594.39306640625,594.39306640625,NA,NA,NA,NA,NA,NA,NA,NA,NA,NA,NA,NA,NA,NA,NA,NA,NA,NA,NA,NA,NA,NA
"MCK 13-3 C_73.0_113.0",NA,594.39306640625,594.39306640625,594.39306640625,594.39306640625,594.39306640625,594.39306640625,594.39306640625,594.39306640625,594.39306640625,NA,NA,NA,NA,NA,NA,NA,NA,NA,NA,NA,NA,NA,NA,NA,NA,NA,NA,NA,NA,NA,NA
"MCK 13-3 C_73.0_116.0",NA,594.39306640625,594.39306640625,594.39306640625,594.39306640625,594.39306640625,594.39306640625,594.39306640625,594.39306640625,594.39306640625,NA,NA,NA,NA,NA,NA,NA,NA,NA,NA,NA,NA,NA,NA,NA,NA,NA,NA,NA,NA,NA,NA
"MCK 13-3 C_73.0_119.0",NA,594.39306640625,594.39306640625,594.39306640625,594.39306640625,594.39306640625,594.39306640625,594.39306640625,594.39306640625,594.39306640625,NA,NA,NA,NA,NA,NA,NA,NA,NA,NA,NA,NA,NA,NA,NA,NA,NA,NA,NA,NA,NA,NA
"MCK 13-3 C_73.0_120.0",NA,594.39306640625,594.39306640625,594.39306640625,594.39306640625,594.39306640625,594.39306640625,594.39306640625,594.39306640625,594.39306640625,NA,NA,NA,NA,NA,NA,NA,NA,NA,NA,NA,NA,NA,NA,NA,NA,NA,NA,NA,NA,NA,NA
"MCK 13-3 C_73.0_121.0",NA,594.39306640625,594.39306640625,594.39306640625,594.39306640625,594.39306640625,594.39306640625,594.39306640625,594.39306640625,594.39306640625,NA,NA,NA,NA,NA,NA,NA,NA,NA,NA,NA,NA,NA,NA,NA,NA,NA,NA,NA,NA,NA,NA
"MCK 13-3 C_73.0_122.0",NA,594.39306640625,594.39306640625,594.39306640625,594.39306640625,594.39306640625,594.39306640625,594.39306640625,594.39306640625,594.39306640625,NA,NA,NA,NA,NA,NA,NA,NA,NA,NA,NA,NA,NA,NA,NA,NA,NA,NA,NA,NA,NA,NA
"MCK 13-3 C_73.0_123.0",NA,594.39306640625,594.39306640625,594.39306640625,594.39306640625,594.39306640625,594.39306640625,594.39306640625,594.39306640625,594.39306640625,NA,NA,NA,NA,NA,NA,NA,NA,NA,NA,NA,NA,NA,NA,NA,NA,NA,NA,NA,NA,NA,NA
"MCK 13-3 C_73.0_4.0",NA,594.39306640625,594.39306640625,594.39306640625,594.39306640625,594.39306640625,594.39306640625,594.39306640625,594.39306640625,594.39306640625,NA,NA,NA,NA,NA,NA,NA,NA,NA,NA,NA,NA,NA,NA,NA,NA,NA,NA,NA,NA,NA,NA
"MCK 13-3 C_73.0_5.0",NA,594.39306640625,594.39306640625,594.39306640625,594.39306640625,594.39306640625,594.39306640625,594.39306640625,594.39306640625,594.39306640625,NA,NA,NA,NA,NA,NA,NA,NA,NA,NA,NA,NA,NA,NA,NA,NA,NA,NA,NA,NA,NA,NA
"MCK 13-3 C_73.0_558.0",NA,594.39306640625,594.39306640625,594.39306640625,594.39306640625,594.39306640625,594.39306640625,594.39306640625,594.39306640625,594.39306640625,NA,NA,NA,NA,NA,NA,NA,NA,NA,NA,NA,NA,NA,NA,NA,NA,NA,NA,NA,NA,NA,NA
"MCK 13-3 C_73.0_559.0",NA,594.39306640625,594.39306640625,594.39306640625,594.39306640625,594.39306640625,594.39306640625,594.39306640625,594.39306640625,594.39306640625,NA,NA,NA,NA,NA,NA,NA,NA,NA,NA,NA,NA,NA,NA,NA,NA,NA,NA,NA,NA,NA,NA
"MCK 13-3 C_73.0_560.0",NA,594.39306640625,594.39306640625,594.39306640625,594.39306640625,594.39306640625,594.39306640625,594.39306640625,594.39306640625,594.39306640625,NA,NA,NA,NA,NA,NA,NA,NA,NA,NA,NA,NA,NA,NA,NA,NA,NA,NA,NA,NA,NA,NA
"MCK 13-3 C_73.0_562.0",NA,594.39306640625,594.39306640625,594.39306640625,594.39306640625,594.39306640625,594.39306640625,594.39306640625,594.39306640625,594.39306640625,NA,NA,NA,NA,NA,NA,NA,NA,NA,NA,NA,NA,NA,NA,NA,NA,NA,NA,NA,NA,NA,NA
"MCK 13-3 C_73.0_564.0",NA,594.39306640625,594.39306640625,594.39306640625,594.39306640625,594.39306640625,594.39306640625,594.39306640625,594.39306640625,594.39306640625,NA,NA,NA,NA,NA,NA,NA,NA,NA,NA,NA,NA,NA,NA,NA,NA,NA,NA,NA,NA,NA,NA
"MCK 13-3 C_73.0_565.0",NA,594.39306640625,594.39306640625,594.39306640625,594.39306640625,594.39306640625,594.39306640625,594.39306640625,594.39306640625,594.39306640625,NA,NA,NA,NA,NA,NA,NA,NA,NA,NA,NA,NA,NA,NA,NA,NA,NA,NA,NA,NA,NA,NA
"MCK 13-3 C_73.0_566.0",NA,594.39306640625,594.39306640625,594.39306640625,594.39306640625,594.39306640625,594.39306640625,594.39306640625,594.39306640625,594.39306640625,NA,NA,NA,NA,NA,NA,NA,NA,NA,NA,NA,NA,NA,NA,NA,NA,NA,NA,NA,NA,NA,NA
"MCK 13-3 C_73.0_571.0",NA,594.39306640625,594.39306640625,594.39306640625,594.39306640625,594.39306640625,594.39306640625,594.39306640625,594.39306640625,594.39306640625,NA,NA,NA,NA,NA,NA,NA,NA,NA,NA,NA,NA,NA,NA,NA,NA,NA,NA,NA,NA,NA,NA
"MCK 13-3 C_73.0_575.0",NA,594.39306640625,594.39306640625,594.39306640625,594.39306640625,594.39306640625,594.39306640625,594.39306640625,594.39306640625,594.39306640625,NA,NA,NA,NA,NA,NA,NA,NA,NA,NA,NA,NA,NA,NA,NA,NA,NA,NA,NA,NA,NA,NA
"MCK 13-3 C_73.0_576.0",NA,594.39306640625,594.39306640625,594.39306640625,594.39306640625,594.39306640625,594.39306640625,594.39306640625,594.39306640625,594.39306640625,NA,NA,NA,NA,NA,NA,NA,NA,NA,NA,NA,NA,NA,NA,NA,NA,NA,NA,NA,NA,NA,NA
"MCK 13-3 C_73.0_577.0",NA,594.39306640625,594.39306640625,594.39306640625,594.39306640625,594.39306640625,594.39306640625,594.39306640625,594.39306640625,594.39306640625,NA,NA,NA,NA,NA,NA,NA,NA,NA,NA,NA,NA,NA,NA,NA,NA,NA,NA,NA,NA,NA,NA
"MCK 13-3 C_73.0_581.0",NA,594.39306640625,594.39306640625,594.39306640625,594.39306640625,594.39306640625,594.39306640625,594.39306640625,594.39306640625,594.39306640625,NA,NA,NA,NA,NA,NA,NA,NA,NA,NA,NA,NA,NA,NA,NA,NA,NA,NA,NA,NA,NA,NA
"MCK 13-3 C_73.0_582.0",NA,594.39306640625,594.39306640625,594.39306640625,594.39306640625,594.39306640625,594.39306640625,594.39306640625,594.39306640625,594.39306640625,NA,NA,NA,NA,NA,NA,NA,NA,NA,NA,NA,NA,NA,NA,NA,NA,NA,NA,NA,NA,NA,NA
"MCK 13-3 C_73.0_583.0",NA,594.39306640625,594.39306640625,594.39306640625,594.39306640625,594.39306640625,594.39306640625,594.39306640625,594.39306640625,594.39306640625,NA,NA,NA,NA,NA,NA,NA,NA,NA,NA,NA,NA,NA,NA,NA,NA,NA,NA,NA,NA,NA,NA
"MCK 13-3 C_73.0_584.0",NA,594.39306640625,594.39306640625,594.39306640625,594.39306640625,594.39306640625,594.39306640625,594.39306640625,594.39306640625,594.39306640625,NA,NA,NA,NA,NA,NA,NA,NA,NA,NA,NA,NA,NA,NA,NA,NA,NA,NA,NA,NA,NA,NA
"MCK 13-3 C_73.0_589.0",NA,594.39306640625,594.39306640625,594.39306640625,594.39306640625,594.39306640625,594.39306640625,594.39306640625,594.39306640625,594.39306640625,NA,NA,NA,NA,NA,NA,NA,NA,NA,NA,NA,NA,NA,NA,NA,NA,NA,NA,NA,NA,NA,NA
"MCK 13-3 C_73.0_591.0",NA,594.39306640625,594.39306640625,594.39306640625,594.39306640625,594.39306640625,594.39306640625,594.39306640625,594.39306640625,594.39306640625,NA,NA,NA,NA,NA,NA,NA,NA,NA,NA,NA,NA,NA,NA,NA,NA,NA,NA,NA,NA,NA,NA
"MCK 13-3 C_73.0_594.0",NA,594.39306640625,594.39306640625,594.39306640625,594.39306640625,594.39306640625,594.39306640625,594.39306640625,594.39306640625,594.39306640625,NA,NA,NA,NA,NA,NA,NA,NA,NA,NA,NA,NA,NA,NA,NA,NA,NA,NA,NA,NA,NA,NA
"MCK 13-3 C_73.0_718.0",NA,594.39306640625,594.39306640625,594.39306640625,594.39306640625,594.39306640625,594.39306640625,594.39306640625,594.39306640625,594.39306640625,NA,NA,NA,NA,NA,NA,NA,NA,NA,NA,NA,NA,NA,NA,NA,NA,NA,NA,NA,NA,NA,NA
"MCK 13-3 C_73.0_719.0",NA,594.39306640625,594.39306640625,594.39306640625,594.39306640625,594.39306640625,594.39306640625,594.39306640625,594.39306640625,594.39306640625,NA,NA,NA,NA,NA,NA,NA,NA,NA,NA,NA,NA,NA,NA,NA,NA,NA,NA,NA,NA,NA,NA
"MCK 13-3 C_73.0_722.0",NA,594.39306640625,594.39306640625,594.39306640625,594.39306640625,594.39306640625,594.39306640625,594.39306640625,594.39306640625,594.39306640625,NA,NA,NA,NA,NA,NA,NA,NA,NA,NA,NA,NA,NA,NA,NA,NA,NA,NA,NA,NA,NA,NA
"MCK 13-3 C_73.0_723.0",NA,594.39306640625,594.39306640625,594.39306640625,594.39306640625,594.39306640625,594.39306640625,594.39306640625,594.39306640625,594.39306640625,NA,NA,NA,NA,NA,NA,NA,NA,NA,NA,NA,NA,NA,NA,NA,NA,NA,NA,NA,NA,NA,NA
"MCK 13-3 C_73.0_724.0",NA,594.39306640625,594.39306640625,594.39306640625,594.39306640625,594.39306640625,594.39306640625,594.39306640625,594.39306640625,594.39306640625,NA,NA,NA,NA,NA,NA,NA,NA,NA,NA,NA,NA,NA,NA,NA,NA,NA,NA,NA,NA,NA,NA
"MCK 13-3 C_73.0_725.0",NA,594.39306640625,594.39306640625,594.39306640625,594.39306640625,594.39306640625,594.39306640625,594.39306640625,594.39306640625,594.39306640625,NA,NA,NA,NA,NA,NA,NA,NA,NA,NA,NA,NA,NA,NA,NA,NA,NA,NA,NA,NA,NA,NA
"MCK 13-3 C_73.0_726.0",NA,594.39306640625,594.39306640625,594.39306640625,594.39306640625,594.39306640625,594.39306640625,594.39306640625,594.39306640625,594.39306640625,NA,NA,NA,NA,NA,NA,NA,NA,NA,NA,NA,NA,NA,NA,NA,NA,NA,NA,NA,NA,NA,NA
"MCK 13-3 C_73.0_727.0",NA,594.39306640625,594.39306640625,594.39306640625,594.39306640625,594.39306640625,594.39306640625,594.39306640625,594.39306640625,594.39306640625,NA,NA,NA,NA,NA,NA,NA,NA,NA,NA,NA,NA,NA,NA,NA,NA,NA,NA,NA,NA,NA,NA
"MCK 13-3 C_73.0_728.0",NA,594.39306640625,594.39306640625,594.39306640625,594.39306640625,594.39306640625,594.39306640625,594.39306640625,594.39306640625,594.39306640625,NA,NA,NA,NA,NA,NA,NA,NA,NA,NA,NA,NA,NA,NA,NA,NA,NA,NA,NA,NA,NA,NA
"MCK 13-3 C_73.0_729.0",NA,594.39306640625,594.39306640625,594.39306640625,594.39306640625,594.39306640625,594.39306640625,594.39306640625,594.39306640625,594.39306640625,NA,NA,NA,NA,NA,NA,NA,NA,NA,NA,NA,NA,NA,NA,NA,NA,NA,NA,NA,NA,NA,NA
"MCK 13-3 C_73.0_731.0",NA,594.39306640625,594.39306640625,594.39306640625,594.39306640625,594.39306640625,594.39306640625,594.39306640625,594.39306640625,594.39306640625,NA,NA,NA,NA,NA,NA,NA,NA,NA,NA,NA,NA,NA,NA,NA,NA,NA,NA,NA,NA,NA,NA
"MCK 13-3 C_73.0_733.0",NA,594.39306640625,594.39306640625,594.39306640625,594.39306640625,594.39306640625,594.39306640625,594.39306640625,594.39306640625,594.39306640625,NA,NA,NA,NA,NA,NA,NA,NA,NA,NA,NA,NA,NA,NA,NA,NA,NA,NA,NA,NA,NA,NA
"MCK 13-3 C_73.0_735.0",NA,594.39306640625,594.39306640625,594.39306640625,594.39306640625,594.39306640625,594.39306640625,594.39306640625,594.39306640625,594.39306640625,NA,NA,NA,NA,NA,NA,NA,NA,NA,NA,NA,NA,NA,NA,NA,NA,NA,NA,NA,NA,NA,NA
"MCK 13-3 C_73.0_739.0",NA,594.39306640625,594.39306640625,594.39306640625,594.39306640625,594.39306640625,594.39306640625,594.39306640625,594.39306640625,594.39306640625,NA,NA,NA,NA,NA,NA,NA,NA,NA,NA,NA,NA,NA,NA,NA,NA,NA,NA,NA,NA,NA,NA
"MCK 13-3 C_73.0_740.0",NA,594.39306640625,594.39306640625,594.39306640625,594.39306640625,594.39306640625,594.39306640625,594.39306640625,594.39306640625,594.39306640625,NA,NA,NA,NA,NA,NA,NA,NA,NA,NA,NA,NA,NA,NA,NA,NA,NA,NA,NA,NA,NA,NA
"MCK 13-3 C_90.0_501.0",NA,594.39306640625,594.39306640625,594.39306640625,594.39306640625,594.39306640625,594.39306640625,594.39306640625,594.39306640625,594.39306640625,NA,NA,NA,NA,NA,NA,NA,NA,NA,NA,NA,NA,NA,NA,NA,NA,NA,NA,NA,NA,NA,NA
"MCK 13-3 C_90.0_503.0",NA,594.39306640625,594.39306640625,594.39306640625,594.39306640625,594.39306640625,594.39306640625,594.39306640625,594.39306640625,594.39306640625,NA,NA,NA,NA,NA,NA,NA,NA,NA,NA,NA,NA,NA,NA,NA,NA,NA,NA,NA,NA,NA,NA
"MCK 13-3 C_90.0_504.0",NA,594.39306640625,594.39306640625,594.39306640625,594.39306640625,594.39306640625,594.39306640625,594.39306640625,594.39306640625,594.39306640625,NA,NA,NA,NA,NA,NA,NA,NA,NA,NA,NA,NA,NA,NA,NA,NA,NA,NA,NA,NA,NA,NA
"MCK 13-3 C_90.0_505.0",NA,594.39306640625,594.39306640625,594.39306640625,594.39306640625,594.39306640625,594.39306640625,594.39306640625,594.39306640625,594.39306640625,NA,NA,NA,NA,NA,NA,NA,NA,NA,NA,NA,NA,NA,NA,NA,NA,NA,NA,NA,NA,NA,NA
"MCK 13-3 C_90.0_509.0",NA,594.39306640625,594.39306640625,594.39306640625,594.39306640625,594.39306640625,594.39306640625,594.39306640625,594.39306640625,594.39306640625,NA,NA,NA,NA,NA,NA,NA,NA,NA,NA,NA,NA,NA,NA,NA,NA,NA,NA,NA,NA,NA,NA
"MCK 13-3 C_90.0_510.0",NA,594.39306640625,594.39306640625,594.39306640625,594.39306640625,594.39306640625,594.39306640625,594.39306640625,594.39306640625,594.39306640625,NA,NA,NA,NA,NA,NA,NA,NA,NA,NA,NA,NA,NA,NA,NA,NA,NA,NA,NA,NA,NA,NA
"MCK 13-3 C_90.0_511.0",NA,594.39306640625,594.39306640625,594.39306640625,594.39306640625,594.39306640625,594.39306640625,594.39306640625,594.39306640625,594.39306640625,NA,NA,NA,NA,NA,NA,NA,NA,NA,NA,NA,NA,NA,NA,NA,NA,NA,NA,NA,NA,NA,NA
"MCK 13-3 C_90.0_512.0",NA,594.39306640625,594.39306640625,594.39306640625,594.39306640625,594.39306640625,594.39306640625,594.39306640625,594.39306640625,594.39306640625,NA,NA,NA,NA,NA,NA,NA,NA,NA,NA,NA,NA,NA,NA,NA,NA,NA,NA,NA,NA,NA,NA
"MCK 13-3 C_90.0_513.0",NA,594.39306640625,594.39306640625,594.39306640625,594.39306640625,594.39306640625,594.39306640625,594.39306640625,594.39306640625,594.39306640625,NA,NA,NA,NA,NA,NA,NA,NA,NA,NA,NA,NA,NA,NA,NA,NA,NA,NA,NA,NA,NA,NA
"MCK 13-3 C_90.0_514.0",NA,594.39306640625,594.39306640625,594.39306640625,594.39306640625,594.39306640625,594.39306640625,594.39306640625,594.39306640625,594.39306640625,NA,NA,NA,NA,NA,NA,NA,NA,NA,NA,NA,NA,NA,NA,NA,NA,NA,NA,NA,NA,NA,NA
"MCK 13-3 C_90.0_515.0",NA,594.39306640625,594.39306640625,594.39306640625,594.39306640625,594.39306640625,594.39306640625,594.39306640625,594.39306640625,594.39306640625,NA,NA,NA,NA,NA,NA,NA,NA,NA,NA,NA,NA,NA,NA,NA,NA,NA,NA,NA,NA,NA,NA
"MCK 13-3 C_90.0_516.0",NA,594.39306640625,594.39306640625,594.39306640625,594.39306640625,594.39306640625,594.39306640625,594.39306640625,594.39306640625,594.39306640625,NA,NA,NA,NA,NA,NA,NA,NA,NA,NA,NA,NA,NA,NA,NA,NA,NA,NA,NA,NA,NA,NA
"MCK 13-3 C_90.0_518.0",NA,594.39306640625,594.39306640625,594.39306640625,594.39306640625,594.39306640625,594.39306640625,594.39306640625,594.39306640625,594.39306640625,NA,NA,NA,NA,NA,NA,NA,NA,NA,NA,NA,NA,NA,NA,NA,NA,NA,NA,NA,NA,NA,NA
"MCK 13-3 C_90.0_519.0",NA,594.39306640625,594.39306640625,594.39306640625,594.39306640625,594.39306640625,594.39306640625,594.39306640625,594.39306640625,594.39306640625,NA,NA,NA,NA,NA,NA,NA,NA,NA,NA,NA,NA,NA,NA,NA,NA,NA,NA,NA,NA,NA,NA
"MCK 13-3 C_90.0_520.0",NA,594.39306640625,594.39306640625,594.39306640625,594.39306640625,594.39306640625,594.39306640625,594.39306640625,594.39306640625,594.39306640625,NA,NA,NA,NA,NA,NA,NA,NA,NA,NA,NA,NA,NA,NA,NA,NA,NA,NA,NA,NA,NA,NA
"MCK 13-3 C_90.0_521.0",NA,594.39306640625,594.39306640625,594.39306640625,594.39306640625,594.39306640625,594.39306640625,594.39306640625,594.39306640625,594.39306640625,NA,NA,NA,NA,NA,NA,NA,NA,NA,NA,NA,NA,NA,NA,NA,NA,NA,NA,NA,NA,NA,NA
"MCK 13-3 C_90.0_523.0",NA,594.39306640625,594.39306640625,594.39306640625,594.39306640625,594.39306640625,594.39306640625,594.39306640625,594.39306640625,594.39306640625,NA,NA,NA,NA,NA,NA,NA,NA,NA,NA,NA,NA,NA,NA,NA,NA,NA,NA,NA,NA,NA,NA
"MCK 13-3 C_90.0_525.0",NA,594.39306640625,594.39306640625,594.39306640625,594.39306640625,594.39306640625,594.39306640625,594.39306640625,594.39306640625,594.39306640625,NA,NA,NA,NA,NA,NA,NA,NA,NA,NA,NA,NA,NA,NA,NA,NA,NA,NA,NA,NA,NA,NA
"MCK 13-3 C_90.0_529.0",NA,594.39306640625,594.39306640625,594.39306640625,594.39306640625,594.39306640625,594.39306640625,594.39306640625,594.39306640625,594.39306640625,NA,NA,NA,NA,NA,NA,NA,NA,NA,NA,NA,NA,NA,NA,NA,NA,NA,NA,NA,NA,NA,NA
"MCK 13-3 C_90.0_531.0",NA,594.39306640625,594.39306640625,594.39306640625,594.39306640625,594.39306640625,594.39306640625,594.39306640625,594.39306640625,594.39306640625,NA,NA,NA,NA,NA,NA,NA,NA,NA,NA,NA,NA,NA,NA,NA,NA,NA,NA,NA,NA,NA,NA
"MCK 13-3 C_90.0_532.0",NA,594.39306640625,594.39306640625,594.39306640625,594.39306640625,594.39306640625,594.39306640625,594.39306640625,594.39306640625,594.39306640625,NA,NA,NA,NA,NA,NA,NA,NA,NA,NA,NA,NA,NA,NA,NA,NA,NA,NA,NA,NA,NA,NA
"MCK 13-3 C_90.0_533.0",NA,594.39306640625,594.39306640625,594.39306640625,594.39306640625,594.39306640625,594.39306640625,594.39306640625,594.39306640625,594.39306640625,NA,NA,NA,NA,NA,NA,NA,NA,NA,NA,NA,NA,NA,NA,NA,NA,NA,NA,NA,NA,NA,NA
"MCK 13-3 C_90.0_534.0",NA,594.39306640625,594.39306640625,594.39306640625,594.39306640625,594.39306640625,594.39306640625,594.39306640625,594.39306640625,594.39306640625,NA,NA,NA,NA,NA,NA,NA,NA,NA,NA,NA,NA,NA,NA,NA,NA,NA,NA,NA,NA,NA,NA
"MCK 13-3 C_90.0_535.0",NA,594.39306640625,594.39306640625,594.39306640625,594.39306640625,594.39306640625,594.39306640625,594.39306640625,594.39306640625,594.39306640625,NA,NA,NA,NA,NA,NA,NA,NA,NA,NA,NA,NA,NA,NA,NA,NA,NA,NA,NA,NA,NA,NA
"MCK 13-3 C_90.0_537.0",NA,594.39306640625,594.39306640625,594.39306640625,594.39306640625,594.39306640625,594.39306640625,594.39306640625,594.39306640625,594.39306640625,NA,NA,NA,NA,NA,NA,NA,NA,NA,NA,NA,NA,NA,NA,NA,NA,NA,NA,NA,NA,NA,NA
"MCK 13-3 C_90.0_538.0",NA,594.39306640625,594.39306640625,594.39306640625,594.39306640625,594.39306640625,594.39306640625,594.39306640625,594.39306640625,594.39306640625,NA,NA,NA,NA,NA,NA,NA,NA,NA,NA,NA,NA,NA,NA,NA,NA,NA,NA,NA,NA,NA,NA
"MCK 13-3 C_90.0_540.0",NA,594.39306640625,594.39306640625,594.39306640625,594.39306640625,594.39306640625,594.39306640625,594.39306640625,594.39306640625,594.39306640625,NA,NA,NA,NA,NA,NA,NA,NA,NA,NA,NA,NA,NA,NA,NA,NA,NA,NA,NA,NA,NA,NA
"MCK 13-3 C_90.0_542.0",NA,594.39306640625,594.39306640625,594.39306640625,594.39306640625,594.39306640625,594.39306640625,594.39306640625,594.39306640625,594.39306640625,NA,NA,NA,NA,NA,NA,NA,NA,NA,NA,NA,NA,NA,NA,NA,NA,NA,NA,NA,NA,NA,NA
"MCK 13-3 C_90.0_543.0",NA,594.39306640625,594.39306640625,594.39306640625,594.39306640625,594.39306640625,594.39306640625,594.39306640625,594.39306640625,594.39306640625,NA,NA,NA,NA,NA,NA,NA,NA,NA,NA,NA,NA,NA,NA,NA,NA,NA,NA,NA,NA,NA,NA
"MCK 13-3 C_90.0_546.0",NA,594.39306640625,594.39306640625,594.39306640625,594.39306640625,594.39306640625,594.39306640625,594.39306640625,594.39306640625,594.39306640625,NA,NA,NA,NA,NA,NA,NA,NA,NA,NA,NA,NA,NA,NA,NA,NA,NA,NA,NA,NA,NA,NA
"MCK 13-3 C_90.0_547.0",NA,594.39306640625,594.39306640625,594.39306640625,594.39306640625,594.39306640625,594.39306640625,594.39306640625,594.39306640625,594.39306640625,NA,NA,NA,NA,NA,NA,NA,NA,NA,NA,NA,NA,NA,NA,NA,NA,NA,NA,NA,NA,NA,NA
"MCK 13-3 C_90.0_548.0",NA,594.39306640625,594.39306640625,594.39306640625,594.39306640625,594.39306640625,594.39306640625,594.39306640625,594.39306640625,594.39306640625,NA,NA,NA,NA,NA,NA,NA,NA,NA,NA,NA,NA,NA,NA,NA,NA,NA,NA,NA,NA,NA,NA
"MCK 13-3 C_90.0_551.0",NA,594.39306640625,594.39306640625,594.39306640625,594.39306640625,594.39306640625,594.39306640625,594.39306640625,594.39306640625,594.39306640625,NA,NA,NA,NA,NA,NA,NA,NA,NA,NA,NA,NA,NA,NA,NA,NA,NA,NA,NA,NA,NA,NA
"MCK 13-3 C_90.0_553.0",NA,594.39306640625,594.39306640625,594.39306640625,594.39306640625,594.39306640625,594.39306640625,594.39306640625,594.39306640625,594.39306640625,NA,NA,NA,NA,NA,NA,NA,NA,NA,NA,NA,NA,NA,NA,NA,NA,NA,NA,NA,NA,NA,NA
"MCK 13-3 C_90.0_554.0",NA,594.39306640625,594.39306640625,594.39306640625,594.39306640625,594.39306640625,594.39306640625,594.39306640625,594.39306640625,594.39306640625,NA,NA,NA,NA,NA,NA,NA,NA,NA,NA,NA,NA,NA,NA,NA,NA,NA,NA,NA,NA,NA,NA
"MCK 13-3 C_90.0_556.0",NA,594.39306640625,594.39306640625,594.39306640625,594.39306640625,594.39306640625,594.39306640625,594.39306640625,594.39306640625,594.39306640625,NA,NA,NA,NA,NA,NA,NA,NA,NA,NA,NA,NA,NA,NA,NA,NA,NA,NA,NA,NA,NA,NA
"MCK 13-3 C_90.0_557.0",NA,594.39306640625,594.39306640625,594.39306640625,594.39306640625,594.39306640625,594.39306640625,594.39306640625,594.39306640625,594.39306640625,NA,NA,NA,NA,NA,NA,NA,NA,NA,NA,NA,NA,NA,NA,NA,NA,NA,NA,NA,NA,NA,NA
"MCK 13-3 C_90.0_559.0",NA,594.39306640625,594.39306640625,594.39306640625,594.39306640625,594.39306640625,594.39306640625,594.39306640625,594.39306640625,594.39306640625,NA,NA,NA,NA,NA,NA,NA,NA,NA,NA,NA,NA,NA,NA,NA,NA,NA,NA,NA,NA,NA,NA
"MCK 13-3 C_90.0_560.0",NA,594.39306640625,594.39306640625,594.39306640625,594.39306640625,594.39306640625,594.39306640625,594.39306640625,594.39306640625,594.39306640625,NA,NA,NA,NA,NA,NA,NA,NA,NA,NA,NA,NA,NA,NA,NA,NA,NA,NA,NA,NA,NA,NA
"MCK 13-3 C_90.0_561.0",NA,594.39306640625,594.39306640625,594.39306640625,594.39306640625,594.39306640625,594.39306640625,594.39306640625,594.39306640625,594.39306640625,NA,NA,NA,NA,NA,NA,NA,NA,NA,NA,NA,NA,NA,NA,NA,NA,NA,NA,NA,NA,NA,NA
"MCK 13-3 C_90.0_562.0",NA,594.39306640625,594.39306640625,594.39306640625,594.39306640625,594.39306640625,594.39306640625,594.39306640625,594.39306640625,594.39306640625,NA,NA,NA,NA,NA,NA,NA,NA,NA,NA,NA,NA,NA,NA,NA,NA,NA,NA,NA,NA,NA,NA
"MCK 13-3 C_90.0_563.0",NA,594.39306640625,594.39306640625,594.39306640625,594.39306640625,594.39306640625,594.39306640625,594.39306640625,594.39306640625,594.39306640625,NA,NA,NA,NA,NA,NA,NA,NA,NA,NA,NA,NA,NA,NA,NA,NA,NA,NA,NA,NA,NA,NA
"MCK 13-3 C_90.0_6.0",NA,594.39306640625,594.39306640625,594.39306640625,594.39306640625,594.39306640625,594.39306640625,594.39306640625,594.39306640625,594.39306640625,NA,NA,NA,NA,NA,NA,NA,NA,NA,NA,NA,NA,NA,NA,NA,NA,NA,NA,NA,NA,NA,NA
"MCK 13-3 C_91.0_200.0",NA,594.39306640625,594.39306640625,594.39306640625,594.39306640625,594.39306640625,594.39306640625,594.39306640625,594.39306640625,594.39306640625,NA,NA,NA,NA,NA,NA,NA,NA,NA,NA,NA,NA,NA,NA,NA,NA,NA,NA,NA,NA,NA,NA
"MCK 13-3 C_91.0_300.0",NA,594.39306640625,594.39306640625,594.39306640625,594.39306640625,594.39306640625,594.39306640625,594.39306640625,594.39306640625,594.39306640625,NA,NA,NA,NA,NA,NA,NA,NA,NA,NA,NA,NA,NA,NA,NA,NA,NA,NA,NA,NA,NA,NA
"MCK 13-3 C_91.0_564.0",NA,594.39306640625,594.39306640625,594.39306640625,594.39306640625,594.39306640625,594.39306640625,594.39306640625,594.39306640625,594.39306640625,NA,NA,NA,NA,NA,NA,NA,NA,NA,NA,NA,NA,NA,NA,NA,NA,NA,NA,NA,NA,NA,NA
"MCK 13-3 C_91.0_565.0",NA,594.39306640625,594.39306640625,594.39306640625,594.39306640625,594.39306640625,594.39306640625,594.39306640625,594.39306640625,594.39306640625,NA,NA,NA,NA,NA,NA,NA,NA,NA,NA,NA,NA,NA,NA,NA,NA,NA,NA,NA,NA,NA,NA
"MCK 13-3 C_91.0_566.0",NA,594.39306640625,594.39306640625,594.39306640625,594.39306640625,594.39306640625,594.39306640625,594.39306640625,594.39306640625,594.39306640625,NA,NA,NA,NA,NA,NA,NA,NA,NA,NA,NA,NA,NA,NA,NA,NA,NA,NA,NA,NA,NA,NA
"MCK 13-3 C_91.0_567.0",NA,594.39306640625,594.39306640625,594.39306640625,594.39306640625,594.39306640625,594.39306640625,594.39306640625,594.39306640625,594.39306640625,NA,NA,NA,NA,NA,NA,NA,NA,NA,NA,NA,NA,NA,NA,NA,NA,NA,NA,NA,NA,NA,NA
"MCK 13-3 C_91.0_569.0",NA,594.39306640625,594.39306640625,594.39306640625,594.39306640625,594.39306640625,594.39306640625,594.39306640625,594.39306640625,594.39306640625,NA,NA,NA,NA,NA,NA,NA,NA,NA,NA,NA,NA,NA,NA,NA,NA,NA,NA,NA,NA,NA,NA
"MCK 13-3 C_91.0_570.0",NA,594.39306640625,594.39306640625,594.39306640625,594.39306640625,594.39306640625,594.39306640625,594.39306640625,594.39306640625,594.39306640625,NA,NA,NA,NA,NA,NA,NA,NA,NA,NA,NA,NA,NA,NA,NA,NA,NA,NA,NA,NA,NA,NA
"MCK 13-3 C_91.0_571.0",NA,594.39306640625,594.39306640625,594.39306640625,594.39306640625,594.39306640625,594.39306640625,594.39306640625,594.39306640625,594.39306640625,NA,NA,NA,NA,NA,NA,NA,NA,NA,NA,NA,NA,NA,NA,NA,NA,NA,NA,NA,NA,NA,NA
"MCK 13-3 C_91.0_572.0",NA,594.39306640625,594.39306640625,594.39306640625,594.39306640625,594.39306640625,594.39306640625,594.39306640625,594.39306640625,594.39306640625,NA,NA,NA,NA,NA,NA,NA,NA,NA,NA,NA,NA,NA,NA,NA,NA,NA,NA,NA,NA,NA,NA
"MCK 13-3 C_91.0_574.0",NA,594.39306640625,594.39306640625,594.39306640625,594.39306640625,594.39306640625,594.39306640625,594.39306640625,594.39306640625,594.39306640625,NA,NA,NA,NA,NA,NA,NA,NA,NA,NA,NA,NA,NA,NA,NA,NA,NA,NA,NA,NA,NA,NA
"MCK 13-3 C_91.0_575.0",NA,594.39306640625,594.39306640625,594.39306640625,594.39306640625,594.39306640625,594.39306640625,594.39306640625,594.39306640625,594.39306640625,NA,NA,NA,NA,NA,NA,NA,NA,NA,NA,NA,NA,NA,NA,NA,NA,NA,NA,NA,NA,NA,NA
"MCK 13-3 C_91.0_576.0",NA,594.39306640625,594.39306640625,594.39306640625,594.39306640625,594.39306640625,594.39306640625,594.39306640625,594.39306640625,594.39306640625,NA,NA,NA,NA,NA,NA,NA,NA,NA,NA,NA,NA,NA,NA,NA,NA,NA,NA,NA,NA,NA,NA
"MCK 13-3 C_91.0_580.0",NA,594.39306640625,594.39306640625,594.39306640625,594.39306640625,594.39306640625,594.39306640625,594.39306640625,594.39306640625,594.39306640625,NA,NA,NA,NA,NA,NA,NA,NA,NA,NA,NA,NA,NA,NA,NA,NA,NA,NA,NA,NA,NA,NA
"MCK 13-3 C_91.0_582.0",NA,594.39306640625,594.39306640625,594.39306640625,594.39306640625,594.39306640625,594.39306640625,594.39306640625,594.39306640625,594.39306640625,NA,NA,NA,NA,NA,NA,NA,NA,NA,NA,NA,NA,NA,NA,NA,NA,NA,NA,NA,NA,NA,NA
"MCK 13-3 C_91.0_584.0",NA,594.39306640625,594.39306640625,594.39306640625,594.39306640625,594.39306640625,594.39306640625,594.39306640625,594.39306640625,594.39306640625,NA,NA,NA,NA,NA,NA,NA,NA,NA,NA,NA,NA,NA,NA,NA,NA,NA,NA,NA,NA,NA,NA
"MCK 13-3 C_91.0_585.0",NA,594.39306640625,594.39306640625,594.39306640625,594.39306640625,594.39306640625,594.39306640625,594.39306640625,594.39306640625,594.39306640625,NA,NA,NA,NA,NA,NA,NA,NA,NA,NA,NA,NA,NA,NA,NA,NA,NA,NA,NA,NA,NA,NA
"MCK 13-3 C_91.0_586.0",NA,594.39306640625,594.39306640625,594.39306640625,594.39306640625,594.39306640625,594.39306640625,594.39306640625,594.39306640625,594.39306640625,NA,NA,NA,NA,NA,NA,NA,NA,NA,NA,NA,NA,NA,NA,NA,NA,NA,NA,NA,NA,NA,NA
"MCK 13-3 C_91.0_587.0",NA,594.39306640625,594.39306640625,594.39306640625,594.39306640625,594.39306640625,594.39306640625,594.39306640625,594.39306640625,594.39306640625,NA,NA,NA,NA,NA,NA,NA,NA,NA,NA,NA,NA,NA,NA,NA,NA,NA,NA,NA,NA,NA,NA
"MCK 13-3 C_91.0_588.0",NA,594.39306640625,594.39306640625,594.39306640625,594.39306640625,594.39306640625,594.39306640625,594.39306640625,594.39306640625,594.39306640625,NA,NA,NA,NA,NA,NA,NA,NA,NA,NA,NA,NA,NA,NA,NA,NA,NA,NA,NA,NA,NA,NA
"MCK 13-3 C_91.0_589.0",NA,594.39306640625,594.39306640625,594.39306640625,594.39306640625,594.39306640625,594.39306640625,594.39306640625,594.39306640625,594.39306640625,NA,NA,NA,NA,NA,NA,NA,NA,NA,NA,NA,NA,NA,NA,NA,NA,NA,NA,NA,NA,NA,NA
"MCK 13-3 C_91.0_590.0",NA,594.39306640625,594.39306640625,594.39306640625,594.39306640625,594.39306640625,594.39306640625,594.39306640625,594.39306640625,594.39306640625,NA,NA,NA,NA,NA,NA,NA,NA,NA,NA,NA,NA,NA,NA,NA,NA,NA,NA,NA,NA,NA,NA
"MCK 13-3 C_91.0_591.0",NA,594.39306640625,594.39306640625,594.39306640625,594.39306640625,594.39306640625,594.39306640625,594.39306640625,594.39306640625,594.39306640625,NA,NA,NA,NA,NA,NA,NA,NA,NA,NA,NA,NA,NA,NA,NA,NA,NA,NA,NA,NA,NA,NA
"MCK 13-3 C_91.0_598.0",NA,594.39306640625,594.39306640625,594.39306640625,594.39306640625,594.39306640625,594.39306640625,594.39306640625,594.39306640625,594.39306640625,NA,NA,NA,NA,NA,NA,NA,NA,NA,NA,NA,NA,NA,NA,NA,NA,NA,NA,NA,NA,NA,NA
"MCK 13-3 C_91.0_78.0",NA,594.39306640625,594.39306640625,594.39306640625,594.39306640625,594.39306640625,594.39306640625,594.39306640625,594.39306640625,594.39306640625,NA,NA,NA,NA,NA,NA,NA,NA,NA,NA,NA,NA,NA,NA,NA,NA,NA,NA,NA,NA,NA,NA
"MCK 13-3 C_91.0_80.0",NA,594.39306640625,594.39306640625,594.39306640625,594.39306640625,594.39306640625,594.39306640625,594.39306640625,594.39306640625,594.39306640625,NA,NA,NA,NA,NA,NA,NA,NA,NA,NA,NA,NA,NA,NA,NA,NA,NA,NA,NA,NA,NA,NA
"MCK 13-3 C_92.0_11.0",NA,594.39306640625,594.39306640625,594.39306640625,594.39306640625,594.39306640625,594.39306640625,594.39306640625,594.39306640625,594.39306640625,NA,NA,NA,NA,NA,NA,NA,NA,NA,NA,NA,NA,NA,NA,NA,NA,NA,NA,NA,NA,NA,NA
"MCK 13-3 C_92.0_12.0",NA,594.39306640625,594.39306640625,594.39306640625,594.39306640625,594.39306640625,594.39306640625,594.39306640625,594.39306640625,594.39306640625,NA,NA,NA,NA,NA,NA,NA,NA,NA,NA,NA,NA,NA,NA,NA,NA,NA,NA,NA,NA,NA,NA
"MCK 13-3 C_92.0_13.0",NA,594.39306640625,594.39306640625,594.39306640625,594.39306640625,594.39306640625,594.39306640625,594.39306640625,594.39306640625,594.39306640625,NA,NA,NA,NA,NA,NA,NA,NA,NA,NA,NA,NA,NA,NA,NA,NA,NA,NA,NA,NA,NA,NA
"MCK 13-3 C_92.0_14.0",NA,594.39306640625,594.39306640625,594.39306640625,594.39306640625,594.39306640625,594.39306640625,594.39306640625,594.39306640625,594.39306640625,NA,NA,NA,NA,NA,NA,NA,NA,NA,NA,NA,NA,NA,NA,NA,NA,NA,NA,NA,NA,NA,NA
"MCK 13-3 C_92.0_16.0",NA,594.39306640625,594.39306640625,594.39306640625,594.39306640625,594.39306640625,594.39306640625,594.39306640625,594.39306640625,594.39306640625,NA,NA,NA,NA,NA,NA,NA,NA,NA,NA,NA,NA,NA,NA,NA,NA,NA,NA,NA,NA,NA,NA
"MCK 13-3 C_92.0_17.0",NA,594.39306640625,594.39306640625,594.39306640625,594.39306640625,594.39306640625,594.39306640625,594.39306640625,594.39306640625,594.39306640625,NA,NA,NA,NA,NA,NA,NA,NA,NA,NA,NA,NA,NA,NA,NA,NA,NA,NA,NA,NA,NA,NA
"MCK 13-3 C_92.0_2.0",NA,594.39306640625,594.39306640625,594.39306640625,594.39306640625,594.39306640625,594.39306640625,594.39306640625,594.39306640625,594.39306640625,NA,NA,NA,NA,NA,NA,NA,NA,NA,NA,NA,NA,NA,NA,NA,NA,NA,NA,NA,NA,NA,NA
"MCK 13-3 C_92.0_21.0",NA,594.39306640625,594.39306640625,594.39306640625,594.39306640625,594.39306640625,594.39306640625,594.39306640625,594.39306640625,594.39306640625,NA,NA,NA,NA,NA,NA,NA,NA,NA,NA,NA,NA,NA,NA,NA,NA,NA,NA,NA,NA,NA,NA
"MCK 13-3 C_92.0_22.0",NA,594.39306640625,594.39306640625,594.39306640625,594.39306640625,594.39306640625,594.39306640625,594.39306640625,594.39306640625,594.39306640625,NA,NA,NA,NA,NA,NA,NA,NA,NA,NA,NA,NA,NA,NA,NA,NA,NA,NA,NA,NA,NA,NA
"MCK 13-3 C_92.0_25.0",NA,594.39306640625,594.39306640625,594.39306640625,594.39306640625,594.39306640625,594.39306640625,594.39306640625,594.39306640625,594.39306640625,NA,NA,NA,NA,NA,NA,NA,NA,NA,NA,NA,NA,NA,NA,NA,NA,NA,NA,NA,NA,NA,NA
"MCK 13-3 C_92.0_26.0",NA,594.39306640625,594.39306640625,594.39306640625,594.39306640625,594.39306640625,594.39306640625,594.39306640625,594.39306640625,594.39306640625,NA,NA,NA,NA,NA,NA,NA,NA,NA,NA,NA,NA,NA,NA,NA,NA,NA,NA,NA,NA,NA,NA
"MCK 13-3 C_92.0_27.0",NA,594.39306640625,594.39306640625,594.39306640625,594.39306640625,594.39306640625,594.39306640625,594.39306640625,594.39306640625,594.39306640625,NA,NA,NA,NA,NA,NA,NA,NA,NA,NA,NA,NA,NA,NA,NA,NA,NA,NA,NA,NA,NA,NA
"MCK 13-3 C_92.0_28.0",NA,594.39306640625,594.39306640625,594.39306640625,594.39306640625,594.39306640625,594.39306640625,594.39306640625,594.39306640625,594.39306640625,NA,NA,NA,NA,NA,NA,NA,NA,NA,NA,NA,NA,NA,NA,NA,NA,NA,NA,NA,NA,NA,NA
"MCK 13-3 C_92.0_29.0",NA,594.39306640625,594.39306640625,594.39306640625,594.39306640625,594.39306640625,594.39306640625,594.39306640625,594.39306640625,594.39306640625,NA,NA,NA,NA,NA,NA,NA,NA,NA,NA,NA,NA,NA,NA,NA,NA,NA,NA,NA,NA,NA,NA
"MCK 13-3 C_92.0_3.0",NA,594.39306640625,594.39306640625,594.39306640625,594.39306640625,594.39306640625,594.39306640625,594.39306640625,594.39306640625,594.39306640625,NA,NA,NA,NA,NA,NA,NA,NA,NA,NA,NA,NA,NA,NA,NA,NA,NA,NA,NA,NA,NA,NA
"MCK 13-3 C_92.0_30.0",NA,594.39306640625,594.39306640625,594.39306640625,594.39306640625,594.39306640625,594.39306640625,594.39306640625,594.39306640625,594.39306640625,NA,NA,NA,NA,NA,NA,NA,NA,NA,NA,NA,NA,NA,NA,NA,NA,NA,NA,NA,NA,NA,NA
"MCK 13-3 C_92.0_33.0",NA,594.39306640625,594.39306640625,594.39306640625,594.39306640625,594.39306640625,594.39306640625,594.39306640625,594.39306640625,594.39306640625,NA,NA,NA,NA,NA,NA,NA,NA,NA,NA,NA,NA,NA,NA,NA,NA,NA,NA,NA,NA,NA,NA
"MCK 13-3 C_92.0_34.0",NA,594.39306640625,594.39306640625,594.39306640625,594.39306640625,594.39306640625,594.39306640625,594.39306640625,594.39306640625,594.39306640625,NA,NA,NA,NA,NA,NA,NA,NA,NA,NA,NA,NA,NA,NA,NA,NA,NA,NA,NA,NA,NA,NA
"MCK 13-3 C_92.0_35.0",NA,594.39306640625,594.39306640625,594.39306640625,594.39306640625,594.39306640625,594.39306640625,594.39306640625,594.39306640625,594.39306640625,NA,NA,NA,NA,NA,NA,NA,NA,NA,NA,NA,NA,NA,NA,NA,NA,NA,NA,NA,NA,NA,NA
"MCK 13-3 C_92.0_36.0",NA,594.39306640625,594.39306640625,594.39306640625,594.39306640625,594.39306640625,594.39306640625,594.39306640625,594.39306640625,594.39306640625,NA,NA,NA,NA,NA,NA,NA,NA,NA,NA,NA,NA,NA,NA,NA,NA,NA,NA,NA,NA,NA,NA
"MCK 13-3 C_92.0_38.0",NA,594.39306640625,594.39306640625,594.39306640625,594.39306640625,594.39306640625,594.39306640625,594.39306640625,594.39306640625,594.39306640625,NA,NA,NA,NA,NA,NA,NA,NA,NA,NA,NA,NA,NA,NA,NA,NA,NA,NA,NA,NA,NA,NA
"MCK 13-3 C_92.0_39.0",NA,594.39306640625,594.39306640625,594.39306640625,594.39306640625,594.39306640625,594.39306640625,594.39306640625,594.39306640625,594.39306640625,NA,NA,NA,NA,NA,NA,NA,NA,NA,NA,NA,NA,NA,NA,NA,NA,NA,NA,NA,NA,NA,NA
"MCK 13-3 C_92.0_41.0",NA,594.39306640625,594.39306640625,594.39306640625,594.39306640625,594.39306640625,594.39306640625,594.39306640625,594.39306640625,594.39306640625,NA,NA,NA,NA,NA,NA,NA,NA,NA,NA,NA,NA,NA,NA,NA,NA,NA,NA,NA,NA,NA,NA
"MCK 13-3 C_92.0_43.0",NA,594.39306640625,594.39306640625,594.39306640625,594.39306640625,594.39306640625,594.39306640625,594.39306640625,594.39306640625,594.39306640625,NA,NA,NA,NA,NA,NA,NA,NA,NA,NA,NA,NA,NA,NA,NA,NA,NA,NA,NA,NA,NA,NA
"MCK 13-3 C_92.0_44.0",NA,594.39306640625,594.39306640625,594.39306640625,594.39306640625,594.39306640625,594.39306640625,594.39306640625,594.39306640625,594.39306640625,NA,NA,NA,NA,NA,NA,NA,NA,NA,NA,NA,NA,NA,NA,NA,NA,NA,NA,NA,NA,NA,NA
"MCK 13-3 C_92.0_45.0",NA,594.39306640625,594.39306640625,594.39306640625,594.39306640625,594.39306640625,594.39306640625,594.39306640625,594.39306640625,594.39306640625,NA,NA,NA,NA,NA,NA,NA,NA,NA,NA,NA,NA,NA,NA,NA,NA,NA,NA,NA,NA,NA,NA
"MCK 13-3 C_92.0_46.0",NA,594.39306640625,594.39306640625,594.39306640625,594.39306640625,594.39306640625,594.39306640625,594.39306640625,594.39306640625,594.39306640625,NA,NA,NA,NA,NA,NA,NA,NA,NA,NA,NA,NA,NA,NA,NA,NA,NA,NA,NA,NA,NA,NA
"MCK 13-3 C_92.0_47.0",NA,594.39306640625,594.39306640625,594.39306640625,594.39306640625,594.39306640625,594.39306640625,594.39306640625,594.39306640625,594.39306640625,NA,NA,NA,NA,NA,NA,NA,NA,NA,NA,NA,NA,NA,NA,NA,NA,NA,NA,NA,NA,NA,NA
"MCK 13-3 C_92.0_5.0",NA,594.39306640625,594.39306640625,594.39306640625,594.39306640625,594.39306640625,594.39306640625,594.39306640625,594.39306640625,594.39306640625,NA,NA,NA,NA,NA,NA,NA,NA,NA,NA,NA,NA,NA,NA,NA,NA,NA,NA,NA,NA,NA,NA
"MCK 13-3 C_92.0_51.0",NA,594.39306640625,594.39306640625,594.39306640625,594.39306640625,594.39306640625,594.39306640625,594.39306640625,594.39306640625,594.39306640625,NA,NA,NA,NA,NA,NA,NA,NA,NA,NA,NA,NA,NA,NA,NA,NA,NA,NA,NA,NA,NA,NA
"MCK 13-3 C_92.0_53.0",NA,594.39306640625,594.39306640625,594.39306640625,594.39306640625,594.39306640625,594.39306640625,594.39306640625,594.39306640625,594.39306640625,NA,NA,NA,NA,NA,NA,NA,NA,NA,NA,NA,NA,NA,NA,NA,NA,NA,NA,NA,NA,NA,NA
"MCK 13-3 C_92.0_54.0",NA,594.39306640625,594.39306640625,594.39306640625,594.39306640625,594.39306640625,594.39306640625,594.39306640625,594.39306640625,594.39306640625,NA,NA,NA,NA,NA,NA,NA,NA,NA,NA,NA,NA,NA,NA,NA,NA,NA,NA,NA,NA,NA,NA
"MCK 13-3 C_92.0_55.0",NA,594.39306640625,594.39306640625,594.39306640625,594.39306640625,594.39306640625,594.39306640625,594.39306640625,594.39306640625,594.39306640625,NA,NA,NA,NA,NA,NA,NA,NA,NA,NA,NA,NA,NA,NA,NA,NA,NA,NA,NA,NA,NA,NA
"MCK 13-3 C_92.0_56.0",NA,594.39306640625,594.39306640625,594.39306640625,594.39306640625,594.39306640625,594.39306640625,594.39306640625,594.39306640625,594.39306640625,NA,NA,NA,NA,NA,NA,NA,NA,NA,NA,NA,NA,NA,NA,NA,NA,NA,NA,NA,NA,NA,NA
"MCK 13-3 C_92.0_57.0",NA,594.39306640625,594.39306640625,594.39306640625,594.39306640625,594.39306640625,594.39306640625,594.39306640625,594.39306640625,594.39306640625,NA,NA,NA,NA,NA,NA,NA,NA,NA,NA,NA,NA,NA,NA,NA,NA,NA,NA,NA,NA,NA,NA
"MCK 13-3 C_92.0_58.0",NA,594.39306640625,594.39306640625,594.39306640625,594.39306640625,594.39306640625,594.39306640625,594.39306640625,594.39306640625,594.39306640625,NA,NA,NA,NA,NA,NA,NA,NA,NA,NA,NA,NA,NA,NA,NA,NA,NA,NA,NA,NA,NA,NA
"MCK 13-3 C_92.0_59.0",NA,594.39306640625,594.39306640625,594.39306640625,594.39306640625,594.39306640625,594.39306640625,594.39306640625,594.39306640625,594.39306640625,NA,NA,NA,NA,NA,NA,NA,NA,NA,NA,NA,NA,NA,NA,NA,NA,NA,NA,NA,NA,NA,NA
"MCK 13-3 C_92.0_6.0",NA,594.39306640625,594.39306640625,594.39306640625,594.39306640625,594.39306640625,594.39306640625,594.39306640625,594.39306640625,594.39306640625,NA,NA,NA,NA,NA,NA,NA,NA,NA,NA,NA,NA,NA,NA,NA,NA,NA,NA,NA,NA,NA,NA
"MCK 13-3 C_92.0_60.0",NA,594.39306640625,594.39306640625,594.39306640625,594.39306640625,594.39306640625,594.39306640625,594.39306640625,594.39306640625,594.39306640625,NA,NA,NA,NA,NA,NA,NA,NA,NA,NA,NA,NA,NA,NA,NA,NA,NA,NA,NA,NA,NA,NA
"MCK 13-3 C_92.0_61.0",NA,594.39306640625,594.39306640625,594.39306640625,594.39306640625,594.39306640625,594.39306640625,594.39306640625,594.39306640625,594.39306640625,NA,NA,NA,NA,NA,NA,NA,NA,NA,NA,NA,NA,NA,NA,NA,NA,NA,NA,NA,NA,NA,NA
"MCK 13-3 C_92.0_62.0",NA,594.39306640625,594.39306640625,594.39306640625,594.39306640625,594.39306640625,594.39306640625,594.39306640625,594.39306640625,594.39306640625,NA,NA,NA,NA,NA,NA,NA,NA,NA,NA,NA,NA,NA,NA,NA,NA,NA,NA,NA,NA,NA,NA
"MCK 13-3 C_92.0_64.0",NA,594.39306640625,594.39306640625,594.39306640625,594.39306640625,594.39306640625,594.39306640625,594.39306640625,594.39306640625,594.39306640625,NA,NA,NA,NA,NA,NA,NA,NA,NA,NA,NA,NA,NA,NA,NA,NA,NA,NA,NA,NA,NA,NA
"MCK 13-3 C_92.0_65.0",NA,594.39306640625,594.39306640625,594.39306640625,594.39306640625,594.39306640625,594.39306640625,594.39306640625,594.39306640625,594.39306640625,NA,NA,NA,NA,NA,NA,NA,NA,NA,NA,NA,NA,NA,NA,NA,NA,NA,NA,NA,NA,NA,NA
"MCK 13-3 C_92.0_66.0",NA,594.39306640625,594.39306640625,594.39306640625,594.39306640625,594.39306640625,594.39306640625,594.39306640625,594.39306640625,594.39306640625,NA,NA,NA,NA,NA,NA,NA,NA,NA,NA,NA,NA,NA,NA,NA,NA,NA,NA,NA,NA,NA,NA
"MCK 13-3 C_92.0_68.0",NA,594.39306640625,594.39306640625,594.39306640625,594.39306640625,594.39306640625,594.39306640625,594.39306640625,594.39306640625,594.39306640625,NA,NA,NA,NA,NA,NA,NA,NA,NA,NA,NA,NA,NA,NA,NA,NA,NA,NA,NA,NA,NA,NA
"MCK 13-3 C_92.0_7.0",NA,594.39306640625,594.39306640625,594.39306640625,594.39306640625,594.39306640625,594.39306640625,594.39306640625,594.39306640625,594.39306640625,NA,NA,NA,NA,NA,NA,NA,NA,NA,NA,NA,NA,NA,NA,NA,NA,NA,NA,NA,NA,NA,NA
"MCK 13-3 C_92.0_71.0",NA,594.39306640625,594.39306640625,594.39306640625,594.39306640625,594.39306640625,594.39306640625,594.39306640625,594.39306640625,594.39306640625,NA,NA,NA,NA,NA,NA,NA,NA,NA,NA,NA,NA,NA,NA,NA,NA,NA,NA,NA,NA,NA,NA
"MCK 13-3 C_92.0_72.0",NA,594.39306640625,594.39306640625,594.39306640625,594.39306640625,594.39306640625,594.39306640625,594.39306640625,594.39306640625,594.39306640625,NA,NA,NA,NA,NA,NA,NA,NA,NA,NA,NA,NA,NA,NA,NA,NA,NA,NA,NA,NA,NA,NA
"MCK 13-3 C_92.0_73.0",NA,594.39306640625,594.39306640625,594.39306640625,594.39306640625,594.39306640625,594.39306640625,594.39306640625,594.39306640625,594.39306640625,NA,NA,NA,NA,NA,NA,NA,NA,NA,NA,NA,NA,NA,NA,NA,NA,NA,NA,NA,NA,NA,NA
"MCK 13-3 C_92.0_75.0",NA,594.39306640625,594.39306640625,594.39306640625,594.39306640625,594.39306640625,594.39306640625,594.39306640625,594.39306640625,594.39306640625,NA,NA,NA,NA,NA,NA,NA,NA,NA,NA,NA,NA,NA,NA,NA,NA,NA,NA,NA,NA,NA,NA
"MCK 13-3 C_92.0_76.0",NA,594.39306640625,594.39306640625,594.39306640625,594.39306640625,594.39306640625,594.39306640625,594.39306640625,594.39306640625,594.39306640625,NA,NA,NA,NA,NA,NA,NA,NA,NA,NA,NA,NA,NA,NA,NA,NA,NA,NA,NA,NA,NA,NA
"MCK 13-3 C_92.0_77.0",NA,594.39306640625,594.39306640625,594.39306640625,594.39306640625,594.39306640625,594.39306640625,594.39306640625,594.39306640625,594.39306640625,NA,NA,NA,NA,NA,NA,NA,NA,NA,NA,NA,NA,NA,NA,NA,NA,NA,NA,NA,NA,NA,NA
"MCK 13-3 C_92.0_8.0",NA,594.39306640625,594.39306640625,594.39306640625,594.39306640625,594.39306640625,594.39306640625,594.39306640625,594.39306640625,594.39306640625,NA,NA,NA,NA,NA,NA,NA,NA,NA,NA,NA,NA,NA,NA,NA,NA,NA,NA,NA,NA,NA,NA
"MCK 13-3 C_92.0_97.0",NA,594.39306640625,594.39306640625,594.39306640625,594.39306640625,594.39306640625,594.39306640625,594.39306640625,594.39306640625,594.39306640625,NA,NA,NA,NA,NA,NA,NA,NA,NA,NA,NA,NA,NA,NA,NA,NA,NA,NA,NA,NA,NA,NA
"MCK 13-3 C_93.0_301.0",NA,594.39306640625,594.39306640625,594.39306640625,594.39306640625,594.39306640625,594.39306640625,594.39306640625,594.39306640625,594.39306640625,NA,NA,NA,NA,NA,NA,NA,NA,NA,NA,NA,NA,NA,NA,NA,NA,NA,NA,NA,NA,NA,NA
"MCK 13-3 C_93.0_302.0",NA,594.39306640625,594.39306640625,594.39306640625,594.39306640625,594.39306640625,594.39306640625,594.39306640625,594.39306640625,594.39306640625,NA,NA,NA,NA,NA,NA,NA,NA,NA,NA,NA,NA,NA,NA,NA,NA,NA,NA,NA,NA,NA,NA
"MCK 13-3 C_93.0_303.0",NA,594.39306640625,594.39306640625,594.39306640625,594.39306640625,594.39306640625,594.39306640625,594.39306640625,594.39306640625,594.39306640625,NA,NA,NA,NA,NA,NA,NA,NA,NA,NA,NA,NA,NA,NA,NA,NA,NA,NA,NA,NA,NA,NA
"MCK 13-3 C_93.0_304.0",NA,594.39306640625,594.39306640625,594.39306640625,594.39306640625,594.39306640625,594.39306640625,594.39306640625,594.39306640625,594.39306640625,NA,NA,NA,NA,NA,NA,NA,NA,NA,NA,NA,NA,NA,NA,NA,NA,NA,NA,NA,NA,NA,NA
"MCK 13-3 C_93.0_305.0",NA,594.39306640625,594.39306640625,594.39306640625,594.39306640625,594.39306640625,594.39306640625,594.39306640625,594.39306640625,594.39306640625,NA,NA,NA,NA,NA,NA,NA,NA,NA,NA,NA,NA,NA,NA,NA,NA,NA,NA,NA,NA,NA,NA
"MCK 13-3 C_93.0_306.0",NA,594.39306640625,594.39306640625,594.39306640625,594.39306640625,594.39306640625,594.39306640625,594.39306640625,594.39306640625,594.39306640625,NA,NA,NA,NA,NA,NA,NA,NA,NA,NA,NA,NA,NA,NA,NA,NA,NA,NA,NA,NA,NA,NA
"MCK 13-3 C_93.0_307.0",NA,594.39306640625,594.39306640625,594.39306640625,594.39306640625,594.39306640625,594.39306640625,594.39306640625,594.39306640625,594.39306640625,NA,NA,NA,NA,NA,NA,NA,NA,NA,NA,NA,NA,NA,NA,NA,NA,NA,NA,NA,NA,NA,NA
"MCK 13-3 C_93.0_308.0",NA,594.39306640625,594.39306640625,594.39306640625,594.39306640625,594.39306640625,594.39306640625,594.39306640625,594.39306640625,594.39306640625,NA,NA,NA,NA,NA,NA,NA,NA,NA,NA,NA,NA,NA,NA,NA,NA,NA,NA,NA,NA,NA,NA
"MCK 13-3 C_93.0_309.0",NA,594.39306640625,594.39306640625,594.39306640625,594.39306640625,594.39306640625,594.39306640625,594.39306640625,594.39306640625,594.39306640625,NA,NA,NA,NA,NA,NA,NA,NA,NA,NA,NA,NA,NA,NA,NA,NA,NA,NA,NA,NA,NA,NA
"MCK 13-3 C_93.0_310.0",NA,594.39306640625,594.39306640625,594.39306640625,594.39306640625,594.39306640625,594.39306640625,594.39306640625,594.39306640625,594.39306640625,NA,NA,NA,NA,NA,NA,NA,NA,NA,NA,NA,NA,NA,NA,NA,NA,NA,NA,NA,NA,NA,NA
"MCK 13-3 C_93.0_311.0",NA,594.39306640625,594.39306640625,594.39306640625,594.39306640625,594.39306640625,594.39306640625,594.39306640625,594.39306640625,594.39306640625,NA,NA,NA,NA,NA,NA,NA,NA,NA,NA,NA,NA,NA,NA,NA,NA,NA,NA,NA,NA,NA,NA
"MCK 13-3 C_93.0_312.0",NA,594.39306640625,594.39306640625,594.39306640625,594.39306640625,594.39306640625,594.39306640625,594.39306640625,594.39306640625,594.39306640625,NA,NA,NA,NA,NA,NA,NA,NA,NA,NA,NA,NA,NA,NA,NA,NA,NA,NA,NA,NA,NA,NA
"MCK 13-3 C_93.0_313.0",NA,594.39306640625,594.39306640625,594.39306640625,594.39306640625,594.39306640625,594.39306640625,594.39306640625,594.39306640625,594.39306640625,NA,NA,NA,NA,NA,NA,NA,NA,NA,NA,NA,NA,NA,NA,NA,NA,NA,NA,NA,NA,NA,NA
"MCK 13-3 C_93.0_79.0",NA,594.39306640625,594.39306640625,594.39306640625,594.39306640625,594.39306640625,594.39306640625,594.39306640625,594.39306640625,594.39306640625,NA,NA,NA,NA,NA,NA,NA,NA,NA,NA,NA,NA,NA,NA,NA,NA,NA,NA,NA,NA,NA,NA
"MCK 13-3 C_93.0_80.0",NA,594.39306640625,594.39306640625,594.39306640625,594.39306640625,594.39306640625,594.39306640625,594.39306640625,594.39306640625,594.39306640625,NA,NA,NA,NA,NA,NA,NA,NA,NA,NA,NA,NA,NA,NA,NA,NA,NA,NA,NA,NA,NA,NA
"MCK 13-3 C_93.0_81.0",NA,594.39306640625,594.39306640625,594.39306640625,594.39306640625,594.39306640625,594.39306640625,594.39306640625,594.39306640625,594.39306640625,NA,NA,NA,NA,NA,NA,NA,NA,NA,NA,NA,NA,NA,NA,NA,NA,NA,NA,NA,NA,NA,NA
"MCK 13-3 C_93.0_82.0",NA,594.39306640625,594.39306640625,594.39306640625,594.39306640625,594.39306640625,594.39306640625,594.39306640625,594.39306640625,594.39306640625,NA,NA,NA,NA,NA,NA,NA,NA,NA,NA,NA,NA,NA,NA,NA,NA,NA,NA,NA,NA,NA,NA
"MCK 13-3 C_93.0_83.0",NA,594.39306640625,594.39306640625,594.39306640625,594.39306640625,594.39306640625,594.39306640625,594.39306640625,594.39306640625,594.39306640625,NA,NA,NA,NA,NA,NA,NA,NA,NA,NA,NA,NA,NA,NA,NA,NA,NA,NA,NA,NA,NA,NA
"MCK 13-3 C_93.0_84.0",NA,594.39306640625,594.39306640625,594.39306640625,594.39306640625,594.39306640625,594.39306640625,594.39306640625,594.39306640625,594.39306640625,NA,NA,NA,NA,NA,NA,NA,NA,NA,NA,NA,NA,NA,NA,NA,NA,NA,NA,NA,NA,NA,NA
"MCK 13-3 C_93.0_85.0",NA,594.39306640625,594.39306640625,594.39306640625,594.39306640625,594.39306640625,594.39306640625,594.39306640625,594.39306640625,594.39306640625,NA,NA,NA,NA,NA,NA,NA,NA,NA,NA,NA,NA,NA,NA,NA,NA,NA,NA,NA,NA,NA,NA
"MCK 13-3 C_93.0_86.0",NA,594.39306640625,594.39306640625,594.39306640625,594.39306640625,594.39306640625,594.39306640625,594.39306640625,594.39306640625,594.39306640625,NA,NA,NA,NA,NA,NA,NA,NA,NA,NA,NA,NA,NA,NA,NA,NA,NA,NA,NA,NA,NA,NA
"MCK 13-3 C_93.0_87.0",NA,594.39306640625,594.39306640625,594.39306640625,594.39306640625,594.39306640625,594.39306640625,594.39306640625,594.39306640625,594.39306640625,NA,NA,NA,NA,NA,NA,NA,NA,NA,NA,NA,NA,NA,NA,NA,NA,NA,NA,NA,NA,NA,NA
"MCK 13-3 C_93.0_88.0",NA,594.39306640625,594.39306640625,594.39306640625,594.39306640625,594.39306640625,594.39306640625,594.39306640625,594.39306640625,594.39306640625,NA,NA,NA,NA,NA,NA,NA,NA,NA,NA,NA,NA,NA,NA,NA,NA,NA,NA,NA,NA,NA,NA
"MCK 13-3 C_93.0_89.0",NA,594.39306640625,594.39306640625,594.39306640625,594.39306640625,594.39306640625,594.39306640625,594.39306640625,594.39306640625,594.39306640625,NA,NA,NA,NA,NA,NA,NA,NA,NA,NA,NA,NA,NA,NA,NA,NA,NA,NA,NA,NA,NA,NA
"MCK 13-3 C_93.0_90.0",NA,594.39306640625,594.39306640625,594.39306640625,594.39306640625,594.39306640625,594.39306640625,594.39306640625,594.39306640625,594.39306640625,NA,NA,NA,NA,NA,NA,NA,NA,NA,NA,NA,NA,NA,NA,NA,NA,NA,NA,NA,NA,NA,NA
"MCK 13-3 C_93.0_91.0",NA,594.39306640625,594.39306640625,594.39306640625,594.39306640625,594.39306640625,594.39306640625,594.39306640625,594.39306640625,594.39306640625,NA,NA,NA,NA,NA,NA,NA,NA,NA,NA,NA,NA,NA,NA,NA,NA,NA,NA,NA,NA,NA,NA
"MCK 13-3 C_93.0_92.0",NA,594.39306640625,594.39306640625,594.39306640625,594.39306640625,594.39306640625,594.39306640625,594.39306640625,594.39306640625,594.39306640625,NA,NA,NA,NA,NA,NA,NA,NA,NA,NA,NA,NA,NA,NA,NA,NA,NA,NA,NA,NA,NA,NA
"MCK 13-3 C_93.0_95.0",NA,594.39306640625,594.39306640625,594.39306640625,594.39306640625,594.39306640625,594.39306640625,594.39306640625,594.39306640625,594.39306640625,NA,NA,NA,NA,NA,NA,NA,NA,NA,NA,NA,NA,NA,NA,NA,NA,NA,NA,NA,NA,NA,NA
"MCK 13-3 C_93.0_96.0",NA,594.39306640625,594.39306640625,594.39306640625,594.39306640625,594.39306640625,594.39306640625,594.39306640625,594.39306640625,594.39306640625,NA,NA,NA,NA,NA,NA,NA,NA,NA,NA,NA,NA,NA,NA,NA,NA,NA,NA,NA,NA,NA,NA
"MCK 13-3 C_93.0_97.0",NA,594.39306640625,594.39306640625,594.39306640625,594.39306640625,594.39306640625,594.39306640625,594.39306640625,594.39306640625,594.39306640625,NA,NA,NA,NA,NA,NA,NA,NA,NA,NA,NA,NA,NA,NA,NA,NA,NA,NA,NA,NA,NA,NA
"MCK 13-3 C_93.0_98.0",NA,594.39306640625,594.39306640625,594.39306640625,594.39306640625,594.39306640625,594.39306640625,594.39306640625,594.39306640625,594.39306640625,NA,NA,NA,NA,NA,NA,NA,NA,NA,NA,NA,NA,NA,NA,NA,NA,NA,NA,NA,NA,NA,NA
"MCK 13-3 C_93.0_99.0",NA,594.39306640625,594.39306640625,594.39306640625,594.39306640625,594.39306640625,594.39306640625,594.39306640625,594.39306640625,594.39306640625,NA,NA,NA,NA,NA,NA,NA,NA,NA,NA,NA,NA,NA,NA,NA,NA,NA,NA,NA,NA,NA,NA
"MCK 13-3 C_93.0_997.0",NA,594.39306640625,594.39306640625,594.39306640625,594.39306640625,594.39306640625,594.39306640625,594.39306640625,594.39306640625,594.39306640625,NA,NA,NA,NA,NA,NA,NA,NA,NA,NA,NA,NA,NA,NA,NA,NA,NA,NA,NA,NA,NA,NA
"MCK 13-3 C_93.0_998.0",NA,594.39306640625,594.39306640625,594.39306640625,594.39306640625,594.39306640625,594.39306640625,594.39306640625,594.39306640625,594.39306640625,NA,NA,NA,NA,NA,NA,NA,NA,NA,NA,NA,NA,NA,NA,NA,NA,NA,NA,NA,NA,NA,NA
"MCK 13-3 T_34.0_34.0",NA,594.39306640625,594.39306640625,594.39306640625,594.39306640625,594.39306640625,594.39306640625,594.39306640625,594.39306640625,594.39306640625,NA,NA,NA,NA,NA,NA,NA,NA,NA,NA,NA,NA,NA,NA,NA,NA,NA,NA,NA,NA,NA,NA
"MCK 13-3 T_34.0_404.0",NA,594.39306640625,594.39306640625,594.39306640625,594.39306640625,594.39306640625,594.39306640625,594.39306640625,594.39306640625,594.39306640625,NA,NA,NA,NA,NA,NA,NA,NA,NA,NA,NA,NA,NA,NA,NA,NA,NA,NA,NA,NA,NA,NA
"MCK 13-3 T_34.0_429.0",NA,594.39306640625,594.39306640625,594.39306640625,594.39306640625,594.39306640625,594.39306640625,594.39306640625,594.39306640625,594.39306640625,NA,NA,NA,NA,NA,NA,NA,NA,NA,NA,NA,NA,NA,NA,NA,NA,NA,NA,NA,NA,NA,NA
"MCK 13-3 T_34.0_430.0",NA,594.39306640625,594.39306640625,594.39306640625,594.39306640625,594.39306640625,594.39306640625,594.39306640625,594.39306640625,594.39306640625,NA,NA,NA,NA,NA,NA,NA,NA,NA,NA,NA,NA,NA,NA,NA,NA,NA,NA,NA,NA,NA,NA
"MCK 13-3 T_34.0_547.0",NA,594.39306640625,594.39306640625,594.39306640625,594.39306640625,594.39306640625,594.39306640625,594.39306640625,594.39306640625,594.39306640625,NA,NA,NA,NA,NA,NA,NA,NA,NA,NA,NA,NA,NA,NA,NA,NA,NA,NA,NA,NA,NA,NA
"MCK 13-3 T_34.0_556.0",NA,594.39306640625,594.39306640625,594.39306640625,594.39306640625,594.39306640625,594.39306640625,594.39306640625,594.39306640625,594.39306640625,NA,NA,NA,NA,NA,NA,NA,NA,NA,NA,NA,NA,NA,NA,NA,NA,NA,NA,NA,NA,NA,NA
"MCK 13-3 T_34.0_564.0",NA,594.39306640625,594.39306640625,594.39306640625,594.39306640625,594.39306640625,594.39306640625,594.39306640625,594.39306640625,594.39306640625,NA,NA,NA,NA,NA,NA,NA,NA,NA,NA,NA,NA,NA,NA,NA,NA,NA,NA,NA,NA,NA,NA
"MCK 13-3 T_34.0_584.0",NA,594.39306640625,594.39306640625,594.39306640625,594.39306640625,594.39306640625,594.39306640625,594.39306640625,594.39306640625,594.39306640625,NA,NA,NA,NA,NA,NA,NA,NA,NA,NA,NA,NA,NA,NA,NA,NA,NA,NA,NA,NA,NA,NA
"MCK 13-3 T_34.0_589.0",NA,594.39306640625,594.39306640625,594.39306640625,594.39306640625,594.39306640625,594.39306640625,594.39306640625,594.39306640625,594.39306640625,NA,NA,NA,NA,NA,NA,NA,NA,NA,NA,NA,NA,NA,NA,NA,NA,NA,NA,NA,NA,NA,NA
"MCK 13-3 T_34.0_597.0",NA,594.39306640625,594.39306640625,594.39306640625,594.39306640625,594.39306640625,594.39306640625,594.39306640625,594.39306640625,594.39306640625,NA,NA,NA,NA,NA,NA,NA,NA,NA,NA,NA,NA,NA,NA,NA,NA,NA,NA,NA,NA,NA,NA
"MCK 13-3 T_35.0_23.0",NA,594.39306640625,594.39306640625,594.39306640625,594.39306640625,594.39306640625,594.39306640625,594.39306640625,594.39306640625,594.39306640625,NA,NA,NA,NA,NA,NA,NA,NA,NA,NA,NA,NA,NA,NA,NA,NA,NA,NA,NA,NA,NA,NA
"MCK 13-3 T_35.0_24.0",NA,594.39306640625,594.39306640625,594.39306640625,594.39306640625,594.39306640625,594.39306640625,594.39306640625,594.39306640625,594.39306640625,NA,NA,NA,NA,NA,NA,NA,NA,NA,NA,NA,NA,NA,NA,NA,NA,NA,NA,NA,NA,NA,NA
"MCK 13-3 T_35.0_435.0",NA,594.39306640625,594.39306640625,594.39306640625,594.39306640625,594.39306640625,594.39306640625,594.39306640625,594.39306640625,594.39306640625,NA,NA,NA,NA,NA,NA,NA,NA,NA,NA,NA,NA,NA,NA,NA,NA,NA,NA,NA,NA,NA,NA
"MCK 13-3 T_35.0_447.0",NA,594.39306640625,594.39306640625,594.39306640625,594.39306640625,594.39306640625,594.39306640625,594.39306640625,594.39306640625,594.39306640625,NA,NA,NA,NA,NA,NA,NA,NA,NA,NA,NA,NA,NA,NA,NA,NA,NA,NA,NA,NA,NA,NA
"MCK 13-3 T_35.0_452.0",NA,594.39306640625,594.39306640625,594.39306640625,594.39306640625,594.39306640625,594.39306640625,594.39306640625,594.39306640625,594.39306640625,NA,NA,NA,NA,NA,NA,NA,NA,NA,NA,NA,NA,NA,NA,NA,NA,NA,NA,NA,NA,NA,NA
"MCK 13-3 T_35.0_465.0",NA,594.39306640625,594.39306640625,594.39306640625,594.39306640625,594.39306640625,594.39306640625,594.39306640625,594.39306640625,594.39306640625,NA,NA,NA,NA,NA,NA,NA,NA,NA,NA,NA,NA,NA,NA,NA,NA,NA,NA,NA,NA,NA,NA
"MCK 13-3 T_35.0_468.0",NA,594.39306640625,594.39306640625,594.39306640625,594.39306640625,594.39306640625,594.39306640625,594.39306640625,594.39306640625,594.39306640625,NA,NA,NA,NA,NA,NA,NA,NA,NA,NA,NA,NA,NA,NA,NA,NA,NA,NA,NA,NA,NA,NA
"MCK 13-3 T_35.0_477.0",NA,594.39306640625,594.39306640625,594.39306640625,594.39306640625,594.39306640625,594.39306640625,594.39306640625,594.39306640625,594.39306640625,NA,NA,NA,NA,NA,NA,NA,NA,NA,NA,NA,NA,NA,NA,NA,NA,NA,NA,NA,NA,NA,NA
"MCK 13-3 T_35.0_495.0",NA,594.39306640625,594.39306640625,594.39306640625,594.39306640625,594.39306640625,594.39306640625,594.39306640625,594.39306640625,594.39306640625,NA,NA,NA,NA,NA,NA,NA,NA,NA,NA,NA,NA,NA,NA,NA,NA,NA,NA,NA,NA,NA,NA
"MCK 13-3 T_35.0_499.0",NA,594.39306640625,594.39306640625,594.39306640625,594.39306640625,594.39306640625,594.39306640625,594.39306640625,594.39306640625,594.39306640625,NA,NA,NA,NA,NA,NA,NA,NA,NA,NA,NA,NA,NA,NA,NA,NA,NA,NA,NA,NA,NA,NA
"MCK 13-3 T_36.0_201.0",NA,594.39306640625,594.39306640625,594.39306640625,594.39306640625,594.39306640625,594.39306640625,594.39306640625,594.39306640625,594.39306640625,NA,NA,NA,NA,NA,NA,NA,NA,NA,NA,NA,NA,NA,NA,NA,NA,NA,NA,NA,NA,NA,NA
"MCK 13-3 T_36.0_209.0",NA,594.39306640625,594.39306640625,594.39306640625,594.39306640625,594.39306640625,594.39306640625,594.39306640625,594.39306640625,594.39306640625,NA,NA,NA,NA,NA,NA,NA,NA,NA,NA,NA,NA,NA,NA,NA,NA,NA,NA,NA,NA,NA,NA
"MCK 13-3 T_36.0_225.0",NA,594.39306640625,594.39306640625,594.39306640625,594.39306640625,594.39306640625,594.39306640625,594.39306640625,594.39306640625,594.39306640625,NA,NA,NA,NA,NA,NA,NA,NA,NA,NA,NA,NA,NA,NA,NA,NA,NA,NA,NA,NA,NA,NA
"MCK 13-3 T_36.0_235.0",NA,594.39306640625,594.39306640625,594.39306640625,594.39306640625,594.39306640625,594.39306640625,594.39306640625,594.39306640625,594.39306640625,NA,NA,NA,NA,NA,NA,NA,NA,NA,NA,NA,NA,NA,NA,NA,NA,NA,NA,NA,NA,NA,NA
"MCK 13-3 T_36.0_242.0",NA,594.39306640625,594.39306640625,594.39306640625,594.39306640625,594.39306640625,594.39306640625,594.39306640625,594.39306640625,594.39306640625,NA,NA,NA,NA,NA,NA,NA,NA,NA,NA,NA,NA,NA,NA,NA,NA,NA,NA,NA,NA,NA,NA
"MCK 13-3 T_36.0_25.0",NA,594.39306640625,594.39306640625,594.39306640625,594.39306640625,594.39306640625,594.39306640625,594.39306640625,594.39306640625,594.39306640625,NA,NA,NA,NA,NA,NA,NA,NA,NA,NA,NA,NA,NA,NA,NA,NA,NA,NA,NA,NA,NA,NA
"MCK 13-3 T_36.0_250.0",NA,594.39306640625,594.39306640625,594.39306640625,594.39306640625,594.39306640625,594.39306640625,594.39306640625,594.39306640625,594.39306640625,NA,NA,NA,NA,NA,NA,NA,NA,NA,NA,NA,NA,NA,NA,NA,NA,NA,NA,NA,NA,NA,NA
"MCK 13-3 T_36.0_251.0",NA,594.39306640625,594.39306640625,594.39306640625,594.39306640625,594.39306640625,594.39306640625,594.39306640625,594.39306640625,594.39306640625,NA,NA,NA,NA,NA,NA,NA,NA,NA,NA,NA,NA,NA,NA,NA,NA,NA,NA,NA,NA,NA,NA
"MCK 13-3 T_36.0_256.0",NA,594.39306640625,594.39306640625,594.39306640625,594.39306640625,594.39306640625,594.39306640625,594.39306640625,594.39306640625,594.39306640625,NA,NA,NA,NA,NA,NA,NA,NA,NA,NA,NA,NA,NA,NA,NA,NA,NA,NA,NA,NA,NA,NA
"MCK 13-3 T_36.0_263.0",NA,594.39306640625,594.39306640625,594.39306640625,594.39306640625,594.39306640625,594.39306640625,594.39306640625,594.39306640625,594.39306640625,NA,NA,NA,NA,NA,NA,NA,NA,NA,NA,NA,NA,NA,NA,NA,NA,NA,NA,NA,NA,NA,NA
"MCK 13-3 T_36.0_271.0",NA,594.39306640625,594.39306640625,594.39306640625,594.39306640625,594.39306640625,594.39306640625,594.39306640625,594.39306640625,594.39306640625,NA,NA,NA,NA,NA,NA,NA,NA,NA,NA,NA,NA,NA,NA,NA,NA,NA,NA,NA,NA,NA,NA
"MCK 13-3 T_36.0_275.0",NA,594.39306640625,594.39306640625,594.39306640625,594.39306640625,594.39306640625,594.39306640625,594.39306640625,594.39306640625,594.39306640625,NA,NA,NA,NA,NA,NA,NA,NA,NA,NA,NA,NA,NA,NA,NA,NA,NA,NA,NA,NA,NA,NA
"MCK 13-3 T_36.0_279.0",NA,594.39306640625,594.39306640625,594.39306640625,594.39306640625,594.39306640625,594.39306640625,594.39306640625,594.39306640625,594.39306640625,NA,NA,NA,NA,NA,NA,NA,NA,NA,NA,NA,NA,NA,NA,NA,NA,NA,NA,NA,NA,NA,NA
"MCK 13-3 T_36.0_284.0",NA,594.39306640625,594.39306640625,594.39306640625,594.39306640625,594.39306640625,594.39306640625,594.39306640625,594.39306640625,594.39306640625,NA,NA,NA,NA,NA,NA,NA,NA,NA,NA,NA,NA,NA,NA,NA,NA,NA,NA,NA,NA,NA,NA
"MCK 13-3 T_36.0_289.0",NA,594.39306640625,594.39306640625,594.39306640625,594.39306640625,594.39306640625,594.39306640625,594.39306640625,594.39306640625,594.39306640625,NA,NA,NA,NA,NA,NA,NA,NA,NA,NA,NA,NA,NA,NA,NA,NA,NA,NA,NA,NA,NA,NA
"MCK 13-3 T_46.0_166.0",NA,594.39306640625,594.39306640625,594.39306640625,594.39306640625,594.39306640625,594.39306640625,594.39306640625,594.39306640625,594.39306640625,NA,NA,NA,NA,NA,NA,NA,NA,NA,NA,NA,NA,NA,NA,NA,NA,NA,NA,NA,NA,NA,NA
"MCK 13-3 T_46.0_168.0",NA,594.39306640625,594.39306640625,594.39306640625,594.39306640625,594.39306640625,594.39306640625,594.39306640625,594.39306640625,594.39306640625,NA,NA,NA,NA,NA,NA,NA,NA,NA,NA,NA,NA,NA,NA,NA,NA,NA,NA,NA,NA,NA,NA
"MCK 13-3 T_46.0_171.0",NA,594.39306640625,594.39306640625,594.39306640625,594.39306640625,594.39306640625,594.39306640625,594.39306640625,594.39306640625,594.39306640625,NA,NA,NA,NA,NA,NA,NA,NA,NA,NA,NA,NA,NA,NA,NA,NA,NA,NA,NA,NA,NA,NA
"MCK 13-3 T_46.0_185.0",NA,594.39306640625,594.39306640625,594.39306640625,594.39306640625,594.39306640625,594.39306640625,594.39306640625,594.39306640625,594.39306640625,NA,NA,NA,NA,NA,NA,NA,NA,NA,NA,NA,NA,NA,NA,NA,NA,NA,NA,NA,NA,NA,NA
"MCK 13-3 T_46.0_187.0",NA,594.39306640625,594.39306640625,594.39306640625,594.39306640625,594.39306640625,594.39306640625,594.39306640625,594.39306640625,594.39306640625,NA,NA,NA,NA,NA,NA,NA,NA,NA,NA,NA,NA,NA,NA,NA,NA,NA,NA,NA,NA,NA,NA
"MCK 13-3 T_46.0_26.0",NA,594.39306640625,594.39306640625,594.39306640625,594.39306640625,594.39306640625,594.39306640625,594.39306640625,594.39306640625,594.39306640625,NA,NA,NA,NA,NA,NA,NA,NA,NA,NA,NA,NA,NA,NA,NA,NA,NA,NA,NA,NA,NA,NA
"MCK 13-3 T_46.0_27.0",NA,594.39306640625,594.39306640625,594.39306640625,594.39306640625,594.39306640625,594.39306640625,594.39306640625,594.39306640625,594.39306640625,NA,NA,NA,NA,NA,NA,NA,NA,NA,NA,NA,NA,NA,NA,NA,NA,NA,NA,NA,NA,NA,NA
"MCK 13-3 T_46.0_28.0",NA,594.39306640625,594.39306640625,594.39306640625,594.39306640625,594.39306640625,594.39306640625,594.39306640625,594.39306640625,594.39306640625,NA,NA,NA,NA,NA,NA,NA,NA,NA,NA,NA,NA,NA,NA,NA,NA,NA,NA,NA,NA,NA,NA
"MCK 13-3 T_46.0_295.0",NA,594.39306640625,594.39306640625,594.39306640625,594.39306640625,594.39306640625,594.39306640625,594.39306640625,594.39306640625,594.39306640625,NA,NA,NA,NA,NA,NA,NA,NA,NA,NA,NA,NA,NA,NA,NA,NA,NA,NA,NA,NA,NA,NA
"MCK 13-3 T_46.0_297.0",NA,594.39306640625,594.39306640625,594.39306640625,594.39306640625,594.39306640625,594.39306640625,594.39306640625,594.39306640625,594.39306640625,NA,NA,NA,NA,NA,NA,NA,NA,NA,NA,NA,NA,NA,NA,NA,NA,NA,NA,NA,NA,NA,NA
"MCK 13-3 T_46.0_609.0",NA,594.39306640625,594.39306640625,594.39306640625,594.39306640625,594.39306640625,594.39306640625,594.39306640625,594.39306640625,594.39306640625,NA,NA,NA,NA,NA,NA,NA,NA,NA,NA,NA,NA,NA,NA,NA,NA,NA,NA,NA,NA,NA,NA
"MCK 13-3 T_46.0_621.0",NA,594.39306640625,594.39306640625,594.39306640625,594.39306640625,594.39306640625,594.39306640625,594.39306640625,594.39306640625,594.39306640625,NA,NA,NA,NA,NA,NA,NA,NA,NA,NA,NA,NA,NA,NA,NA,NA,NA,NA,NA,NA,NA,NA
"MCK 13-3 T_46.0_622.0",NA,594.39306640625,594.39306640625,594.39306640625,594.39306640625,594.39306640625,594.39306640625,594.39306640625,594.39306640625,594.39306640625,NA,NA,NA,NA,NA,NA,NA,NA,NA,NA,NA,NA,NA,NA,NA,NA,NA,NA,NA,NA,NA,NA
"MCK 13-3 T_53.0_23.0",NA,594.39306640625,594.39306640625,594.39306640625,594.39306640625,594.39306640625,594.39306640625,594.39306640625,594.39306640625,594.39306640625,NA,NA,NA,NA,NA,NA,NA,NA,NA,NA,NA,NA,NA,NA,NA,NA,NA,NA,NA,NA,NA,NA
"MCK 13-3 T_53.0_4.0",NA,594.39306640625,594.39306640625,594.39306640625,594.39306640625,594.39306640625,594.39306640625,594.39306640625,594.39306640625,594.39306640625,NA,NA,NA,NA,NA,NA,NA,NA,NA,NA,NA,NA,NA,NA,NA,NA,NA,NA,NA,NA,NA,NA
"MCK 13-3 T_53.0_6.0",NA,594.39306640625,594.39306640625,594.39306640625,594.39306640625,594.39306640625,594.39306640625,594.39306640625,594.39306640625,594.39306640625,NA,NA,NA,NA,NA,NA,NA,NA,NA,NA,NA,NA,NA,NA,NA,NA,NA,NA,NA,NA,NA,NA
"MCK 13-3 T_53.0_959.0",NA,594.39306640625,594.39306640625,594.39306640625,594.39306640625,594.39306640625,594.39306640625,594.39306640625,594.39306640625,594.39306640625,NA,NA,NA,NA,NA,NA,NA,NA,NA,NA,NA,NA,NA,NA,NA,NA,NA,NA,NA,NA,NA,NA
"MCK 13-3 T_53.0_976.0",NA,594.39306640625,594.39306640625,594.39306640625,594.39306640625,594.39306640625,594.39306640625,594.39306640625,594.39306640625,594.39306640625,NA,NA,NA,NA,NA,NA,NA,NA,NA,NA,NA,NA,NA,NA,NA,NA,NA,NA,NA,NA,NA,NA
"MCK 13-3 T_53.0_980.0",NA,594.39306640625,594.39306640625,594.39306640625,594.39306640625,594.39306640625,594.39306640625,594.39306640625,594.39306640625,594.39306640625,NA,NA,NA,NA,NA,NA,NA,NA,NA,NA,NA,NA,NA,NA,NA,NA,NA,NA,NA,NA,NA,NA
"MCK 13-3 T_53.0_990.0",NA,594.39306640625,594.39306640625,594.39306640625,594.39306640625,594.39306640625,594.39306640625,594.39306640625,594.39306640625,594.39306640625,NA,NA,NA,NA,NA,NA,NA,NA,NA,NA,NA,NA,NA,NA,NA,NA,NA,NA,NA,NA,NA,NA
"MCK 13-3 T_53.0_994.0",NA,594.39306640625,594.39306640625,594.39306640625,594.39306640625,594.39306640625,594.39306640625,594.39306640625,594.39306640625,594.39306640625,NA,NA,NA,NA,NA,NA,NA,NA,NA,NA,NA,NA,NA,NA,NA,NA,NA,NA,NA,NA,NA,NA
"MCK 13-3 T_53.0_996.0",NA,594.39306640625,594.39306640625,594.39306640625,594.39306640625,594.39306640625,594.39306640625,594.39306640625,594.39306640625,594.39306640625,NA,NA,NA,NA,NA,NA,NA,NA,NA,NA,NA,NA,NA,NA,NA,NA,NA,NA,NA,NA,NA,NA
"MCK 13-3 T_63.0_404.0",NA,594.39306640625,594.39306640625,594.39306640625,594.39306640625,594.39306640625,594.39306640625,594.39306640625,594.39306640625,594.39306640625,NA,NA,NA,NA,NA,NA,NA,NA,NA,NA,NA,NA,NA,NA,NA,NA,NA,NA,NA,NA,NA,NA
"MCK 13-3 T_63.0_405.0",NA,594.39306640625,594.39306640625,594.39306640625,594.39306640625,594.39306640625,594.39306640625,594.39306640625,594.39306640625,594.39306640625,NA,NA,NA,NA,NA,NA,NA,NA,NA,NA,NA,NA,NA,NA,NA,NA,NA,NA,NA,NA,NA,NA
"MCK 13-3 T_63.0_408.0",NA,594.39306640625,594.39306640625,594.39306640625,594.39306640625,594.39306640625,594.39306640625,594.39306640625,594.39306640625,594.39306640625,NA,NA,NA,NA,NA,NA,NA,NA,NA,NA,NA,NA,NA,NA,NA,NA,NA,NA,NA,NA,NA,NA
"MCK 13-3 T_63.0_435.0",NA,594.39306640625,594.39306640625,594.39306640625,594.39306640625,594.39306640625,594.39306640625,594.39306640625,594.39306640625,594.39306640625,NA,NA,NA,NA,NA,NA,NA,NA,NA,NA,NA,NA,NA,NA,NA,NA,NA,NA,NA,NA,NA,NA
"MCK 13-3 T_63.0_442.0",NA,594.39306640625,594.39306640625,594.39306640625,594.39306640625,594.39306640625,594.39306640625,594.39306640625,594.39306640625,594.39306640625,NA,NA,NA,NA,NA,NA,NA,NA,NA,NA,NA,NA,NA,NA,NA,NA,NA,NA,NA,NA,NA,NA
"MCK 13-3 T_63.0_445.0",NA,594.39306640625,594.39306640625,594.39306640625,594.39306640625,594.39306640625,594.39306640625,594.39306640625,594.39306640625,594.39306640625,NA,NA,NA,NA,NA,NA,NA,NA,NA,NA,NA,NA,NA,NA,NA,NA,NA,NA,NA,NA,NA,NA
"MCK 13-3 T_63.0_455.0",NA,594.39306640625,594.39306640625,594.39306640625,594.39306640625,594.39306640625,594.39306640625,594.39306640625,594.39306640625,594.39306640625,NA,NA,NA,NA,NA,NA,NA,NA,NA,NA,NA,NA,NA,NA,NA,NA,NA,NA,NA,NA,NA,NA
"MCK 13-3 T_63.0_460.0",NA,594.39306640625,594.39306640625,594.39306640625,594.39306640625,594.39306640625,594.39306640625,594.39306640625,594.39306640625,594.39306640625,NA,NA,NA,NA,NA,NA,NA,NA,NA,NA,NA,NA,NA,NA,NA,NA,NA,NA,NA,NA,NA,NA
"MCK 13-3 T_63.0_464.0",NA,594.39306640625,594.39306640625,594.39306640625,594.39306640625,594.39306640625,594.39306640625,594.39306640625,594.39306640625,594.39306640625,NA,NA,NA,NA,NA,NA,NA,NA,NA,NA,NA,NA,NA,NA,NA,NA,NA,NA,NA,NA,NA,NA
"MCK 13-3 T_63.0_477.0",NA,594.39306640625,594.39306640625,594.39306640625,594.39306640625,594.39306640625,594.39306640625,594.39306640625,594.39306640625,594.39306640625,NA,NA,NA,NA,NA,NA,NA,NA,NA,NA,NA,NA,NA,NA,NA,NA,NA,NA,NA,NA,NA,NA
"MCK 13-3 T_63.0_480.0",NA,594.39306640625,594.39306640625,594.39306640625,594.39306640625,594.39306640625,594.39306640625,594.39306640625,594.39306640625,594.39306640625,NA,NA,NA,NA,NA,NA,NA,NA,NA,NA,NA,NA,NA,NA,NA,NA,NA,NA,NA,NA,NA,NA
"MCK 13-3 T_63.0_482.0",NA,594.39306640625,594.39306640625,594.39306640625,594.39306640625,594.39306640625,594.39306640625,594.39306640625,594.39306640625,594.39306640625,NA,NA,NA,NA,NA,NA,NA,NA,NA,NA,NA,NA,NA,NA,NA,NA,NA,NA,NA,NA,NA,NA
"MCK 13-3 T_63.0_485.0",NA,594.39306640625,594.39306640625,594.39306640625,594.39306640625,594.39306640625,594.39306640625,594.39306640625,594.39306640625,594.39306640625,NA,NA,NA,NA,NA,NA,NA,NA,NA,NA,NA,NA,NA,NA,NA,NA,NA,NA,NA,NA,NA,NA
"MCK 13-3 T_63.0_488.0",NA,594.39306640625,594.39306640625,594.39306640625,594.39306640625,594.39306640625,594.39306640625,594.39306640625,594.39306640625,594.39306640625,NA,NA,NA,NA,NA,NA,NA,NA,NA,NA,NA,NA,NA,NA,NA,NA,NA,NA,NA,NA,NA,NA
"MCK 13-3 T_64.0_30.0",NA,594.39306640625,594.39306640625,594.39306640625,594.39306640625,594.39306640625,594.39306640625,594.39306640625,594.39306640625,594.39306640625,NA,NA,NA,NA,NA,NA,NA,NA,NA,NA,NA,NA,NA,NA,NA,NA,NA,NA,NA,NA,NA,NA
"MCK 13-3 T_64.0_40.0",NA,594.39306640625,594.39306640625,594.39306640625,594.39306640625,594.39306640625,594.39306640625,594.39306640625,594.39306640625,594.39306640625,NA,NA,NA,NA,NA,NA,NA,NA,NA,NA,NA,NA,NA,NA,NA,NA,NA,NA,NA,NA,NA,NA
"MCK 13-3 T_64.0_45.0",NA,594.39306640625,594.39306640625,594.39306640625,594.39306640625,594.39306640625,594.39306640625,594.39306640625,594.39306640625,594.39306640625,NA,NA,NA,NA,NA,NA,NA,NA,NA,NA,NA,NA,NA,NA,NA,NA,NA,NA,NA,NA,NA,NA
"MCK 13-3 T_64.0_49.0",NA,594.39306640625,594.39306640625,594.39306640625,594.39306640625,594.39306640625,594.39306640625,594.39306640625,594.39306640625,594.39306640625,NA,NA,NA,NA,NA,NA,NA,NA,NA,NA,NA,NA,NA,NA,NA,NA,NA,NA,NA,NA,NA,NA
"MCK 13-3 T_64.0_53.0",NA,594.39306640625,594.39306640625,594.39306640625,594.39306640625,594.39306640625,594.39306640625,594.39306640625,594.39306640625,594.39306640625,NA,NA,NA,NA,NA,NA,NA,NA,NA,NA,NA,NA,NA,NA,NA,NA,NA,NA,NA,NA,NA,NA
"MCK 13-3 T_64.0_54.0",NA,594.39306640625,594.39306640625,594.39306640625,594.39306640625,594.39306640625,594.39306640625,594.39306640625,594.39306640625,594.39306640625,NA,NA,NA,NA,NA,NA,NA,NA,NA,NA,NA,NA,NA,NA,NA,NA,NA,NA,NA,NA,NA,NA
"MCK 13-3 T_64.0_55.0",NA,594.39306640625,594.39306640625,594.39306640625,594.39306640625,594.39306640625,594.39306640625,594.39306640625,594.39306640625,594.39306640625,NA,NA,NA,NA,NA,NA,NA,NA,NA,NA,NA,NA,NA,NA,NA,NA,NA,NA,NA,NA,NA,NA
"MCK 13-3 T_64.0_86.0",NA,594.39306640625,594.39306640625,594.39306640625,594.39306640625,594.39306640625,594.39306640625,594.39306640625,594.39306640625,594.39306640625,NA,NA,NA,NA,NA,NA,NA,NA,NA,NA,NA,NA,NA,NA,NA,NA,NA,NA,NA,NA,NA,NA
"MCK 13-3 T_64.0_9.0",NA,594.39306640625,594.39306640625,594.39306640625,594.39306640625,594.39306640625,594.39306640625,594.39306640625,594.39306640625,594.39306640625,NA,NA,NA,NA,NA,NA,NA,NA,NA,NA,NA,NA,NA,NA,NA,NA,NA,NA,NA,NA,NA,NA
"TWC 3 C_112.0_103.0",588.99267578125,588.99267578125,588.99267578125,588.99267578125,588.99267578125,588.99267578125,588.99267578125,588.99267578125,588.99267578125,588.99267578125,NA,NA,NA,NA,NA,NA,NA,NA,NA,NA,NA,NA,NA,NA,NA,NA,NA,NA,NA,NA,NA,NA
"TWC 3 C_112.0_104.0",588.99267578125,588.99267578125,588.99267578125,588.99267578125,588.99267578125,588.99267578125,588.99267578125,588.99267578125,588.99267578125,588.99267578125,NA,NA,NA,NA,NA,NA,NA,NA,NA,NA,NA,NA,NA,NA,NA,NA,NA,NA,NA,NA,NA,NA
"TWC 3 C_112.0_106.0",588.99267578125,588.99267578125,588.99267578125,588.99267578125,588.99267578125,588.99267578125,588.99267578125,588.99267578125,588.99267578125,588.99267578125,NA,NA,NA,NA,NA,NA,NA,NA,NA,NA,NA,NA,NA,NA,NA,NA,NA,NA,NA,NA,NA,NA
"TWC 3 C_112.0_107.0",588.99267578125,588.99267578125,588.99267578125,588.99267578125,588.99267578125,588.99267578125,588.99267578125,588.99267578125,588.99267578125,588.99267578125,NA,NA,NA,NA,NA,NA,NA,NA,NA,NA,NA,NA,NA,NA,NA,NA,NA,NA,NA,NA,NA,NA
"TWC 3 C_112.0_108.0",588.99267578125,588.99267578125,588.99267578125,588.99267578125,588.99267578125,588.99267578125,588.99267578125,588.99267578125,588.99267578125,588.99267578125,NA,NA,NA,NA,NA,NA,NA,NA,NA,NA,NA,NA,NA,NA,NA,NA,NA,NA,NA,NA,NA,NA
"TWC 3 C_112.0_109.0",588.99267578125,588.99267578125,588.99267578125,588.99267578125,588.99267578125,588.99267578125,588.99267578125,588.99267578125,588.99267578125,588.99267578125,NA,NA,NA,NA,NA,NA,NA,NA,NA,NA,NA,NA,NA,NA,NA,NA,NA,NA,NA,NA,NA,NA
"TWC 3 C_112.0_110.0",588.99267578125,588.99267578125,588.99267578125,588.99267578125,588.99267578125,588.99267578125,588.99267578125,588.99267578125,588.99267578125,588.99267578125,NA,NA,NA,NA,NA,NA,NA,NA,NA,NA,NA,NA,NA,NA,NA,NA,NA,NA,NA,NA,NA,NA
"TWC 3 C_112.0_111.0",588.99267578125,588.99267578125,588.99267578125,588.99267578125,588.99267578125,588.99267578125,588.99267578125,588.99267578125,588.99267578125,588.99267578125,NA,NA,NA,NA,NA,NA,NA,NA,NA,NA,NA,NA,NA,NA,NA,NA,NA,NA,NA,NA,NA,NA
"TWC 3 C_112.0_112.0",588.99267578125,588.99267578125,588.99267578125,588.99267578125,588.99267578125,588.99267578125,588.99267578125,588.99267578125,588.99267578125,588.99267578125,NA,NA,NA,NA,NA,NA,NA,NA,NA,NA,NA,NA,NA,NA,NA,NA,NA,NA,NA,NA,NA,NA
"TWC 3 C_112.0_113.0",588.99267578125,588.99267578125,588.99267578125,588.99267578125,588.99267578125,588.99267578125,588.99267578125,588.99267578125,588.99267578125,588.99267578125,NA,NA,NA,NA,NA,NA,NA,NA,NA,NA,NA,NA,NA,NA,NA,NA,NA,NA,NA,NA,NA,NA
"TWC 3 C_112.0_114.0",588.99267578125,588.99267578125,588.99267578125,588.99267578125,588.99267578125,588.99267578125,588.99267578125,588.99267578125,588.99267578125,588.99267578125,NA,NA,NA,NA,NA,NA,NA,NA,NA,NA,NA,NA,NA,NA,NA,NA,NA,NA,NA,NA,NA,NA
"TWC 3 C_112.0_117.0",588.99267578125,588.99267578125,588.99267578125,588.99267578125,588.99267578125,588.99267578125,588.99267578125,588.99267578125,588.99267578125,588.99267578125,NA,NA,NA,NA,NA,NA,NA,NA,NA,NA,NA,NA,NA,NA,NA,NA,NA,NA,NA,NA,NA,NA
"TWC 3 C_112.0_118.0",588.99267578125,588.99267578125,588.99267578125,588.99267578125,588.99267578125,588.99267578125,588.99267578125,588.99267578125,588.99267578125,588.99267578125,NA,NA,NA,NA,NA,NA,NA,NA,NA,NA,NA,NA,NA,NA,NA,NA,NA,NA,NA,NA,NA,NA
"TWC 3 C_112.0_119.0",588.99267578125,588.99267578125,588.99267578125,588.99267578125,588.99267578125,588.99267578125,588.99267578125,588.99267578125,588.99267578125,588.99267578125,NA,NA,NA,NA,NA,NA,NA,NA,NA,NA,NA,NA,NA,NA,NA,NA,NA,NA,NA,NA,NA,NA
"TWC 3 C_112.0_120.0",588.99267578125,588.99267578125,588.99267578125,588.99267578125,588.99267578125,588.99267578125,588.99267578125,588.99267578125,588.99267578125,588.99267578125,NA,NA,NA,NA,NA,NA,NA,NA,NA,NA,NA,NA,NA,NA,NA,NA,NA,NA,NA,NA,NA,NA
"TWC 3 C_112.0_121.0",588.99267578125,588.99267578125,588.99267578125,588.99267578125,588.99267578125,588.99267578125,588.99267578125,588.99267578125,588.99267578125,588.99267578125,NA,NA,NA,NA,NA,NA,NA,NA,NA,NA,NA,NA,NA,NA,NA,NA,NA,NA,NA,NA,NA,NA
"TWC 3 C_112.0_122.0",588.99267578125,588.99267578125,588.99267578125,588.99267578125,588.99267578125,588.99267578125,588.99267578125,588.99267578125,588.99267578125,588.99267578125,NA,NA,NA,NA,NA,NA,NA,NA,NA,NA,NA,NA,NA,NA,NA,NA,NA,NA,NA,NA,NA,NA
"TWC 3 C_112.0_123.0",588.99267578125,588.99267578125,588.99267578125,588.99267578125,588.99267578125,588.99267578125,588.99267578125,588.99267578125,588.99267578125,588.99267578125,NA,NA,NA,NA,NA,NA,NA,NA,NA,NA,NA,NA,NA,NA,NA,NA,NA,NA,NA,NA,NA,NA
"TWC 3 C_112.0_124.0",588.99267578125,588.99267578125,588.99267578125,588.99267578125,588.99267578125,588.99267578125,588.99267578125,588.99267578125,588.99267578125,588.99267578125,NA,NA,NA,NA,NA,NA,NA,NA,NA,NA,NA,NA,NA,NA,NA,NA,NA,NA,NA,NA,NA,NA
"TWC 3 C_112.0_125.0",588.99267578125,588.99267578125,588.99267578125,588.99267578125,588.99267578125,588.99267578125,588.99267578125,588.99267578125,588.99267578125,588.99267578125,NA,NA,NA,NA,NA,NA,NA,NA,NA,NA,NA,NA,NA,NA,NA,NA,NA,NA,NA,NA,NA,NA
"TWC 3 C_112.0_126.0",588.99267578125,588.99267578125,588.99267578125,588.99267578125,588.99267578125,588.99267578125,588.99267578125,588.99267578125,588.99267578125,588.99267578125,NA,NA,NA,NA,NA,NA,NA,NA,NA,NA,NA,NA,NA,NA,NA,NA,NA,NA,NA,NA,NA,NA
"TWC 3 C_112.0_128.0",588.99267578125,588.99267578125,588.99267578125,588.99267578125,588.99267578125,588.99267578125,588.99267578125,588.99267578125,588.99267578125,588.99267578125,NA,NA,NA,NA,NA,NA,NA,NA,NA,NA,NA,NA,NA,NA,NA,NA,NA,NA,NA,NA,NA,NA
"TWC 3 C_112.0_129.0",588.99267578125,588.99267578125,588.99267578125,588.99267578125,588.99267578125,588.99267578125,588.99267578125,588.99267578125,588.99267578125,588.99267578125,NA,NA,NA,NA,NA,NA,NA,NA,NA,NA,NA,NA,NA,NA,NA,NA,NA,NA,NA,NA,NA,NA
"TWC 3 C_112.0_130.0",588.99267578125,588.99267578125,588.99267578125,588.99267578125,588.99267578125,588.99267578125,588.99267578125,588.99267578125,588.99267578125,588.99267578125,NA,NA,NA,NA,NA,NA,NA,NA,NA,NA,NA,NA,NA,NA,NA,NA,NA,NA,NA,NA,NA,NA
"TWC 3 C_112.0_131.0",588.99267578125,588.99267578125,588.99267578125,588.99267578125,588.99267578125,588.99267578125,588.99267578125,588.99267578125,588.99267578125,588.99267578125,NA,NA,NA,NA,NA,NA,NA,NA,NA,NA,NA,NA,NA,NA,NA,NA,NA,NA,NA,NA,NA,NA
"TWC 3 C_112.0_132.0",588.99267578125,588.99267578125,588.99267578125,588.99267578125,588.99267578125,588.99267578125,588.99267578125,588.99267578125,588.99267578125,588.99267578125,NA,NA,NA,NA,NA,NA,NA,NA,NA,NA,NA,NA,NA,NA,NA,NA,NA,NA,NA,NA,NA,NA
"TWC 3 C_112.0_133.0",588.99267578125,588.99267578125,588.99267578125,588.99267578125,588.99267578125,588.99267578125,588.99267578125,588.99267578125,588.99267578125,588.99267578125,NA,NA,NA,NA,NA,NA,NA,NA,NA,NA,NA,NA,NA,NA,NA,NA,NA,NA,NA,NA,NA,NA
"TWC 3 C_113.0_134.0",588.99267578125,588.99267578125,588.99267578125,588.99267578125,588.99267578125,588.99267578125,588.99267578125,588.99267578125,588.99267578125,588.99267578125,NA,NA,NA,NA,NA,NA,NA,NA,NA,NA,NA,NA,NA,NA,NA,NA,NA,NA,NA,NA,NA,NA
"TWC 3 C_113.0_135.0",588.99267578125,588.99267578125,588.99267578125,588.99267578125,588.99267578125,588.99267578125,588.99267578125,588.99267578125,588.99267578125,588.99267578125,NA,NA,NA,NA,NA,NA,NA,NA,NA,NA,NA,NA,NA,NA,NA,NA,NA,NA,NA,NA,NA,NA
"TWC 3 C_113.0_136.0",588.99267578125,588.99267578125,588.99267578125,588.99267578125,588.99267578125,588.99267578125,588.99267578125,588.99267578125,588.99267578125,588.99267578125,NA,NA,NA,NA,NA,NA,NA,NA,NA,NA,NA,NA,NA,NA,NA,NA,NA,NA,NA,NA,NA,NA
"TWC 3 C_113.0_137.0",588.99267578125,588.99267578125,588.99267578125,588.99267578125,588.99267578125,588.99267578125,588.99267578125,588.99267578125,588.99267578125,588.99267578125,NA,NA,NA,NA,NA,NA,NA,NA,NA,NA,NA,NA,NA,NA,NA,NA,NA,NA,NA,NA,NA,NA
"TWC 3 C_113.0_138.0",588.99267578125,588.99267578125,588.99267578125,588.99267578125,588.99267578125,588.99267578125,588.99267578125,588.99267578125,588.99267578125,588.99267578125,NA,NA,NA,NA,NA,NA,NA,NA,NA,NA,NA,NA,NA,NA,NA,NA,NA,NA,NA,NA,NA,NA
"TWC 3 C_113.0_139.0",588.99267578125,588.99267578125,588.99267578125,588.99267578125,588.99267578125,588.99267578125,588.99267578125,588.99267578125,588.99267578125,588.99267578125,NA,NA,NA,NA,NA,NA,NA,NA,NA,NA,NA,NA,NA,NA,NA,NA,NA,NA,NA,NA,NA,NA
"TWC 3 C_113.0_140.0",588.99267578125,588.99267578125,588.99267578125,588.99267578125,588.99267578125,588.99267578125,588.99267578125,588.99267578125,588.99267578125,588.99267578125,NA,NA,NA,NA,NA,NA,NA,NA,NA,NA,NA,NA,NA,NA,NA,NA,NA,NA,NA,NA,NA,NA
"TWC 3 C_113.0_141.0",588.99267578125,588.99267578125,588.99267578125,588.99267578125,588.99267578125,588.99267578125,588.99267578125,588.99267578125,588.99267578125,588.99267578125,NA,NA,NA,NA,NA,NA,NA,NA,NA,NA,NA,NA,NA,NA,NA,NA,NA,NA,NA,NA,NA,NA
"TWC 3 C_113.0_142.0",588.99267578125,588.99267578125,588.99267578125,588.99267578125,588.99267578125,588.99267578125,588.99267578125,588.99267578125,588.99267578125,588.99267578125,NA,NA,NA,NA,NA,NA,NA,NA,NA,NA,NA,NA,NA,NA,NA,NA,NA,NA,NA,NA,NA,NA
"TWC 3 C_113.0_143.0",588.99267578125,588.99267578125,588.99267578125,588.99267578125,588.99267578125,588.99267578125,588.99267578125,588.99267578125,588.99267578125,588.99267578125,NA,NA,NA,NA,NA,NA,NA,NA,NA,NA,NA,NA,NA,NA,NA,NA,NA,NA,NA,NA,NA,NA
"TWC 3 C_113.0_144.0",588.99267578125,588.99267578125,588.99267578125,588.99267578125,588.99267578125,588.99267578125,588.99267578125,588.99267578125,588.99267578125,588.99267578125,NA,NA,NA,NA,NA,NA,NA,NA,NA,NA,NA,NA,NA,NA,NA,NA,NA,NA,NA,NA,NA,NA
"TWC 3 C_113.0_146.0",588.99267578125,588.99267578125,588.99267578125,588.99267578125,588.99267578125,588.99267578125,588.99267578125,588.99267578125,588.99267578125,588.99267578125,NA,NA,NA,NA,NA,NA,NA,NA,NA,NA,NA,NA,NA,NA,NA,NA,NA,NA,NA,NA,NA,NA
"TWC 3 C_113.0_147.0",588.99267578125,588.99267578125,588.99267578125,588.99267578125,588.99267578125,588.99267578125,588.99267578125,588.99267578125,588.99267578125,588.99267578125,NA,NA,NA,NA,NA,NA,NA,NA,NA,NA,NA,NA,NA,NA,NA,NA,NA,NA,NA,NA,NA,NA
"TWC 3 C_113.0_148.0",588.99267578125,588.99267578125,588.99267578125,588.99267578125,588.99267578125,588.99267578125,588.99267578125,588.99267578125,588.99267578125,588.99267578125,NA,NA,NA,NA,NA,NA,NA,NA,NA,NA,NA,NA,NA,NA,NA,NA,NA,NA,NA,NA,NA,NA
"TWC 3 C_113.0_149.0",588.99267578125,588.99267578125,588.99267578125,588.99267578125,588.99267578125,588.99267578125,588.99267578125,588.99267578125,588.99267578125,588.99267578125,NA,NA,NA,NA,NA,NA,NA,NA,NA,NA,NA,NA,NA,NA,NA,NA,NA,NA,NA,NA,NA,NA
"TWC 3 C_113.0_150.0",588.99267578125,588.99267578125,588.99267578125,588.99267578125,588.99267578125,588.99267578125,588.99267578125,588.99267578125,588.99267578125,588.99267578125,NA,NA,NA,NA,NA,NA,NA,NA,NA,NA,NA,NA,NA,NA,NA,NA,NA,NA,NA,NA,NA,NA
"TWC 3 C_113.0_151.0",588.99267578125,588.99267578125,588.99267578125,588.99267578125,588.99267578125,588.99267578125,588.99267578125,588.99267578125,588.99267578125,588.99267578125,NA,NA,NA,NA,NA,NA,NA,NA,NA,NA,NA,NA,NA,NA,NA,NA,NA,NA,NA,NA,NA,NA
"TWC 3 C_113.0_152.0",588.99267578125,588.99267578125,588.99267578125,588.99267578125,588.99267578125,588.99267578125,588.99267578125,588.99267578125,588.99267578125,588.99267578125,NA,NA,NA,NA,NA,NA,NA,NA,NA,NA,NA,NA,NA,NA,NA,NA,NA,NA,NA,NA,NA,NA
"TWC 3 C_113.0_153.0",588.99267578125,588.99267578125,588.99267578125,588.99267578125,588.99267578125,588.99267578125,588.99267578125,588.99267578125,588.99267578125,588.99267578125,NA,NA,NA,NA,NA,NA,NA,NA,NA,NA,NA,NA,NA,NA,NA,NA,NA,NA,NA,NA,NA,NA
"TWC 3 C_113.0_154.0",588.99267578125,588.99267578125,588.99267578125,588.99267578125,588.99267578125,588.99267578125,588.99267578125,588.99267578125,588.99267578125,588.99267578125,NA,NA,NA,NA,NA,NA,NA,NA,NA,NA,NA,NA,NA,NA,NA,NA,NA,NA,NA,NA,NA,NA
"TWC 3 C_113.0_155.0",588.99267578125,588.99267578125,588.99267578125,588.99267578125,588.99267578125,588.99267578125,588.99267578125,588.99267578125,588.99267578125,588.99267578125,NA,NA,NA,NA,NA,NA,NA,NA,NA,NA,NA,NA,NA,NA,NA,NA,NA,NA,NA,NA,NA,NA
"TWC 3 C_113.0_156.0",588.99267578125,588.99267578125,588.99267578125,588.99267578125,588.99267578125,588.99267578125,588.99267578125,588.99267578125,588.99267578125,588.99267578125,NA,NA,NA,NA,NA,NA,NA,NA,NA,NA,NA,NA,NA,NA,NA,NA,NA,NA,NA,NA,NA,NA
"TWC 3 C_113.0_157.0",588.99267578125,588.99267578125,588.99267578125,588.99267578125,588.99267578125,588.99267578125,588.99267578125,588.99267578125,588.99267578125,588.99267578125,NA,NA,NA,NA,NA,NA,NA,NA,NA,NA,NA,NA,NA,NA,NA,NA,NA,NA,NA,NA,NA,NA
"TWC 3 C_113.0_158.0",588.99267578125,588.99267578125,588.99267578125,588.99267578125,588.99267578125,588.99267578125,588.99267578125,588.99267578125,588.99267578125,588.99267578125,NA,NA,NA,NA,NA,NA,NA,NA,NA,NA,NA,NA,NA,NA,NA,NA,NA,NA,NA,NA,NA,NA
"TWC 3 C_113.0_159.0",588.99267578125,588.99267578125,588.99267578125,588.99267578125,588.99267578125,588.99267578125,588.99267578125,588.99267578125,588.99267578125,588.99267578125,NA,NA,NA,NA,NA,NA,NA,NA,NA,NA,NA,NA,NA,NA,NA,NA,NA,NA,NA,NA,NA,NA
"TWC 3 C_113.0_160.0",588.99267578125,588.99267578125,588.99267578125,588.99267578125,588.99267578125,588.99267578125,588.99267578125,588.99267578125,588.99267578125,588.99267578125,NA,NA,NA,NA,NA,NA,NA,NA,NA,NA,NA,NA,NA,NA,NA,NA,NA,NA,NA,NA,NA,NA
"TWC 3 C_113.0_161.0",588.99267578125,588.99267578125,588.99267578125,588.99267578125,588.99267578125,588.99267578125,588.99267578125,588.99267578125,588.99267578125,588.99267578125,NA,NA,NA,NA,NA,NA,NA,NA,NA,NA,NA,NA,NA,NA,NA,NA,NA,NA,NA,NA,NA,NA
"TWC 3 C_113.0_162.0",588.99267578125,588.99267578125,588.99267578125,588.99267578125,588.99267578125,588.99267578125,588.99267578125,588.99267578125,588.99267578125,588.99267578125,NA,NA,NA,NA,NA,NA,NA,NA,NA,NA,NA,NA,NA,NA,NA,NA,NA,NA,NA,NA,NA,NA
"TWC 3 C_113.0_163.0",588.99267578125,588.99267578125,588.99267578125,588.99267578125,588.99267578125,588.99267578125,588.99267578125,588.99267578125,588.99267578125,588.99267578125,NA,NA,NA,NA,NA,NA,NA,NA,NA,NA,NA,NA,NA,NA,NA,NA,NA,NA,NA,NA,NA,NA
"TWC 3 C_113.0_164.0",588.99267578125,588.99267578125,588.99267578125,588.99267578125,588.99267578125,588.99267578125,588.99267578125,588.99267578125,588.99267578125,588.99267578125,NA,NA,NA,NA,NA,NA,NA,NA,NA,NA,NA,NA,NA,NA,NA,NA,NA,NA,NA,NA,NA,NA
"TWC 3 C_113.0_165.0",588.99267578125,588.99267578125,588.99267578125,588.99267578125,588.99267578125,588.99267578125,588.99267578125,588.99267578125,588.99267578125,588.99267578125,NA,NA,NA,NA,NA,NA,NA,NA,NA,NA,NA,NA,NA,NA,NA,NA,NA,NA,NA,NA,NA,NA
"TWC 3 C_113.0_166.0",588.99267578125,588.99267578125,588.99267578125,588.99267578125,588.99267578125,588.99267578125,588.99267578125,588.99267578125,588.99267578125,588.99267578125,NA,NA,NA,NA,NA,NA,NA,NA,NA,NA,NA,NA,NA,NA,NA,NA,NA,NA,NA,NA,NA,NA
"TWC 3 C_113.0_169.0",588.99267578125,588.99267578125,588.99267578125,588.99267578125,588.99267578125,588.99267578125,588.99267578125,588.99267578125,588.99267578125,588.99267578125,NA,NA,NA,NA,NA,NA,NA,NA,NA,NA,NA,NA,NA,NA,NA,NA,NA,NA,NA,NA,NA,NA
"TWC 3 C_113.0_170.0",588.99267578125,588.99267578125,588.99267578125,588.99267578125,588.99267578125,588.99267578125,588.99267578125,588.99267578125,588.99267578125,588.99267578125,NA,NA,NA,NA,NA,NA,NA,NA,NA,NA,NA,NA,NA,NA,NA,NA,NA,NA,NA,NA,NA,NA
"TWC 3 C_113.0_171.0",588.99267578125,588.99267578125,588.99267578125,588.99267578125,588.99267578125,588.99267578125,588.99267578125,588.99267578125,588.99267578125,588.99267578125,NA,NA,NA,NA,NA,NA,NA,NA,NA,NA,NA,NA,NA,NA,NA,NA,NA,NA,NA,NA,NA,NA
"TWC 3 C_113.0_172.0",588.99267578125,588.99267578125,588.99267578125,588.99267578125,588.99267578125,588.99267578125,588.99267578125,588.99267578125,588.99267578125,588.99267578125,NA,NA,NA,NA,NA,NA,NA,NA,NA,NA,NA,NA,NA,NA,NA,NA,NA,NA,NA,NA,NA,NA
"TWC 3 C_113.0_173.0",588.99267578125,588.99267578125,588.99267578125,588.99267578125,588.99267578125,588.99267578125,588.99267578125,588.99267578125,588.99267578125,588.99267578125,NA,NA,NA,NA,NA,NA,NA,NA,NA,NA,NA,NA,NA,NA,NA,NA,NA,NA,NA,NA,NA,NA
"TWC 3 C_113.0_174.0",588.99267578125,588.99267578125,588.99267578125,588.99267578125,588.99267578125,588.99267578125,588.99267578125,588.99267578125,588.99267578125,588.99267578125,NA,NA,NA,NA,NA,NA,NA,NA,NA,NA,NA,NA,NA,NA,NA,NA,NA,NA,NA,NA,NA,NA
"TWC 3 C_113.0_175.0",588.99267578125,588.99267578125,588.99267578125,588.99267578125,588.99267578125,588.99267578125,588.99267578125,588.99267578125,588.99267578125,588.99267578125,NA,NA,NA,NA,NA,NA,NA,NA,NA,NA,NA,NA,NA,NA,NA,NA,NA,NA,NA,NA,NA,NA
"TWC 3 C_113.0_176.0",588.99267578125,588.99267578125,588.99267578125,588.99267578125,588.99267578125,588.99267578125,588.99267578125,588.99267578125,588.99267578125,588.99267578125,NA,NA,NA,NA,NA,NA,NA,NA,NA,NA,NA,NA,NA,NA,NA,NA,NA,NA,NA,NA,NA,NA
"TWC 3 C_113.0_177.0",588.99267578125,588.99267578125,588.99267578125,588.99267578125,588.99267578125,588.99267578125,588.99267578125,588.99267578125,588.99267578125,588.99267578125,NA,NA,NA,NA,NA,NA,NA,NA,NA,NA,NA,NA,NA,NA,NA,NA,NA,NA,NA,NA,NA,NA
"TWC 3 C_113.0_178.0",588.99267578125,588.99267578125,588.99267578125,588.99267578125,588.99267578125,588.99267578125,588.99267578125,588.99267578125,588.99267578125,588.99267578125,NA,NA,NA,NA,NA,NA,NA,NA,NA,NA,NA,NA,NA,NA,NA,NA,NA,NA,NA,NA,NA,NA
"TWC 3 C_113.0_179.0",588.99267578125,588.99267578125,588.99267578125,588.99267578125,588.99267578125,588.99267578125,588.99267578125,588.99267578125,588.99267578125,588.99267578125,NA,NA,NA,NA,NA,NA,NA,NA,NA,NA,NA,NA,NA,NA,NA,NA,NA,NA,NA,NA,NA,NA
"TWC 3 C_113.0_181.0",588.99267578125,588.99267578125,588.99267578125,588.99267578125,588.99267578125,588.99267578125,588.99267578125,588.99267578125,588.99267578125,588.99267578125,NA,NA,NA,NA,NA,NA,NA,NA,NA,NA,NA,NA,NA,NA,NA,NA,NA,NA,NA,NA,NA,NA
"TWC 3 C_113.0_182.0",588.99267578125,588.99267578125,588.99267578125,588.99267578125,588.99267578125,588.99267578125,588.99267578125,588.99267578125,588.99267578125,588.99267578125,NA,NA,NA,NA,NA,NA,NA,NA,NA,NA,NA,NA,NA,NA,NA,NA,NA,NA,NA,NA,NA,NA
"TWC 3 C_113.0_183.0",588.99267578125,588.99267578125,588.99267578125,588.99267578125,588.99267578125,588.99267578125,588.99267578125,588.99267578125,588.99267578125,588.99267578125,NA,NA,NA,NA,NA,NA,NA,NA,NA,NA,NA,NA,NA,NA,NA,NA,NA,NA,NA,NA,NA,NA
"TWC 3 C_113.0_184.0",588.99267578125,588.99267578125,588.99267578125,588.99267578125,588.99267578125,588.99267578125,588.99267578125,588.99267578125,588.99267578125,588.99267578125,NA,NA,NA,NA,NA,NA,NA,NA,NA,NA,NA,NA,NA,NA,NA,NA,NA,NA,NA,NA,NA,NA
"TWC 3 C_113.0_185.0",588.99267578125,588.99267578125,588.99267578125,588.99267578125,588.99267578125,588.99267578125,588.99267578125,588.99267578125,588.99267578125,588.99267578125,NA,NA,NA,NA,NA,NA,NA,NA,NA,NA,NA,NA,NA,NA,NA,NA,NA,NA,NA,NA,NA,NA
"TWC 3 C_113.0_188.0",588.99267578125,588.99267578125,588.99267578125,588.99267578125,588.99267578125,588.99267578125,588.99267578125,588.99267578125,588.99267578125,588.99267578125,NA,NA,NA,NA,NA,NA,NA,NA,NA,NA,NA,NA,NA,NA,NA,NA,NA,NA,NA,NA,NA,NA
"TWC 3 C_113.0_190.0",588.99267578125,588.99267578125,588.99267578125,588.99267578125,588.99267578125,588.99267578125,588.99267578125,588.99267578125,588.99267578125,588.99267578125,NA,NA,NA,NA,NA,NA,NA,NA,NA,NA,NA,NA,NA,NA,NA,NA,NA,NA,NA,NA,NA,NA
"TWC 3 C_113.0_191.0",588.99267578125,588.99267578125,588.99267578125,588.99267578125,588.99267578125,588.99267578125,588.99267578125,588.99267578125,588.99267578125,588.99267578125,NA,NA,NA,NA,NA,NA,NA,NA,NA,NA,NA,NA,NA,NA,NA,NA,NA,NA,NA,NA,NA,NA
"TWC 3 C_113.0_192.0",588.99267578125,588.99267578125,588.99267578125,588.99267578125,588.99267578125,588.99267578125,588.99267578125,588.99267578125,588.99267578125,588.99267578125,NA,NA,NA,NA,NA,NA,NA,NA,NA,NA,NA,NA,NA,NA,NA,NA,NA,NA,NA,NA,NA,NA
"TWC 3 C_113.0_193.0",588.99267578125,588.99267578125,588.99267578125,588.99267578125,588.99267578125,588.99267578125,588.99267578125,588.99267578125,588.99267578125,588.99267578125,NA,NA,NA,NA,NA,NA,NA,NA,NA,NA,NA,NA,NA,NA,NA,NA,NA,NA,NA,NA,NA,NA
"TWC 3 C_113.0_195.0",588.99267578125,588.99267578125,588.99267578125,588.99267578125,588.99267578125,588.99267578125,588.99267578125,588.99267578125,588.99267578125,588.99267578125,NA,NA,NA,NA,NA,NA,NA,NA,NA,NA,NA,NA,NA,NA,NA,NA,NA,NA,NA,NA,NA,NA
"TWC 3 C_114.0_215.0",588.99267578125,588.99267578125,588.99267578125,588.99267578125,588.99267578125,588.99267578125,588.99267578125,588.99267578125,588.99267578125,588.99267578125,NA,NA,NA,NA,NA,NA,NA,NA,NA,NA,NA,NA,NA,NA,NA,NA,NA,NA,NA,NA,NA,NA
"TWC 3 C_114.0_216.0",588.99267578125,588.99267578125,588.99267578125,588.99267578125,588.99267578125,588.99267578125,588.99267578125,588.99267578125,588.99267578125,588.99267578125,NA,NA,NA,NA,NA,NA,NA,NA,NA,NA,NA,NA,NA,NA,NA,NA,NA,NA,NA,NA,NA,NA
"TWC 3 C_114.0_217.0",588.99267578125,588.99267578125,588.99267578125,588.99267578125,588.99267578125,588.99267578125,588.99267578125,588.99267578125,588.99267578125,588.99267578125,NA,NA,NA,NA,NA,NA,NA,NA,NA,NA,NA,NA,NA,NA,NA,NA,NA,NA,NA,NA,NA,NA
"TWC 3 C_114.0_218.0",588.99267578125,588.99267578125,588.99267578125,588.99267578125,588.99267578125,588.99267578125,588.99267578125,588.99267578125,588.99267578125,588.99267578125,NA,NA,NA,NA,NA,NA,NA,NA,NA,NA,NA,NA,NA,NA,NA,NA,NA,NA,NA,NA,NA,NA
"TWC 3 C_114.0_219.0",588.99267578125,588.99267578125,588.99267578125,588.99267578125,588.99267578125,588.99267578125,588.99267578125,588.99267578125,588.99267578125,588.99267578125,NA,NA,NA,NA,NA,NA,NA,NA,NA,NA,NA,NA,NA,NA,NA,NA,NA,NA,NA,NA,NA,NA
"TWC 3 C_114.0_220.0",588.99267578125,588.99267578125,588.99267578125,588.99267578125,588.99267578125,588.99267578125,588.99267578125,588.99267578125,588.99267578125,588.99267578125,NA,NA,NA,NA,NA,NA,NA,NA,NA,NA,NA,NA,NA,NA,NA,NA,NA,NA,NA,NA,NA,NA
"TWC 3 C_114.0_222.0",588.99267578125,588.99267578125,588.99267578125,588.99267578125,588.99267578125,588.99267578125,588.99267578125,588.99267578125,588.99267578125,588.99267578125,NA,NA,NA,NA,NA,NA,NA,NA,NA,NA,NA,NA,NA,NA,NA,NA,NA,NA,NA,NA,NA,NA
"TWC 3 C_114.0_223.0",588.99267578125,588.99267578125,588.99267578125,588.99267578125,588.99267578125,588.99267578125,588.99267578125,588.99267578125,588.99267578125,588.99267578125,NA,NA,NA,NA,NA,NA,NA,NA,NA,NA,NA,NA,NA,NA,NA,NA,NA,NA,NA,NA,NA,NA
"TWC 3 C_114.0_224.0",588.99267578125,588.99267578125,588.99267578125,588.99267578125,588.99267578125,588.99267578125,588.99267578125,588.99267578125,588.99267578125,588.99267578125,NA,NA,NA,NA,NA,NA,NA,NA,NA,NA,NA,NA,NA,NA,NA,NA,NA,NA,NA,NA,NA,NA
"TWC 3 C_114.0_225.0",588.99267578125,588.99267578125,588.99267578125,588.99267578125,588.99267578125,588.99267578125,588.99267578125,588.99267578125,588.99267578125,588.99267578125,NA,NA,NA,NA,NA,NA,NA,NA,NA,NA,NA,NA,NA,NA,NA,NA,NA,NA,NA,NA,NA,NA
"TWC 3 C_114.0_226.0",588.99267578125,588.99267578125,588.99267578125,588.99267578125,588.99267578125,588.99267578125,588.99267578125,588.99267578125,588.99267578125,588.99267578125,NA,NA,NA,NA,NA,NA,NA,NA,NA,NA,NA,NA,NA,NA,NA,NA,NA,NA,NA,NA,NA,NA
"TWC 3 C_114.0_227.0",588.99267578125,588.99267578125,588.99267578125,588.99267578125,588.99267578125,588.99267578125,588.99267578125,588.99267578125,588.99267578125,588.99267578125,NA,NA,NA,NA,NA,NA,NA,NA,NA,NA,NA,NA,NA,NA,NA,NA,NA,NA,NA,NA,NA,NA
"TWC 3 C_114.0_230.0",588.99267578125,588.99267578125,588.99267578125,588.99267578125,588.99267578125,588.99267578125,588.99267578125,588.99267578125,588.99267578125,588.99267578125,NA,NA,NA,NA,NA,NA,NA,NA,NA,NA,NA,NA,NA,NA,NA,NA,NA,NA,NA,NA,NA,NA
"TWC 3 C_114.0_231.0",588.99267578125,588.99267578125,588.99267578125,588.99267578125,588.99267578125,588.99267578125,588.99267578125,588.99267578125,588.99267578125,588.99267578125,NA,NA,NA,NA,NA,NA,NA,NA,NA,NA,NA,NA,NA,NA,NA,NA,NA,NA,NA,NA,NA,NA
"TWC 3 C_114.0_233.0",588.99267578125,588.99267578125,588.99267578125,588.99267578125,588.99267578125,588.99267578125,588.99267578125,588.99267578125,588.99267578125,588.99267578125,NA,NA,NA,NA,NA,NA,NA,NA,NA,NA,NA,NA,NA,NA,NA,NA,NA,NA,NA,NA,NA,NA
"TWC 3 C_114.0_234.0",588.99267578125,588.99267578125,588.99267578125,588.99267578125,588.99267578125,588.99267578125,588.99267578125,588.99267578125,588.99267578125,588.99267578125,NA,NA,NA,NA,NA,NA,NA,NA,NA,NA,NA,NA,NA,NA,NA,NA,NA,NA,NA,NA,NA,NA
"TWC 3 C_114.0_235.0",588.99267578125,588.99267578125,588.99267578125,588.99267578125,588.99267578125,588.99267578125,588.99267578125,588.99267578125,588.99267578125,588.99267578125,NA,NA,NA,NA,NA,NA,NA,NA,NA,NA,NA,NA,NA,NA,NA,NA,NA,NA,NA,NA,NA,NA
"TWC 3 C_114.0_236.0",588.99267578125,588.99267578125,588.99267578125,588.99267578125,588.99267578125,588.99267578125,588.99267578125,588.99267578125,588.99267578125,588.99267578125,NA,NA,NA,NA,NA,NA,NA,NA,NA,NA,NA,NA,NA,NA,NA,NA,NA,NA,NA,NA,NA,NA
"TWC 3 C_114.0_237.0",588.99267578125,588.99267578125,588.99267578125,588.99267578125,588.99267578125,588.99267578125,588.99267578125,588.99267578125,588.99267578125,588.99267578125,NA,NA,NA,NA,NA,NA,NA,NA,NA,NA,NA,NA,NA,NA,NA,NA,NA,NA,NA,NA,NA,NA
"TWC 3 C_114.0_238.0",588.99267578125,588.99267578125,588.99267578125,588.99267578125,588.99267578125,588.99267578125,588.99267578125,588.99267578125,588.99267578125,588.99267578125,NA,NA,NA,NA,NA,NA,NA,NA,NA,NA,NA,NA,NA,NA,NA,NA,NA,NA,NA,NA,NA,NA
"TWC 3 C_114.0_239.0",588.99267578125,588.99267578125,588.99267578125,588.99267578125,588.99267578125,588.99267578125,588.99267578125,588.99267578125,588.99267578125,588.99267578125,NA,NA,NA,NA,NA,NA,NA,NA,NA,NA,NA,NA,NA,NA,NA,NA,NA,NA,NA,NA,NA,NA
"TWC 3 C_114.0_240.0",588.99267578125,588.99267578125,588.99267578125,588.99267578125,588.99267578125,588.99267578125,588.99267578125,588.99267578125,588.99267578125,588.99267578125,NA,NA,NA,NA,NA,NA,NA,NA,NA,NA,NA,NA,NA,NA,NA,NA,NA,NA,NA,NA,NA,NA
"TWC 3 C_114.0_241.0",588.99267578125,588.99267578125,588.99267578125,588.99267578125,588.99267578125,588.99267578125,588.99267578125,588.99267578125,588.99267578125,588.99267578125,NA,NA,NA,NA,NA,NA,NA,NA,NA,NA,NA,NA,NA,NA,NA,NA,NA,NA,NA,NA,NA,NA
"TWC 3 C_114.0_242.0",588.99267578125,588.99267578125,588.99267578125,588.99267578125,588.99267578125,588.99267578125,588.99267578125,588.99267578125,588.99267578125,588.99267578125,NA,NA,NA,NA,NA,NA,NA,NA,NA,NA,NA,NA,NA,NA,NA,NA,NA,NA,NA,NA,NA,NA
"TWC 3 C_114.0_243.0",588.99267578125,588.99267578125,588.99267578125,588.99267578125,588.99267578125,588.99267578125,588.99267578125,588.99267578125,588.99267578125,588.99267578125,NA,NA,NA,NA,NA,NA,NA,NA,NA,NA,NA,NA,NA,NA,NA,NA,NA,NA,NA,NA,NA,NA
"TWC 3 C_114.0_244.0",588.99267578125,588.99267578125,588.99267578125,588.99267578125,588.99267578125,588.99267578125,588.99267578125,588.99267578125,588.99267578125,588.99267578125,NA,NA,NA,NA,NA,NA,NA,NA,NA,NA,NA,NA,NA,NA,NA,NA,NA,NA,NA,NA,NA,NA
"TWC 3 C_114.0_245.0",588.99267578125,588.99267578125,588.99267578125,588.99267578125,588.99267578125,588.99267578125,588.99267578125,588.99267578125,588.99267578125,588.99267578125,NA,NA,NA,NA,NA,NA,NA,NA,NA,NA,NA,NA,NA,NA,NA,NA,NA,NA,NA,NA,NA,NA
"TWC 3 C_114.0_246.0",588.99267578125,588.99267578125,588.99267578125,588.99267578125,588.99267578125,588.99267578125,588.99267578125,588.99267578125,588.99267578125,588.99267578125,NA,NA,NA,NA,NA,NA,NA,NA,NA,NA,NA,NA,NA,NA,NA,NA,NA,NA,NA,NA,NA,NA
"TWC 3 C_114.0_247.0",588.99267578125,588.99267578125,588.99267578125,588.99267578125,588.99267578125,588.99267578125,588.99267578125,588.99267578125,588.99267578125,588.99267578125,NA,NA,NA,NA,NA,NA,NA,NA,NA,NA,NA,NA,NA,NA,NA,NA,NA,NA,NA,NA,NA,NA
"TWC 3 C_114.0_248.0",588.99267578125,588.99267578125,588.99267578125,588.99267578125,588.99267578125,588.99267578125,588.99267578125,588.99267578125,588.99267578125,588.99267578125,NA,NA,NA,NA,NA,NA,NA,NA,NA,NA,NA,NA,NA,NA,NA,NA,NA,NA,NA,NA,NA,NA
"TWC 3 C_114.0_249.0",588.99267578125,588.99267578125,588.99267578125,588.99267578125,588.99267578125,588.99267578125,588.99267578125,588.99267578125,588.99267578125,588.99267578125,NA,NA,NA,NA,NA,NA,NA,NA,NA,NA,NA,NA,NA,NA,NA,NA,NA,NA,NA,NA,NA,NA
"TWC 3 C_114.0_250.0",588.99267578125,588.99267578125,588.99267578125,588.99267578125,588.99267578125,588.99267578125,588.99267578125,588.99267578125,588.99267578125,588.99267578125,NA,NA,NA,NA,NA,NA,NA,NA,NA,NA,NA,NA,NA,NA,NA,NA,NA,NA,NA,NA,NA,NA
"TWC 3 C_114.0_251.0",588.99267578125,588.99267578125,588.99267578125,588.99267578125,588.99267578125,588.99267578125,588.99267578125,588.99267578125,588.99267578125,588.99267578125,NA,NA,NA,NA,NA,NA,NA,NA,NA,NA,NA,NA,NA,NA,NA,NA,NA,NA,NA,NA,NA,NA
"TWC 3 C_114.0_252.0",588.99267578125,588.99267578125,588.99267578125,588.99267578125,588.99267578125,588.99267578125,588.99267578125,588.99267578125,588.99267578125,588.99267578125,NA,NA,NA,NA,NA,NA,NA,NA,NA,NA,NA,NA,NA,NA,NA,NA,NA,NA,NA,NA,NA,NA
"TWC 3 C_114.0_253.0",588.99267578125,588.99267578125,588.99267578125,588.99267578125,588.99267578125,588.99267578125,588.99267578125,588.99267578125,588.99267578125,588.99267578125,NA,NA,NA,NA,NA,NA,NA,NA,NA,NA,NA,NA,NA,NA,NA,NA,NA,NA,NA,NA,NA,NA
"TWC 3 C_114.0_254.0",588.99267578125,588.99267578125,588.99267578125,588.99267578125,588.99267578125,588.99267578125,588.99267578125,588.99267578125,588.99267578125,588.99267578125,NA,NA,NA,NA,NA,NA,NA,NA,NA,NA,NA,NA,NA,NA,NA,NA,NA,NA,NA,NA,NA,NA
"TWC 3 C_114.0_255.0",588.99267578125,588.99267578125,588.99267578125,588.99267578125,588.99267578125,588.99267578125,588.99267578125,588.99267578125,588.99267578125,588.99267578125,NA,NA,NA,NA,NA,NA,NA,NA,NA,NA,NA,NA,NA,NA,NA,NA,NA,NA,NA,NA,NA,NA
"TWC 3 C_114.0_256.0",588.99267578125,588.99267578125,588.99267578125,588.99267578125,588.99267578125,588.99267578125,588.99267578125,588.99267578125,588.99267578125,588.99267578125,NA,NA,NA,NA,NA,NA,NA,NA,NA,NA,NA,NA,NA,NA,NA,NA,NA,NA,NA,NA,NA,NA
"TWC 3 C_114.0_257.0",588.99267578125,588.99267578125,588.99267578125,588.99267578125,588.99267578125,588.99267578125,588.99267578125,588.99267578125,588.99267578125,588.99267578125,NA,NA,NA,NA,NA,NA,NA,NA,NA,NA,NA,NA,NA,NA,NA,NA,NA,NA,NA,NA,NA,NA
"TWC 3 C_114.0_258.0",588.99267578125,588.99267578125,588.99267578125,588.99267578125,588.99267578125,588.99267578125,588.99267578125,588.99267578125,588.99267578125,588.99267578125,NA,NA,NA,NA,NA,NA,NA,NA,NA,NA,NA,NA,NA,NA,NA,NA,NA,NA,NA,NA,NA,NA
"TWC 3 C_114.0_259.0",588.99267578125,588.99267578125,588.99267578125,588.99267578125,588.99267578125,588.99267578125,588.99267578125,588.99267578125,588.99267578125,588.99267578125,NA,NA,NA,NA,NA,NA,NA,NA,NA,NA,NA,NA,NA,NA,NA,NA,NA,NA,NA,NA,NA,NA
"TWC 3 C_114.0_260.0",588.99267578125,588.99267578125,588.99267578125,588.99267578125,588.99267578125,588.99267578125,588.99267578125,588.99267578125,588.99267578125,588.99267578125,NA,NA,NA,NA,NA,NA,NA,NA,NA,NA,NA,NA,NA,NA,NA,NA,NA,NA,NA,NA,NA,NA
"TWC 3 C_116.0_1.0",588.99267578125,588.99267578125,588.99267578125,588.99267578125,588.99267578125,588.99267578125,588.99267578125,588.99267578125,588.99267578125,588.99267578125,NA,NA,NA,NA,NA,NA,NA,NA,NA,NA,NA,NA,NA,NA,NA,NA,NA,NA,NA,NA,NA,NA
"TWC 3 C_116.0_12.0",588.99267578125,588.99267578125,588.99267578125,588.99267578125,588.99267578125,588.99267578125,588.99267578125,588.99267578125,588.99267578125,588.99267578125,NA,NA,NA,NA,NA,NA,NA,NA,NA,NA,NA,NA,NA,NA,NA,NA,NA,NA,NA,NA,NA,NA
"TWC 3 C_116.0_13.0",588.99267578125,588.99267578125,588.99267578125,588.99267578125,588.99267578125,588.99267578125,588.99267578125,588.99267578125,588.99267578125,588.99267578125,NA,NA,NA,NA,NA,NA,NA,NA,NA,NA,NA,NA,NA,NA,NA,NA,NA,NA,NA,NA,NA,NA
"TWC 3 C_116.0_16.0",588.99267578125,588.99267578125,588.99267578125,588.99267578125,588.99267578125,588.99267578125,588.99267578125,588.99267578125,588.99267578125,588.99267578125,NA,NA,NA,NA,NA,NA,NA,NA,NA,NA,NA,NA,NA,NA,NA,NA,NA,NA,NA,NA,NA,NA
"TWC 3 C_116.0_17.0",588.99267578125,588.99267578125,588.99267578125,588.99267578125,588.99267578125,588.99267578125,588.99267578125,588.99267578125,588.99267578125,588.99267578125,NA,NA,NA,NA,NA,NA,NA,NA,NA,NA,NA,NA,NA,NA,NA,NA,NA,NA,NA,NA,NA,NA
"TWC 3 C_116.0_19.0",588.99267578125,588.99267578125,588.99267578125,588.99267578125,588.99267578125,588.99267578125,588.99267578125,588.99267578125,588.99267578125,588.99267578125,NA,NA,NA,NA,NA,NA,NA,NA,NA,NA,NA,NA,NA,NA,NA,NA,NA,NA,NA,NA,NA,NA
"TWC 3 C_116.0_2.0",588.99267578125,588.99267578125,588.99267578125,588.99267578125,588.99267578125,588.99267578125,588.99267578125,588.99267578125,588.99267578125,588.99267578125,NA,NA,NA,NA,NA,NA,NA,NA,NA,NA,NA,NA,NA,NA,NA,NA,NA,NA,NA,NA,NA,NA
"TWC 3 C_116.0_21.0",588.99267578125,588.99267578125,588.99267578125,588.99267578125,588.99267578125,588.99267578125,588.99267578125,588.99267578125,588.99267578125,588.99267578125,NA,NA,NA,NA,NA,NA,NA,NA,NA,NA,NA,NA,NA,NA,NA,NA,NA,NA,NA,NA,NA,NA
"TWC 3 C_116.0_22.0",588.99267578125,588.99267578125,588.99267578125,588.99267578125,588.99267578125,588.99267578125,588.99267578125,588.99267578125,588.99267578125,588.99267578125,NA,NA,NA,NA,NA,NA,NA,NA,NA,NA,NA,NA,NA,NA,NA,NA,NA,NA,NA,NA,NA,NA
"TWC 3 C_116.0_23.0",588.99267578125,588.99267578125,588.99267578125,588.99267578125,588.99267578125,588.99267578125,588.99267578125,588.99267578125,588.99267578125,588.99267578125,NA,NA,NA,NA,NA,NA,NA,NA,NA,NA,NA,NA,NA,NA,NA,NA,NA,NA,NA,NA,NA,NA
"TWC 3 C_116.0_25.0",588.99267578125,588.99267578125,588.99267578125,588.99267578125,588.99267578125,588.99267578125,588.99267578125,588.99267578125,588.99267578125,588.99267578125,NA,NA,NA,NA,NA,NA,NA,NA,NA,NA,NA,NA,NA,NA,NA,NA,NA,NA,NA,NA,NA,NA
"TWC 3 C_116.0_26.0",588.99267578125,588.99267578125,588.99267578125,588.99267578125,588.99267578125,588.99267578125,588.99267578125,588.99267578125,588.99267578125,588.99267578125,NA,NA,NA,NA,NA,NA,NA,NA,NA,NA,NA,NA,NA,NA,NA,NA,NA,NA,NA,NA,NA,NA
"TWC 3 C_116.0_27.0",588.99267578125,588.99267578125,588.99267578125,588.99267578125,588.99267578125,588.99267578125,588.99267578125,588.99267578125,588.99267578125,588.99267578125,NA,NA,NA,NA,NA,NA,NA,NA,NA,NA,NA,NA,NA,NA,NA,NA,NA,NA,NA,NA,NA,NA
"TWC 3 C_116.0_28.0",588.99267578125,588.99267578125,588.99267578125,588.99267578125,588.99267578125,588.99267578125,588.99267578125,588.99267578125,588.99267578125,588.99267578125,NA,NA,NA,NA,NA,NA,NA,NA,NA,NA,NA,NA,NA,NA,NA,NA,NA,NA,NA,NA,NA,NA
"TWC 3 C_116.0_29.0",588.99267578125,588.99267578125,588.99267578125,588.99267578125,588.99267578125,588.99267578125,588.99267578125,588.99267578125,588.99267578125,588.99267578125,NA,NA,NA,NA,NA,NA,NA,NA,NA,NA,NA,NA,NA,NA,NA,NA,NA,NA,NA,NA,NA,NA
"TWC 3 C_116.0_3.0",588.99267578125,588.99267578125,588.99267578125,588.99267578125,588.99267578125,588.99267578125,588.99267578125,588.99267578125,588.99267578125,588.99267578125,NA,NA,NA,NA,NA,NA,NA,NA,NA,NA,NA,NA,NA,NA,NA,NA,NA,NA,NA,NA,NA,NA
"TWC 3 C_116.0_30.0",588.99267578125,588.99267578125,588.99267578125,588.99267578125,588.99267578125,588.99267578125,588.99267578125,588.99267578125,588.99267578125,588.99267578125,NA,NA,NA,NA,NA,NA,NA,NA,NA,NA,NA,NA,NA,NA,NA,NA,NA,NA,NA,NA,NA,NA
"TWC 3 C_116.0_31.0",588.99267578125,588.99267578125,588.99267578125,588.99267578125,588.99267578125,588.99267578125,588.99267578125,588.99267578125,588.99267578125,588.99267578125,NA,NA,NA,NA,NA,NA,NA,NA,NA,NA,NA,NA,NA,NA,NA,NA,NA,NA,NA,NA,NA,NA
"TWC 3 C_116.0_33.0",588.99267578125,588.99267578125,588.99267578125,588.99267578125,588.99267578125,588.99267578125,588.99267578125,588.99267578125,588.99267578125,588.99267578125,NA,NA,NA,NA,NA,NA,NA,NA,NA,NA,NA,NA,NA,NA,NA,NA,NA,NA,NA,NA,NA,NA
"TWC 3 C_116.0_34.0",588.99267578125,588.99267578125,588.99267578125,588.99267578125,588.99267578125,588.99267578125,588.99267578125,588.99267578125,588.99267578125,588.99267578125,NA,NA,NA,NA,NA,NA,NA,NA,NA,NA,NA,NA,NA,NA,NA,NA,NA,NA,NA,NA,NA,NA
"TWC 3 C_116.0_35.0",588.99267578125,588.99267578125,588.99267578125,588.99267578125,588.99267578125,588.99267578125,588.99267578125,588.99267578125,588.99267578125,588.99267578125,NA,NA,NA,NA,NA,NA,NA,NA,NA,NA,NA,NA,NA,NA,NA,NA,NA,NA,NA,NA,NA,NA
"TWC 3 C_116.0_36.0",588.99267578125,588.99267578125,588.99267578125,588.99267578125,588.99267578125,588.99267578125,588.99267578125,588.99267578125,588.99267578125,588.99267578125,NA,NA,NA,NA,NA,NA,NA,NA,NA,NA,NA,NA,NA,NA,NA,NA,NA,NA,NA,NA,NA,NA
"TWC 3 C_116.0_37.0",588.99267578125,588.99267578125,588.99267578125,588.99267578125,588.99267578125,588.99267578125,588.99267578125,588.99267578125,588.99267578125,588.99267578125,NA,NA,NA,NA,NA,NA,NA,NA,NA,NA,NA,NA,NA,NA,NA,NA,NA,NA,NA,NA,NA,NA
"TWC 3 C_116.0_39.0",588.99267578125,588.99267578125,588.99267578125,588.99267578125,588.99267578125,588.99267578125,588.99267578125,588.99267578125,588.99267578125,588.99267578125,NA,NA,NA,NA,NA,NA,NA,NA,NA,NA,NA,NA,NA,NA,NA,NA,NA,NA,NA,NA,NA,NA
"TWC 3 C_116.0_4.0",588.99267578125,588.99267578125,588.99267578125,588.99267578125,588.99267578125,588.99267578125,588.99267578125,588.99267578125,588.99267578125,588.99267578125,NA,NA,NA,NA,NA,NA,NA,NA,NA,NA,NA,NA,NA,NA,NA,NA,NA,NA,NA,NA,NA,NA
"TWC 3 C_116.0_40.0",588.99267578125,588.99267578125,588.99267578125,588.99267578125,588.99267578125,588.99267578125,588.99267578125,588.99267578125,588.99267578125,588.99267578125,NA,NA,NA,NA,NA,NA,NA,NA,NA,NA,NA,NA,NA,NA,NA,NA,NA,NA,NA,NA,NA,NA
"TWC 3 C_116.0_42.0",588.99267578125,588.99267578125,588.99267578125,588.99267578125,588.99267578125,588.99267578125,588.99267578125,588.99267578125,588.99267578125,588.99267578125,NA,NA,NA,NA,NA,NA,NA,NA,NA,NA,NA,NA,NA,NA,NA,NA,NA,NA,NA,NA,NA,NA
"TWC 3 C_116.0_43.0",588.99267578125,588.99267578125,588.99267578125,588.99267578125,588.99267578125,588.99267578125,588.99267578125,588.99267578125,588.99267578125,588.99267578125,NA,NA,NA,NA,NA,NA,NA,NA,NA,NA,NA,NA,NA,NA,NA,NA,NA,NA,NA,NA,NA,NA
"TWC 3 C_116.0_44.0",588.99267578125,588.99267578125,588.99267578125,588.99267578125,588.99267578125,588.99267578125,588.99267578125,588.99267578125,588.99267578125,588.99267578125,NA,NA,NA,NA,NA,NA,NA,NA,NA,NA,NA,NA,NA,NA,NA,NA,NA,NA,NA,NA,NA,NA
"TWC 3 C_116.0_46.0",588.99267578125,588.99267578125,588.99267578125,588.99267578125,588.99267578125,588.99267578125,588.99267578125,588.99267578125,588.99267578125,588.99267578125,NA,NA,NA,NA,NA,NA,NA,NA,NA,NA,NA,NA,NA,NA,NA,NA,NA,NA,NA,NA,NA,NA
"TWC 3 C_116.0_5.0",588.99267578125,588.99267578125,588.99267578125,588.99267578125,588.99267578125,588.99267578125,588.99267578125,588.99267578125,588.99267578125,588.99267578125,NA,NA,NA,NA,NA,NA,NA,NA,NA,NA,NA,NA,NA,NA,NA,NA,NA,NA,NA,NA,NA,NA
"TWC 3 C_116.0_50.0",588.99267578125,588.99267578125,588.99267578125,588.99267578125,588.99267578125,588.99267578125,588.99267578125,588.99267578125,588.99267578125,588.99267578125,NA,NA,NA,NA,NA,NA,NA,NA,NA,NA,NA,NA,NA,NA,NA,NA,NA,NA,NA,NA,NA,NA
"TWC 3 C_116.0_51.0",588.99267578125,588.99267578125,588.99267578125,588.99267578125,588.99267578125,588.99267578125,588.99267578125,588.99267578125,588.99267578125,588.99267578125,NA,NA,NA,NA,NA,NA,NA,NA,NA,NA,NA,NA,NA,NA,NA,NA,NA,NA,NA,NA,NA,NA
"TWC 3 C_116.0_52.0",588.99267578125,588.99267578125,588.99267578125,588.99267578125,588.99267578125,588.99267578125,588.99267578125,588.99267578125,588.99267578125,588.99267578125,NA,NA,NA,NA,NA,NA,NA,NA,NA,NA,NA,NA,NA,NA,NA,NA,NA,NA,NA,NA,NA,NA
"TWC 3 C_116.0_53.0",588.99267578125,588.99267578125,588.99267578125,588.99267578125,588.99267578125,588.99267578125,588.99267578125,588.99267578125,588.99267578125,588.99267578125,NA,NA,NA,NA,NA,NA,NA,NA,NA,NA,NA,NA,NA,NA,NA,NA,NA,NA,NA,NA,NA,NA
"TWC 3 C_116.0_55.0",588.99267578125,588.99267578125,588.99267578125,588.99267578125,588.99267578125,588.99267578125,588.99267578125,588.99267578125,588.99267578125,588.99267578125,NA,NA,NA,NA,NA,NA,NA,NA,NA,NA,NA,NA,NA,NA,NA,NA,NA,NA,NA,NA,NA,NA
"TWC 3 C_116.0_56.0",588.99267578125,588.99267578125,588.99267578125,588.99267578125,588.99267578125,588.99267578125,588.99267578125,588.99267578125,588.99267578125,588.99267578125,NA,NA,NA,NA,NA,NA,NA,NA,NA,NA,NA,NA,NA,NA,NA,NA,NA,NA,NA,NA,NA,NA
"TWC 3 C_116.0_57.0",588.99267578125,588.99267578125,588.99267578125,588.99267578125,588.99267578125,588.99267578125,588.99267578125,588.99267578125,588.99267578125,588.99267578125,NA,NA,NA,NA,NA,NA,NA,NA,NA,NA,NA,NA,NA,NA,NA,NA,NA,NA,NA,NA,NA,NA
"TWC 3 C_116.0_58.0",588.99267578125,588.99267578125,588.99267578125,588.99267578125,588.99267578125,588.99267578125,588.99267578125,588.99267578125,588.99267578125,588.99267578125,NA,NA,NA,NA,NA,NA,NA,NA,NA,NA,NA,NA,NA,NA,NA,NA,NA,NA,NA,NA,NA,NA
"TWC 3 C_116.0_59.0",588.99267578125,588.99267578125,588.99267578125,588.99267578125,588.99267578125,588.99267578125,588.99267578125,588.99267578125,588.99267578125,588.99267578125,NA,NA,NA,NA,NA,NA,NA,NA,NA,NA,NA,NA,NA,NA,NA,NA,NA,NA,NA,NA,NA,NA
"TWC 3 C_116.0_6.0",588.99267578125,588.99267578125,588.99267578125,588.99267578125,588.99267578125,588.99267578125,588.99267578125,588.99267578125,588.99267578125,588.99267578125,NA,NA,NA,NA,NA,NA,NA,NA,NA,NA,NA,NA,NA,NA,NA,NA,NA,NA,NA,NA,NA,NA
"TWC 3 C_116.0_60.0",588.99267578125,588.99267578125,588.99267578125,588.99267578125,588.99267578125,588.99267578125,588.99267578125,588.99267578125,588.99267578125,588.99267578125,NA,NA,NA,NA,NA,NA,NA,NA,NA,NA,NA,NA,NA,NA,NA,NA,NA,NA,NA,NA,NA,NA
"TWC 3 C_116.0_62.0",588.99267578125,588.99267578125,588.99267578125,588.99267578125,588.99267578125,588.99267578125,588.99267578125,588.99267578125,588.99267578125,588.99267578125,NA,NA,NA,NA,NA,NA,NA,NA,NA,NA,NA,NA,NA,NA,NA,NA,NA,NA,NA,NA,NA,NA
"TWC 3 C_116.0_63.0",588.99267578125,588.99267578125,588.99267578125,588.99267578125,588.99267578125,588.99267578125,588.99267578125,588.99267578125,588.99267578125,588.99267578125,NA,NA,NA,NA,NA,NA,NA,NA,NA,NA,NA,NA,NA,NA,NA,NA,NA,NA,NA,NA,NA,NA
"TWC 3 C_116.0_64.0",588.99267578125,588.99267578125,588.99267578125,588.99267578125,588.99267578125,588.99267578125,588.99267578125,588.99267578125,588.99267578125,588.99267578125,NA,NA,NA,NA,NA,NA,NA,NA,NA,NA,NA,NA,NA,NA,NA,NA,NA,NA,NA,NA,NA,NA
"TWC 3 C_116.0_66.0",588.99267578125,588.99267578125,588.99267578125,588.99267578125,588.99267578125,588.99267578125,588.99267578125,588.99267578125,588.99267578125,588.99267578125,NA,NA,NA,NA,NA,NA,NA,NA,NA,NA,NA,NA,NA,NA,NA,NA,NA,NA,NA,NA,NA,NA
"TWC 3 C_116.0_67.0",588.99267578125,588.99267578125,588.99267578125,588.99267578125,588.99267578125,588.99267578125,588.99267578125,588.99267578125,588.99267578125,588.99267578125,NA,NA,NA,NA,NA,NA,NA,NA,NA,NA,NA,NA,NA,NA,NA,NA,NA,NA,NA,NA,NA,NA
"TWC 3 C_116.0_68.0",588.99267578125,588.99267578125,588.99267578125,588.99267578125,588.99267578125,588.99267578125,588.99267578125,588.99267578125,588.99267578125,588.99267578125,NA,NA,NA,NA,NA,NA,NA,NA,NA,NA,NA,NA,NA,NA,NA,NA,NA,NA,NA,NA,NA,NA
"TWC 3 C_116.0_69.0",588.99267578125,588.99267578125,588.99267578125,588.99267578125,588.99267578125,588.99267578125,588.99267578125,588.99267578125,588.99267578125,588.99267578125,NA,NA,NA,NA,NA,NA,NA,NA,NA,NA,NA,NA,NA,NA,NA,NA,NA,NA,NA,NA,NA,NA
"TWC 3 C_116.0_70.0",588.99267578125,588.99267578125,588.99267578125,588.99267578125,588.99267578125,588.99267578125,588.99267578125,588.99267578125,588.99267578125,588.99267578125,NA,NA,NA,NA,NA,NA,NA,NA,NA,NA,NA,NA,NA,NA,NA,NA,NA,NA,NA,NA,NA,NA
"TWC 3 C_116.0_78.0",588.99267578125,588.99267578125,588.99267578125,588.99267578125,588.99267578125,588.99267578125,588.99267578125,588.99267578125,588.99267578125,588.99267578125,NA,NA,NA,NA,NA,NA,NA,NA,NA,NA,NA,NA,NA,NA,NA,NA,NA,NA,NA,NA,NA,NA
"TWC 3 C_116.0_79.0",588.99267578125,588.99267578125,588.99267578125,588.99267578125,588.99267578125,588.99267578125,588.99267578125,588.99267578125,588.99267578125,588.99267578125,NA,NA,NA,NA,NA,NA,NA,NA,NA,NA,NA,NA,NA,NA,NA,NA,NA,NA,NA,NA,NA,NA
"TWC 3 C_116.0_8.0",588.99267578125,588.99267578125,588.99267578125,588.99267578125,588.99267578125,588.99267578125,588.99267578125,588.99267578125,588.99267578125,588.99267578125,NA,NA,NA,NA,NA,NA,NA,NA,NA,NA,NA,NA,NA,NA,NA,NA,NA,NA,NA,NA,NA,NA
"TWC 3 C_116.0_81.0",588.99267578125,588.99267578125,588.99267578125,588.99267578125,588.99267578125,588.99267578125,588.99267578125,588.99267578125,588.99267578125,588.99267578125,NA,NA,NA,NA,NA,NA,NA,NA,NA,NA,NA,NA,NA,NA,NA,NA,NA,NA,NA,NA,NA,NA
"TWC 3 C_116.0_82.0",588.99267578125,588.99267578125,588.99267578125,588.99267578125,588.99267578125,588.99267578125,588.99267578125,588.99267578125,588.99267578125,588.99267578125,NA,NA,NA,NA,NA,NA,NA,NA,NA,NA,NA,NA,NA,NA,NA,NA,NA,NA,NA,NA,NA,NA
"TWC 3 C_116.0_83.0",588.99267578125,588.99267578125,588.99267578125,588.99267578125,588.99267578125,588.99267578125,588.99267578125,588.99267578125,588.99267578125,588.99267578125,NA,NA,NA,NA,NA,NA,NA,NA,NA,NA,NA,NA,NA,NA,NA,NA,NA,NA,NA,NA,NA,NA
"TWC 3 C_116.0_84.0",588.99267578125,588.99267578125,588.99267578125,588.99267578125,588.99267578125,588.99267578125,588.99267578125,588.99267578125,588.99267578125,588.99267578125,NA,NA,NA,NA,NA,NA,NA,NA,NA,NA,NA,NA,NA,NA,NA,NA,NA,NA,NA,NA,NA,NA
"TWC 3 C_116.0_9.0",588.99267578125,588.99267578125,588.99267578125,588.99267578125,588.99267578125,588.99267578125,588.99267578125,588.99267578125,588.99267578125,588.99267578125,NA,NA,NA,NA,NA,NA,NA,NA,NA,NA,NA,NA,NA,NA,NA,NA,NA,NA,NA,NA,NA,NA
"TWC 3 C_117.0_100.0",588.99267578125,588.99267578125,588.99267578125,588.99267578125,588.99267578125,588.99267578125,588.99267578125,588.99267578125,588.99267578125,588.99267578125,NA,NA,NA,NA,NA,NA,NA,NA,NA,NA,NA,NA,NA,NA,NA,NA,NA,NA,NA,NA,NA,NA
"TWC 3 C_117.0_202.0",588.99267578125,588.99267578125,588.99267578125,588.99267578125,588.99267578125,588.99267578125,588.99267578125,588.99267578125,588.99267578125,588.99267578125,NA,NA,NA,NA,NA,NA,NA,NA,NA,NA,NA,NA,NA,NA,NA,NA,NA,NA,NA,NA,NA,NA
"TWC 3 C_117.0_203.0",588.99267578125,588.99267578125,588.99267578125,588.99267578125,588.99267578125,588.99267578125,588.99267578125,588.99267578125,588.99267578125,588.99267578125,NA,NA,NA,NA,NA,NA,NA,NA,NA,NA,NA,NA,NA,NA,NA,NA,NA,NA,NA,NA,NA,NA
"TWC 3 C_117.0_294.0",588.99267578125,588.99267578125,588.99267578125,588.99267578125,588.99267578125,588.99267578125,588.99267578125,588.99267578125,588.99267578125,588.99267578125,NA,NA,NA,NA,NA,NA,NA,NA,NA,NA,NA,NA,NA,NA,NA,NA,NA,NA,NA,NA,NA,NA
"TWC 3 C_117.0_295.0",588.99267578125,588.99267578125,588.99267578125,588.99267578125,588.99267578125,588.99267578125,588.99267578125,588.99267578125,588.99267578125,588.99267578125,NA,NA,NA,NA,NA,NA,NA,NA,NA,NA,NA,NA,NA,NA,NA,NA,NA,NA,NA,NA,NA,NA
"TWC 3 C_117.0_296.0",588.99267578125,588.99267578125,588.99267578125,588.99267578125,588.99267578125,588.99267578125,588.99267578125,588.99267578125,588.99267578125,588.99267578125,NA,NA,NA,NA,NA,NA,NA,NA,NA,NA,NA,NA,NA,NA,NA,NA,NA,NA,NA,NA,NA,NA
"TWC 3 C_117.0_297.0",588.99267578125,588.99267578125,588.99267578125,588.99267578125,588.99267578125,588.99267578125,588.99267578125,588.99267578125,588.99267578125,588.99267578125,NA,NA,NA,NA,NA,NA,NA,NA,NA,NA,NA,NA,NA,NA,NA,NA,NA,NA,NA,NA,NA,NA
"TWC 3 C_117.0_301.0",588.99267578125,588.99267578125,588.99267578125,588.99267578125,588.99267578125,588.99267578125,588.99267578125,588.99267578125,588.99267578125,588.99267578125,NA,NA,NA,NA,NA,NA,NA,NA,NA,NA,NA,NA,NA,NA,NA,NA,NA,NA,NA,NA,NA,NA
"TWC 3 C_117.0_398.0",588.99267578125,588.99267578125,588.99267578125,588.99267578125,588.99267578125,588.99267578125,588.99267578125,588.99267578125,588.99267578125,588.99267578125,NA,NA,NA,NA,NA,NA,NA,NA,NA,NA,NA,NA,NA,NA,NA,NA,NA,NA,NA,NA,NA,NA
"TWC 3 C_117.0_403.0",588.99267578125,588.99267578125,588.99267578125,588.99267578125,588.99267578125,588.99267578125,588.99267578125,588.99267578125,588.99267578125,588.99267578125,NA,NA,NA,NA,NA,NA,NA,NA,NA,NA,NA,NA,NA,NA,NA,NA,NA,NA,NA,NA,NA,NA
"TWC 3 C_117.0_404.0",588.99267578125,588.99267578125,588.99267578125,588.99267578125,588.99267578125,588.99267578125,588.99267578125,588.99267578125,588.99267578125,588.99267578125,NA,NA,NA,NA,NA,NA,NA,NA,NA,NA,NA,NA,NA,NA,NA,NA,NA,NA,NA,NA,NA,NA
"TWC 3 C_117.0_405.0",588.99267578125,588.99267578125,588.99267578125,588.99267578125,588.99267578125,588.99267578125,588.99267578125,588.99267578125,588.99267578125,588.99267578125,NA,NA,NA,NA,NA,NA,NA,NA,NA,NA,NA,NA,NA,NA,NA,NA,NA,NA,NA,NA,NA,NA
"TWC 3 C_117.0_406.0",588.99267578125,588.99267578125,588.99267578125,588.99267578125,588.99267578125,588.99267578125,588.99267578125,588.99267578125,588.99267578125,588.99267578125,NA,NA,NA,NA,NA,NA,NA,NA,NA,NA,NA,NA,NA,NA,NA,NA,NA,NA,NA,NA,NA,NA
"TWC 3 C_117.0_407.0",588.99267578125,588.99267578125,588.99267578125,588.99267578125,588.99267578125,588.99267578125,588.99267578125,588.99267578125,588.99267578125,588.99267578125,NA,NA,NA,NA,NA,NA,NA,NA,NA,NA,NA,NA,NA,NA,NA,NA,NA,NA,NA,NA,NA,NA
"TWC 3 C_117.0_408.0",588.99267578125,588.99267578125,588.99267578125,588.99267578125,588.99267578125,588.99267578125,588.99267578125,588.99267578125,588.99267578125,588.99267578125,NA,NA,NA,NA,NA,NA,NA,NA,NA,NA,NA,NA,NA,NA,NA,NA,NA,NA,NA,NA,NA,NA
"TWC 3 C_117.0_409.0",588.99267578125,588.99267578125,588.99267578125,588.99267578125,588.99267578125,588.99267578125,588.99267578125,588.99267578125,588.99267578125,588.99267578125,NA,NA,NA,NA,NA,NA,NA,NA,NA,NA,NA,NA,NA,NA,NA,NA,NA,NA,NA,NA,NA,NA
"TWC 3 C_117.0_410.0",588.99267578125,588.99267578125,588.99267578125,588.99267578125,588.99267578125,588.99267578125,588.99267578125,588.99267578125,588.99267578125,588.99267578125,NA,NA,NA,NA,NA,NA,NA,NA,NA,NA,NA,NA,NA,NA,NA,NA,NA,NA,NA,NA,NA,NA
"TWC 3 C_117.0_411.0",588.99267578125,588.99267578125,588.99267578125,588.99267578125,588.99267578125,588.99267578125,588.99267578125,588.99267578125,588.99267578125,588.99267578125,NA,NA,NA,NA,NA,NA,NA,NA,NA,NA,NA,NA,NA,NA,NA,NA,NA,NA,NA,NA,NA,NA
"TWC 3 C_117.0_413.0",588.99267578125,588.99267578125,588.99267578125,588.99267578125,588.99267578125,588.99267578125,588.99267578125,588.99267578125,588.99267578125,588.99267578125,NA,NA,NA,NA,NA,NA,NA,NA,NA,NA,NA,NA,NA,NA,NA,NA,NA,NA,NA,NA,NA,NA
"TWC 3 C_117.0_415.0",588.99267578125,588.99267578125,588.99267578125,588.99267578125,588.99267578125,588.99267578125,588.99267578125,588.99267578125,588.99267578125,588.99267578125,NA,NA,NA,NA,NA,NA,NA,NA,NA,NA,NA,NA,NA,NA,NA,NA,NA,NA,NA,NA,NA,NA
"TWC 3 C_117.0_416.0",588.99267578125,588.99267578125,588.99267578125,588.99267578125,588.99267578125,588.99267578125,588.99267578125,588.99267578125,588.99267578125,588.99267578125,NA,NA,NA,NA,NA,NA,NA,NA,NA,NA,NA,NA,NA,NA,NA,NA,NA,NA,NA,NA,NA,NA
"TWC 3 C_117.0_417.0",588.99267578125,588.99267578125,588.99267578125,588.99267578125,588.99267578125,588.99267578125,588.99267578125,588.99267578125,588.99267578125,588.99267578125,NA,NA,NA,NA,NA,NA,NA,NA,NA,NA,NA,NA,NA,NA,NA,NA,NA,NA,NA,NA,NA,NA
"TWC 3 C_117.0_418.0",588.99267578125,588.99267578125,588.99267578125,588.99267578125,588.99267578125,588.99267578125,588.99267578125,588.99267578125,588.99267578125,588.99267578125,NA,NA,NA,NA,NA,NA,NA,NA,NA,NA,NA,NA,NA,NA,NA,NA,NA,NA,NA,NA,NA,NA
"TWC 3 C_117.0_419.0",588.99267578125,588.99267578125,588.99267578125,588.99267578125,588.99267578125,588.99267578125,588.99267578125,588.99267578125,588.99267578125,588.99267578125,NA,NA,NA,NA,NA,NA,NA,NA,NA,NA,NA,NA,NA,NA,NA,NA,NA,NA,NA,NA,NA,NA
"TWC 3 C_117.0_420.0",588.99267578125,588.99267578125,588.99267578125,588.99267578125,588.99267578125,588.99267578125,588.99267578125,588.99267578125,588.99267578125,588.99267578125,NA,NA,NA,NA,NA,NA,NA,NA,NA,NA,NA,NA,NA,NA,NA,NA,NA,NA,NA,NA,NA,NA
"TWC 3 C_117.0_421.0",588.99267578125,588.99267578125,588.99267578125,588.99267578125,588.99267578125,588.99267578125,588.99267578125,588.99267578125,588.99267578125,588.99267578125,NA,NA,NA,NA,NA,NA,NA,NA,NA,NA,NA,NA,NA,NA,NA,NA,NA,NA,NA,NA,NA,NA
"TWC 3 C_117.0_422.0",588.99267578125,588.99267578125,588.99267578125,588.99267578125,588.99267578125,588.99267578125,588.99267578125,588.99267578125,588.99267578125,588.99267578125,NA,NA,NA,NA,NA,NA,NA,NA,NA,NA,NA,NA,NA,NA,NA,NA,NA,NA,NA,NA,NA,NA
"TWC 3 C_117.0_423.0",588.99267578125,588.99267578125,588.99267578125,588.99267578125,588.99267578125,588.99267578125,588.99267578125,588.99267578125,588.99267578125,588.99267578125,NA,NA,NA,NA,NA,NA,NA,NA,NA,NA,NA,NA,NA,NA,NA,NA,NA,NA,NA,NA,NA,NA
"TWC 3 C_117.0_424.0",588.99267578125,588.99267578125,588.99267578125,588.99267578125,588.99267578125,588.99267578125,588.99267578125,588.99267578125,588.99267578125,588.99267578125,NA,NA,NA,NA,NA,NA,NA,NA,NA,NA,NA,NA,NA,NA,NA,NA,NA,NA,NA,NA,NA,NA
"TWC 3 C_117.0_425.0",588.99267578125,588.99267578125,588.99267578125,588.99267578125,588.99267578125,588.99267578125,588.99267578125,588.99267578125,588.99267578125,588.99267578125,NA,NA,NA,NA,NA,NA,NA,NA,NA,NA,NA,NA,NA,NA,NA,NA,NA,NA,NA,NA,NA,NA
"TWC 3 C_117.0_427.0",588.99267578125,588.99267578125,588.99267578125,588.99267578125,588.99267578125,588.99267578125,588.99267578125,588.99267578125,588.99267578125,588.99267578125,NA,NA,NA,NA,NA,NA,NA,NA,NA,NA,NA,NA,NA,NA,NA,NA,NA,NA,NA,NA,NA,NA
"TWC 3 C_117.0_428.0",588.99267578125,588.99267578125,588.99267578125,588.99267578125,588.99267578125,588.99267578125,588.99267578125,588.99267578125,588.99267578125,588.99267578125,NA,NA,NA,NA,NA,NA,NA,NA,NA,NA,NA,NA,NA,NA,NA,NA,NA,NA,NA,NA,NA,NA
"TWC 3 C_117.0_432.0",588.99267578125,588.99267578125,588.99267578125,588.99267578125,588.99267578125,588.99267578125,588.99267578125,588.99267578125,588.99267578125,588.99267578125,NA,NA,NA,NA,NA,NA,NA,NA,NA,NA,NA,NA,NA,NA,NA,NA,NA,NA,NA,NA,NA,NA
"TWC 3 C_117.0_434.0",588.99267578125,588.99267578125,588.99267578125,588.99267578125,588.99267578125,588.99267578125,588.99267578125,588.99267578125,588.99267578125,588.99267578125,NA,NA,NA,NA,NA,NA,NA,NA,NA,NA,NA,NA,NA,NA,NA,NA,NA,NA,NA,NA,NA,NA
"TWC 3 C_117.0_435.0",588.99267578125,588.99267578125,588.99267578125,588.99267578125,588.99267578125,588.99267578125,588.99267578125,588.99267578125,588.99267578125,588.99267578125,NA,NA,NA,NA,NA,NA,NA,NA,NA,NA,NA,NA,NA,NA,NA,NA,NA,NA,NA,NA,NA,NA
"TWC 3 C_117.0_436.0",588.99267578125,588.99267578125,588.99267578125,588.99267578125,588.99267578125,588.99267578125,588.99267578125,588.99267578125,588.99267578125,588.99267578125,NA,NA,NA,NA,NA,NA,NA,NA,NA,NA,NA,NA,NA,NA,NA,NA,NA,NA,NA,NA,NA,NA
"TWC 3 C_117.0_437.0",588.99267578125,588.99267578125,588.99267578125,588.99267578125,588.99267578125,588.99267578125,588.99267578125,588.99267578125,588.99267578125,588.99267578125,NA,NA,NA,NA,NA,NA,NA,NA,NA,NA,NA,NA,NA,NA,NA,NA,NA,NA,NA,NA,NA,NA
"TWC 3 C_117.0_438.0",588.99267578125,588.99267578125,588.99267578125,588.99267578125,588.99267578125,588.99267578125,588.99267578125,588.99267578125,588.99267578125,588.99267578125,NA,NA,NA,NA,NA,NA,NA,NA,NA,NA,NA,NA,NA,NA,NA,NA,NA,NA,NA,NA,NA,NA
"TWC 3 C_117.0_439.0",588.99267578125,588.99267578125,588.99267578125,588.99267578125,588.99267578125,588.99267578125,588.99267578125,588.99267578125,588.99267578125,588.99267578125,NA,NA,NA,NA,NA,NA,NA,NA,NA,NA,NA,NA,NA,NA,NA,NA,NA,NA,NA,NA,NA,NA
"TWC 3 C_117.0_440.0",588.99267578125,588.99267578125,588.99267578125,588.99267578125,588.99267578125,588.99267578125,588.99267578125,588.99267578125,588.99267578125,588.99267578125,NA,NA,NA,NA,NA,NA,NA,NA,NA,NA,NA,NA,NA,NA,NA,NA,NA,NA,NA,NA,NA,NA
"TWC 3 C_117.0_443.0",588.99267578125,588.99267578125,588.99267578125,588.99267578125,588.99267578125,588.99267578125,588.99267578125,588.99267578125,588.99267578125,588.99267578125,NA,NA,NA,NA,NA,NA,NA,NA,NA,NA,NA,NA,NA,NA,NA,NA,NA,NA,NA,NA,NA,NA
"TWC 3 C_117.0_445.0",588.99267578125,588.99267578125,588.99267578125,588.99267578125,588.99267578125,588.99267578125,588.99267578125,588.99267578125,588.99267578125,588.99267578125,NA,NA,NA,NA,NA,NA,NA,NA,NA,NA,NA,NA,NA,NA,NA,NA,NA,NA,NA,NA,NA,NA
"TWC 3 C_117.0_446.0",588.99267578125,588.99267578125,588.99267578125,588.99267578125,588.99267578125,588.99267578125,588.99267578125,588.99267578125,588.99267578125,588.99267578125,NA,NA,NA,NA,NA,NA,NA,NA,NA,NA,NA,NA,NA,NA,NA,NA,NA,NA,NA,NA,NA,NA
"TWC 3 C_117.0_447.0",588.99267578125,588.99267578125,588.99267578125,588.99267578125,588.99267578125,588.99267578125,588.99267578125,588.99267578125,588.99267578125,588.99267578125,NA,NA,NA,NA,NA,NA,NA,NA,NA,NA,NA,NA,NA,NA,NA,NA,NA,NA,NA,NA,NA,NA
"TWC 3 C_117.0_449.0",588.99267578125,588.99267578125,588.99267578125,588.99267578125,588.99267578125,588.99267578125,588.99267578125,588.99267578125,588.99267578125,588.99267578125,NA,NA,NA,NA,NA,NA,NA,NA,NA,NA,NA,NA,NA,NA,NA,NA,NA,NA,NA,NA,NA,NA
"TWC 3 C_117.0_450.0",588.99267578125,588.99267578125,588.99267578125,588.99267578125,588.99267578125,588.99267578125,588.99267578125,588.99267578125,588.99267578125,588.99267578125,NA,NA,NA,NA,NA,NA,NA,NA,NA,NA,NA,NA,NA,NA,NA,NA,NA,NA,NA,NA,NA,NA
"TWC 3 C_117.0_499.0",588.99267578125,588.99267578125,588.99267578125,588.99267578125,588.99267578125,588.99267578125,588.99267578125,588.99267578125,588.99267578125,588.99267578125,NA,NA,NA,NA,NA,NA,NA,NA,NA,NA,NA,NA,NA,NA,NA,NA,NA,NA,NA,NA,NA,NA
"TWC 3 C_117.0_500.0",588.99267578125,588.99267578125,588.99267578125,588.99267578125,588.99267578125,588.99267578125,588.99267578125,588.99267578125,588.99267578125,588.99267578125,NA,NA,NA,NA,NA,NA,NA,NA,NA,NA,NA,NA,NA,NA,NA,NA,NA,NA,NA,NA,NA,NA
"TWC 3 C_117.0_87.0",588.99267578125,588.99267578125,588.99267578125,588.99267578125,588.99267578125,588.99267578125,588.99267578125,588.99267578125,588.99267578125,588.99267578125,NA,NA,NA,NA,NA,NA,NA,NA,NA,NA,NA,NA,NA,NA,NA,NA,NA,NA,NA,NA,NA,NA
"TWC 3 C_117.0_89.0",588.99267578125,588.99267578125,588.99267578125,588.99267578125,588.99267578125,588.99267578125,588.99267578125,588.99267578125,588.99267578125,588.99267578125,NA,NA,NA,NA,NA,NA,NA,NA,NA,NA,NA,NA,NA,NA,NA,NA,NA,NA,NA,NA,NA,NA
"TWC 3 C_117.0_90.0",588.99267578125,588.99267578125,588.99267578125,588.99267578125,588.99267578125,588.99267578125,588.99267578125,588.99267578125,588.99267578125,588.99267578125,NA,NA,NA,NA,NA,NA,NA,NA,NA,NA,NA,NA,NA,NA,NA,NA,NA,NA,NA,NA,NA,NA
"TWC 3 C_117.0_91.0",588.99267578125,588.99267578125,588.99267578125,588.99267578125,588.99267578125,588.99267578125,588.99267578125,588.99267578125,588.99267578125,588.99267578125,NA,NA,NA,NA,NA,NA,NA,NA,NA,NA,NA,NA,NA,NA,NA,NA,NA,NA,NA,NA,NA,NA
"TWC 3 C_117.0_92.0",588.99267578125,588.99267578125,588.99267578125,588.99267578125,588.99267578125,588.99267578125,588.99267578125,588.99267578125,588.99267578125,588.99267578125,NA,NA,NA,NA,NA,NA,NA,NA,NA,NA,NA,NA,NA,NA,NA,NA,NA,NA,NA,NA,NA,NA
"TWC 3 C_117.0_93.0",588.99267578125,588.99267578125,588.99267578125,588.99267578125,588.99267578125,588.99267578125,588.99267578125,588.99267578125,588.99267578125,588.99267578125,NA,NA,NA,NA,NA,NA,NA,NA,NA,NA,NA,NA,NA,NA,NA,NA,NA,NA,NA,NA,NA,NA
"TWC 3 C_117.0_94.0",588.99267578125,588.99267578125,588.99267578125,588.99267578125,588.99267578125,588.99267578125,588.99267578125,588.99267578125,588.99267578125,588.99267578125,NA,NA,NA,NA,NA,NA,NA,NA,NA,NA,NA,NA,NA,NA,NA,NA,NA,NA,NA,NA,NA,NA
"TWC 3 C_117.0_95.0",588.99267578125,588.99267578125,588.99267578125,588.99267578125,588.99267578125,588.99267578125,588.99267578125,588.99267578125,588.99267578125,588.99267578125,NA,NA,NA,NA,NA,NA,NA,NA,NA,NA,NA,NA,NA,NA,NA,NA,NA,NA,NA,NA,NA,NA
"TWC 3 C_117.0_96.0",588.99267578125,588.99267578125,588.99267578125,588.99267578125,588.99267578125,588.99267578125,588.99267578125,588.99267578125,588.99267578125,588.99267578125,NA,NA,NA,NA,NA,NA,NA,NA,NA,NA,NA,NA,NA,NA,NA,NA,NA,NA,NA,NA,NA,NA
"TWC 3 C_117.0_964.0",588.99267578125,588.99267578125,588.99267578125,588.99267578125,588.99267578125,588.99267578125,588.99267578125,588.99267578125,588.99267578125,588.99267578125,NA,NA,NA,NA,NA,NA,NA,NA,NA,NA,NA,NA,NA,NA,NA,NA,NA,NA,NA,NA,NA,NA
"TWC 3 C_117.0_97.0",588.99267578125,588.99267578125,588.99267578125,588.99267578125,588.99267578125,588.99267578125,588.99267578125,588.99267578125,588.99267578125,588.99267578125,NA,NA,NA,NA,NA,NA,NA,NA,NA,NA,NA,NA,NA,NA,NA,NA,NA,NA,NA,NA,NA,NA
"TWC 3 C_117.0_98.0",588.99267578125,588.99267578125,588.99267578125,588.99267578125,588.99267578125,588.99267578125,588.99267578125,588.99267578125,588.99267578125,588.99267578125,NA,NA,NA,NA,NA,NA,NA,NA,NA,NA,NA,NA,NA,NA,NA,NA,NA,NA,NA,NA,NA,NA
"TWC 3 C_117.0_981.0",588.99267578125,588.99267578125,588.99267578125,588.99267578125,588.99267578125,588.99267578125,588.99267578125,588.99267578125,588.99267578125,588.99267578125,NA,NA,NA,NA,NA,NA,NA,NA,NA,NA,NA,NA,NA,NA,NA,NA,NA,NA,NA,NA,NA,NA
"TWC 3 C_117.0_984.0",588.99267578125,588.99267578125,588.99267578125,588.99267578125,588.99267578125,588.99267578125,588.99267578125,588.99267578125,588.99267578125,588.99267578125,NA,NA,NA,NA,NA,NA,NA,NA,NA,NA,NA,NA,NA,NA,NA,NA,NA,NA,NA,NA,NA,NA
"TWC 3 C_117.0_985.0",588.99267578125,588.99267578125,588.99267578125,588.99267578125,588.99267578125,588.99267578125,588.99267578125,588.99267578125,588.99267578125,588.99267578125,NA,NA,NA,NA,NA,NA,NA,NA,NA,NA,NA,NA,NA,NA,NA,NA,NA,NA,NA,NA,NA,NA
"TWC 3 C_117.0_986.0",588.99267578125,588.99267578125,588.99267578125,588.99267578125,588.99267578125,588.99267578125,588.99267578125,588.99267578125,588.99267578125,588.99267578125,NA,NA,NA,NA,NA,NA,NA,NA,NA,NA,NA,NA,NA,NA,NA,NA,NA,NA,NA,NA,NA,NA
"TWC 3 C_117.0_987.0",588.99267578125,588.99267578125,588.99267578125,588.99267578125,588.99267578125,588.99267578125,588.99267578125,588.99267578125,588.99267578125,588.99267578125,NA,NA,NA,NA,NA,NA,NA,NA,NA,NA,NA,NA,NA,NA,NA,NA,NA,NA,NA,NA,NA,NA
"TWC 3 C_117.0_988.0",588.99267578125,588.99267578125,588.99267578125,588.99267578125,588.99267578125,588.99267578125,588.99267578125,588.99267578125,588.99267578125,588.99267578125,NA,NA,NA,NA,NA,NA,NA,NA,NA,NA,NA,NA,NA,NA,NA,NA,NA,NA,NA,NA,NA,NA
"TWC 3 C_117.0_989.0",588.99267578125,588.99267578125,588.99267578125,588.99267578125,588.99267578125,588.99267578125,588.99267578125,588.99267578125,588.99267578125,588.99267578125,NA,NA,NA,NA,NA,NA,NA,NA,NA,NA,NA,NA,NA,NA,NA,NA,NA,NA,NA,NA,NA,NA
"TWC 3 C_117.0_99.0",588.99267578125,588.99267578125,588.99267578125,588.99267578125,588.99267578125,588.99267578125,588.99267578125,588.99267578125,588.99267578125,588.99267578125,NA,NA,NA,NA,NA,NA,NA,NA,NA,NA,NA,NA,NA,NA,NA,NA,NA,NA,NA,NA,NA,NA
"TWC 3 C_117.0_990.0",588.99267578125,588.99267578125,588.99267578125,588.99267578125,588.99267578125,588.99267578125,588.99267578125,588.99267578125,588.99267578125,588.99267578125,NA,NA,NA,NA,NA,NA,NA,NA,NA,NA,NA,NA,NA,NA,NA,NA,NA,NA,NA,NA,NA,NA
"TWC 3 C_117.0_991.0",588.99267578125,588.99267578125,588.99267578125,588.99267578125,588.99267578125,588.99267578125,588.99267578125,588.99267578125,588.99267578125,588.99267578125,NA,NA,NA,NA,NA,NA,NA,NA,NA,NA,NA,NA,NA,NA,NA,NA,NA,NA,NA,NA,NA,NA
"TWC 3 C_117.0_992.0",588.99267578125,588.99267578125,588.99267578125,588.99267578125,588.99267578125,588.99267578125,588.99267578125,588.99267578125,588.99267578125,588.99267578125,NA,NA,NA,NA,NA,NA,NA,NA,NA,NA,NA,NA,NA,NA,NA,NA,NA,NA,NA,NA,NA,NA
"TWC 3 C_117.0_994.0",588.99267578125,588.99267578125,588.99267578125,588.99267578125,588.99267578125,588.99267578125,588.99267578125,588.99267578125,588.99267578125,588.99267578125,NA,NA,NA,NA,NA,NA,NA,NA,NA,NA,NA,NA,NA,NA,NA,NA,NA,NA,NA,NA,NA,NA
"TWC 3 C_117.0_995.0",588.99267578125,588.99267578125,588.99267578125,588.99267578125,588.99267578125,588.99267578125,588.99267578125,588.99267578125,588.99267578125,588.99267578125,NA,NA,NA,NA,NA,NA,NA,NA,NA,NA,NA,NA,NA,NA,NA,NA,NA,NA,NA,NA,NA,NA
"TWC 3 C_120.0_355.0",588.99267578125,588.99267578125,588.99267578125,588.99267578125,588.99267578125,588.99267578125,588.99267578125,588.99267578125,588.99267578125,588.99267578125,NA,NA,NA,NA,NA,NA,NA,NA,NA,NA,NA,NA,NA,NA,NA,NA,NA,NA,NA,NA,NA,NA
"TWC 3 C_120.0_356.0",588.99267578125,588.99267578125,588.99267578125,588.99267578125,588.99267578125,588.99267578125,588.99267578125,588.99267578125,588.99267578125,588.99267578125,NA,NA,NA,NA,NA,NA,NA,NA,NA,NA,NA,NA,NA,NA,NA,NA,NA,NA,NA,NA,NA,NA
"TWC 3 C_120.0_357.0",588.99267578125,588.99267578125,588.99267578125,588.99267578125,588.99267578125,588.99267578125,588.99267578125,588.99267578125,588.99267578125,588.99267578125,NA,NA,NA,NA,NA,NA,NA,NA,NA,NA,NA,NA,NA,NA,NA,NA,NA,NA,NA,NA,NA,NA
"TWC 3 C_120.0_358.0",588.99267578125,588.99267578125,588.99267578125,588.99267578125,588.99267578125,588.99267578125,588.99267578125,588.99267578125,588.99267578125,588.99267578125,NA,NA,NA,NA,NA,NA,NA,NA,NA,NA,NA,NA,NA,NA,NA,NA,NA,NA,NA,NA,NA,NA
"TWC 3 C_120.0_359.0",588.99267578125,588.99267578125,588.99267578125,588.99267578125,588.99267578125,588.99267578125,588.99267578125,588.99267578125,588.99267578125,588.99267578125,NA,NA,NA,NA,NA,NA,NA,NA,NA,NA,NA,NA,NA,NA,NA,NA,NA,NA,NA,NA,NA,NA
"TWC 3 C_120.0_360.0",588.99267578125,588.99267578125,588.99267578125,588.99267578125,588.99267578125,588.99267578125,588.99267578125,588.99267578125,588.99267578125,588.99267578125,NA,NA,NA,NA,NA,NA,NA,NA,NA,NA,NA,NA,NA,NA,NA,NA,NA,NA,NA,NA,NA,NA
"TWC 3 C_120.0_361.0",588.99267578125,588.99267578125,588.99267578125,588.99267578125,588.99267578125,588.99267578125,588.99267578125,588.99267578125,588.99267578125,588.99267578125,NA,NA,NA,NA,NA,NA,NA,NA,NA,NA,NA,NA,NA,NA,NA,NA,NA,NA,NA,NA,NA,NA
"TWC 3 C_120.0_362.0",588.99267578125,588.99267578125,588.99267578125,588.99267578125,588.99267578125,588.99267578125,588.99267578125,588.99267578125,588.99267578125,588.99267578125,NA,NA,NA,NA,NA,NA,NA,NA,NA,NA,NA,NA,NA,NA,NA,NA,NA,NA,NA,NA,NA,NA
"TWC 3 C_120.0_363.0",588.99267578125,588.99267578125,588.99267578125,588.99267578125,588.99267578125,588.99267578125,588.99267578125,588.99267578125,588.99267578125,588.99267578125,NA,NA,NA,NA,NA,NA,NA,NA,NA,NA,NA,NA,NA,NA,NA,NA,NA,NA,NA,NA,NA,NA
"TWC 3 C_120.0_364.0",588.99267578125,588.99267578125,588.99267578125,588.99267578125,588.99267578125,588.99267578125,588.99267578125,588.99267578125,588.99267578125,588.99267578125,NA,NA,NA,NA,NA,NA,NA,NA,NA,NA,NA,NA,NA,NA,NA,NA,NA,NA,NA,NA,NA,NA
"TWC 3 C_120.0_365.0",588.99267578125,588.99267578125,588.99267578125,588.99267578125,588.99267578125,588.99267578125,588.99267578125,588.99267578125,588.99267578125,588.99267578125,NA,NA,NA,NA,NA,NA,NA,NA,NA,NA,NA,NA,NA,NA,NA,NA,NA,NA,NA,NA,NA,NA
"TWC 3 C_120.0_366.0",588.99267578125,588.99267578125,588.99267578125,588.99267578125,588.99267578125,588.99267578125,588.99267578125,588.99267578125,588.99267578125,588.99267578125,NA,NA,NA,NA,NA,NA,NA,NA,NA,NA,NA,NA,NA,NA,NA,NA,NA,NA,NA,NA,NA,NA
"TWC 3 C_120.0_367.0",588.99267578125,588.99267578125,588.99267578125,588.99267578125,588.99267578125,588.99267578125,588.99267578125,588.99267578125,588.99267578125,588.99267578125,NA,NA,NA,NA,NA,NA,NA,NA,NA,NA,NA,NA,NA,NA,NA,NA,NA,NA,NA,NA,NA,NA
"TWC 3 C_120.0_368.0",588.99267578125,588.99267578125,588.99267578125,588.99267578125,588.99267578125,588.99267578125,588.99267578125,588.99267578125,588.99267578125,588.99267578125,NA,NA,NA,NA,NA,NA,NA,NA,NA,NA,NA,NA,NA,NA,NA,NA,NA,NA,NA,NA,NA,NA
"TWC 3 C_120.0_369.0",588.99267578125,588.99267578125,588.99267578125,588.99267578125,588.99267578125,588.99267578125,588.99267578125,588.99267578125,588.99267578125,588.99267578125,NA,NA,NA,NA,NA,NA,NA,NA,NA,NA,NA,NA,NA,NA,NA,NA,NA,NA,NA,NA,NA,NA
"TWC 3 C_120.0_370.0",588.99267578125,588.99267578125,588.99267578125,588.99267578125,588.99267578125,588.99267578125,588.99267578125,588.99267578125,588.99267578125,588.99267578125,NA,NA,NA,NA,NA,NA,NA,NA,NA,NA,NA,NA,NA,NA,NA,NA,NA,NA,NA,NA,NA,NA
"TWC 3 C_120.0_372.0",588.99267578125,588.99267578125,588.99267578125,588.99267578125,588.99267578125,588.99267578125,588.99267578125,588.99267578125,588.99267578125,588.99267578125,NA,NA,NA,NA,NA,NA,NA,NA,NA,NA,NA,NA,NA,NA,NA,NA,NA,NA,NA,NA,NA,NA
"TWC 3 C_120.0_373.0",588.99267578125,588.99267578125,588.99267578125,588.99267578125,588.99267578125,588.99267578125,588.99267578125,588.99267578125,588.99267578125,588.99267578125,NA,NA,NA,NA,NA,NA,NA,NA,NA,NA,NA,NA,NA,NA,NA,NA,NA,NA,NA,NA,NA,NA
"TWC 3 C_120.0_374.0",588.99267578125,588.99267578125,588.99267578125,588.99267578125,588.99267578125,588.99267578125,588.99267578125,588.99267578125,588.99267578125,588.99267578125,NA,NA,NA,NA,NA,NA,NA,NA,NA,NA,NA,NA,NA,NA,NA,NA,NA,NA,NA,NA,NA,NA
"TWC 3 C_120.0_375.0",588.99267578125,588.99267578125,588.99267578125,588.99267578125,588.99267578125,588.99267578125,588.99267578125,588.99267578125,588.99267578125,588.99267578125,NA,NA,NA,NA,NA,NA,NA,NA,NA,NA,NA,NA,NA,NA,NA,NA,NA,NA,NA,NA,NA,NA
"TWC 3 C_120.0_376.0",588.99267578125,588.99267578125,588.99267578125,588.99267578125,588.99267578125,588.99267578125,588.99267578125,588.99267578125,588.99267578125,588.99267578125,NA,NA,NA,NA,NA,NA,NA,NA,NA,NA,NA,NA,NA,NA,NA,NA,NA,NA,NA,NA,NA,NA
"TWC 3 C_120.0_377.0",588.99267578125,588.99267578125,588.99267578125,588.99267578125,588.99267578125,588.99267578125,588.99267578125,588.99267578125,588.99267578125,588.99267578125,NA,NA,NA,NA,NA,NA,NA,NA,NA,NA,NA,NA,NA,NA,NA,NA,NA,NA,NA,NA,NA,NA
"TWC 3 C_120.0_378.0",588.99267578125,588.99267578125,588.99267578125,588.99267578125,588.99267578125,588.99267578125,588.99267578125,588.99267578125,588.99267578125,588.99267578125,NA,NA,NA,NA,NA,NA,NA,NA,NA,NA,NA,NA,NA,NA,NA,NA,NA,NA,NA,NA,NA,NA
"TWC 3 C_120.0_379.0",588.99267578125,588.99267578125,588.99267578125,588.99267578125,588.99267578125,588.99267578125,588.99267578125,588.99267578125,588.99267578125,588.99267578125,NA,NA,NA,NA,NA,NA,NA,NA,NA,NA,NA,NA,NA,NA,NA,NA,NA,NA,NA,NA,NA,NA
"TWC 3 C_120.0_382.0",588.99267578125,588.99267578125,588.99267578125,588.99267578125,588.99267578125,588.99267578125,588.99267578125,588.99267578125,588.99267578125,588.99267578125,NA,NA,NA,NA,NA,NA,NA,NA,NA,NA,NA,NA,NA,NA,NA,NA,NA,NA,NA,NA,NA,NA
"TWC 3 C_120.0_384.0",588.99267578125,588.99267578125,588.99267578125,588.99267578125,588.99267578125,588.99267578125,588.99267578125,588.99267578125,588.99267578125,588.99267578125,NA,NA,NA,NA,NA,NA,NA,NA,NA,NA,NA,NA,NA,NA,NA,NA,NA,NA,NA,NA,NA,NA
"TWC 3 C_120.0_385.0",588.99267578125,588.99267578125,588.99267578125,588.99267578125,588.99267578125,588.99267578125,588.99267578125,588.99267578125,588.99267578125,588.99267578125,NA,NA,NA,NA,NA,NA,NA,NA,NA,NA,NA,NA,NA,NA,NA,NA,NA,NA,NA,NA,NA,NA
"TWC 3 C_120.0_386.0",588.99267578125,588.99267578125,588.99267578125,588.99267578125,588.99267578125,588.99267578125,588.99267578125,588.99267578125,588.99267578125,588.99267578125,NA,NA,NA,NA,NA,NA,NA,NA,NA,NA,NA,NA,NA,NA,NA,NA,NA,NA,NA,NA,NA,NA
"TWC 3 C_120.0_387.0",588.99267578125,588.99267578125,588.99267578125,588.99267578125,588.99267578125,588.99267578125,588.99267578125,588.99267578125,588.99267578125,588.99267578125,NA,NA,NA,NA,NA,NA,NA,NA,NA,NA,NA,NA,NA,NA,NA,NA,NA,NA,NA,NA,NA,NA
"TWC 3 C_120.0_388.0",588.99267578125,588.99267578125,588.99267578125,588.99267578125,588.99267578125,588.99267578125,588.99267578125,588.99267578125,588.99267578125,588.99267578125,NA,NA,NA,NA,NA,NA,NA,NA,NA,NA,NA,NA,NA,NA,NA,NA,NA,NA,NA,NA,NA,NA
"TWC 3 C_120.0_389.0",588.99267578125,588.99267578125,588.99267578125,588.99267578125,588.99267578125,588.99267578125,588.99267578125,588.99267578125,588.99267578125,588.99267578125,NA,NA,NA,NA,NA,NA,NA,NA,NA,NA,NA,NA,NA,NA,NA,NA,NA,NA,NA,NA,NA,NA
"TWC 3 C_120.0_392.0",588.99267578125,588.99267578125,588.99267578125,588.99267578125,588.99267578125,588.99267578125,588.99267578125,588.99267578125,588.99267578125,588.99267578125,NA,NA,NA,NA,NA,NA,NA,NA,NA,NA,NA,NA,NA,NA,NA,NA,NA,NA,NA,NA,NA,NA
"TWC 3 C_120.0_393.0",588.99267578125,588.99267578125,588.99267578125,588.99267578125,588.99267578125,588.99267578125,588.99267578125,588.99267578125,588.99267578125,588.99267578125,NA,NA,NA,NA,NA,NA,NA,NA,NA,NA,NA,NA,NA,NA,NA,NA,NA,NA,NA,NA,NA,NA
"TWC 3 C_120.0_394.0",588.99267578125,588.99267578125,588.99267578125,588.99267578125,588.99267578125,588.99267578125,588.99267578125,588.99267578125,588.99267578125,588.99267578125,NA,NA,NA,NA,NA,NA,NA,NA,NA,NA,NA,NA,NA,NA,NA,NA,NA,NA,NA,NA,NA,NA
"TWC 3 C_120.0_395.0",588.99267578125,588.99267578125,588.99267578125,588.99267578125,588.99267578125,588.99267578125,588.99267578125,588.99267578125,588.99267578125,588.99267578125,NA,NA,NA,NA,NA,NA,NA,NA,NA,NA,NA,NA,NA,NA,NA,NA,NA,NA,NA,NA,NA,NA
"TWC 3 C_120.0_501.0",588.99267578125,588.99267578125,588.99267578125,588.99267578125,588.99267578125,588.99267578125,588.99267578125,588.99267578125,588.99267578125,588.99267578125,NA,NA,NA,NA,NA,NA,NA,NA,NA,NA,NA,NA,NA,NA,NA,NA,NA,NA,NA,NA,NA,NA
"TWC 3 C_120.0_502.0",588.99267578125,588.99267578125,588.99267578125,588.99267578125,588.99267578125,588.99267578125,588.99267578125,588.99267578125,588.99267578125,588.99267578125,NA,NA,NA,NA,NA,NA,NA,NA,NA,NA,NA,NA,NA,NA,NA,NA,NA,NA,NA,NA,NA,NA
"TWC 3 C_120.0_504.0",588.99267578125,588.99267578125,588.99267578125,588.99267578125,588.99267578125,588.99267578125,588.99267578125,588.99267578125,588.99267578125,588.99267578125,NA,NA,NA,NA,NA,NA,NA,NA,NA,NA,NA,NA,NA,NA,NA,NA,NA,NA,NA,NA,NA,NA
"TWC 3 C_120.0_505.0",588.99267578125,588.99267578125,588.99267578125,588.99267578125,588.99267578125,588.99267578125,588.99267578125,588.99267578125,588.99267578125,588.99267578125,NA,NA,NA,NA,NA,NA,NA,NA,NA,NA,NA,NA,NA,NA,NA,NA,NA,NA,NA,NA,NA,NA
"TWC 3 C_120.0_506.0",588.99267578125,588.99267578125,588.99267578125,588.99267578125,588.99267578125,588.99267578125,588.99267578125,588.99267578125,588.99267578125,588.99267578125,NA,NA,NA,NA,NA,NA,NA,NA,NA,NA,NA,NA,NA,NA,NA,NA,NA,NA,NA,NA,NA,NA
"TWC 3 C_120.0_507.0",588.99267578125,588.99267578125,588.99267578125,588.99267578125,588.99267578125,588.99267578125,588.99267578125,588.99267578125,588.99267578125,588.99267578125,NA,NA,NA,NA,NA,NA,NA,NA,NA,NA,NA,NA,NA,NA,NA,NA,NA,NA,NA,NA,NA,NA
"TWC 3 C_120.0_509.0",588.99267578125,588.99267578125,588.99267578125,588.99267578125,588.99267578125,588.99267578125,588.99267578125,588.99267578125,588.99267578125,588.99267578125,NA,NA,NA,NA,NA,NA,NA,NA,NA,NA,NA,NA,NA,NA,NA,NA,NA,NA,NA,NA,NA,NA
"TWC 3 C_120.0_513.0",588.99267578125,588.99267578125,588.99267578125,588.99267578125,588.99267578125,588.99267578125,588.99267578125,588.99267578125,588.99267578125,588.99267578125,NA,NA,NA,NA,NA,NA,NA,NA,NA,NA,NA,NA,NA,NA,NA,NA,NA,NA,NA,NA,NA,NA
"TWC 3 C_120.0_514.0",588.99267578125,588.99267578125,588.99267578125,588.99267578125,588.99267578125,588.99267578125,588.99267578125,588.99267578125,588.99267578125,588.99267578125,NA,NA,NA,NA,NA,NA,NA,NA,NA,NA,NA,NA,NA,NA,NA,NA,NA,NA,NA,NA,NA,NA
"TWC 3 C_120.0_515.0",588.99267578125,588.99267578125,588.99267578125,588.99267578125,588.99267578125,588.99267578125,588.99267578125,588.99267578125,588.99267578125,588.99267578125,NA,NA,NA,NA,NA,NA,NA,NA,NA,NA,NA,NA,NA,NA,NA,NA,NA,NA,NA,NA,NA,NA
"TWC 3 C_120.0_516.0",588.99267578125,588.99267578125,588.99267578125,588.99267578125,588.99267578125,588.99267578125,588.99267578125,588.99267578125,588.99267578125,588.99267578125,NA,NA,NA,NA,NA,NA,NA,NA,NA,NA,NA,NA,NA,NA,NA,NA,NA,NA,NA,NA,NA,NA
"TWC 3 C_120.0_517.0",588.99267578125,588.99267578125,588.99267578125,588.99267578125,588.99267578125,588.99267578125,588.99267578125,588.99267578125,588.99267578125,588.99267578125,NA,NA,NA,NA,NA,NA,NA,NA,NA,NA,NA,NA,NA,NA,NA,NA,NA,NA,NA,NA,NA,NA
"TWC 3 C_120.0_518.0",588.99267578125,588.99267578125,588.99267578125,588.99267578125,588.99267578125,588.99267578125,588.99267578125,588.99267578125,588.99267578125,588.99267578125,NA,NA,NA,NA,NA,NA,NA,NA,NA,NA,NA,NA,NA,NA,NA,NA,NA,NA,NA,NA,NA,NA
"TWC 3 C_120.0_519.0",588.99267578125,588.99267578125,588.99267578125,588.99267578125,588.99267578125,588.99267578125,588.99267578125,588.99267578125,588.99267578125,588.99267578125,NA,NA,NA,NA,NA,NA,NA,NA,NA,NA,NA,NA,NA,NA,NA,NA,NA,NA,NA,NA,NA,NA
"TWC 3 C_120.0_520.0",588.99267578125,588.99267578125,588.99267578125,588.99267578125,588.99267578125,588.99267578125,588.99267578125,588.99267578125,588.99267578125,588.99267578125,NA,NA,NA,NA,NA,NA,NA,NA,NA,NA,NA,NA,NA,NA,NA,NA,NA,NA,NA,NA,NA,NA
"TWC 3 C_120.0_521.0",588.99267578125,588.99267578125,588.99267578125,588.99267578125,588.99267578125,588.99267578125,588.99267578125,588.99267578125,588.99267578125,588.99267578125,NA,NA,NA,NA,NA,NA,NA,NA,NA,NA,NA,NA,NA,NA,NA,NA,NA,NA,NA,NA,NA,NA
"TWC 3 C_120.0_522.0",588.99267578125,588.99267578125,588.99267578125,588.99267578125,588.99267578125,588.99267578125,588.99267578125,588.99267578125,588.99267578125,588.99267578125,NA,NA,NA,NA,NA,NA,NA,NA,NA,NA,NA,NA,NA,NA,NA,NA,NA,NA,NA,NA,NA,NA
"TWC 3 C_120.0_523.0",588.99267578125,588.99267578125,588.99267578125,588.99267578125,588.99267578125,588.99267578125,588.99267578125,588.99267578125,588.99267578125,588.99267578125,NA,NA,NA,NA,NA,NA,NA,NA,NA,NA,NA,NA,NA,NA,NA,NA,NA,NA,NA,NA,NA,NA
"TWC 3 C_120.0_525.0",588.99267578125,588.99267578125,588.99267578125,588.99267578125,588.99267578125,588.99267578125,588.99267578125,588.99267578125,588.99267578125,588.99267578125,NA,NA,NA,NA,NA,NA,NA,NA,NA,NA,NA,NA,NA,NA,NA,NA,NA,NA,NA,NA,NA,NA
"TWC 3 C_120.0_526.0",588.99267578125,588.99267578125,588.99267578125,588.99267578125,588.99267578125,588.99267578125,588.99267578125,588.99267578125,588.99267578125,588.99267578125,NA,NA,NA,NA,NA,NA,NA,NA,NA,NA,NA,NA,NA,NA,NA,NA,NA,NA,NA,NA,NA,NA
"TWC 3 C_120.0_527.0",588.99267578125,588.99267578125,588.99267578125,588.99267578125,588.99267578125,588.99267578125,588.99267578125,588.99267578125,588.99267578125,588.99267578125,NA,NA,NA,NA,NA,NA,NA,NA,NA,NA,NA,NA,NA,NA,NA,NA,NA,NA,NA,NA,NA,NA
"TWC 3 C_120.0_528.0",588.99267578125,588.99267578125,588.99267578125,588.99267578125,588.99267578125,588.99267578125,588.99267578125,588.99267578125,588.99267578125,588.99267578125,NA,NA,NA,NA,NA,NA,NA,NA,NA,NA,NA,NA,NA,NA,NA,NA,NA,NA,NA,NA,NA,NA
"TWC 3 C_120.0_529.0",588.99267578125,588.99267578125,588.99267578125,588.99267578125,588.99267578125,588.99267578125,588.99267578125,588.99267578125,588.99267578125,588.99267578125,NA,NA,NA,NA,NA,NA,NA,NA,NA,NA,NA,NA,NA,NA,NA,NA,NA,NA,NA,NA,NA,NA
"TWC 3 C_120.0_530.0",588.99267578125,588.99267578125,588.99267578125,588.99267578125,588.99267578125,588.99267578125,588.99267578125,588.99267578125,588.99267578125,588.99267578125,NA,NA,NA,NA,NA,NA,NA,NA,NA,NA,NA,NA,NA,NA,NA,NA,NA,NA,NA,NA,NA,NA
"TWC 3 C_120.0_531.0",588.99267578125,588.99267578125,588.99267578125,588.99267578125,588.99267578125,588.99267578125,588.99267578125,588.99267578125,588.99267578125,588.99267578125,NA,NA,NA,NA,NA,NA,NA,NA,NA,NA,NA,NA,NA,NA,NA,NA,NA,NA,NA,NA,NA,NA
"TWC 3 C_120.0_532.0",588.99267578125,588.99267578125,588.99267578125,588.99267578125,588.99267578125,588.99267578125,588.99267578125,588.99267578125,588.99267578125,588.99267578125,NA,NA,NA,NA,NA,NA,NA,NA,NA,NA,NA,NA,NA,NA,NA,NA,NA,NA,NA,NA,NA,NA
"TWC 3 C_120.0_533.0",588.99267578125,588.99267578125,588.99267578125,588.99267578125,588.99267578125,588.99267578125,588.99267578125,588.99267578125,588.99267578125,588.99267578125,NA,NA,NA,NA,NA,NA,NA,NA,NA,NA,NA,NA,NA,NA,NA,NA,NA,NA,NA,NA,NA,NA
"TWC 3 C_120.0_534.0",588.99267578125,588.99267578125,588.99267578125,588.99267578125,588.99267578125,588.99267578125,588.99267578125,588.99267578125,588.99267578125,588.99267578125,NA,NA,NA,NA,NA,NA,NA,NA,NA,NA,NA,NA,NA,NA,NA,NA,NA,NA,NA,NA,NA,NA
"TWC 3 C_120.0_535.0",588.99267578125,588.99267578125,588.99267578125,588.99267578125,588.99267578125,588.99267578125,588.99267578125,588.99267578125,588.99267578125,588.99267578125,NA,NA,NA,NA,NA,NA,NA,NA,NA,NA,NA,NA,NA,NA,NA,NA,NA,NA,NA,NA,NA,NA
"TWC 3 C_120.0_537.0",588.99267578125,588.99267578125,588.99267578125,588.99267578125,588.99267578125,588.99267578125,588.99267578125,588.99267578125,588.99267578125,588.99267578125,NA,NA,NA,NA,NA,NA,NA,NA,NA,NA,NA,NA,NA,NA,NA,NA,NA,NA,NA,NA,NA,NA
"TWC 3 C_120.0_538.0",588.99267578125,588.99267578125,588.99267578125,588.99267578125,588.99267578125,588.99267578125,588.99267578125,588.99267578125,588.99267578125,588.99267578125,NA,NA,NA,NA,NA,NA,NA,NA,NA,NA,NA,NA,NA,NA,NA,NA,NA,NA,NA,NA,NA,NA
"TWC 3 C_120.0_539.0",588.99267578125,588.99267578125,588.99267578125,588.99267578125,588.99267578125,588.99267578125,588.99267578125,588.99267578125,588.99267578125,588.99267578125,NA,NA,NA,NA,NA,NA,NA,NA,NA,NA,NA,NA,NA,NA,NA,NA,NA,NA,NA,NA,NA,NA
"TWC 3 C_120.0_541.0",588.99267578125,588.99267578125,588.99267578125,588.99267578125,588.99267578125,588.99267578125,588.99267578125,588.99267578125,588.99267578125,588.99267578125,NA,NA,NA,NA,NA,NA,NA,NA,NA,NA,NA,NA,NA,NA,NA,NA,NA,NA,NA,NA,NA,NA
"TWC 3 C_120.0_542.0",588.99267578125,588.99267578125,588.99267578125,588.99267578125,588.99267578125,588.99267578125,588.99267578125,588.99267578125,588.99267578125,588.99267578125,NA,NA,NA,NA,NA,NA,NA,NA,NA,NA,NA,NA,NA,NA,NA,NA,NA,NA,NA,NA,NA,NA
"TWC 3 C_120.0_543.0",588.99267578125,588.99267578125,588.99267578125,588.99267578125,588.99267578125,588.99267578125,588.99267578125,588.99267578125,588.99267578125,588.99267578125,NA,NA,NA,NA,NA,NA,NA,NA,NA,NA,NA,NA,NA,NA,NA,NA,NA,NA,NA,NA,NA,NA
"TWC 3 C_120.0_544.0",588.99267578125,588.99267578125,588.99267578125,588.99267578125,588.99267578125,588.99267578125,588.99267578125,588.99267578125,588.99267578125,588.99267578125,NA,NA,NA,NA,NA,NA,NA,NA,NA,NA,NA,NA,NA,NA,NA,NA,NA,NA,NA,NA,NA,NA
"TWC 3 C_120.0_545.0",588.99267578125,588.99267578125,588.99267578125,588.99267578125,588.99267578125,588.99267578125,588.99267578125,588.99267578125,588.99267578125,588.99267578125,NA,NA,NA,NA,NA,NA,NA,NA,NA,NA,NA,NA,NA,NA,NA,NA,NA,NA,NA,NA,NA,NA
"TWC 3 C_120.0_546.0",588.99267578125,588.99267578125,588.99267578125,588.99267578125,588.99267578125,588.99267578125,588.99267578125,588.99267578125,588.99267578125,588.99267578125,NA,NA,NA,NA,NA,NA,NA,NA,NA,NA,NA,NA,NA,NA,NA,NA,NA,NA,NA,NA,NA,NA
"TWC 3 C_120.0_547.0",588.99267578125,588.99267578125,588.99267578125,588.99267578125,588.99267578125,588.99267578125,588.99267578125,588.99267578125,588.99267578125,588.99267578125,NA,NA,NA,NA,NA,NA,NA,NA,NA,NA,NA,NA,NA,NA,NA,NA,NA,NA,NA,NA,NA,NA
"TWC 3 C_120.0_548.0",588.99267578125,588.99267578125,588.99267578125,588.99267578125,588.99267578125,588.99267578125,588.99267578125,588.99267578125,588.99267578125,588.99267578125,NA,NA,NA,NA,NA,NA,NA,NA,NA,NA,NA,NA,NA,NA,NA,NA,NA,NA,NA,NA,NA,NA
"TWC 3 C_120.0_549.0",588.99267578125,588.99267578125,588.99267578125,588.99267578125,588.99267578125,588.99267578125,588.99267578125,588.99267578125,588.99267578125,588.99267578125,NA,NA,NA,NA,NA,NA,NA,NA,NA,NA,NA,NA,NA,NA,NA,NA,NA,NA,NA,NA,NA,NA
"TWC 3 C_120.0_550.0",588.99267578125,588.99267578125,588.99267578125,588.99267578125,588.99267578125,588.99267578125,588.99267578125,588.99267578125,588.99267578125,588.99267578125,NA,NA,NA,NA,NA,NA,NA,NA,NA,NA,NA,NA,NA,NA,NA,NA,NA,NA,NA,NA,NA,NA
"TWC 3 C_120.0_551.0",588.99267578125,588.99267578125,588.99267578125,588.99267578125,588.99267578125,588.99267578125,588.99267578125,588.99267578125,588.99267578125,588.99267578125,NA,NA,NA,NA,NA,NA,NA,NA,NA,NA,NA,NA,NA,NA,NA,NA,NA,NA,NA,NA,NA,NA
"TWC 3 C_120.0_552.0",588.99267578125,588.99267578125,588.99267578125,588.99267578125,588.99267578125,588.99267578125,588.99267578125,588.99267578125,588.99267578125,588.99267578125,NA,NA,NA,NA,NA,NA,NA,NA,NA,NA,NA,NA,NA,NA,NA,NA,NA,NA,NA,NA,NA,NA
"TWC 3 C_121.0_500.0",588.99267578125,588.99267578125,588.99267578125,588.99267578125,588.99267578125,588.99267578125,588.99267578125,588.99267578125,588.99267578125,588.99267578125,NA,NA,NA,NA,NA,NA,NA,NA,NA,NA,NA,NA,NA,NA,NA,NA,NA,NA,NA,NA,NA,NA
"TWC 3 C_121.0_553.0",588.99267578125,588.99267578125,588.99267578125,588.99267578125,588.99267578125,588.99267578125,588.99267578125,588.99267578125,588.99267578125,588.99267578125,NA,NA,NA,NA,NA,NA,NA,NA,NA,NA,NA,NA,NA,NA,NA,NA,NA,NA,NA,NA,NA,NA
"TWC 3 C_121.0_554.0",588.99267578125,588.99267578125,588.99267578125,588.99267578125,588.99267578125,588.99267578125,588.99267578125,588.99267578125,588.99267578125,588.99267578125,NA,NA,NA,NA,NA,NA,NA,NA,NA,NA,NA,NA,NA,NA,NA,NA,NA,NA,NA,NA,NA,NA
"TWC 3 C_121.0_555.0",588.99267578125,588.99267578125,588.99267578125,588.99267578125,588.99267578125,588.99267578125,588.99267578125,588.99267578125,588.99267578125,588.99267578125,NA,NA,NA,NA,NA,NA,NA,NA,NA,NA,NA,NA,NA,NA,NA,NA,NA,NA,NA,NA,NA,NA
"TWC 3 C_121.0_556.0",588.99267578125,588.99267578125,588.99267578125,588.99267578125,588.99267578125,588.99267578125,588.99267578125,588.99267578125,588.99267578125,588.99267578125,NA,NA,NA,NA,NA,NA,NA,NA,NA,NA,NA,NA,NA,NA,NA,NA,NA,NA,NA,NA,NA,NA
"TWC 3 C_121.0_557.0",588.99267578125,588.99267578125,588.99267578125,588.99267578125,588.99267578125,588.99267578125,588.99267578125,588.99267578125,588.99267578125,588.99267578125,NA,NA,NA,NA,NA,NA,NA,NA,NA,NA,NA,NA,NA,NA,NA,NA,NA,NA,NA,NA,NA,NA
"TWC 3 C_121.0_559.0",588.99267578125,588.99267578125,588.99267578125,588.99267578125,588.99267578125,588.99267578125,588.99267578125,588.99267578125,588.99267578125,588.99267578125,NA,NA,NA,NA,NA,NA,NA,NA,NA,NA,NA,NA,NA,NA,NA,NA,NA,NA,NA,NA,NA,NA
"TWC 3 C_121.0_560.0",588.99267578125,588.99267578125,588.99267578125,588.99267578125,588.99267578125,588.99267578125,588.99267578125,588.99267578125,588.99267578125,588.99267578125,NA,NA,NA,NA,NA,NA,NA,NA,NA,NA,NA,NA,NA,NA,NA,NA,NA,NA,NA,NA,NA,NA
"TWC 3 C_121.0_562.0",588.99267578125,588.99267578125,588.99267578125,588.99267578125,588.99267578125,588.99267578125,588.99267578125,588.99267578125,588.99267578125,588.99267578125,NA,NA,NA,NA,NA,NA,NA,NA,NA,NA,NA,NA,NA,NA,NA,NA,NA,NA,NA,NA,NA,NA
"TWC 3 C_121.0_563.0",588.99267578125,588.99267578125,588.99267578125,588.99267578125,588.99267578125,588.99267578125,588.99267578125,588.99267578125,588.99267578125,588.99267578125,NA,NA,NA,NA,NA,NA,NA,NA,NA,NA,NA,NA,NA,NA,NA,NA,NA,NA,NA,NA,NA,NA
"TWC 3 C_121.0_564.0",588.99267578125,588.99267578125,588.99267578125,588.99267578125,588.99267578125,588.99267578125,588.99267578125,588.99267578125,588.99267578125,588.99267578125,NA,NA,NA,NA,NA,NA,NA,NA,NA,NA,NA,NA,NA,NA,NA,NA,NA,NA,NA,NA,NA,NA
"TWC 3 C_121.0_565.0",588.99267578125,588.99267578125,588.99267578125,588.99267578125,588.99267578125,588.99267578125,588.99267578125,588.99267578125,588.99267578125,588.99267578125,NA,NA,NA,NA,NA,NA,NA,NA,NA,NA,NA,NA,NA,NA,NA,NA,NA,NA,NA,NA,NA,NA
"TWC 3 C_121.0_566.0",588.99267578125,588.99267578125,588.99267578125,588.99267578125,588.99267578125,588.99267578125,588.99267578125,588.99267578125,588.99267578125,588.99267578125,NA,NA,NA,NA,NA,NA,NA,NA,NA,NA,NA,NA,NA,NA,NA,NA,NA,NA,NA,NA,NA,NA
"TWC 3 C_121.0_568.0",588.99267578125,588.99267578125,588.99267578125,588.99267578125,588.99267578125,588.99267578125,588.99267578125,588.99267578125,588.99267578125,588.99267578125,NA,NA,NA,NA,NA,NA,NA,NA,NA,NA,NA,NA,NA,NA,NA,NA,NA,NA,NA,NA,NA,NA
"TWC 3 C_121.0_569.0",588.99267578125,588.99267578125,588.99267578125,588.99267578125,588.99267578125,588.99267578125,588.99267578125,588.99267578125,588.99267578125,588.99267578125,NA,NA,NA,NA,NA,NA,NA,NA,NA,NA,NA,NA,NA,NA,NA,NA,NA,NA,NA,NA,NA,NA
"TWC 3 C_121.0_571.0",588.99267578125,588.99267578125,588.99267578125,588.99267578125,588.99267578125,588.99267578125,588.99267578125,588.99267578125,588.99267578125,588.99267578125,NA,NA,NA,NA,NA,NA,NA,NA,NA,NA,NA,NA,NA,NA,NA,NA,NA,NA,NA,NA,NA,NA
"TWC 3 C_121.0_573.0",588.99267578125,588.99267578125,588.99267578125,588.99267578125,588.99267578125,588.99267578125,588.99267578125,588.99267578125,588.99267578125,588.99267578125,NA,NA,NA,NA,NA,NA,NA,NA,NA,NA,NA,NA,NA,NA,NA,NA,NA,NA,NA,NA,NA,NA
"TWC 3 C_121.0_574.0",588.99267578125,588.99267578125,588.99267578125,588.99267578125,588.99267578125,588.99267578125,588.99267578125,588.99267578125,588.99267578125,588.99267578125,NA,NA,NA,NA,NA,NA,NA,NA,NA,NA,NA,NA,NA,NA,NA,NA,NA,NA,NA,NA,NA,NA
"TWC 3 C_121.0_575.0",588.99267578125,588.99267578125,588.99267578125,588.99267578125,588.99267578125,588.99267578125,588.99267578125,588.99267578125,588.99267578125,588.99267578125,NA,NA,NA,NA,NA,NA,NA,NA,NA,NA,NA,NA,NA,NA,NA,NA,NA,NA,NA,NA,NA,NA
"TWC 3 C_121.0_577.0",588.99267578125,588.99267578125,588.99267578125,588.99267578125,588.99267578125,588.99267578125,588.99267578125,588.99267578125,588.99267578125,588.99267578125,NA,NA,NA,NA,NA,NA,NA,NA,NA,NA,NA,NA,NA,NA,NA,NA,NA,NA,NA,NA,NA,NA
"TWC 3 C_121.0_578.0",588.99267578125,588.99267578125,588.99267578125,588.99267578125,588.99267578125,588.99267578125,588.99267578125,588.99267578125,588.99267578125,588.99267578125,NA,NA,NA,NA,NA,NA,NA,NA,NA,NA,NA,NA,NA,NA,NA,NA,NA,NA,NA,NA,NA,NA
"TWC 3 C_121.0_579.0",588.99267578125,588.99267578125,588.99267578125,588.99267578125,588.99267578125,588.99267578125,588.99267578125,588.99267578125,588.99267578125,588.99267578125,NA,NA,NA,NA,NA,NA,NA,NA,NA,NA,NA,NA,NA,NA,NA,NA,NA,NA,NA,NA,NA,NA
"TWC 3 C_121.0_580.0",588.99267578125,588.99267578125,588.99267578125,588.99267578125,588.99267578125,588.99267578125,588.99267578125,588.99267578125,588.99267578125,588.99267578125,NA,NA,NA,NA,NA,NA,NA,NA,NA,NA,NA,NA,NA,NA,NA,NA,NA,NA,NA,NA,NA,NA
"TWC 3 C_121.0_581.0",588.99267578125,588.99267578125,588.99267578125,588.99267578125,588.99267578125,588.99267578125,588.99267578125,588.99267578125,588.99267578125,588.99267578125,NA,NA,NA,NA,NA,NA,NA,NA,NA,NA,NA,NA,NA,NA,NA,NA,NA,NA,NA,NA,NA,NA
"TWC 3 C_121.0_582.0",588.99267578125,588.99267578125,588.99267578125,588.99267578125,588.99267578125,588.99267578125,588.99267578125,588.99267578125,588.99267578125,588.99267578125,NA,NA,NA,NA,NA,NA,NA,NA,NA,NA,NA,NA,NA,NA,NA,NA,NA,NA,NA,NA,NA,NA
"TWC 3 C_121.0_583.0",588.99267578125,588.99267578125,588.99267578125,588.99267578125,588.99267578125,588.99267578125,588.99267578125,588.99267578125,588.99267578125,588.99267578125,NA,NA,NA,NA,NA,NA,NA,NA,NA,NA,NA,NA,NA,NA,NA,NA,NA,NA,NA,NA,NA,NA
"TWC 3 C_121.0_584.0",588.99267578125,588.99267578125,588.99267578125,588.99267578125,588.99267578125,588.99267578125,588.99267578125,588.99267578125,588.99267578125,588.99267578125,NA,NA,NA,NA,NA,NA,NA,NA,NA,NA,NA,NA,NA,NA,NA,NA,NA,NA,NA,NA,NA,NA
"TWC 3 C_121.0_585.0",588.99267578125,588.99267578125,588.99267578125,588.99267578125,588.99267578125,588.99267578125,588.99267578125,588.99267578125,588.99267578125,588.99267578125,NA,NA,NA,NA,NA,NA,NA,NA,NA,NA,NA,NA,NA,NA,NA,NA,NA,NA,NA,NA,NA,NA
"TWC 3 C_121.0_997.0",588.99267578125,588.99267578125,588.99267578125,588.99267578125,588.99267578125,588.99267578125,588.99267578125,588.99267578125,588.99267578125,588.99267578125,NA,NA,NA,NA,NA,NA,NA,NA,NA,NA,NA,NA,NA,NA,NA,NA,NA,NA,NA,NA,NA,NA
"TWC 3 C_121.0_999.0",588.99267578125,588.99267578125,588.99267578125,588.99267578125,588.99267578125,588.99267578125,588.99267578125,588.99267578125,588.99267578125,588.99267578125,NA,NA,NA,NA,NA,NA,NA,NA,NA,NA,NA,NA,NA,NA,NA,NA,NA,NA,NA,NA,NA,NA
"TWC 3 T_100.0_201.0",588.99267578125,588.99267578125,588.99267578125,588.99267578125,588.99267578125,588.99267578125,588.99267578125,588.99267578125,588.99267578125,588.99267578125,NA,NA,NA,NA,NA,NA,NA,NA,NA,NA,NA,NA,NA,NA,NA,NA,NA,NA,NA,NA,NA,NA
"TWC 3 T_100.0_202.0",588.99267578125,588.99267578125,588.99267578125,588.99267578125,588.99267578125,588.99267578125,588.99267578125,588.99267578125,588.99267578125,588.99267578125,NA,NA,NA,NA,NA,NA,NA,NA,NA,NA,NA,NA,NA,NA,NA,NA,NA,NA,NA,NA,NA,NA
"TWC 3 T_100.0_204.0",588.99267578125,588.99267578125,588.99267578125,588.99267578125,588.99267578125,588.99267578125,588.99267578125,588.99267578125,588.99267578125,588.99267578125,NA,NA,NA,NA,NA,NA,NA,NA,NA,NA,NA,NA,NA,NA,NA,NA,NA,NA,NA,NA,NA,NA
"TWC 3 T_100.0_212.0",588.99267578125,588.99267578125,588.99267578125,588.99267578125,588.99267578125,588.99267578125,588.99267578125,588.99267578125,588.99267578125,588.99267578125,NA,NA,NA,NA,NA,NA,NA,NA,NA,NA,NA,NA,NA,NA,NA,NA,NA,NA,NA,NA,NA,NA
"TWC 3 T_100.0_213.0",588.99267578125,588.99267578125,588.99267578125,588.99267578125,588.99267578125,588.99267578125,588.99267578125,588.99267578125,588.99267578125,588.99267578125,NA,NA,NA,NA,NA,NA,NA,NA,NA,NA,NA,NA,NA,NA,NA,NA,NA,NA,NA,NA,NA,NA
"TWC 3 T_100.0_214.0",588.99267578125,588.99267578125,588.99267578125,588.99267578125,588.99267578125,588.99267578125,588.99267578125,588.99267578125,588.99267578125,588.99267578125,NA,NA,NA,NA,NA,NA,NA,NA,NA,NA,NA,NA,NA,NA,NA,NA,NA,NA,NA,NA,NA,NA
"TWC 3 T_100.0_216.0",588.99267578125,588.99267578125,588.99267578125,588.99267578125,588.99267578125,588.99267578125,588.99267578125,588.99267578125,588.99267578125,588.99267578125,NA,NA,NA,NA,NA,NA,NA,NA,NA,NA,NA,NA,NA,NA,NA,NA,NA,NA,NA,NA,NA,NA
"TWC 3 T_100.0_222.0",588.99267578125,588.99267578125,588.99267578125,588.99267578125,588.99267578125,588.99267578125,588.99267578125,588.99267578125,588.99267578125,588.99267578125,NA,NA,NA,NA,NA,NA,NA,NA,NA,NA,NA,NA,NA,NA,NA,NA,NA,NA,NA,NA,NA,NA
"TWC 3 T_100.0_225.0",588.99267578125,588.99267578125,588.99267578125,588.99267578125,588.99267578125,588.99267578125,588.99267578125,588.99267578125,588.99267578125,588.99267578125,NA,NA,NA,NA,NA,NA,NA,NA,NA,NA,NA,NA,NA,NA,NA,NA,NA,NA,NA,NA,NA,NA
"TWC 3 T_100.0_228.0",588.99267578125,588.99267578125,588.99267578125,588.99267578125,588.99267578125,588.99267578125,588.99267578125,588.99267578125,588.99267578125,588.99267578125,NA,NA,NA,NA,NA,NA,NA,NA,NA,NA,NA,NA,NA,NA,NA,NA,NA,NA,NA,NA,NA,NA
"TWC 3 T_100.0_233.0",588.99267578125,588.99267578125,588.99267578125,588.99267578125,588.99267578125,588.99267578125,588.99267578125,588.99267578125,588.99267578125,588.99267578125,NA,NA,NA,NA,NA,NA,NA,NA,NA,NA,NA,NA,NA,NA,NA,NA,NA,NA,NA,NA,NA,NA
"TWC 3 T_102.0_408.0",588.99267578125,588.99267578125,588.99267578125,588.99267578125,588.99267578125,588.99267578125,588.99267578125,588.99267578125,588.99267578125,588.99267578125,NA,NA,NA,NA,NA,NA,NA,NA,NA,NA,NA,NA,NA,NA,NA,NA,NA,NA,NA,NA,NA,NA
"TWC 3 T_102.0_409.0",588.99267578125,588.99267578125,588.99267578125,588.99267578125,588.99267578125,588.99267578125,588.99267578125,588.99267578125,588.99267578125,588.99267578125,NA,NA,NA,NA,NA,NA,NA,NA,NA,NA,NA,NA,NA,NA,NA,NA,NA,NA,NA,NA,NA,NA
"TWC 3 T_102.0_410.0",588.99267578125,588.99267578125,588.99267578125,588.99267578125,588.99267578125,588.99267578125,588.99267578125,588.99267578125,588.99267578125,588.99267578125,NA,NA,NA,NA,NA,NA,NA,NA,NA,NA,NA,NA,NA,NA,NA,NA,NA,NA,NA,NA,NA,NA
"TWC 3 T_102.0_417.0",588.99267578125,588.99267578125,588.99267578125,588.99267578125,588.99267578125,588.99267578125,588.99267578125,588.99267578125,588.99267578125,588.99267578125,NA,NA,NA,NA,NA,NA,NA,NA,NA,NA,NA,NA,NA,NA,NA,NA,NA,NA,NA,NA,NA,NA
"TWC 3 T_102.0_419.0",588.99267578125,588.99267578125,588.99267578125,588.99267578125,588.99267578125,588.99267578125,588.99267578125,588.99267578125,588.99267578125,588.99267578125,NA,NA,NA,NA,NA,NA,NA,NA,NA,NA,NA,NA,NA,NA,NA,NA,NA,NA,NA,NA,NA,NA
"TWC 3 T_102.0_420.0",588.99267578125,588.99267578125,588.99267578125,588.99267578125,588.99267578125,588.99267578125,588.99267578125,588.99267578125,588.99267578125,588.99267578125,NA,NA,NA,NA,NA,NA,NA,NA,NA,NA,NA,NA,NA,NA,NA,NA,NA,NA,NA,NA,NA,NA
"TWC 3 T_102.0_423.0",588.99267578125,588.99267578125,588.99267578125,588.99267578125,588.99267578125,588.99267578125,588.99267578125,588.99267578125,588.99267578125,588.99267578125,NA,NA,NA,NA,NA,NA,NA,NA,NA,NA,NA,NA,NA,NA,NA,NA,NA,NA,NA,NA,NA,NA
"TWC 3 T_102.0_425.0",588.99267578125,588.99267578125,588.99267578125,588.99267578125,588.99267578125,588.99267578125,588.99267578125,588.99267578125,588.99267578125,588.99267578125,NA,NA,NA,NA,NA,NA,NA,NA,NA,NA,NA,NA,NA,NA,NA,NA,NA,NA,NA,NA,NA,NA
"TWC 3 T_102.0_427.0",588.99267578125,588.99267578125,588.99267578125,588.99267578125,588.99267578125,588.99267578125,588.99267578125,588.99267578125,588.99267578125,588.99267578125,NA,NA,NA,NA,NA,NA,NA,NA,NA,NA,NA,NA,NA,NA,NA,NA,NA,NA,NA,NA,NA,NA
"TWC 3 T_102.0_429.0",588.99267578125,588.99267578125,588.99267578125,588.99267578125,588.99267578125,588.99267578125,588.99267578125,588.99267578125,588.99267578125,588.99267578125,NA,NA,NA,NA,NA,NA,NA,NA,NA,NA,NA,NA,NA,NA,NA,NA,NA,NA,NA,NA,NA,NA
"TWC 3 T_102.0_432.0",588.99267578125,588.99267578125,588.99267578125,588.99267578125,588.99267578125,588.99267578125,588.99267578125,588.99267578125,588.99267578125,588.99267578125,NA,NA,NA,NA,NA,NA,NA,NA,NA,NA,NA,NA,NA,NA,NA,NA,NA,NA,NA,NA,NA,NA
"TWC 3 T_102.0_434.0",588.99267578125,588.99267578125,588.99267578125,588.99267578125,588.99267578125,588.99267578125,588.99267578125,588.99267578125,588.99267578125,588.99267578125,NA,NA,NA,NA,NA,NA,NA,NA,NA,NA,NA,NA,NA,NA,NA,NA,NA,NA,NA,NA,NA,NA
"TWC 3 T_102.0_437.0",588.99267578125,588.99267578125,588.99267578125,588.99267578125,588.99267578125,588.99267578125,588.99267578125,588.99267578125,588.99267578125,588.99267578125,NA,NA,NA,NA,NA,NA,NA,NA,NA,NA,NA,NA,NA,NA,NA,NA,NA,NA,NA,NA,NA,NA
"TWC 3 T_102.0_439.0",588.99267578125,588.99267578125,588.99267578125,588.99267578125,588.99267578125,588.99267578125,588.99267578125,588.99267578125,588.99267578125,588.99267578125,NA,NA,NA,NA,NA,NA,NA,NA,NA,NA,NA,NA,NA,NA,NA,NA,NA,NA,NA,NA,NA,NA
"TWC 3 T_102.0_442.0",588.99267578125,588.99267578125,588.99267578125,588.99267578125,588.99267578125,588.99267578125,588.99267578125,588.99267578125,588.99267578125,588.99267578125,NA,NA,NA,NA,NA,NA,NA,NA,NA,NA,NA,NA,NA,NA,NA,NA,NA,NA,NA,NA,NA,NA
"TWC 3 T_102.0_449.0",588.99267578125,588.99267578125,588.99267578125,588.99267578125,588.99267578125,588.99267578125,588.99267578125,588.99267578125,588.99267578125,588.99267578125,NA,NA,NA,NA,NA,NA,NA,NA,NA,NA,NA,NA,NA,NA,NA,NA,NA,NA,NA,NA,NA,NA
"TWC 3 T_102.0_451.0",588.99267578125,588.99267578125,588.99267578125,588.99267578125,588.99267578125,588.99267578125,588.99267578125,588.99267578125,588.99267578125,588.99267578125,NA,NA,NA,NA,NA,NA,NA,NA,NA,NA,NA,NA,NA,NA,NA,NA,NA,NA,NA,NA,NA,NA
"TWC 3 T_102.0_453.0",588.99267578125,588.99267578125,588.99267578125,588.99267578125,588.99267578125,588.99267578125,588.99267578125,588.99267578125,588.99267578125,588.99267578125,NA,NA,NA,NA,NA,NA,NA,NA,NA,NA,NA,NA,NA,NA,NA,NA,NA,NA,NA,NA,NA,NA
"TWC 3 T_102.0_455.0",588.99267578125,588.99267578125,588.99267578125,588.99267578125,588.99267578125,588.99267578125,588.99267578125,588.99267578125,588.99267578125,588.99267578125,NA,NA,NA,NA,NA,NA,NA,NA,NA,NA,NA,NA,NA,NA,NA,NA,NA,NA,NA,NA,NA,NA
"TWC 3 T_102.0_464.0",588.99267578125,588.99267578125,588.99267578125,588.99267578125,588.99267578125,588.99267578125,588.99267578125,588.99267578125,588.99267578125,588.99267578125,NA,NA,NA,NA,NA,NA,NA,NA,NA,NA,NA,NA,NA,NA,NA,NA,NA,NA,NA,NA,NA,NA
"TWC 3 T_104.0_337.0",588.99267578125,588.99267578125,588.99267578125,588.99267578125,588.99267578125,588.99267578125,588.99267578125,588.99267578125,588.99267578125,588.99267578125,NA,NA,NA,NA,NA,NA,NA,NA,NA,NA,NA,NA,NA,NA,NA,NA,NA,NA,NA,NA,NA,NA
"TWC 3 T_104.0_339.0",588.99267578125,588.99267578125,588.99267578125,588.99267578125,588.99267578125,588.99267578125,588.99267578125,588.99267578125,588.99267578125,588.99267578125,NA,NA,NA,NA,NA,NA,NA,NA,NA,NA,NA,NA,NA,NA,NA,NA,NA,NA,NA,NA,NA,NA
"TWC 3 T_104.0_341.0",588.99267578125,588.99267578125,588.99267578125,588.99267578125,588.99267578125,588.99267578125,588.99267578125,588.99267578125,588.99267578125,588.99267578125,NA,NA,NA,NA,NA,NA,NA,NA,NA,NA,NA,NA,NA,NA,NA,NA,NA,NA,NA,NA,NA,NA
"TWC 3 T_104.0_347.0",588.99267578125,588.99267578125,588.99267578125,588.99267578125,588.99267578125,588.99267578125,588.99267578125,588.99267578125,588.99267578125,588.99267578125,NA,NA,NA,NA,NA,NA,NA,NA,NA,NA,NA,NA,NA,NA,NA,NA,NA,NA,NA,NA,NA,NA
"TWC 3 T_104.0_349.0",588.99267578125,588.99267578125,588.99267578125,588.99267578125,588.99267578125,588.99267578125,588.99267578125,588.99267578125,588.99267578125,588.99267578125,NA,NA,NA,NA,NA,NA,NA,NA,NA,NA,NA,NA,NA,NA,NA,NA,NA,NA,NA,NA,NA,NA
"TWC 3 T_104.0_351.0",588.99267578125,588.99267578125,588.99267578125,588.99267578125,588.99267578125,588.99267578125,588.99267578125,588.99267578125,588.99267578125,588.99267578125,NA,NA,NA,NA,NA,NA,NA,NA,NA,NA,NA,NA,NA,NA,NA,NA,NA,NA,NA,NA,NA,NA
"TWC 3 T_104.0_359.0",588.99267578125,588.99267578125,588.99267578125,588.99267578125,588.99267578125,588.99267578125,588.99267578125,588.99267578125,588.99267578125,588.99267578125,NA,NA,NA,NA,NA,NA,NA,NA,NA,NA,NA,NA,NA,NA,NA,NA,NA,NA,NA,NA,NA,NA
"TWC 3 T_104.0_360.0",588.99267578125,588.99267578125,588.99267578125,588.99267578125,588.99267578125,588.99267578125,588.99267578125,588.99267578125,588.99267578125,588.99267578125,NA,NA,NA,NA,NA,NA,NA,NA,NA,NA,NA,NA,NA,NA,NA,NA,NA,NA,NA,NA,NA,NA
"TWC 3 T_104.0_361.0",588.99267578125,588.99267578125,588.99267578125,588.99267578125,588.99267578125,588.99267578125,588.99267578125,588.99267578125,588.99267578125,588.99267578125,NA,NA,NA,NA,NA,NA,NA,NA,NA,NA,NA,NA,NA,NA,NA,NA,NA,NA,NA,NA,NA,NA
"TWC 3 T_104.0_364.0",588.99267578125,588.99267578125,588.99267578125,588.99267578125,588.99267578125,588.99267578125,588.99267578125,588.99267578125,588.99267578125,588.99267578125,NA,NA,NA,NA,NA,NA,NA,NA,NA,NA,NA,NA,NA,NA,NA,NA,NA,NA,NA,NA,NA,NA
"TWC 3 T_104.0_369.0",588.99267578125,588.99267578125,588.99267578125,588.99267578125,588.99267578125,588.99267578125,588.99267578125,588.99267578125,588.99267578125,588.99267578125,NA,NA,NA,NA,NA,NA,NA,NA,NA,NA,NA,NA,NA,NA,NA,NA,NA,NA,NA,NA,NA,NA
"TWC 3 T_104.0_373.0",588.99267578125,588.99267578125,588.99267578125,588.99267578125,588.99267578125,588.99267578125,588.99267578125,588.99267578125,588.99267578125,588.99267578125,NA,NA,NA,NA,NA,NA,NA,NA,NA,NA,NA,NA,NA,NA,NA,NA,NA,NA,NA,NA,NA,NA
"TWC 3 T_104.0_381.0",588.99267578125,588.99267578125,588.99267578125,588.99267578125,588.99267578125,588.99267578125,588.99267578125,588.99267578125,588.99267578125,588.99267578125,NA,NA,NA,NA,NA,NA,NA,NA,NA,NA,NA,NA,NA,NA,NA,NA,NA,NA,NA,NA,NA,NA
"TWC 3 T_104.0_388.0",588.99267578125,588.99267578125,588.99267578125,588.99267578125,588.99267578125,588.99267578125,588.99267578125,588.99267578125,588.99267578125,588.99267578125,NA,NA,NA,NA,NA,NA,NA,NA,NA,NA,NA,NA,NA,NA,NA,NA,NA,NA,NA,NA,NA,NA
"TWC 3 T_104.0_389.0",588.99267578125,588.99267578125,588.99267578125,588.99267578125,588.99267578125,588.99267578125,588.99267578125,588.99267578125,588.99267578125,588.99267578125,NA,NA,NA,NA,NA,NA,NA,NA,NA,NA,NA,NA,NA,NA,NA,NA,NA,NA,NA,NA,NA,NA
"TWC 3 T_104.0_395.0",588.99267578125,588.99267578125,588.99267578125,588.99267578125,588.99267578125,588.99267578125,588.99267578125,588.99267578125,588.99267578125,588.99267578125,NA,NA,NA,NA,NA,NA,NA,NA,NA,NA,NA,NA,NA,NA,NA,NA,NA,NA,NA,NA,NA,NA
"TWC 3 T_104.0_398.0",588.99267578125,588.99267578125,588.99267578125,588.99267578125,588.99267578125,588.99267578125,588.99267578125,588.99267578125,588.99267578125,588.99267578125,NA,NA,NA,NA,NA,NA,NA,NA,NA,NA,NA,NA,NA,NA,NA,NA,NA,NA,NA,NA,NA,NA
"TWC 3 T_105.0_102.0",588.99267578125,588.99267578125,588.99267578125,588.99267578125,588.99267578125,588.99267578125,588.99267578125,588.99267578125,588.99267578125,588.99267578125,NA,NA,NA,NA,NA,NA,NA,NA,NA,NA,NA,NA,NA,NA,NA,NA,NA,NA,NA,NA,NA,NA
"TWC 3 T_105.0_103.0",588.99267578125,588.99267578125,588.99267578125,588.99267578125,588.99267578125,588.99267578125,588.99267578125,588.99267578125,588.99267578125,588.99267578125,NA,NA,NA,NA,NA,NA,NA,NA,NA,NA,NA,NA,NA,NA,NA,NA,NA,NA,NA,NA,NA,NA
"TWC 3 T_105.0_106.0",588.99267578125,588.99267578125,588.99267578125,588.99267578125,588.99267578125,588.99267578125,588.99267578125,588.99267578125,588.99267578125,588.99267578125,NA,NA,NA,NA,NA,NA,NA,NA,NA,NA,NA,NA,NA,NA,NA,NA,NA,NA,NA,NA,NA,NA
"TWC 3 T_105.0_109.0",588.99267578125,588.99267578125,588.99267578125,588.99267578125,588.99267578125,588.99267578125,588.99267578125,588.99267578125,588.99267578125,588.99267578125,NA,NA,NA,NA,NA,NA,NA,NA,NA,NA,NA,NA,NA,NA,NA,NA,NA,NA,NA,NA,NA,NA
"TWC 3 T_105.0_110.0",588.99267578125,588.99267578125,588.99267578125,588.99267578125,588.99267578125,588.99267578125,588.99267578125,588.99267578125,588.99267578125,588.99267578125,NA,NA,NA,NA,NA,NA,NA,NA,NA,NA,NA,NA,NA,NA,NA,NA,NA,NA,NA,NA,NA,NA
"TWC 3 T_105.0_111.0",588.99267578125,588.99267578125,588.99267578125,588.99267578125,588.99267578125,588.99267578125,588.99267578125,588.99267578125,588.99267578125,588.99267578125,NA,NA,NA,NA,NA,NA,NA,NA,NA,NA,NA,NA,NA,NA,NA,NA,NA,NA,NA,NA,NA,NA
"TWC 3 T_105.0_116.0",588.99267578125,588.99267578125,588.99267578125,588.99267578125,588.99267578125,588.99267578125,588.99267578125,588.99267578125,588.99267578125,588.99267578125,NA,NA,NA,NA,NA,NA,NA,NA,NA,NA,NA,NA,NA,NA,NA,NA,NA,NA,NA,NA,NA,NA
"TWC 3 T_105.0_119.0",588.99267578125,588.99267578125,588.99267578125,588.99267578125,588.99267578125,588.99267578125,588.99267578125,588.99267578125,588.99267578125,588.99267578125,NA,NA,NA,NA,NA,NA,NA,NA,NA,NA,NA,NA,NA,NA,NA,NA,NA,NA,NA,NA,NA,NA
"TWC 3 T_105.0_125.0",588.99267578125,588.99267578125,588.99267578125,588.99267578125,588.99267578125,588.99267578125,588.99267578125,588.99267578125,588.99267578125,588.99267578125,NA,NA,NA,NA,NA,NA,NA,NA,NA,NA,NA,NA,NA,NA,NA,NA,NA,NA,NA,NA,NA,NA
"TWC 3 T_105.0_128.0",588.99267578125,588.99267578125,588.99267578125,588.99267578125,588.99267578125,588.99267578125,588.99267578125,588.99267578125,588.99267578125,588.99267578125,NA,NA,NA,NA,NA,NA,NA,NA,NA,NA,NA,NA,NA,NA,NA,NA,NA,NA,NA,NA,NA,NA
"TWC 3 T_105.0_129.0",588.99267578125,588.99267578125,588.99267578125,588.99267578125,588.99267578125,588.99267578125,588.99267578125,588.99267578125,588.99267578125,588.99267578125,NA,NA,NA,NA,NA,NA,NA,NA,NA,NA,NA,NA,NA,NA,NA,NA,NA,NA,NA,NA,NA,NA
"TWC 3 T_105.0_133.0",588.99267578125,588.99267578125,588.99267578125,588.99267578125,588.99267578125,588.99267578125,588.99267578125,588.99267578125,588.99267578125,588.99267578125,NA,NA,NA,NA,NA,NA,NA,NA,NA,NA,NA,NA,NA,NA,NA,NA,NA,NA,NA,NA,NA,NA
"TWC 3 T_105.0_141.0",588.99267578125,588.99267578125,588.99267578125,588.99267578125,588.99267578125,588.99267578125,588.99267578125,588.99267578125,588.99267578125,588.99267578125,NA,NA,NA,NA,NA,NA,NA,NA,NA,NA,NA,NA,NA,NA,NA,NA,NA,NA,NA,NA,NA,NA
"TWC 3 T_105.0_142.0",588.99267578125,588.99267578125,588.99267578125,588.99267578125,588.99267578125,588.99267578125,588.99267578125,588.99267578125,588.99267578125,588.99267578125,NA,NA,NA,NA,NA,NA,NA,NA,NA,NA,NA,NA,NA,NA,NA,NA,NA,NA,NA,NA,NA,NA
"TWC 3 T_105.0_144.0",588.99267578125,588.99267578125,588.99267578125,588.99267578125,588.99267578125,588.99267578125,588.99267578125,588.99267578125,588.99267578125,588.99267578125,NA,NA,NA,NA,NA,NA,NA,NA,NA,NA,NA,NA,NA,NA,NA,NA,NA,NA,NA,NA,NA,NA
"TWC 3 T_105.0_145.0",588.99267578125,588.99267578125,588.99267578125,588.99267578125,588.99267578125,588.99267578125,588.99267578125,588.99267578125,588.99267578125,588.99267578125,NA,NA,NA,NA,NA,NA,NA,NA,NA,NA,NA,NA,NA,NA,NA,NA,NA,NA,NA,NA,NA,NA
"TWC 3 T_105.0_148.0",588.99267578125,588.99267578125,588.99267578125,588.99267578125,588.99267578125,588.99267578125,588.99267578125,588.99267578125,588.99267578125,588.99267578125,NA,NA,NA,NA,NA,NA,NA,NA,NA,NA,NA,NA,NA,NA,NA,NA,NA,NA,NA,NA,NA,NA
"TWC 3 T_105.0_149.0",588.99267578125,588.99267578125,588.99267578125,588.99267578125,588.99267578125,588.99267578125,588.99267578125,588.99267578125,588.99267578125,588.99267578125,NA,NA,NA,NA,NA,NA,NA,NA,NA,NA,NA,NA,NA,NA,NA,NA,NA,NA,NA,NA,NA,NA
"TWC 3 T_105.0_150.0",588.99267578125,588.99267578125,588.99267578125,588.99267578125,588.99267578125,588.99267578125,588.99267578125,588.99267578125,588.99267578125,588.99267578125,NA,NA,NA,NA,NA,NA,NA,NA,NA,NA,NA,NA,NA,NA,NA,NA,NA,NA,NA,NA,NA,NA
"TWC 3 T_105.0_151.0",588.99267578125,588.99267578125,588.99267578125,588.99267578125,588.99267578125,588.99267578125,588.99267578125,588.99267578125,588.99267578125,588.99267578125,NA,NA,NA,NA,NA,NA,NA,NA,NA,NA,NA,NA,NA,NA,NA,NA,NA,NA,NA,NA,NA,NA
"TWC 3 T_106.0_163.0",588.99267578125,588.99267578125,588.99267578125,588.99267578125,588.99267578125,588.99267578125,588.99267578125,588.99267578125,588.99267578125,588.99267578125,NA,NA,NA,NA,NA,NA,NA,NA,NA,NA,NA,NA,NA,NA,NA,NA,NA,NA,NA,NA,NA,NA
"TWC 3 T_106.0_165.0",588.99267578125,588.99267578125,588.99267578125,588.99267578125,588.99267578125,588.99267578125,588.99267578125,588.99267578125,588.99267578125,588.99267578125,NA,NA,NA,NA,NA,NA,NA,NA,NA,NA,NA,NA,NA,NA,NA,NA,NA,NA,NA,NA,NA,NA
"TWC 3 T_106.0_166.0",588.99267578125,588.99267578125,588.99267578125,588.99267578125,588.99267578125,588.99267578125,588.99267578125,588.99267578125,588.99267578125,588.99267578125,NA,NA,NA,NA,NA,NA,NA,NA,NA,NA,NA,NA,NA,NA,NA,NA,NA,NA,NA,NA,NA,NA
"TWC 3 T_106.0_169.0",588.99267578125,588.99267578125,588.99267578125,588.99267578125,588.99267578125,588.99267578125,588.99267578125,588.99267578125,588.99267578125,588.99267578125,NA,NA,NA,NA,NA,NA,NA,NA,NA,NA,NA,NA,NA,NA,NA,NA,NA,NA,NA,NA,NA,NA
"TWC 3 T_106.0_173.0",588.99267578125,588.99267578125,588.99267578125,588.99267578125,588.99267578125,588.99267578125,588.99267578125,588.99267578125,588.99267578125,588.99267578125,NA,NA,NA,NA,NA,NA,NA,NA,NA,NA,NA,NA,NA,NA,NA,NA,NA,NA,NA,NA,NA,NA
"TWC 3 T_106.0_175.0",588.99267578125,588.99267578125,588.99267578125,588.99267578125,588.99267578125,588.99267578125,588.99267578125,588.99267578125,588.99267578125,588.99267578125,NA,NA,NA,NA,NA,NA,NA,NA,NA,NA,NA,NA,NA,NA,NA,NA,NA,NA,NA,NA,NA,NA
"TWC 3 T_106.0_176.0",588.99267578125,588.99267578125,588.99267578125,588.99267578125,588.99267578125,588.99267578125,588.99267578125,588.99267578125,588.99267578125,588.99267578125,NA,NA,NA,NA,NA,NA,NA,NA,NA,NA,NA,NA,NA,NA,NA,NA,NA,NA,NA,NA,NA,NA
"TWC 3 T_106.0_177.0",588.99267578125,588.99267578125,588.99267578125,588.99267578125,588.99267578125,588.99267578125,588.99267578125,588.99267578125,588.99267578125,588.99267578125,NA,NA,NA,NA,NA,NA,NA,NA,NA,NA,NA,NA,NA,NA,NA,NA,NA,NA,NA,NA,NA,NA
"TWC 3 T_106.0_178.0",588.99267578125,588.99267578125,588.99267578125,588.99267578125,588.99267578125,588.99267578125,588.99267578125,588.99267578125,588.99267578125,588.99267578125,NA,NA,NA,NA,NA,NA,NA,NA,NA,NA,NA,NA,NA,NA,NA,NA,NA,NA,NA,NA,NA,NA
"TWC 3 T_106.0_182.0",588.99267578125,588.99267578125,588.99267578125,588.99267578125,588.99267578125,588.99267578125,588.99267578125,588.99267578125,588.99267578125,588.99267578125,NA,NA,NA,NA,NA,NA,NA,NA,NA,NA,NA,NA,NA,NA,NA,NA,NA,NA,NA,NA,NA,NA
"TWC 3 T_106.0_186.0",588.99267578125,588.99267578125,588.99267578125,588.99267578125,588.99267578125,588.99267578125,588.99267578125,588.99267578125,588.99267578125,588.99267578125,NA,NA,NA,NA,NA,NA,NA,NA,NA,NA,NA,NA,NA,NA,NA,NA,NA,NA,NA,NA,NA,NA
"TWC 3 T_106.0_190.0",588.99267578125,588.99267578125,588.99267578125,588.99267578125,588.99267578125,588.99267578125,588.99267578125,588.99267578125,588.99267578125,588.99267578125,NA,NA,NA,NA,NA,NA,NA,NA,NA,NA,NA,NA,NA,NA,NA,NA,NA,NA,NA,NA,NA,NA
"TWC 3 T_106.0_193.0",588.99267578125,588.99267578125,588.99267578125,588.99267578125,588.99267578125,588.99267578125,588.99267578125,588.99267578125,588.99267578125,588.99267578125,NA,NA,NA,NA,NA,NA,NA,NA,NA,NA,NA,NA,NA,NA,NA,NA,NA,NA,NA,NA,NA,NA
"TWC 3 T_106.0_195.0",588.99267578125,588.99267578125,588.99267578125,588.99267578125,588.99267578125,588.99267578125,588.99267578125,588.99267578125,588.99267578125,588.99267578125,NA,NA,NA,NA,NA,NA,NA,NA,NA,NA,NA,NA,NA,NA,NA,NA,NA,NA,NA,NA,NA,NA
"TWC 3 T_106.0_196.0",588.99267578125,588.99267578125,588.99267578125,588.99267578125,588.99267578125,588.99267578125,588.99267578125,588.99267578125,588.99267578125,588.99267578125,NA,NA,NA,NA,NA,NA,NA,NA,NA,NA,NA,NA,NA,NA,NA,NA,NA,NA,NA,NA,NA,NA
"TWC 3 T_106.0_197.0",588.99267578125,588.99267578125,588.99267578125,588.99267578125,588.99267578125,588.99267578125,588.99267578125,588.99267578125,588.99267578125,588.99267578125,NA,NA,NA,NA,NA,NA,NA,NA,NA,NA,NA,NA,NA,NA,NA,NA,NA,NA,NA,NA,NA,NA
"TWC 3 T_106.0_200.0",588.99267578125,588.99267578125,588.99267578125,588.99267578125,588.99267578125,588.99267578125,588.99267578125,588.99267578125,588.99267578125,588.99267578125,NA,NA,NA,NA,NA,NA,NA,NA,NA,NA,NA,NA,NA,NA,NA,NA,NA,NA,NA,NA,NA,NA
"TWC 3 T_106.0_693.0",588.99267578125,588.99267578125,588.99267578125,588.99267578125,588.99267578125,588.99267578125,588.99267578125,588.99267578125,588.99267578125,588.99267578125,NA,NA,NA,NA,NA,NA,NA,NA,NA,NA,NA,NA,NA,NA,NA,NA,NA,NA,NA,NA,NA,NA
"TWC 3 T_109.0_1.0",588.99267578125,588.99267578125,588.99267578125,588.99267578125,588.99267578125,588.99267578125,588.99267578125,588.99267578125,588.99267578125,588.99267578125,NA,NA,NA,NA,NA,NA,NA,NA,NA,NA,NA,NA,NA,NA,NA,NA,NA,NA,NA,NA,NA,NA
"TWC 3 T_109.0_11.0",588.99267578125,588.99267578125,588.99267578125,588.99267578125,588.99267578125,588.99267578125,588.99267578125,588.99267578125,588.99267578125,588.99267578125,NA,NA,NA,NA,NA,NA,NA,NA,NA,NA,NA,NA,NA,NA,NA,NA,NA,NA,NA,NA,NA,NA
"TWC 3 T_109.0_12.0",588.99267578125,588.99267578125,588.99267578125,588.99267578125,588.99267578125,588.99267578125,588.99267578125,588.99267578125,588.99267578125,588.99267578125,NA,NA,NA,NA,NA,NA,NA,NA,NA,NA,NA,NA,NA,NA,NA,NA,NA,NA,NA,NA,NA,NA
"TWC 3 T_109.0_18.0",588.99267578125,588.99267578125,588.99267578125,588.99267578125,588.99267578125,588.99267578125,588.99267578125,588.99267578125,588.99267578125,588.99267578125,NA,NA,NA,NA,NA,NA,NA,NA,NA,NA,NA,NA,NA,NA,NA,NA,NA,NA,NA,NA,NA,NA
"TWC 3 T_109.0_19.0",588.99267578125,588.99267578125,588.99267578125,588.99267578125,588.99267578125,588.99267578125,588.99267578125,588.99267578125,588.99267578125,588.99267578125,NA,NA,NA,NA,NA,NA,NA,NA,NA,NA,NA,NA,NA,NA,NA,NA,NA,NA,NA,NA,NA,NA
"TWC 3 T_109.0_20.0",588.99267578125,588.99267578125,588.99267578125,588.99267578125,588.99267578125,588.99267578125,588.99267578125,588.99267578125,588.99267578125,588.99267578125,NA,NA,NA,NA,NA,NA,NA,NA,NA,NA,NA,NA,NA,NA,NA,NA,NA,NA,NA,NA,NA,NA
"TWC 3 T_109.0_21.0",588.99267578125,588.99267578125,588.99267578125,588.99267578125,588.99267578125,588.99267578125,588.99267578125,588.99267578125,588.99267578125,588.99267578125,NA,NA,NA,NA,NA,NA,NA,NA,NA,NA,NA,NA,NA,NA,NA,NA,NA,NA,NA,NA,NA,NA
"TWC 3 T_109.0_24.0",588.99267578125,588.99267578125,588.99267578125,588.99267578125,588.99267578125,588.99267578125,588.99267578125,588.99267578125,588.99267578125,588.99267578125,NA,NA,NA,NA,NA,NA,NA,NA,NA,NA,NA,NA,NA,NA,NA,NA,NA,NA,NA,NA,NA,NA
"TWC 3 T_109.0_29.0",588.99267578125,588.99267578125,588.99267578125,588.99267578125,588.99267578125,588.99267578125,588.99267578125,588.99267578125,588.99267578125,588.99267578125,NA,NA,NA,NA,NA,NA,NA,NA,NA,NA,NA,NA,NA,NA,NA,NA,NA,NA,NA,NA,NA,NA
"TWC 3 T_109.0_30.0",588.99267578125,588.99267578125,588.99267578125,588.99267578125,588.99267578125,588.99267578125,588.99267578125,588.99267578125,588.99267578125,588.99267578125,NA,NA,NA,NA,NA,NA,NA,NA,NA,NA,NA,NA,NA,NA,NA,NA,NA,NA,NA,NA,NA,NA
"TWC 3 T_109.0_31.0",588.99267578125,588.99267578125,588.99267578125,588.99267578125,588.99267578125,588.99267578125,588.99267578125,588.99267578125,588.99267578125,588.99267578125,NA,NA,NA,NA,NA,NA,NA,NA,NA,NA,NA,NA,NA,NA,NA,NA,NA,NA,NA,NA,NA,NA
"TWC 3 T_109.0_35.0",588.99267578125,588.99267578125,588.99267578125,588.99267578125,588.99267578125,588.99267578125,588.99267578125,588.99267578125,588.99267578125,588.99267578125,NA,NA,NA,NA,NA,NA,NA,NA,NA,NA,NA,NA,NA,NA,NA,NA,NA,NA,NA,NA,NA,NA
"TWC 3 T_109.0_8.0",588.99267578125,588.99267578125,588.99267578125,588.99267578125,588.99267578125,588.99267578125,588.99267578125,588.99267578125,588.99267578125,588.99267578125,NA,NA,NA,NA,NA,NA,NA,NA,NA,NA,NA,NA,NA,NA,NA,NA,NA,NA,NA,NA,NA,NA
"TWC 3 T_111.0_62.0",588.99267578125,588.99267578125,588.99267578125,588.99267578125,588.99267578125,588.99267578125,588.99267578125,588.99267578125,588.99267578125,588.99267578125,NA,NA,NA,NA,NA,NA,NA,NA,NA,NA,NA,NA,NA,NA,NA,NA,NA,NA,NA,NA,NA,NA
"TWC 3 T_111.0_67.0",588.99267578125,588.99267578125,588.99267578125,588.99267578125,588.99267578125,588.99267578125,588.99267578125,588.99267578125,588.99267578125,588.99267578125,NA,NA,NA,NA,NA,NA,NA,NA,NA,NA,NA,NA,NA,NA,NA,NA,NA,NA,NA,NA,NA,NA
"TWC 3 T_111.0_72.0",588.99267578125,588.99267578125,588.99267578125,588.99267578125,588.99267578125,588.99267578125,588.99267578125,588.99267578125,588.99267578125,588.99267578125,NA,NA,NA,NA,NA,NA,NA,NA,NA,NA,NA,NA,NA,NA,NA,NA,NA,NA,NA,NA,NA,NA
"TWC 3 T_111.0_74.0",588.99267578125,588.99267578125,588.99267578125,588.99267578125,588.99267578125,588.99267578125,588.99267578125,588.99267578125,588.99267578125,588.99267578125,NA,NA,NA,NA,NA,NA,NA,NA,NA,NA,NA,NA,NA,NA,NA,NA,NA,NA,NA,NA,NA,NA
"TWC 3 T_111.0_76.0",588.99267578125,588.99267578125,588.99267578125,588.99267578125,588.99267578125,588.99267578125,588.99267578125,588.99267578125,588.99267578125,588.99267578125,NA,NA,NA,NA,NA,NA,NA,NA,NA,NA,NA,NA,NA,NA,NA,NA,NA,NA,NA,NA,NA,NA
"TWC 3 T_111.0_77.0",588.99267578125,588.99267578125,588.99267578125,588.99267578125,588.99267578125,588.99267578125,588.99267578125,588.99267578125,588.99267578125,588.99267578125,NA,NA,NA,NA,NA,NA,NA,NA,NA,NA,NA,NA,NA,NA,NA,NA,NA,NA,NA,NA,NA,NA
"TWC 3 T_111.0_78.0",588.99267578125,588.99267578125,588.99267578125,588.99267578125,588.99267578125,588.99267578125,588.99267578125,588.99267578125,588.99267578125,588.99267578125,NA,NA,NA,NA,NA,NA,NA,NA,NA,NA,NA,NA,NA,NA,NA,NA,NA,NA,NA,NA,NA,NA
"TWC 3 T_111.0_81.0",588.99267578125,588.99267578125,588.99267578125,588.99267578125,588.99267578125,588.99267578125,588.99267578125,588.99267578125,588.99267578125,588.99267578125,NA,NA,NA,NA,NA,NA,NA,NA,NA,NA,NA,NA,NA,NA,NA,NA,NA,NA,NA,NA,NA,NA
"TWC 3 T_111.0_91.0",588.99267578125,588.99267578125,588.99267578125,588.99267578125,588.99267578125,588.99267578125,588.99267578125,588.99267578125,588.99267578125,588.99267578125,NA,NA,NA,NA,NA,NA,NA,NA,NA,NA,NA,NA,NA,NA,NA,NA,NA,NA,NA,NA,NA,NA
"TWC 3 T_111.0_93.0",588.99267578125,588.99267578125,588.99267578125,588.99267578125,588.99267578125,588.99267578125,588.99267578125,588.99267578125,588.99267578125,588.99267578125,NA,NA,NA,NA,NA,NA,NA,NA,NA,NA,NA,NA,NA,NA,NA,NA,NA,NA,NA,NA,NA,NA
"WRD 20-16 C_42.0_366.0",588.99267578125,588.99267578125,588.99267578125,588.99267578125,588.99267578125,588.99267578125,588.99267578125,588.99267578125,588.99267578125,588.99267578125,NA,NA,NA,NA,NA,NA,NA,NA,NA,NA,NA,NA,NA,NA,NA,NA,NA,NA,NA,NA,NA,NA
"WRD 20-16 C_42.0_367.0",588.99267578125,588.99267578125,588.99267578125,588.99267578125,588.99267578125,588.99267578125,588.99267578125,588.99267578125,588.99267578125,588.99267578125,NA,NA,NA,NA,NA,NA,NA,NA,NA,NA,NA,NA,NA,NA,NA,NA,NA,NA,NA,NA,NA,NA
"WRD 20-16 C_42.0_368.0",588.99267578125,588.99267578125,588.99267578125,588.99267578125,588.99267578125,588.99267578125,588.99267578125,588.99267578125,588.99267578125,588.99267578125,NA,NA,NA,NA,NA,NA,NA,NA,NA,NA,NA,NA,NA,NA,NA,NA,NA,NA,NA,NA,NA,NA
"WRD 20-16 C_42.0_369.0",588.99267578125,588.99267578125,588.99267578125,588.99267578125,588.99267578125,588.99267578125,588.99267578125,588.99267578125,588.99267578125,588.99267578125,NA,NA,NA,NA,NA,NA,NA,NA,NA,NA,NA,NA,NA,NA,NA,NA,NA,NA,NA,NA,NA,NA
"WRD 20-16 C_42.0_370.0",588.99267578125,588.99267578125,588.99267578125,588.99267578125,588.99267578125,588.99267578125,588.99267578125,588.99267578125,588.99267578125,588.99267578125,NA,NA,NA,NA,NA,NA,NA,NA,NA,NA,NA,NA,NA,NA,NA,NA,NA,NA,NA,NA,NA,NA
"WRD 20-16 C_42.0_371.0",588.99267578125,588.99267578125,588.99267578125,588.99267578125,588.99267578125,588.99267578125,588.99267578125,588.99267578125,588.99267578125,588.99267578125,NA,NA,NA,NA,NA,NA,NA,NA,NA,NA,NA,NA,NA,NA,NA,NA,NA,NA,NA,NA,NA,NA
"WRD 20-16 C_42.0_372.0",588.99267578125,588.99267578125,588.99267578125,588.99267578125,588.99267578125,588.99267578125,588.99267578125,588.99267578125,588.99267578125,588.99267578125,NA,NA,NA,NA,NA,NA,NA,NA,NA,NA,NA,NA,NA,NA,NA,NA,NA,NA,NA,NA,NA,NA
"WRD 20-16 C_42.0_373.0",588.99267578125,588.99267578125,588.99267578125,588.99267578125,588.99267578125,588.99267578125,588.99267578125,588.99267578125,588.99267578125,588.99267578125,NA,NA,NA,NA,NA,NA,NA,NA,NA,NA,NA,NA,NA,NA,NA,NA,NA,NA,NA,NA,NA,NA
"WRD 20-16 C_42.0_374.0",588.99267578125,588.99267578125,588.99267578125,588.99267578125,588.99267578125,588.99267578125,588.99267578125,588.99267578125,588.99267578125,588.99267578125,NA,NA,NA,NA,NA,NA,NA,NA,NA,NA,NA,NA,NA,NA,NA,NA,NA,NA,NA,NA,NA,NA
"WRD 20-16 C_42.0_375.0",588.99267578125,588.99267578125,588.99267578125,588.99267578125,588.99267578125,588.99267578125,588.99267578125,588.99267578125,588.99267578125,588.99267578125,NA,NA,NA,NA,NA,NA,NA,NA,NA,NA,NA,NA,NA,NA,NA,NA,NA,NA,NA,NA,NA,NA
"WRD 20-16 C_42.0_376.0",588.99267578125,588.99267578125,588.99267578125,588.99267578125,588.99267578125,588.99267578125,588.99267578125,588.99267578125,588.99267578125,588.99267578125,NA,NA,NA,NA,NA,NA,NA,NA,NA,NA,NA,NA,NA,NA,NA,NA,NA,NA,NA,NA,NA,NA
"WRD 20-16 C_42.0_377.0",588.99267578125,588.99267578125,588.99267578125,588.99267578125,588.99267578125,588.99267578125,588.99267578125,588.99267578125,588.99267578125,588.99267578125,NA,NA,NA,NA,NA,NA,NA,NA,NA,NA,NA,NA,NA,NA,NA,NA,NA,NA,NA,NA,NA,NA
"WRD 20-16 C_42.0_378.0",588.99267578125,588.99267578125,588.99267578125,588.99267578125,588.99267578125,588.99267578125,588.99267578125,588.99267578125,588.99267578125,588.99267578125,NA,NA,NA,NA,NA,NA,NA,NA,NA,NA,NA,NA,NA,NA,NA,NA,NA,NA,NA,NA,NA,NA
"WRD 20-16 C_42.0_379.0",588.99267578125,588.99267578125,588.99267578125,588.99267578125,588.99267578125,588.99267578125,588.99267578125,588.99267578125,588.99267578125,588.99267578125,NA,NA,NA,NA,NA,NA,NA,NA,NA,NA,NA,NA,NA,NA,NA,NA,NA,NA,NA,NA,NA,NA
"WRD 20-16 C_42.0_380.0",588.99267578125,588.99267578125,588.99267578125,588.99267578125,588.99267578125,588.99267578125,588.99267578125,588.99267578125,588.99267578125,588.99267578125,NA,NA,NA,NA,NA,NA,NA,NA,NA,NA,NA,NA,NA,NA,NA,NA,NA,NA,NA,NA,NA,NA
"WRD 20-16 C_42.0_381.0",588.99267578125,588.99267578125,588.99267578125,588.99267578125,588.99267578125,588.99267578125,588.99267578125,588.99267578125,588.99267578125,588.99267578125,NA,NA,NA,NA,NA,NA,NA,NA,NA,NA,NA,NA,NA,NA,NA,NA,NA,NA,NA,NA,NA,NA
"WRD 20-16 C_42.0_382.0",588.99267578125,588.99267578125,588.99267578125,588.99267578125,588.99267578125,588.99267578125,588.99267578125,588.99267578125,588.99267578125,588.99267578125,NA,NA,NA,NA,NA,NA,NA,NA,NA,NA,NA,NA,NA,NA,NA,NA,NA,NA,NA,NA,NA,NA
"WRD 20-16 C_42.0_384.0",588.99267578125,588.99267578125,588.99267578125,588.99267578125,588.99267578125,588.99267578125,588.99267578125,588.99267578125,588.99267578125,588.99267578125,NA,NA,NA,NA,NA,NA,NA,NA,NA,NA,NA,NA,NA,NA,NA,NA,NA,NA,NA,NA,NA,NA
"WRD 20-16 C_42.0_385.0",588.99267578125,588.99267578125,588.99267578125,588.99267578125,588.99267578125,588.99267578125,588.99267578125,588.99267578125,588.99267578125,588.99267578125,NA,NA,NA,NA,NA,NA,NA,NA,NA,NA,NA,NA,NA,NA,NA,NA,NA,NA,NA,NA,NA,NA
"WRD 20-16 C_42.0_386.0",588.99267578125,588.99267578125,588.99267578125,588.99267578125,588.99267578125,588.99267578125,588.99267578125,588.99267578125,588.99267578125,588.99267578125,NA,NA,NA,NA,NA,NA,NA,NA,NA,NA,NA,NA,NA,NA,NA,NA,NA,NA,NA,NA,NA,NA
"WRD 20-16 C_42.0_388.0",588.99267578125,588.99267578125,588.99267578125,588.99267578125,588.99267578125,588.99267578125,588.99267578125,588.99267578125,588.99267578125,588.99267578125,NA,NA,NA,NA,NA,NA,NA,NA,NA,NA,NA,NA,NA,NA,NA,NA,NA,NA,NA,NA,NA,NA
"WRD 20-16 C_42.0_389.0",588.99267578125,588.99267578125,588.99267578125,588.99267578125,588.99267578125,588.99267578125,588.99267578125,588.99267578125,588.99267578125,588.99267578125,NA,NA,NA,NA,NA,NA,NA,NA,NA,NA,NA,NA,NA,NA,NA,NA,NA,NA,NA,NA,NA,NA
"WRD 20-16 C_42.0_390.0",588.99267578125,588.99267578125,588.99267578125,588.99267578125,588.99267578125,588.99267578125,588.99267578125,588.99267578125,588.99267578125,588.99267578125,NA,NA,NA,NA,NA,NA,NA,NA,NA,NA,NA,NA,NA,NA,NA,NA,NA,NA,NA,NA,NA,NA
"WRD 20-16 C_42.0_391.0",588.99267578125,588.99267578125,588.99267578125,588.99267578125,588.99267578125,588.99267578125,588.99267578125,588.99267578125,588.99267578125,588.99267578125,NA,NA,NA,NA,NA,NA,NA,NA,NA,NA,NA,NA,NA,NA,NA,NA,NA,NA,NA,NA,NA,NA
"WRD 20-16 C_42.0_392.0",588.99267578125,588.99267578125,588.99267578125,588.99267578125,588.99267578125,588.99267578125,588.99267578125,588.99267578125,588.99267578125,588.99267578125,NA,NA,NA,NA,NA,NA,NA,NA,NA,NA,NA,NA,NA,NA,NA,NA,NA,NA,NA,NA,NA,NA
"WRD 20-16 C_42.0_393.0",588.99267578125,588.99267578125,588.99267578125,588.99267578125,588.99267578125,588.99267578125,588.99267578125,588.99267578125,588.99267578125,588.99267578125,NA,NA,NA,NA,NA,NA,NA,NA,NA,NA,NA,NA,NA,NA,NA,NA,NA,NA,NA,NA,NA,NA
"WRD 20-16 C_42.0_394.0",588.99267578125,588.99267578125,588.99267578125,588.99267578125,588.99267578125,588.99267578125,588.99267578125,588.99267578125,588.99267578125,588.99267578125,NA,NA,NA,NA,NA,NA,NA,NA,NA,NA,NA,NA,NA,NA,NA,NA,NA,NA,NA,NA,NA,NA
"WRD 20-16 C_42.0_395.0",588.99267578125,588.99267578125,588.99267578125,588.99267578125,588.99267578125,588.99267578125,588.99267578125,588.99267578125,588.99267578125,588.99267578125,NA,NA,NA,NA,NA,NA,NA,NA,NA,NA,NA,NA,NA,NA,NA,NA,NA,NA,NA,NA,NA,NA
"WRD 20-16 C_42.0_401.0",588.99267578125,588.99267578125,588.99267578125,588.99267578125,588.99267578125,588.99267578125,588.99267578125,588.99267578125,588.99267578125,588.99267578125,NA,NA,NA,NA,NA,NA,NA,NA,NA,NA,NA,NA,NA,NA,NA,NA,NA,NA,NA,NA,NA,NA
"WRD 20-16 C_42.0_402.0",588.99267578125,588.99267578125,588.99267578125,588.99267578125,588.99267578125,588.99267578125,588.99267578125,588.99267578125,588.99267578125,588.99267578125,NA,NA,NA,NA,NA,NA,NA,NA,NA,NA,NA,NA,NA,NA,NA,NA,NA,NA,NA,NA,NA,NA
"WRD 20-16 C_42.0_403.0",588.99267578125,588.99267578125,588.99267578125,588.99267578125,588.99267578125,588.99267578125,588.99267578125,588.99267578125,588.99267578125,588.99267578125,NA,NA,NA,NA,NA,NA,NA,NA,NA,NA,NA,NA,NA,NA,NA,NA,NA,NA,NA,NA,NA,NA
"WRD 20-16 C_42.0_405.0",588.99267578125,588.99267578125,588.99267578125,588.99267578125,588.99267578125,588.99267578125,588.99267578125,588.99267578125,588.99267578125,588.99267578125,NA,NA,NA,NA,NA,NA,NA,NA,NA,NA,NA,NA,NA,NA,NA,NA,NA,NA,NA,NA,NA,NA
"WRD 20-16 C_42.0_407.0",588.99267578125,588.99267578125,588.99267578125,588.99267578125,588.99267578125,588.99267578125,588.99267578125,588.99267578125,588.99267578125,588.99267578125,NA,NA,NA,NA,NA,NA,NA,NA,NA,NA,NA,NA,NA,NA,NA,NA,NA,NA,NA,NA,NA,NA
"WRD 20-16 C_42.0_408.0",588.99267578125,588.99267578125,588.99267578125,588.99267578125,588.99267578125,588.99267578125,588.99267578125,588.99267578125,588.99267578125,588.99267578125,NA,NA,NA,NA,NA,NA,NA,NA,NA,NA,NA,NA,NA,NA,NA,NA,NA,NA,NA,NA,NA,NA
"WRD 20-16 C_42.0_409.0",588.99267578125,588.99267578125,588.99267578125,588.99267578125,588.99267578125,588.99267578125,588.99267578125,588.99267578125,588.99267578125,588.99267578125,NA,NA,NA,NA,NA,NA,NA,NA,NA,NA,NA,NA,NA,NA,NA,NA,NA,NA,NA,NA,NA,NA
"WRD 20-16 C_42.0_410.0",588.99267578125,588.99267578125,588.99267578125,588.99267578125,588.99267578125,588.99267578125,588.99267578125,588.99267578125,588.99267578125,588.99267578125,NA,NA,NA,NA,NA,NA,NA,NA,NA,NA,NA,NA,NA,NA,NA,NA,NA,NA,NA,NA,NA,NA
"WRD 20-16 C_42.0_411.0",588.99267578125,588.99267578125,588.99267578125,588.99267578125,588.99267578125,588.99267578125,588.99267578125,588.99267578125,588.99267578125,588.99267578125,NA,NA,NA,NA,NA,NA,NA,NA,NA,NA,NA,NA,NA,NA,NA,NA,NA,NA,NA,NA,NA,NA
"WRD 20-16 C_42.0_412.0",588.99267578125,588.99267578125,588.99267578125,588.99267578125,588.99267578125,588.99267578125,588.99267578125,588.99267578125,588.99267578125,588.99267578125,NA,NA,NA,NA,NA,NA,NA,NA,NA,NA,NA,NA,NA,NA,NA,NA,NA,NA,NA,NA,NA,NA
"WRD 20-16 C_42.0_413.0",588.99267578125,588.99267578125,588.99267578125,588.99267578125,588.99267578125,588.99267578125,588.99267578125,588.99267578125,588.99267578125,588.99267578125,NA,NA,NA,NA,NA,NA,NA,NA,NA,NA,NA,NA,NA,NA,NA,NA,NA,NA,NA,NA,NA,NA
"WRD 20-16 C_42.0_414.0",588.99267578125,588.99267578125,588.99267578125,588.99267578125,588.99267578125,588.99267578125,588.99267578125,588.99267578125,588.99267578125,588.99267578125,NA,NA,NA,NA,NA,NA,NA,NA,NA,NA,NA,NA,NA,NA,NA,NA,NA,NA,NA,NA,NA,NA
"WRD 20-16 C_42.0_415.0",588.99267578125,588.99267578125,588.99267578125,588.99267578125,588.99267578125,588.99267578125,588.99267578125,588.99267578125,588.99267578125,588.99267578125,NA,NA,NA,NA,NA,NA,NA,NA,NA,NA,NA,NA,NA,NA,NA,NA,NA,NA,NA,NA,NA,NA
"WRD 20-16 C_42.0_416.0",588.99267578125,588.99267578125,588.99267578125,588.99267578125,588.99267578125,588.99267578125,588.99267578125,588.99267578125,588.99267578125,588.99267578125,NA,NA,NA,NA,NA,NA,NA,NA,NA,NA,NA,NA,NA,NA,NA,NA,NA,NA,NA,NA,NA,NA
"WRD 20-16 C_42.0_417.0",588.99267578125,588.99267578125,588.99267578125,588.99267578125,588.99267578125,588.99267578125,588.99267578125,588.99267578125,588.99267578125,588.99267578125,NA,NA,NA,NA,NA,NA,NA,NA,NA,NA,NA,NA,NA,NA,NA,NA,NA,NA,NA,NA,NA,NA
"WRD 20-16 C_42.0_419.0",588.99267578125,588.99267578125,588.99267578125,588.99267578125,588.99267578125,588.99267578125,588.99267578125,588.99267578125,588.99267578125,588.99267578125,NA,NA,NA,NA,NA,NA,NA,NA,NA,NA,NA,NA,NA,NA,NA,NA,NA,NA,NA,NA,NA,NA
"WRD 20-16 C_42.0_420.0",588.99267578125,588.99267578125,588.99267578125,588.99267578125,588.99267578125,588.99267578125,588.99267578125,588.99267578125,588.99267578125,588.99267578125,NA,NA,NA,NA,NA,NA,NA,NA,NA,NA,NA,NA,NA,NA,NA,NA,NA,NA,NA,NA,NA,NA
"WRD 20-16 C_42.0_421.0",588.99267578125,588.99267578125,588.99267578125,588.99267578125,588.99267578125,588.99267578125,588.99267578125,588.99267578125,588.99267578125,588.99267578125,NA,NA,NA,NA,NA,NA,NA,NA,NA,NA,NA,NA,NA,NA,NA,NA,NA,NA,NA,NA,NA,NA
"WRD 20-16 C_42.0_422.0",588.99267578125,588.99267578125,588.99267578125,588.99267578125,588.99267578125,588.99267578125,588.99267578125,588.99267578125,588.99267578125,588.99267578125,NA,NA,NA,NA,NA,NA,NA,NA,NA,NA,NA,NA,NA,NA,NA,NA,NA,NA,NA,NA,NA,NA
"WRD 20-16 C_42.0_423.0",588.99267578125,588.99267578125,588.99267578125,588.99267578125,588.99267578125,588.99267578125,588.99267578125,588.99267578125,588.99267578125,588.99267578125,NA,NA,NA,NA,NA,NA,NA,NA,NA,NA,NA,NA,NA,NA,NA,NA,NA,NA,NA,NA,NA,NA
"WRD 20-16 C_42.0_424.0",588.99267578125,588.99267578125,588.99267578125,588.99267578125,588.99267578125,588.99267578125,588.99267578125,588.99267578125,588.99267578125,588.99267578125,NA,NA,NA,NA,NA,NA,NA,NA,NA,NA,NA,NA,NA,NA,NA,NA,NA,NA,NA,NA,NA,NA
"WRD 20-16 C_42.0_425.0",588.99267578125,588.99267578125,588.99267578125,588.99267578125,588.99267578125,588.99267578125,588.99267578125,588.99267578125,588.99267578125,588.99267578125,NA,NA,NA,NA,NA,NA,NA,NA,NA,NA,NA,NA,NA,NA,NA,NA,NA,NA,NA,NA,NA,NA
"WRD 20-16 C_43.0_1.0",588.99267578125,588.99267578125,588.99267578125,588.99267578125,588.99267578125,588.99267578125,588.99267578125,588.99267578125,588.99267578125,588.99267578125,NA,NA,NA,NA,NA,NA,NA,NA,NA,NA,NA,NA,NA,NA,NA,NA,NA,NA,NA,NA,NA,NA
"WRD 20-16 C_43.0_10.0",588.99267578125,588.99267578125,588.99267578125,588.99267578125,588.99267578125,588.99267578125,588.99267578125,588.99267578125,588.99267578125,588.99267578125,NA,NA,NA,NA,NA,NA,NA,NA,NA,NA,NA,NA,NA,NA,NA,NA,NA,NA,NA,NA,NA,NA
"WRD 20-16 C_43.0_11.0",588.99267578125,588.99267578125,588.99267578125,588.99267578125,588.99267578125,588.99267578125,588.99267578125,588.99267578125,588.99267578125,588.99267578125,NA,NA,NA,NA,NA,NA,NA,NA,NA,NA,NA,NA,NA,NA,NA,NA,NA,NA,NA,NA,NA,NA
"WRD 20-16 C_43.0_12.0",588.99267578125,588.99267578125,588.99267578125,588.99267578125,588.99267578125,588.99267578125,588.99267578125,588.99267578125,588.99267578125,588.99267578125,NA,NA,NA,NA,NA,NA,NA,NA,NA,NA,NA,NA,NA,NA,NA,NA,NA,NA,NA,NA,NA,NA
"WRD 20-16 C_43.0_14.0",588.99267578125,588.99267578125,588.99267578125,588.99267578125,588.99267578125,588.99267578125,588.99267578125,588.99267578125,588.99267578125,588.99267578125,NA,NA,NA,NA,NA,NA,NA,NA,NA,NA,NA,NA,NA,NA,NA,NA,NA,NA,NA,NA,NA,NA
"WRD 20-16 C_43.0_15.0",588.99267578125,588.99267578125,588.99267578125,588.99267578125,588.99267578125,588.99267578125,588.99267578125,588.99267578125,588.99267578125,588.99267578125,NA,NA,NA,NA,NA,NA,NA,NA,NA,NA,NA,NA,NA,NA,NA,NA,NA,NA,NA,NA,NA,NA
"WRD 20-16 C_43.0_16.0",588.99267578125,588.99267578125,588.99267578125,588.99267578125,588.99267578125,588.99267578125,588.99267578125,588.99267578125,588.99267578125,588.99267578125,NA,NA,NA,NA,NA,NA,NA,NA,NA,NA,NA,NA,NA,NA,NA,NA,NA,NA,NA,NA,NA,NA
"WRD 20-16 C_43.0_18.0",588.99267578125,588.99267578125,588.99267578125,588.99267578125,588.99267578125,588.99267578125,588.99267578125,588.99267578125,588.99267578125,588.99267578125,NA,NA,NA,NA,NA,NA,NA,NA,NA,NA,NA,NA,NA,NA,NA,NA,NA,NA,NA,NA,NA,NA
"WRD 20-16 C_43.0_19.0",588.99267578125,588.99267578125,588.99267578125,588.99267578125,588.99267578125,588.99267578125,588.99267578125,588.99267578125,588.99267578125,588.99267578125,NA,NA,NA,NA,NA,NA,NA,NA,NA,NA,NA,NA,NA,NA,NA,NA,NA,NA,NA,NA,NA,NA
"WRD 20-16 C_43.0_2.0",588.99267578125,588.99267578125,588.99267578125,588.99267578125,588.99267578125,588.99267578125,588.99267578125,588.99267578125,588.99267578125,588.99267578125,NA,NA,NA,NA,NA,NA,NA,NA,NA,NA,NA,NA,NA,NA,NA,NA,NA,NA,NA,NA,NA,NA
"WRD 20-16 C_43.0_21.0",588.99267578125,588.99267578125,588.99267578125,588.99267578125,588.99267578125,588.99267578125,588.99267578125,588.99267578125,588.99267578125,588.99267578125,NA,NA,NA,NA,NA,NA,NA,NA,NA,NA,NA,NA,NA,NA,NA,NA,NA,NA,NA,NA,NA,NA
"WRD 20-16 C_43.0_22.0",588.99267578125,588.99267578125,588.99267578125,588.99267578125,588.99267578125,588.99267578125,588.99267578125,588.99267578125,588.99267578125,588.99267578125,NA,NA,NA,NA,NA,NA,NA,NA,NA,NA,NA,NA,NA,NA,NA,NA,NA,NA,NA,NA,NA,NA
"WRD 20-16 C_43.0_23.0",588.99267578125,588.99267578125,588.99267578125,588.99267578125,588.99267578125,588.99267578125,588.99267578125,588.99267578125,588.99267578125,588.99267578125,NA,NA,NA,NA,NA,NA,NA,NA,NA,NA,NA,NA,NA,NA,NA,NA,NA,NA,NA,NA,NA,NA
"WRD 20-16 C_43.0_25.0",588.99267578125,588.99267578125,588.99267578125,588.99267578125,588.99267578125,588.99267578125,588.99267578125,588.99267578125,588.99267578125,588.99267578125,NA,NA,NA,NA,NA,NA,NA,NA,NA,NA,NA,NA,NA,NA,NA,NA,NA,NA,NA,NA,NA,NA
"WRD 20-16 C_43.0_27.0",588.99267578125,588.99267578125,588.99267578125,588.99267578125,588.99267578125,588.99267578125,588.99267578125,588.99267578125,588.99267578125,588.99267578125,NA,NA,NA,NA,NA,NA,NA,NA,NA,NA,NA,NA,NA,NA,NA,NA,NA,NA,NA,NA,NA,NA
"WRD 20-16 C_43.0_28.0",588.99267578125,588.99267578125,588.99267578125,588.99267578125,588.99267578125,588.99267578125,588.99267578125,588.99267578125,588.99267578125,588.99267578125,NA,NA,NA,NA,NA,NA,NA,NA,NA,NA,NA,NA,NA,NA,NA,NA,NA,NA,NA,NA,NA,NA
"WRD 20-16 C_43.0_29.0",588.99267578125,588.99267578125,588.99267578125,588.99267578125,588.99267578125,588.99267578125,588.99267578125,588.99267578125,588.99267578125,588.99267578125,NA,NA,NA,NA,NA,NA,NA,NA,NA,NA,NA,NA,NA,NA,NA,NA,NA,NA,NA,NA,NA,NA
"WRD 20-16 C_43.0_30.0",588.99267578125,588.99267578125,588.99267578125,588.99267578125,588.99267578125,588.99267578125,588.99267578125,588.99267578125,588.99267578125,588.99267578125,NA,NA,NA,NA,NA,NA,NA,NA,NA,NA,NA,NA,NA,NA,NA,NA,NA,NA,NA,NA,NA,NA
"WRD 20-16 C_43.0_31.0",588.99267578125,588.99267578125,588.99267578125,588.99267578125,588.99267578125,588.99267578125,588.99267578125,588.99267578125,588.99267578125,588.99267578125,NA,NA,NA,NA,NA,NA,NA,NA,NA,NA,NA,NA,NA,NA,NA,NA,NA,NA,NA,NA,NA,NA
"WRD 20-16 C_43.0_32.0",588.99267578125,588.99267578125,588.99267578125,588.99267578125,588.99267578125,588.99267578125,588.99267578125,588.99267578125,588.99267578125,588.99267578125,NA,NA,NA,NA,NA,NA,NA,NA,NA,NA,NA,NA,NA,NA,NA,NA,NA,NA,NA,NA,NA,NA
"WRD 20-16 C_43.0_33.0",588.99267578125,588.99267578125,588.99267578125,588.99267578125,588.99267578125,588.99267578125,588.99267578125,588.99267578125,588.99267578125,588.99267578125,NA,NA,NA,NA,NA,NA,NA,NA,NA,NA,NA,NA,NA,NA,NA,NA,NA,NA,NA,NA,NA,NA
"WRD 20-16 C_43.0_34.0",588.99267578125,588.99267578125,588.99267578125,588.99267578125,588.99267578125,588.99267578125,588.99267578125,588.99267578125,588.99267578125,588.99267578125,NA,NA,NA,NA,NA,NA,NA,NA,NA,NA,NA,NA,NA,NA,NA,NA,NA,NA,NA,NA,NA,NA
"WRD 20-16 C_43.0_35.0",588.99267578125,588.99267578125,588.99267578125,588.99267578125,588.99267578125,588.99267578125,588.99267578125,588.99267578125,588.99267578125,588.99267578125,NA,NA,NA,NA,NA,NA,NA,NA,NA,NA,NA,NA,NA,NA,NA,NA,NA,NA,NA,NA,NA,NA
"WRD 20-16 C_43.0_36.0",588.99267578125,588.99267578125,588.99267578125,588.99267578125,588.99267578125,588.99267578125,588.99267578125,588.99267578125,588.99267578125,588.99267578125,NA,NA,NA,NA,NA,NA,NA,NA,NA,NA,NA,NA,NA,NA,NA,NA,NA,NA,NA,NA,NA,NA
"WRD 20-16 C_43.0_37.0",588.99267578125,588.99267578125,588.99267578125,588.99267578125,588.99267578125,588.99267578125,588.99267578125,588.99267578125,588.99267578125,588.99267578125,NA,NA,NA,NA,NA,NA,NA,NA,NA,NA,NA,NA,NA,NA,NA,NA,NA,NA,NA,NA,NA,NA
"WRD 20-16 C_43.0_38.0",588.99267578125,588.99267578125,588.99267578125,588.99267578125,588.99267578125,588.99267578125,588.99267578125,588.99267578125,588.99267578125,588.99267578125,NA,NA,NA,NA,NA,NA,NA,NA,NA,NA,NA,NA,NA,NA,NA,NA,NA,NA,NA,NA,NA,NA
"WRD 20-16 C_43.0_4.0",588.99267578125,588.99267578125,588.99267578125,588.99267578125,588.99267578125,588.99267578125,588.99267578125,588.99267578125,588.99267578125,588.99267578125,NA,NA,NA,NA,NA,NA,NA,NA,NA,NA,NA,NA,NA,NA,NA,NA,NA,NA,NA,NA,NA,NA
"WRD 20-16 C_43.0_40.0",588.99267578125,588.99267578125,588.99267578125,588.99267578125,588.99267578125,588.99267578125,588.99267578125,588.99267578125,588.99267578125,588.99267578125,NA,NA,NA,NA,NA,NA,NA,NA,NA,NA,NA,NA,NA,NA,NA,NA,NA,NA,NA,NA,NA,NA
"WRD 20-16 C_43.0_41.0",588.99267578125,588.99267578125,588.99267578125,588.99267578125,588.99267578125,588.99267578125,588.99267578125,588.99267578125,588.99267578125,588.99267578125,NA,NA,NA,NA,NA,NA,NA,NA,NA,NA,NA,NA,NA,NA,NA,NA,NA,NA,NA,NA,NA,NA
"WRD 20-16 C_43.0_42.0",588.99267578125,588.99267578125,588.99267578125,588.99267578125,588.99267578125,588.99267578125,588.99267578125,588.99267578125,588.99267578125,588.99267578125,NA,NA,NA,NA,NA,NA,NA,NA,NA,NA,NA,NA,NA,NA,NA,NA,NA,NA,NA,NA,NA,NA
"WRD 20-16 C_43.0_43.0",588.99267578125,588.99267578125,588.99267578125,588.99267578125,588.99267578125,588.99267578125,588.99267578125,588.99267578125,588.99267578125,588.99267578125,NA,NA,NA,NA,NA,NA,NA,NA,NA,NA,NA,NA,NA,NA,NA,NA,NA,NA,NA,NA,NA,NA
"WRD 20-16 C_43.0_44.0",588.99267578125,588.99267578125,588.99267578125,588.99267578125,588.99267578125,588.99267578125,588.99267578125,588.99267578125,588.99267578125,588.99267578125,NA,NA,NA,NA,NA,NA,NA,NA,NA,NA,NA,NA,NA,NA,NA,NA,NA,NA,NA,NA,NA,NA
"WRD 20-16 C_43.0_45.0",588.99267578125,588.99267578125,588.99267578125,588.99267578125,588.99267578125,588.99267578125,588.99267578125,588.99267578125,588.99267578125,588.99267578125,NA,NA,NA,NA,NA,NA,NA,NA,NA,NA,NA,NA,NA,NA,NA,NA,NA,NA,NA,NA,NA,NA
"WRD 20-16 C_43.0_46.0",588.99267578125,588.99267578125,588.99267578125,588.99267578125,588.99267578125,588.99267578125,588.99267578125,588.99267578125,588.99267578125,588.99267578125,NA,NA,NA,NA,NA,NA,NA,NA,NA,NA,NA,NA,NA,NA,NA,NA,NA,NA,NA,NA,NA,NA
"WRD 20-16 C_43.0_47.0",588.99267578125,588.99267578125,588.99267578125,588.99267578125,588.99267578125,588.99267578125,588.99267578125,588.99267578125,588.99267578125,588.99267578125,NA,NA,NA,NA,NA,NA,NA,NA,NA,NA,NA,NA,NA,NA,NA,NA,NA,NA,NA,NA,NA,NA
"WRD 20-16 C_43.0_49.0",588.99267578125,588.99267578125,588.99267578125,588.99267578125,588.99267578125,588.99267578125,588.99267578125,588.99267578125,588.99267578125,588.99267578125,NA,NA,NA,NA,NA,NA,NA,NA,NA,NA,NA,NA,NA,NA,NA,NA,NA,NA,NA,NA,NA,NA
"WRD 20-16 C_43.0_5.0",588.99267578125,588.99267578125,588.99267578125,588.99267578125,588.99267578125,588.99267578125,588.99267578125,588.99267578125,588.99267578125,588.99267578125,NA,NA,NA,NA,NA,NA,NA,NA,NA,NA,NA,NA,NA,NA,NA,NA,NA,NA,NA,NA,NA,NA
"WRD 20-16 C_43.0_50.0",588.99267578125,588.99267578125,588.99267578125,588.99267578125,588.99267578125,588.99267578125,588.99267578125,588.99267578125,588.99267578125,588.99267578125,NA,NA,NA,NA,NA,NA,NA,NA,NA,NA,NA,NA,NA,NA,NA,NA,NA,NA,NA,NA,NA,NA
"WRD 20-16 C_43.0_51.0",588.99267578125,588.99267578125,588.99267578125,588.99267578125,588.99267578125,588.99267578125,588.99267578125,588.99267578125,588.99267578125,588.99267578125,NA,NA,NA,NA,NA,NA,NA,NA,NA,NA,NA,NA,NA,NA,NA,NA,NA,NA,NA,NA,NA,NA
"WRD 20-16 C_43.0_52.0",588.99267578125,588.99267578125,588.99267578125,588.99267578125,588.99267578125,588.99267578125,588.99267578125,588.99267578125,588.99267578125,588.99267578125,NA,NA,NA,NA,NA,NA,NA,NA,NA,NA,NA,NA,NA,NA,NA,NA,NA,NA,NA,NA,NA,NA
"WRD 20-16 C_43.0_53.0",588.99267578125,588.99267578125,588.99267578125,588.99267578125,588.99267578125,588.99267578125,588.99267578125,588.99267578125,588.99267578125,588.99267578125,NA,NA,NA,NA,NA,NA,NA,NA,NA,NA,NA,NA,NA,NA,NA,NA,NA,NA,NA,NA,NA,NA
"WRD 20-16 C_43.0_54.0",588.99267578125,588.99267578125,588.99267578125,588.99267578125,588.99267578125,588.99267578125,588.99267578125,588.99267578125,588.99267578125,588.99267578125,NA,NA,NA,NA,NA,NA,NA,NA,NA,NA,NA,NA,NA,NA,NA,NA,NA,NA,NA,NA,NA,NA
"WRD 20-16 C_43.0_56.0",588.99267578125,588.99267578125,588.99267578125,588.99267578125,588.99267578125,588.99267578125,588.99267578125,588.99267578125,588.99267578125,588.99267578125,NA,NA,NA,NA,NA,NA,NA,NA,NA,NA,NA,NA,NA,NA,NA,NA,NA,NA,NA,NA,NA,NA
"WRD 20-16 C_43.0_57.0",588.99267578125,588.99267578125,588.99267578125,588.99267578125,588.99267578125,588.99267578125,588.99267578125,588.99267578125,588.99267578125,588.99267578125,NA,NA,NA,NA,NA,NA,NA,NA,NA,NA,NA,NA,NA,NA,NA,NA,NA,NA,NA,NA,NA,NA
"WRD 20-16 C_43.0_58.0",588.99267578125,588.99267578125,588.99267578125,588.99267578125,588.99267578125,588.99267578125,588.99267578125,588.99267578125,588.99267578125,588.99267578125,NA,NA,NA,NA,NA,NA,NA,NA,NA,NA,NA,NA,NA,NA,NA,NA,NA,NA,NA,NA,NA,NA
"WRD 20-16 C_43.0_8.0",588.99267578125,588.99267578125,588.99267578125,588.99267578125,588.99267578125,588.99267578125,588.99267578125,588.99267578125,588.99267578125,588.99267578125,NA,NA,NA,NA,NA,NA,NA,NA,NA,NA,NA,NA,NA,NA,NA,NA,NA,NA,NA,NA,NA,NA
"WRD 20-16 C_44.0_383.0",588.99267578125,588.99267578125,588.99267578125,588.99267578125,588.99267578125,588.99267578125,588.99267578125,588.99267578125,588.99267578125,588.99267578125,NA,NA,NA,NA,NA,NA,NA,NA,NA,NA,NA,NA,NA,NA,NA,NA,NA,NA,NA,NA,NA,NA
"WRD 20-16 C_44.0_396.0",588.99267578125,588.99267578125,588.99267578125,588.99267578125,588.99267578125,588.99267578125,588.99267578125,588.99267578125,588.99267578125,588.99267578125,NA,NA,NA,NA,NA,NA,NA,NA,NA,NA,NA,NA,NA,NA,NA,NA,NA,NA,NA,NA,NA,NA
"WRD 20-16 C_44.0_397.0",588.99267578125,588.99267578125,588.99267578125,588.99267578125,588.99267578125,588.99267578125,588.99267578125,588.99267578125,588.99267578125,588.99267578125,NA,NA,NA,NA,NA,NA,NA,NA,NA,NA,NA,NA,NA,NA,NA,NA,NA,NA,NA,NA,NA,NA
"WRD 20-16 C_44.0_399.0",588.99267578125,588.99267578125,588.99267578125,588.99267578125,588.99267578125,588.99267578125,588.99267578125,588.99267578125,588.99267578125,588.99267578125,NA,NA,NA,NA,NA,NA,NA,NA,NA,NA,NA,NA,NA,NA,NA,NA,NA,NA,NA,NA,NA,NA
"WRD 20-16 C_44.0_400.0",588.99267578125,588.99267578125,588.99267578125,588.99267578125,588.99267578125,588.99267578125,588.99267578125,588.99267578125,588.99267578125,588.99267578125,NA,NA,NA,NA,NA,NA,NA,NA,NA,NA,NA,NA,NA,NA,NA,NA,NA,NA,NA,NA,NA,NA
"WRD 20-16 C_44.0_426.0",588.99267578125,588.99267578125,588.99267578125,588.99267578125,588.99267578125,588.99267578125,588.99267578125,588.99267578125,588.99267578125,588.99267578125,NA,NA,NA,NA,NA,NA,NA,NA,NA,NA,NA,NA,NA,NA,NA,NA,NA,NA,NA,NA,NA,NA
"WRD 20-16 C_44.0_427.0",588.99267578125,588.99267578125,588.99267578125,588.99267578125,588.99267578125,588.99267578125,588.99267578125,588.99267578125,588.99267578125,588.99267578125,NA,NA,NA,NA,NA,NA,NA,NA,NA,NA,NA,NA,NA,NA,NA,NA,NA,NA,NA,NA,NA,NA
"WRD 20-16 C_44.0_428.0",588.99267578125,588.99267578125,588.99267578125,588.99267578125,588.99267578125,588.99267578125,588.99267578125,588.99267578125,588.99267578125,588.99267578125,NA,NA,NA,NA,NA,NA,NA,NA,NA,NA,NA,NA,NA,NA,NA,NA,NA,NA,NA,NA,NA,NA
"WRD 20-16 C_44.0_429.0",588.99267578125,588.99267578125,588.99267578125,588.99267578125,588.99267578125,588.99267578125,588.99267578125,588.99267578125,588.99267578125,588.99267578125,NA,NA,NA,NA,NA,NA,NA,NA,NA,NA,NA,NA,NA,NA,NA,NA,NA,NA,NA,NA,NA,NA
"WRD 20-16 C_44.0_430.0",588.99267578125,588.99267578125,588.99267578125,588.99267578125,588.99267578125,588.99267578125,588.99267578125,588.99267578125,588.99267578125,588.99267578125,NA,NA,NA,NA,NA,NA,NA,NA,NA,NA,NA,NA,NA,NA,NA,NA,NA,NA,NA,NA,NA,NA
"WRD 20-16 C_44.0_431.0",588.99267578125,588.99267578125,588.99267578125,588.99267578125,588.99267578125,588.99267578125,588.99267578125,588.99267578125,588.99267578125,588.99267578125,NA,NA,NA,NA,NA,NA,NA,NA,NA,NA,NA,NA,NA,NA,NA,NA,NA,NA,NA,NA,NA,NA
"WRD 20-16 C_44.0_432.0",588.99267578125,588.99267578125,588.99267578125,588.99267578125,588.99267578125,588.99267578125,588.99267578125,588.99267578125,588.99267578125,588.99267578125,NA,NA,NA,NA,NA,NA,NA,NA,NA,NA,NA,NA,NA,NA,NA,NA,NA,NA,NA,NA,NA,NA
"WRD 20-16 C_44.0_433.0",588.99267578125,588.99267578125,588.99267578125,588.99267578125,588.99267578125,588.99267578125,588.99267578125,588.99267578125,588.99267578125,588.99267578125,NA,NA,NA,NA,NA,NA,NA,NA,NA,NA,NA,NA,NA,NA,NA,NA,NA,NA,NA,NA,NA,NA
"WRD 20-16 C_44.0_434.0",588.99267578125,588.99267578125,588.99267578125,588.99267578125,588.99267578125,588.99267578125,588.99267578125,588.99267578125,588.99267578125,588.99267578125,NA,NA,NA,NA,NA,NA,NA,NA,NA,NA,NA,NA,NA,NA,NA,NA,NA,NA,NA,NA,NA,NA
"WRD 20-16 C_44.0_435.0",588.99267578125,588.99267578125,588.99267578125,588.99267578125,588.99267578125,588.99267578125,588.99267578125,588.99267578125,588.99267578125,588.99267578125,NA,NA,NA,NA,NA,NA,NA,NA,NA,NA,NA,NA,NA,NA,NA,NA,NA,NA,NA,NA,NA,NA
"WRD 20-16 C_44.0_59.0",588.99267578125,588.99267578125,588.99267578125,588.99267578125,588.99267578125,588.99267578125,588.99267578125,588.99267578125,588.99267578125,588.99267578125,NA,NA,NA,NA,NA,NA,NA,NA,NA,NA,NA,NA,NA,NA,NA,NA,NA,NA,NA,NA,NA,NA
"WRD 20-16 C_44.0_60.0",588.99267578125,588.99267578125,588.99267578125,588.99267578125,588.99267578125,588.99267578125,588.99267578125,588.99267578125,588.99267578125,588.99267578125,NA,NA,NA,NA,NA,NA,NA,NA,NA,NA,NA,NA,NA,NA,NA,NA,NA,NA,NA,NA,NA,NA
"WRD 20-16 C_44.0_61.0",588.99267578125,588.99267578125,588.99267578125,588.99267578125,588.99267578125,588.99267578125,588.99267578125,588.99267578125,588.99267578125,588.99267578125,NA,NA,NA,NA,NA,NA,NA,NA,NA,NA,NA,NA,NA,NA,NA,NA,NA,NA,NA,NA,NA,NA
"WRD 20-16 C_44.0_62.0",588.99267578125,588.99267578125,588.99267578125,588.99267578125,588.99267578125,588.99267578125,588.99267578125,588.99267578125,588.99267578125,588.99267578125,NA,NA,NA,NA,NA,NA,NA,NA,NA,NA,NA,NA,NA,NA,NA,NA,NA,NA,NA,NA,NA,NA
"WRD 20-16 C_44.0_63.0",588.99267578125,588.99267578125,588.99267578125,588.99267578125,588.99267578125,588.99267578125,588.99267578125,588.99267578125,588.99267578125,588.99267578125,NA,NA,NA,NA,NA,NA,NA,NA,NA,NA,NA,NA,NA,NA,NA,NA,NA,NA,NA,NA,NA,NA
"WRD 20-16 C_44.0_64.0",588.99267578125,588.99267578125,588.99267578125,588.99267578125,588.99267578125,588.99267578125,588.99267578125,588.99267578125,588.99267578125,588.99267578125,NA,NA,NA,NA,NA,NA,NA,NA,NA,NA,NA,NA,NA,NA,NA,NA,NA,NA,NA,NA,NA,NA
"WRD 20-16 C_44.0_65.0",588.99267578125,588.99267578125,588.99267578125,588.99267578125,588.99267578125,588.99267578125,588.99267578125,588.99267578125,588.99267578125,588.99267578125,NA,NA,NA,NA,NA,NA,NA,NA,NA,NA,NA,NA,NA,NA,NA,NA,NA,NA,NA,NA,NA,NA
"WRD 20-16 C_44.0_67.0",588.99267578125,588.99267578125,588.99267578125,588.99267578125,588.99267578125,588.99267578125,588.99267578125,588.99267578125,588.99267578125,588.99267578125,NA,NA,NA,NA,NA,NA,NA,NA,NA,NA,NA,NA,NA,NA,NA,NA,NA,NA,NA,NA,NA,NA
"WRD 20-16 C_44.0_70.0",588.99267578125,588.99267578125,588.99267578125,588.99267578125,588.99267578125,588.99267578125,588.99267578125,588.99267578125,588.99267578125,588.99267578125,NA,NA,NA,NA,NA,NA,NA,NA,NA,NA,NA,NA,NA,NA,NA,NA,NA,NA,NA,NA,NA,NA
"WRD 20-16 C_44.0_71.0",588.99267578125,588.99267578125,588.99267578125,588.99267578125,588.99267578125,588.99267578125,588.99267578125,588.99267578125,588.99267578125,588.99267578125,NA,NA,NA,NA,NA,NA,NA,NA,NA,NA,NA,NA,NA,NA,NA,NA,NA,NA,NA,NA,NA,NA
"WRD 20-16 C_44.0_72.0",588.99267578125,588.99267578125,588.99267578125,588.99267578125,588.99267578125,588.99267578125,588.99267578125,588.99267578125,588.99267578125,588.99267578125,NA,NA,NA,NA,NA,NA,NA,NA,NA,NA,NA,NA,NA,NA,NA,NA,NA,NA,NA,NA,NA,NA
"WRD 20-16 C_44.0_73.0",588.99267578125,588.99267578125,588.99267578125,588.99267578125,588.99267578125,588.99267578125,588.99267578125,588.99267578125,588.99267578125,588.99267578125,NA,NA,NA,NA,NA,NA,NA,NA,NA,NA,NA,NA,NA,NA,NA,NA,NA,NA,NA,NA,NA,NA
"WRD 20-16 C_44.0_75.0",588.99267578125,588.99267578125,588.99267578125,588.99267578125,588.99267578125,588.99267578125,588.99267578125,588.99267578125,588.99267578125,588.99267578125,NA,NA,NA,NA,NA,NA,NA,NA,NA,NA,NA,NA,NA,NA,NA,NA,NA,NA,NA,NA,NA,NA
"WRD 20-16 C_44.0_76.0",588.99267578125,588.99267578125,588.99267578125,588.99267578125,588.99267578125,588.99267578125,588.99267578125,588.99267578125,588.99267578125,588.99267578125,NA,NA,NA,NA,NA,NA,NA,NA,NA,NA,NA,NA,NA,NA,NA,NA,NA,NA,NA,NA,NA,NA
"WRD 20-16 C_44.0_77.0",588.99267578125,588.99267578125,588.99267578125,588.99267578125,588.99267578125,588.99267578125,588.99267578125,588.99267578125,588.99267578125,588.99267578125,NA,NA,NA,NA,NA,NA,NA,NA,NA,NA,NA,NA,NA,NA,NA,NA,NA,NA,NA,NA,NA,NA
"WRD 20-16 C_44.0_78.0",588.99267578125,588.99267578125,588.99267578125,588.99267578125,588.99267578125,588.99267578125,588.99267578125,588.99267578125,588.99267578125,588.99267578125,NA,NA,NA,NA,NA,NA,NA,NA,NA,NA,NA,NA,NA,NA,NA,NA,NA,NA,NA,NA,NA,NA
"WRD 20-16 C_44.0_79.0",588.99267578125,588.99267578125,588.99267578125,588.99267578125,588.99267578125,588.99267578125,588.99267578125,588.99267578125,588.99267578125,588.99267578125,NA,NA,NA,NA,NA,NA,NA,NA,NA,NA,NA,NA,NA,NA,NA,NA,NA,NA,NA,NA,NA,NA
"WRD 20-16 C_44.0_80.0",588.99267578125,588.99267578125,588.99267578125,588.99267578125,588.99267578125,588.99267578125,588.99267578125,588.99267578125,588.99267578125,588.99267578125,NA,NA,NA,NA,NA,NA,NA,NA,NA,NA,NA,NA,NA,NA,NA,NA,NA,NA,NA,NA,NA,NA
"WRD 20-16 C_44.0_81.0",588.99267578125,588.99267578125,588.99267578125,588.99267578125,588.99267578125,588.99267578125,588.99267578125,588.99267578125,588.99267578125,588.99267578125,NA,NA,NA,NA,NA,NA,NA,NA,NA,NA,NA,NA,NA,NA,NA,NA,NA,NA,NA,NA,NA,NA
"WRD 20-16 C_44.0_82.0",588.99267578125,588.99267578125,588.99267578125,588.99267578125,588.99267578125,588.99267578125,588.99267578125,588.99267578125,588.99267578125,588.99267578125,NA,NA,NA,NA,NA,NA,NA,NA,NA,NA,NA,NA,NA,NA,NA,NA,NA,NA,NA,NA,NA,NA
"WRD 20-16 C_44.0_83.0",588.99267578125,588.99267578125,588.99267578125,588.99267578125,588.99267578125,588.99267578125,588.99267578125,588.99267578125,588.99267578125,588.99267578125,NA,NA,NA,NA,NA,NA,NA,NA,NA,NA,NA,NA,NA,NA,NA,NA,NA,NA,NA,NA,NA,NA
"WRD 20-16 C_44.0_84.0",588.99267578125,588.99267578125,588.99267578125,588.99267578125,588.99267578125,588.99267578125,588.99267578125,588.99267578125,588.99267578125,588.99267578125,NA,NA,NA,NA,NA,NA,NA,NA,NA,NA,NA,NA,NA,NA,NA,NA,NA,NA,NA,NA,NA,NA
"WRD 20-16 C_44.0_85.0",588.99267578125,588.99267578125,588.99267578125,588.99267578125,588.99267578125,588.99267578125,588.99267578125,588.99267578125,588.99267578125,588.99267578125,NA,NA,NA,NA,NA,NA,NA,NA,NA,NA,NA,NA,NA,NA,NA,NA,NA,NA,NA,NA,NA,NA
"WRD 20-16 C_44.0_86.0",588.99267578125,588.99267578125,588.99267578125,588.99267578125,588.99267578125,588.99267578125,588.99267578125,588.99267578125,588.99267578125,588.99267578125,NA,NA,NA,NA,NA,NA,NA,NA,NA,NA,NA,NA,NA,NA,NA,NA,NA,NA,NA,NA,NA,NA
"WRD 20-16 C_44.0_87.0",588.99267578125,588.99267578125,588.99267578125,588.99267578125,588.99267578125,588.99267578125,588.99267578125,588.99267578125,588.99267578125,588.99267578125,NA,NA,NA,NA,NA,NA,NA,NA,NA,NA,NA,NA,NA,NA,NA,NA,NA,NA,NA,NA,NA,NA
"WRD 20-16 C_44.0_88.0",588.99267578125,588.99267578125,588.99267578125,588.99267578125,588.99267578125,588.99267578125,588.99267578125,588.99267578125,588.99267578125,588.99267578125,NA,NA,NA,NA,NA,NA,NA,NA,NA,NA,NA,NA,NA,NA,NA,NA,NA,NA,NA,NA,NA,NA
"WRD 20-16 C_44.0_89.0",588.99267578125,588.99267578125,588.99267578125,588.99267578125,588.99267578125,588.99267578125,588.99267578125,588.99267578125,588.99267578125,588.99267578125,NA,NA,NA,NA,NA,NA,NA,NA,NA,NA,NA,NA,NA,NA,NA,NA,NA,NA,NA,NA,NA,NA
"WRD 20-16 C_44.0_90.0",588.99267578125,588.99267578125,588.99267578125,588.99267578125,588.99267578125,588.99267578125,588.99267578125,588.99267578125,588.99267578125,588.99267578125,NA,NA,NA,NA,NA,NA,NA,NA,NA,NA,NA,NA,NA,NA,NA,NA,NA,NA,NA,NA,NA,NA
"WRD 20-16 C_44.0_91.0",588.99267578125,588.99267578125,588.99267578125,588.99267578125,588.99267578125,588.99267578125,588.99267578125,588.99267578125,588.99267578125,588.99267578125,NA,NA,NA,NA,NA,NA,NA,NA,NA,NA,NA,NA,NA,NA,NA,NA,NA,NA,NA,NA,NA,NA
"WRD 20-16 C_44.0_93.0",588.99267578125,588.99267578125,588.99267578125,588.99267578125,588.99267578125,588.99267578125,588.99267578125,588.99267578125,588.99267578125,588.99267578125,NA,NA,NA,NA,NA,NA,NA,NA,NA,NA,NA,NA,NA,NA,NA,NA,NA,NA,NA,NA,NA,NA
"WRD 20-16 C_44.0_94.0",588.99267578125,588.99267578125,588.99267578125,588.99267578125,588.99267578125,588.99267578125,588.99267578125,588.99267578125,588.99267578125,588.99267578125,NA,NA,NA,NA,NA,NA,NA,NA,NA,NA,NA,NA,NA,NA,NA,NA,NA,NA,NA,NA,NA,NA
"WRD 20-16 C_44.0_95.0",588.99267578125,588.99267578125,588.99267578125,588.99267578125,588.99267578125,588.99267578125,588.99267578125,588.99267578125,588.99267578125,588.99267578125,NA,NA,NA,NA,NA,NA,NA,NA,NA,NA,NA,NA,NA,NA,NA,NA,NA,NA,NA,NA,NA,NA
"WRD 20-16 C_44.0_96.0",588.99267578125,588.99267578125,588.99267578125,588.99267578125,588.99267578125,588.99267578125,588.99267578125,588.99267578125,588.99267578125,588.99267578125,NA,NA,NA,NA,NA,NA,NA,NA,NA,NA,NA,NA,NA,NA,NA,NA,NA,NA,NA,NA,NA,NA
"WRD 20-16 C_44.0_97.0",588.99267578125,588.99267578125,588.99267578125,588.99267578125,588.99267578125,588.99267578125,588.99267578125,588.99267578125,588.99267578125,588.99267578125,NA,NA,NA,NA,NA,NA,NA,NA,NA,NA,NA,NA,NA,NA,NA,NA,NA,NA,NA,NA,NA,NA
"WRD 20-16 C_44.0_98.0",588.99267578125,588.99267578125,588.99267578125,588.99267578125,588.99267578125,588.99267578125,588.99267578125,588.99267578125,588.99267578125,588.99267578125,NA,NA,NA,NA,NA,NA,NA,NA,NA,NA,NA,NA,NA,NA,NA,NA,NA,NA,NA,NA,NA,NA
"WRD 20-16 C_44.0_99.0",588.99267578125,588.99267578125,588.99267578125,588.99267578125,588.99267578125,588.99267578125,588.99267578125,588.99267578125,588.99267578125,588.99267578125,NA,NA,NA,NA,NA,NA,NA,NA,NA,NA,NA,NA,NA,NA,NA,NA,NA,NA,NA,NA,NA,NA
"WRD 20-16 C_54.0_501.0",588.99267578125,588.99267578125,588.99267578125,588.99267578125,588.99267578125,588.99267578125,588.99267578125,588.99267578125,588.99267578125,588.99267578125,NA,NA,NA,NA,NA,NA,NA,NA,NA,NA,NA,NA,NA,NA,NA,NA,NA,NA,NA,NA,NA,NA
"WRD 20-16 C_54.0_502.0",588.99267578125,588.99267578125,588.99267578125,588.99267578125,588.99267578125,588.99267578125,588.99267578125,588.99267578125,588.99267578125,588.99267578125,NA,NA,NA,NA,NA,NA,NA,NA,NA,NA,NA,NA,NA,NA,NA,NA,NA,NA,NA,NA,NA,NA
"WRD 20-16 C_54.0_503.0",588.99267578125,588.99267578125,588.99267578125,588.99267578125,588.99267578125,588.99267578125,588.99267578125,588.99267578125,588.99267578125,588.99267578125,NA,NA,NA,NA,NA,NA,NA,NA,NA,NA,NA,NA,NA,NA,NA,NA,NA,NA,NA,NA,NA,NA
"WRD 20-16 C_54.0_505.0",588.99267578125,588.99267578125,588.99267578125,588.99267578125,588.99267578125,588.99267578125,588.99267578125,588.99267578125,588.99267578125,588.99267578125,NA,NA,NA,NA,NA,NA,NA,NA,NA,NA,NA,NA,NA,NA,NA,NA,NA,NA,NA,NA,NA,NA
"WRD 20-16 C_54.0_506.0",588.99267578125,588.99267578125,588.99267578125,588.99267578125,588.99267578125,588.99267578125,588.99267578125,588.99267578125,588.99267578125,588.99267578125,NA,NA,NA,NA,NA,NA,NA,NA,NA,NA,NA,NA,NA,NA,NA,NA,NA,NA,NA,NA,NA,NA
"WRD 20-16 C_54.0_507.0",588.99267578125,588.99267578125,588.99267578125,588.99267578125,588.99267578125,588.99267578125,588.99267578125,588.99267578125,588.99267578125,588.99267578125,NA,NA,NA,NA,NA,NA,NA,NA,NA,NA,NA,NA,NA,NA,NA,NA,NA,NA,NA,NA,NA,NA
"WRD 20-16 C_54.0_508.0",588.99267578125,588.99267578125,588.99267578125,588.99267578125,588.99267578125,588.99267578125,588.99267578125,588.99267578125,588.99267578125,588.99267578125,NA,NA,NA,NA,NA,NA,NA,NA,NA,NA,NA,NA,NA,NA,NA,NA,NA,NA,NA,NA,NA,NA
"WRD 20-16 C_54.0_511.0",588.99267578125,588.99267578125,588.99267578125,588.99267578125,588.99267578125,588.99267578125,588.99267578125,588.99267578125,588.99267578125,588.99267578125,NA,NA,NA,NA,NA,NA,NA,NA,NA,NA,NA,NA,NA,NA,NA,NA,NA,NA,NA,NA,NA,NA
"WRD 20-16 C_54.0_512.0",588.99267578125,588.99267578125,588.99267578125,588.99267578125,588.99267578125,588.99267578125,588.99267578125,588.99267578125,588.99267578125,588.99267578125,NA,NA,NA,NA,NA,NA,NA,NA,NA,NA,NA,NA,NA,NA,NA,NA,NA,NA,NA,NA,NA,NA
"WRD 20-16 C_54.0_513.0",588.99267578125,588.99267578125,588.99267578125,588.99267578125,588.99267578125,588.99267578125,588.99267578125,588.99267578125,588.99267578125,588.99267578125,NA,NA,NA,NA,NA,NA,NA,NA,NA,NA,NA,NA,NA,NA,NA,NA,NA,NA,NA,NA,NA,NA
"WRD 20-16 C_54.0_514.0",588.99267578125,588.99267578125,588.99267578125,588.99267578125,588.99267578125,588.99267578125,588.99267578125,588.99267578125,588.99267578125,588.99267578125,NA,NA,NA,NA,NA,NA,NA,NA,NA,NA,NA,NA,NA,NA,NA,NA,NA,NA,NA,NA,NA,NA
"WRD 20-16 C_54.0_515.0",588.99267578125,588.99267578125,588.99267578125,588.99267578125,588.99267578125,588.99267578125,588.99267578125,588.99267578125,588.99267578125,588.99267578125,NA,NA,NA,NA,NA,NA,NA,NA,NA,NA,NA,NA,NA,NA,NA,NA,NA,NA,NA,NA,NA,NA
"WRD 20-16 C_54.0_516.0",588.99267578125,588.99267578125,588.99267578125,588.99267578125,588.99267578125,588.99267578125,588.99267578125,588.99267578125,588.99267578125,588.99267578125,NA,NA,NA,NA,NA,NA,NA,NA,NA,NA,NA,NA,NA,NA,NA,NA,NA,NA,NA,NA,NA,NA
"WRD 20-16 C_54.0_517.0",588.99267578125,588.99267578125,588.99267578125,588.99267578125,588.99267578125,588.99267578125,588.99267578125,588.99267578125,588.99267578125,588.99267578125,NA,NA,NA,NA,NA,NA,NA,NA,NA,NA,NA,NA,NA,NA,NA,NA,NA,NA,NA,NA,NA,NA
"WRD 20-16 C_54.0_518.0",588.99267578125,588.99267578125,588.99267578125,588.99267578125,588.99267578125,588.99267578125,588.99267578125,588.99267578125,588.99267578125,588.99267578125,NA,NA,NA,NA,NA,NA,NA,NA,NA,NA,NA,NA,NA,NA,NA,NA,NA,NA,NA,NA,NA,NA
"WRD 20-16 C_54.0_519.0",588.99267578125,588.99267578125,588.99267578125,588.99267578125,588.99267578125,588.99267578125,588.99267578125,588.99267578125,588.99267578125,588.99267578125,NA,NA,NA,NA,NA,NA,NA,NA,NA,NA,NA,NA,NA,NA,NA,NA,NA,NA,NA,NA,NA,NA
"WRD 20-16 C_54.0_524.0",588.99267578125,588.99267578125,588.99267578125,588.99267578125,588.99267578125,588.99267578125,588.99267578125,588.99267578125,588.99267578125,588.99267578125,NA,NA,NA,NA,NA,NA,NA,NA,NA,NA,NA,NA,NA,NA,NA,NA,NA,NA,NA,NA,NA,NA
"WRD 20-16 C_54.0_525.0",588.99267578125,588.99267578125,588.99267578125,588.99267578125,588.99267578125,588.99267578125,588.99267578125,588.99267578125,588.99267578125,588.99267578125,NA,NA,NA,NA,NA,NA,NA,NA,NA,NA,NA,NA,NA,NA,NA,NA,NA,NA,NA,NA,NA,NA
"WRD 20-16 C_54.0_526.0",588.99267578125,588.99267578125,588.99267578125,588.99267578125,588.99267578125,588.99267578125,588.99267578125,588.99267578125,588.99267578125,588.99267578125,NA,NA,NA,NA,NA,NA,NA,NA,NA,NA,NA,NA,NA,NA,NA,NA,NA,NA,NA,NA,NA,NA
"WRD 20-16 C_54.0_528.0",588.99267578125,588.99267578125,588.99267578125,588.99267578125,588.99267578125,588.99267578125,588.99267578125,588.99267578125,588.99267578125,588.99267578125,NA,NA,NA,NA,NA,NA,NA,NA,NA,NA,NA,NA,NA,NA,NA,NA,NA,NA,NA,NA,NA,NA
"WRD 20-16 C_54.0_529.0",588.99267578125,588.99267578125,588.99267578125,588.99267578125,588.99267578125,588.99267578125,588.99267578125,588.99267578125,588.99267578125,588.99267578125,NA,NA,NA,NA,NA,NA,NA,NA,NA,NA,NA,NA,NA,NA,NA,NA,NA,NA,NA,NA,NA,NA
"WRD 20-16 C_54.0_530.0",588.99267578125,588.99267578125,588.99267578125,588.99267578125,588.99267578125,588.99267578125,588.99267578125,588.99267578125,588.99267578125,588.99267578125,NA,NA,NA,NA,NA,NA,NA,NA,NA,NA,NA,NA,NA,NA,NA,NA,NA,NA,NA,NA,NA,NA
"WRD 20-16 C_54.0_531.0",588.99267578125,588.99267578125,588.99267578125,588.99267578125,588.99267578125,588.99267578125,588.99267578125,588.99267578125,588.99267578125,588.99267578125,NA,NA,NA,NA,NA,NA,NA,NA,NA,NA,NA,NA,NA,NA,NA,NA,NA,NA,NA,NA,NA,NA
"WRD 20-16 C_54.0_532.0",588.99267578125,588.99267578125,588.99267578125,588.99267578125,588.99267578125,588.99267578125,588.99267578125,588.99267578125,588.99267578125,588.99267578125,NA,NA,NA,NA,NA,NA,NA,NA,NA,NA,NA,NA,NA,NA,NA,NA,NA,NA,NA,NA,NA,NA
"WRD 20-16 C_54.0_533.0",588.99267578125,588.99267578125,588.99267578125,588.99267578125,588.99267578125,588.99267578125,588.99267578125,588.99267578125,588.99267578125,588.99267578125,NA,NA,NA,NA,NA,NA,NA,NA,NA,NA,NA,NA,NA,NA,NA,NA,NA,NA,NA,NA,NA,NA
"WRD 20-16 C_54.0_535.0",588.99267578125,588.99267578125,588.99267578125,588.99267578125,588.99267578125,588.99267578125,588.99267578125,588.99267578125,588.99267578125,588.99267578125,NA,NA,NA,NA,NA,NA,NA,NA,NA,NA,NA,NA,NA,NA,NA,NA,NA,NA,NA,NA,NA,NA
"WRD 20-16 C_54.0_536.0",588.99267578125,588.99267578125,588.99267578125,588.99267578125,588.99267578125,588.99267578125,588.99267578125,588.99267578125,588.99267578125,588.99267578125,NA,NA,NA,NA,NA,NA,NA,NA,NA,NA,NA,NA,NA,NA,NA,NA,NA,NA,NA,NA,NA,NA
"WRD 20-16 C_54.0_538.0",588.99267578125,588.99267578125,588.99267578125,588.99267578125,588.99267578125,588.99267578125,588.99267578125,588.99267578125,588.99267578125,588.99267578125,NA,NA,NA,NA,NA,NA,NA,NA,NA,NA,NA,NA,NA,NA,NA,NA,NA,NA,NA,NA,NA,NA
"WRD 20-16 C_54.0_539.0",588.99267578125,588.99267578125,588.99267578125,588.99267578125,588.99267578125,588.99267578125,588.99267578125,588.99267578125,588.99267578125,588.99267578125,NA,NA,NA,NA,NA,NA,NA,NA,NA,NA,NA,NA,NA,NA,NA,NA,NA,NA,NA,NA,NA,NA
"WRD 20-16 C_54.0_541.0",588.99267578125,588.99267578125,588.99267578125,588.99267578125,588.99267578125,588.99267578125,588.99267578125,588.99267578125,588.99267578125,588.99267578125,NA,NA,NA,NA,NA,NA,NA,NA,NA,NA,NA,NA,NA,NA,NA,NA,NA,NA,NA,NA,NA,NA
"WRD 20-16 C_54.0_542.0",588.99267578125,588.99267578125,588.99267578125,588.99267578125,588.99267578125,588.99267578125,588.99267578125,588.99267578125,588.99267578125,588.99267578125,NA,NA,NA,NA,NA,NA,NA,NA,NA,NA,NA,NA,NA,NA,NA,NA,NA,NA,NA,NA,NA,NA
"WRD 20-16 C_54.0_543.0",588.99267578125,588.99267578125,588.99267578125,588.99267578125,588.99267578125,588.99267578125,588.99267578125,588.99267578125,588.99267578125,588.99267578125,NA,NA,NA,NA,NA,NA,NA,NA,NA,NA,NA,NA,NA,NA,NA,NA,NA,NA,NA,NA,NA,NA
"WRD 20-16 C_54.0_544.0",588.99267578125,588.99267578125,588.99267578125,588.99267578125,588.99267578125,588.99267578125,588.99267578125,588.99267578125,588.99267578125,588.99267578125,NA,NA,NA,NA,NA,NA,NA,NA,NA,NA,NA,NA,NA,NA,NA,NA,NA,NA,NA,NA,NA,NA
"WRD 20-16 C_54.0_545.0",588.99267578125,588.99267578125,588.99267578125,588.99267578125,588.99267578125,588.99267578125,588.99267578125,588.99267578125,588.99267578125,588.99267578125,NA,NA,NA,NA,NA,NA,NA,NA,NA,NA,NA,NA,NA,NA,NA,NA,NA,NA,NA,NA,NA,NA
"WRD 20-16 C_54.0_546.0",588.99267578125,588.99267578125,588.99267578125,588.99267578125,588.99267578125,588.99267578125,588.99267578125,588.99267578125,588.99267578125,588.99267578125,NA,NA,NA,NA,NA,NA,NA,NA,NA,NA,NA,NA,NA,NA,NA,NA,NA,NA,NA,NA,NA,NA
"WRD 20-16 C_54.0_548.0",588.99267578125,588.99267578125,588.99267578125,588.99267578125,588.99267578125,588.99267578125,588.99267578125,588.99267578125,588.99267578125,588.99267578125,NA,NA,NA,NA,NA,NA,NA,NA,NA,NA,NA,NA,NA,NA,NA,NA,NA,NA,NA,NA,NA,NA
"WRD 20-16 C_54.0_549.0",588.99267578125,588.99267578125,588.99267578125,588.99267578125,588.99267578125,588.99267578125,588.99267578125,588.99267578125,588.99267578125,588.99267578125,NA,NA,NA,NA,NA,NA,NA,NA,NA,NA,NA,NA,NA,NA,NA,NA,NA,NA,NA,NA,NA,NA
"WRD 20-16 C_54.0_550.0",588.99267578125,588.99267578125,588.99267578125,588.99267578125,588.99267578125,588.99267578125,588.99267578125,588.99267578125,588.99267578125,588.99267578125,NA,NA,NA,NA,NA,NA,NA,NA,NA,NA,NA,NA,NA,NA,NA,NA,NA,NA,NA,NA,NA,NA
"WRD 20-16 C_54.0_551.0",588.99267578125,588.99267578125,588.99267578125,588.99267578125,588.99267578125,588.99267578125,588.99267578125,588.99267578125,588.99267578125,588.99267578125,NA,NA,NA,NA,NA,NA,NA,NA,NA,NA,NA,NA,NA,NA,NA,NA,NA,NA,NA,NA,NA,NA
"WRD 20-16 C_54.0_553.0",588.99267578125,588.99267578125,588.99267578125,588.99267578125,588.99267578125,588.99267578125,588.99267578125,588.99267578125,588.99267578125,588.99267578125,NA,NA,NA,NA,NA,NA,NA,NA,NA,NA,NA,NA,NA,NA,NA,NA,NA,NA,NA,NA,NA,NA
"WRD 20-16 C_54.0_555.0",588.99267578125,588.99267578125,588.99267578125,588.99267578125,588.99267578125,588.99267578125,588.99267578125,588.99267578125,588.99267578125,588.99267578125,NA,NA,NA,NA,NA,NA,NA,NA,NA,NA,NA,NA,NA,NA,NA,NA,NA,NA,NA,NA,NA,NA
"WRD 20-16 C_54.0_560.0",588.99267578125,588.99267578125,588.99267578125,588.99267578125,588.99267578125,588.99267578125,588.99267578125,588.99267578125,588.99267578125,588.99267578125,NA,NA,NA,NA,NA,NA,NA,NA,NA,NA,NA,NA,NA,NA,NA,NA,NA,NA,NA,NA,NA,NA
"WRD 20-16 C_54.0_562.0",588.99267578125,588.99267578125,588.99267578125,588.99267578125,588.99267578125,588.99267578125,588.99267578125,588.99267578125,588.99267578125,588.99267578125,NA,NA,NA,NA,NA,NA,NA,NA,NA,NA,NA,NA,NA,NA,NA,NA,NA,NA,NA,NA,NA,NA
"WRD 20-16 C_54.0_564.0",588.99267578125,588.99267578125,588.99267578125,588.99267578125,588.99267578125,588.99267578125,588.99267578125,588.99267578125,588.99267578125,588.99267578125,NA,NA,NA,NA,NA,NA,NA,NA,NA,NA,NA,NA,NA,NA,NA,NA,NA,NA,NA,NA,NA,NA
"WRD 20-16 T_38.0_278.0",588.99267578125,588.99267578125,588.99267578125,588.99267578125,588.99267578125,588.99267578125,588.99267578125,588.99267578125,588.99267578125,588.99267578125,NA,NA,NA,NA,NA,NA,NA,NA,NA,NA,NA,NA,NA,NA,NA,NA,NA,NA,NA,NA,NA,NA
"WRD 20-16 T_38.0_279.0",588.99267578125,588.99267578125,588.99267578125,588.99267578125,588.99267578125,588.99267578125,588.99267578125,588.99267578125,588.99267578125,588.99267578125,NA,NA,NA,NA,NA,NA,NA,NA,NA,NA,NA,NA,NA,NA,NA,NA,NA,NA,NA,NA,NA,NA
"WRD 20-16 T_38.0_280.0",588.99267578125,588.99267578125,588.99267578125,588.99267578125,588.99267578125,588.99267578125,588.99267578125,588.99267578125,588.99267578125,588.99267578125,NA,NA,NA,NA,NA,NA,NA,NA,NA,NA,NA,NA,NA,NA,NA,NA,NA,NA,NA,NA,NA,NA
"WRD 20-16 T_38.0_282.0",588.99267578125,588.99267578125,588.99267578125,588.99267578125,588.99267578125,588.99267578125,588.99267578125,588.99267578125,588.99267578125,588.99267578125,NA,NA,NA,NA,NA,NA,NA,NA,NA,NA,NA,NA,NA,NA,NA,NA,NA,NA,NA,NA,NA,NA
"WRD 20-16 T_38.0_283.0",588.99267578125,588.99267578125,588.99267578125,588.99267578125,588.99267578125,588.99267578125,588.99267578125,588.99267578125,588.99267578125,588.99267578125,NA,NA,NA,NA,NA,NA,NA,NA,NA,NA,NA,NA,NA,NA,NA,NA,NA,NA,NA,NA,NA,NA
"WRD 20-16 T_38.0_284.0",588.99267578125,588.99267578125,588.99267578125,588.99267578125,588.99267578125,588.99267578125,588.99267578125,588.99267578125,588.99267578125,588.99267578125,NA,NA,NA,NA,NA,NA,NA,NA,NA,NA,NA,NA,NA,NA,NA,NA,NA,NA,NA,NA,NA,NA
"WRD 20-16 T_38.0_285.0",588.99267578125,588.99267578125,588.99267578125,588.99267578125,588.99267578125,588.99267578125,588.99267578125,588.99267578125,588.99267578125,588.99267578125,NA,NA,NA,NA,NA,NA,NA,NA,NA,NA,NA,NA,NA,NA,NA,NA,NA,NA,NA,NA,NA,NA
"WRD 20-16 T_38.0_286.0",588.99267578125,588.99267578125,588.99267578125,588.99267578125,588.99267578125,588.99267578125,588.99267578125,588.99267578125,588.99267578125,588.99267578125,NA,NA,NA,NA,NA,NA,NA,NA,NA,NA,NA,NA,NA,NA,NA,NA,NA,NA,NA,NA,NA,NA
"WRD 20-16 T_38.0_287.0",588.99267578125,588.99267578125,588.99267578125,588.99267578125,588.99267578125,588.99267578125,588.99267578125,588.99267578125,588.99267578125,588.99267578125,NA,NA,NA,NA,NA,NA,NA,NA,NA,NA,NA,NA,NA,NA,NA,NA,NA,NA,NA,NA,NA,NA
"WRD 20-16 T_38.0_289.0",588.99267578125,588.99267578125,588.99267578125,588.99267578125,588.99267578125,588.99267578125,588.99267578125,588.99267578125,588.99267578125,588.99267578125,NA,NA,NA,NA,NA,NA,NA,NA,NA,NA,NA,NA,NA,NA,NA,NA,NA,NA,NA,NA,NA,NA
"WRD 20-16 T_38.0_290.0",588.99267578125,588.99267578125,588.99267578125,588.99267578125,588.99267578125,588.99267578125,588.99267578125,588.99267578125,588.99267578125,588.99267578125,NA,NA,NA,NA,NA,NA,NA,NA,NA,NA,NA,NA,NA,NA,NA,NA,NA,NA,NA,NA,NA,NA
"WRD 20-16 T_38.0_291.0",588.99267578125,588.99267578125,588.99267578125,588.99267578125,588.99267578125,588.99267578125,588.99267578125,588.99267578125,588.99267578125,588.99267578125,NA,NA,NA,NA,NA,NA,NA,NA,NA,NA,NA,NA,NA,NA,NA,NA,NA,NA,NA,NA,NA,NA
"WRD 20-16 T_38.0_292.0",588.99267578125,588.99267578125,588.99267578125,588.99267578125,588.99267578125,588.99267578125,588.99267578125,588.99267578125,588.99267578125,588.99267578125,NA,NA,NA,NA,NA,NA,NA,NA,NA,NA,NA,NA,NA,NA,NA,NA,NA,NA,NA,NA,NA,NA
"WRD 20-16 T_38.0_294.0",588.99267578125,588.99267578125,588.99267578125,588.99267578125,588.99267578125,588.99267578125,588.99267578125,588.99267578125,588.99267578125,588.99267578125,NA,NA,NA,NA,NA,NA,NA,NA,NA,NA,NA,NA,NA,NA,NA,NA,NA,NA,NA,NA,NA,NA
"WRD 20-16 T_38.0_295.0",588.99267578125,588.99267578125,588.99267578125,588.99267578125,588.99267578125,588.99267578125,588.99267578125,588.99267578125,588.99267578125,588.99267578125,NA,NA,NA,NA,NA,NA,NA,NA,NA,NA,NA,NA,NA,NA,NA,NA,NA,NA,NA,NA,NA,NA
"WRD 20-16 T_38.0_297.0",588.99267578125,588.99267578125,588.99267578125,588.99267578125,588.99267578125,588.99267578125,588.99267578125,588.99267578125,588.99267578125,588.99267578125,NA,NA,NA,NA,NA,NA,NA,NA,NA,NA,NA,NA,NA,NA,NA,NA,NA,NA,NA,NA,NA,NA
"WRD 20-16 T_38.0_299.0",588.99267578125,588.99267578125,588.99267578125,588.99267578125,588.99267578125,588.99267578125,588.99267578125,588.99267578125,588.99267578125,588.99267578125,NA,NA,NA,NA,NA,NA,NA,NA,NA,NA,NA,NA,NA,NA,NA,NA,NA,NA,NA,NA,NA,NA
"WRD 20-16 T_38.0_300.0",588.99267578125,588.99267578125,588.99267578125,588.99267578125,588.99267578125,588.99267578125,588.99267578125,588.99267578125,588.99267578125,588.99267578125,NA,NA,NA,NA,NA,NA,NA,NA,NA,NA,NA,NA,NA,NA,NA,NA,NA,NA,NA,NA,NA,NA
"WRD 20-16 T_38.0_601.0",588.99267578125,588.99267578125,588.99267578125,588.99267578125,588.99267578125,588.99267578125,588.99267578125,588.99267578125,588.99267578125,588.99267578125,NA,NA,NA,NA,NA,NA,NA,NA,NA,NA,NA,NA,NA,NA,NA,NA,NA,NA,NA,NA,NA,NA
"WRD 20-16 T_38.0_604.0",588.99267578125,588.99267578125,588.99267578125,588.99267578125,588.99267578125,588.99267578125,588.99267578125,588.99267578125,588.99267578125,588.99267578125,NA,NA,NA,NA,NA,NA,NA,NA,NA,NA,NA,NA,NA,NA,NA,NA,NA,NA,NA,NA,NA,NA
"WRD 20-16 T_38.0_605.0",588.99267578125,588.99267578125,588.99267578125,588.99267578125,588.99267578125,588.99267578125,588.99267578125,588.99267578125,588.99267578125,588.99267578125,NA,NA,NA,NA,NA,NA,NA,NA,NA,NA,NA,NA,NA,NA,NA,NA,NA,NA,NA,NA,NA,NA
"WRD 20-16 T_38.0_606.0",588.99267578125,588.99267578125,588.99267578125,588.99267578125,588.99267578125,588.99267578125,588.99267578125,588.99267578125,588.99267578125,588.99267578125,NA,NA,NA,NA,NA,NA,NA,NA,NA,NA,NA,NA,NA,NA,NA,NA,NA,NA,NA,NA,NA,NA
"WRD 20-16 T_38.0_608.0",588.99267578125,588.99267578125,588.99267578125,588.99267578125,588.99267578125,588.99267578125,588.99267578125,588.99267578125,588.99267578125,588.99267578125,NA,NA,NA,NA,NA,NA,NA,NA,NA,NA,NA,NA,NA,NA,NA,NA,NA,NA,NA,NA,NA,NA
"WRD 20-16 T_38.0_609.0",588.99267578125,588.99267578125,588.99267578125,588.99267578125,588.99267578125,588.99267578125,588.99267578125,588.99267578125,588.99267578125,588.99267578125,NA,NA,NA,NA,NA,NA,NA,NA,NA,NA,NA,NA,NA,NA,NA,NA,NA,NA,NA,NA,NA,NA
"WRD 20-16 T_38.0_611.0",588.99267578125,588.99267578125,588.99267578125,588.99267578125,588.99267578125,588.99267578125,588.99267578125,588.99267578125,588.99267578125,588.99267578125,NA,NA,NA,NA,NA,NA,NA,NA,NA,NA,NA,NA,NA,NA,NA,NA,NA,NA,NA,NA,NA,NA
"WRD 20-16 T_38.0_613.0",588.99267578125,588.99267578125,588.99267578125,588.99267578125,588.99267578125,588.99267578125,588.99267578125,588.99267578125,588.99267578125,588.99267578125,NA,NA,NA,NA,NA,NA,NA,NA,NA,NA,NA,NA,NA,NA,NA,NA,NA,NA,NA,NA,NA,NA
"WRD 20-16 T_38.0_615.0",588.99267578125,588.99267578125,588.99267578125,588.99267578125,588.99267578125,588.99267578125,588.99267578125,588.99267578125,588.99267578125,588.99267578125,NA,NA,NA,NA,NA,NA,NA,NA,NA,NA,NA,NA,NA,NA,NA,NA,NA,NA,NA,NA,NA,NA
"WRD 20-16 T_38.0_616.0",588.99267578125,588.99267578125,588.99267578125,588.99267578125,588.99267578125,588.99267578125,588.99267578125,588.99267578125,588.99267578125,588.99267578125,NA,NA,NA,NA,NA,NA,NA,NA,NA,NA,NA,NA,NA,NA,NA,NA,NA,NA,NA,NA,NA,NA
"WRD 20-16 T_38.0_617.0",588.99267578125,588.99267578125,588.99267578125,588.99267578125,588.99267578125,588.99267578125,588.99267578125,588.99267578125,588.99267578125,588.99267578125,NA,NA,NA,NA,NA,NA,NA,NA,NA,NA,NA,NA,NA,NA,NA,NA,NA,NA,NA,NA,NA,NA
"WRD 20-16 T_38.0_620.0",588.99267578125,588.99267578125,588.99267578125,588.99267578125,588.99267578125,588.99267578125,588.99267578125,588.99267578125,588.99267578125,588.99267578125,NA,NA,NA,NA,NA,NA,NA,NA,NA,NA,NA,NA,NA,NA,NA,NA,NA,NA,NA,NA,NA,NA
"WRD 20-16 T_38.0_621.0",588.99267578125,588.99267578125,588.99267578125,588.99267578125,588.99267578125,588.99267578125,588.99267578125,588.99267578125,588.99267578125,588.99267578125,NA,NA,NA,NA,NA,NA,NA,NA,NA,NA,NA,NA,NA,NA,NA,NA,NA,NA,NA,NA,NA,NA
"WRD 20-16 T_38.0_623.0",588.99267578125,588.99267578125,588.99267578125,588.99267578125,588.99267578125,588.99267578125,588.99267578125,588.99267578125,588.99267578125,588.99267578125,NA,NA,NA,NA,NA,NA,NA,NA,NA,NA,NA,NA,NA,NA,NA,NA,NA,NA,NA,NA,NA,NA
"WRD 20-16 T_38.0_624.0",588.99267578125,588.99267578125,588.99267578125,588.99267578125,588.99267578125,588.99267578125,588.99267578125,588.99267578125,588.99267578125,588.99267578125,NA,NA,NA,NA,NA,NA,NA,NA,NA,NA,NA,NA,NA,NA,NA,NA,NA,NA,NA,NA,NA,NA
"WRD 20-16 T_38.0_625.0",588.99267578125,588.99267578125,588.99267578125,588.99267578125,588.99267578125,588.99267578125,588.99267578125,588.99267578125,588.99267578125,588.99267578125,NA,NA,NA,NA,NA,NA,NA,NA,NA,NA,NA,NA,NA,NA,NA,NA,NA,NA,NA,NA,NA,NA
"WRD 20-16 T_38.0_627.0",588.99267578125,588.99267578125,588.99267578125,588.99267578125,588.99267578125,588.99267578125,588.99267578125,588.99267578125,588.99267578125,588.99267578125,NA,NA,NA,NA,NA,NA,NA,NA,NA,NA,NA,NA,NA,NA,NA,NA,NA,NA,NA,NA,NA,NA
"WRD 20-16 T_38.0_629.0",588.99267578125,588.99267578125,588.99267578125,588.99267578125,588.99267578125,588.99267578125,588.99267578125,588.99267578125,588.99267578125,588.99267578125,NA,NA,NA,NA,NA,NA,NA,NA,NA,NA,NA,NA,NA,NA,NA,NA,NA,NA,NA,NA,NA,NA
"WRD 20-16 T_38.0_630.0",588.99267578125,588.99267578125,588.99267578125,588.99267578125,588.99267578125,588.99267578125,588.99267578125,588.99267578125,588.99267578125,588.99267578125,NA,NA,NA,NA,NA,NA,NA,NA,NA,NA,NA,NA,NA,NA,NA,NA,NA,NA,NA,NA,NA,NA
"WRD 20-16 T_38.0_631.0",588.99267578125,588.99267578125,588.99267578125,588.99267578125,588.99267578125,588.99267578125,588.99267578125,588.99267578125,588.99267578125,588.99267578125,NA,NA,NA,NA,NA,NA,NA,NA,NA,NA,NA,NA,NA,NA,NA,NA,NA,NA,NA,NA,NA,NA
"WRD 20-16 T_40.0_102.0",588.99267578125,588.99267578125,588.99267578125,588.99267578125,588.99267578125,588.99267578125,588.99267578125,588.99267578125,588.99267578125,588.99267578125,NA,NA,NA,NA,NA,NA,NA,NA,NA,NA,NA,NA,NA,NA,NA,NA,NA,NA,NA,NA,NA,NA
"WRD 20-16 T_40.0_105.0",588.99267578125,588.99267578125,588.99267578125,588.99267578125,588.99267578125,588.99267578125,588.99267578125,588.99267578125,588.99267578125,588.99267578125,NA,NA,NA,NA,NA,NA,NA,NA,NA,NA,NA,NA,NA,NA,NA,NA,NA,NA,NA,NA,NA,NA
"WRD 20-16 T_40.0_107.0",588.99267578125,588.99267578125,588.99267578125,588.99267578125,588.99267578125,588.99267578125,588.99267578125,588.99267578125,588.99267578125,588.99267578125,NA,NA,NA,NA,NA,NA,NA,NA,NA,NA,NA,NA,NA,NA,NA,NA,NA,NA,NA,NA,NA,NA
"WRD 20-16 T_40.0_108.0",588.99267578125,588.99267578125,588.99267578125,588.99267578125,588.99267578125,588.99267578125,588.99267578125,588.99267578125,588.99267578125,588.99267578125,NA,NA,NA,NA,NA,NA,NA,NA,NA,NA,NA,NA,NA,NA,NA,NA,NA,NA,NA,NA,NA,NA
"WRD 20-16 T_40.0_111.0",588.99267578125,588.99267578125,588.99267578125,588.99267578125,588.99267578125,588.99267578125,588.99267578125,588.99267578125,588.99267578125,588.99267578125,NA,NA,NA,NA,NA,NA,NA,NA,NA,NA,NA,NA,NA,NA,NA,NA,NA,NA,NA,NA,NA,NA
"WRD 20-16 T_40.0_112.0",588.99267578125,588.99267578125,588.99267578125,588.99267578125,588.99267578125,588.99267578125,588.99267578125,588.99267578125,588.99267578125,588.99267578125,NA,NA,NA,NA,NA,NA,NA,NA,NA,NA,NA,NA,NA,NA,NA,NA,NA,NA,NA,NA,NA,NA
"WRD 20-16 T_40.0_113.0",588.99267578125,588.99267578125,588.99267578125,588.99267578125,588.99267578125,588.99267578125,588.99267578125,588.99267578125,588.99267578125,588.99267578125,NA,NA,NA,NA,NA,NA,NA,NA,NA,NA,NA,NA,NA,NA,NA,NA,NA,NA,NA,NA,NA,NA
"WRD 20-16 T_40.0_115.0",588.99267578125,588.99267578125,588.99267578125,588.99267578125,588.99267578125,588.99267578125,588.99267578125,588.99267578125,588.99267578125,588.99267578125,NA,NA,NA,NA,NA,NA,NA,NA,NA,NA,NA,NA,NA,NA,NA,NA,NA,NA,NA,NA,NA,NA
"WRD 20-16 T_40.0_117.0",588.99267578125,588.99267578125,588.99267578125,588.99267578125,588.99267578125,588.99267578125,588.99267578125,588.99267578125,588.99267578125,588.99267578125,NA,NA,NA,NA,NA,NA,NA,NA,NA,NA,NA,NA,NA,NA,NA,NA,NA,NA,NA,NA,NA,NA
"WRD 20-16 T_40.0_118.0",588.99267578125,588.99267578125,588.99267578125,588.99267578125,588.99267578125,588.99267578125,588.99267578125,588.99267578125,588.99267578125,588.99267578125,NA,NA,NA,NA,NA,NA,NA,NA,NA,NA,NA,NA,NA,NA,NA,NA,NA,NA,NA,NA,NA,NA
"WRD 20-16 T_40.0_119.0",588.99267578125,588.99267578125,588.99267578125,588.99267578125,588.99267578125,588.99267578125,588.99267578125,588.99267578125,588.99267578125,588.99267578125,NA,NA,NA,NA,NA,NA,NA,NA,NA,NA,NA,NA,NA,NA,NA,NA,NA,NA,NA,NA,NA,NA
"WRD 20-16 T_40.0_120.0",588.99267578125,588.99267578125,588.99267578125,588.99267578125,588.99267578125,588.99267578125,588.99267578125,588.99267578125,588.99267578125,588.99267578125,NA,NA,NA,NA,NA,NA,NA,NA,NA,NA,NA,NA,NA,NA,NA,NA,NA,NA,NA,NA,NA,NA
"WRD 20-16 T_40.0_122.0",588.99267578125,588.99267578125,588.99267578125,588.99267578125,588.99267578125,588.99267578125,588.99267578125,588.99267578125,588.99267578125,588.99267578125,NA,NA,NA,NA,NA,NA,NA,NA,NA,NA,NA,NA,NA,NA,NA,NA,NA,NA,NA,NA,NA,NA
"WRD 20-16 T_40.0_125.0",588.99267578125,588.99267578125,588.99267578125,588.99267578125,588.99267578125,588.99267578125,588.99267578125,588.99267578125,588.99267578125,588.99267578125,NA,NA,NA,NA,NA,NA,NA,NA,NA,NA,NA,NA,NA,NA,NA,NA,NA,NA,NA,NA,NA,NA
"WRD 20-16 T_40.0_126.0",588.99267578125,588.99267578125,588.99267578125,588.99267578125,588.99267578125,588.99267578125,588.99267578125,588.99267578125,588.99267578125,588.99267578125,NA,NA,NA,NA,NA,NA,NA,NA,NA,NA,NA,NA,NA,NA,NA,NA,NA,NA,NA,NA,NA,NA
"WRD 20-16 T_40.0_127.0",588.99267578125,588.99267578125,588.99267578125,588.99267578125,588.99267578125,588.99267578125,588.99267578125,588.99267578125,588.99267578125,588.99267578125,NA,NA,NA,NA,NA,NA,NA,NA,NA,NA,NA,NA,NA,NA,NA,NA,NA,NA,NA,NA,NA,NA
"WRD 20-16 T_40.0_128.0",588.99267578125,588.99267578125,588.99267578125,588.99267578125,588.99267578125,588.99267578125,588.99267578125,588.99267578125,588.99267578125,588.99267578125,NA,NA,NA,NA,NA,NA,NA,NA,NA,NA,NA,NA,NA,NA,NA,NA,NA,NA,NA,NA,NA,NA
"WRD 20-16 T_40.0_129.0",588.99267578125,588.99267578125,588.99267578125,588.99267578125,588.99267578125,588.99267578125,588.99267578125,588.99267578125,588.99267578125,588.99267578125,NA,NA,NA,NA,NA,NA,NA,NA,NA,NA,NA,NA,NA,NA,NA,NA,NA,NA,NA,NA,NA,NA
"WRD 20-16 T_40.0_132.0",588.99267578125,588.99267578125,588.99267578125,588.99267578125,588.99267578125,588.99267578125,588.99267578125,588.99267578125,588.99267578125,588.99267578125,NA,NA,NA,NA,NA,NA,NA,NA,NA,NA,NA,NA,NA,NA,NA,NA,NA,NA,NA,NA,NA,NA
"WRD 20-16 T_40.0_133.0",588.99267578125,588.99267578125,588.99267578125,588.99267578125,588.99267578125,588.99267578125,588.99267578125,588.99267578125,588.99267578125,588.99267578125,NA,NA,NA,NA,NA,NA,NA,NA,NA,NA,NA,NA,NA,NA,NA,NA,NA,NA,NA,NA,NA,NA
"WRD 20-16 T_40.0_134.0",588.99267578125,588.99267578125,588.99267578125,588.99267578125,588.99267578125,588.99267578125,588.99267578125,588.99267578125,588.99267578125,588.99267578125,NA,NA,NA,NA,NA,NA,NA,NA,NA,NA,NA,NA,NA,NA,NA,NA,NA,NA,NA,NA,NA,NA
"WRD 20-16 T_40.0_135.0",588.99267578125,588.99267578125,588.99267578125,588.99267578125,588.99267578125,588.99267578125,588.99267578125,588.99267578125,588.99267578125,588.99267578125,NA,NA,NA,NA,NA,NA,NA,NA,NA,NA,NA,NA,NA,NA,NA,NA,NA,NA,NA,NA,NA,NA
"WRD 20-16 T_40.0_137.0",588.99267578125,588.99267578125,588.99267578125,588.99267578125,588.99267578125,588.99267578125,588.99267578125,588.99267578125,588.99267578125,588.99267578125,NA,NA,NA,NA,NA,NA,NA,NA,NA,NA,NA,NA,NA,NA,NA,NA,NA,NA,NA,NA,NA,NA
"WRD 20-16 T_40.0_138.0",588.99267578125,588.99267578125,588.99267578125,588.99267578125,588.99267578125,588.99267578125,588.99267578125,588.99267578125,588.99267578125,588.99267578125,NA,NA,NA,NA,NA,NA,NA,NA,NA,NA,NA,NA,NA,NA,NA,NA,NA,NA,NA,NA,NA,NA
"WRD 20-16 T_40.0_139.0",588.99267578125,588.99267578125,588.99267578125,588.99267578125,588.99267578125,588.99267578125,588.99267578125,588.99267578125,588.99267578125,588.99267578125,NA,NA,NA,NA,NA,NA,NA,NA,NA,NA,NA,NA,NA,NA,NA,NA,NA,NA,NA,NA,NA,NA
"WRD 20-16 T_40.0_141.0",588.99267578125,588.99267578125,588.99267578125,588.99267578125,588.99267578125,588.99267578125,588.99267578125,588.99267578125,588.99267578125,588.99267578125,NA,NA,NA,NA,NA,NA,NA,NA,NA,NA,NA,NA,NA,NA,NA,NA,NA,NA,NA,NA,NA,NA
"WRD 20-16 T_40.0_142.0",588.99267578125,588.99267578125,588.99267578125,588.99267578125,588.99267578125,588.99267578125,588.99267578125,588.99267578125,588.99267578125,588.99267578125,NA,NA,NA,NA,NA,NA,NA,NA,NA,NA,NA,NA,NA,NA,NA,NA,NA,NA,NA,NA,NA,NA
"WRD 20-16 T_40.0_143.0",588.99267578125,588.99267578125,588.99267578125,588.99267578125,588.99267578125,588.99267578125,588.99267578125,588.99267578125,588.99267578125,588.99267578125,NA,NA,NA,NA,NA,NA,NA,NA,NA,NA,NA,NA,NA,NA,NA,NA,NA,NA,NA,NA,NA,NA
"WRD 20-16 T_40.0_684.0",588.99267578125,588.99267578125,588.99267578125,588.99267578125,588.99267578125,588.99267578125,588.99267578125,588.99267578125,588.99267578125,588.99267578125,NA,NA,NA,NA,NA,NA,NA,NA,NA,NA,NA,NA,NA,NA,NA,NA,NA,NA,NA,NA,NA,NA
"WRD 20-16 T_40.0_685.0",588.99267578125,588.99267578125,588.99267578125,588.99267578125,588.99267578125,588.99267578125,588.99267578125,588.99267578125,588.99267578125,588.99267578125,NA,NA,NA,NA,NA,NA,NA,NA,NA,NA,NA,NA,NA,NA,NA,NA,NA,NA,NA,NA,NA,NA
"WRD 20-16 T_40.0_686.0",588.99267578125,588.99267578125,588.99267578125,588.99267578125,588.99267578125,588.99267578125,588.99267578125,588.99267578125,588.99267578125,588.99267578125,NA,NA,NA,NA,NA,NA,NA,NA,NA,NA,NA,NA,NA,NA,NA,NA,NA,NA,NA,NA,NA,NA
"WRD 20-16 T_40.0_687.0",588.99267578125,588.99267578125,588.99267578125,588.99267578125,588.99267578125,588.99267578125,588.99267578125,588.99267578125,588.99267578125,588.99267578125,NA,NA,NA,NA,NA,NA,NA,NA,NA,NA,NA,NA,NA,NA,NA,NA,NA,NA,NA,NA,NA,NA
"WRD 20-16 T_40.0_688.0",588.99267578125,588.99267578125,588.99267578125,588.99267578125,588.99267578125,588.99267578125,588.99267578125,588.99267578125,588.99267578125,588.99267578125,NA,NA,NA,NA,NA,NA,NA,NA,NA,NA,NA,NA,NA,NA,NA,NA,NA,NA,NA,NA,NA,NA
"WRD 20-16 T_40.0_689.0",588.99267578125,588.99267578125,588.99267578125,588.99267578125,588.99267578125,588.99267578125,588.99267578125,588.99267578125,588.99267578125,588.99267578125,NA,NA,NA,NA,NA,NA,NA,NA,NA,NA,NA,NA,NA,NA,NA,NA,NA,NA,NA,NA,NA,NA
"WRD 20-16 T_40.0_691.0",588.99267578125,588.99267578125,588.99267578125,588.99267578125,588.99267578125,588.99267578125,588.99267578125,588.99267578125,588.99267578125,588.99267578125,NA,NA,NA,NA,NA,NA,NA,NA,NA,NA,NA,NA,NA,NA,NA,NA,NA,NA,NA,NA,NA,NA
"WRD 20-16 T_40.0_692.0",588.99267578125,588.99267578125,588.99267578125,588.99267578125,588.99267578125,588.99267578125,588.99267578125,588.99267578125,588.99267578125,588.99267578125,NA,NA,NA,NA,NA,NA,NA,NA,NA,NA,NA,NA,NA,NA,NA,NA,NA,NA,NA,NA,NA,NA
"WRD 20-16 T_40.0_694.0",588.99267578125,588.99267578125,588.99267578125,588.99267578125,588.99267578125,588.99267578125,588.99267578125,588.99267578125,588.99267578125,588.99267578125,NA,NA,NA,NA,NA,NA,NA,NA,NA,NA,NA,NA,NA,NA,NA,NA,NA,NA,NA,NA,NA,NA
"WRD 20-16 T_40.0_696.0",588.99267578125,588.99267578125,588.99267578125,588.99267578125,588.99267578125,588.99267578125,588.99267578125,588.99267578125,588.99267578125,588.99267578125,NA,NA,NA,NA,NA,NA,NA,NA,NA,NA,NA,NA,NA,NA,NA,NA,NA,NA,NA,NA,NA,NA
"WRD 20-16 T_40.0_698.0",588.99267578125,588.99267578125,588.99267578125,588.99267578125,588.99267578125,588.99267578125,588.99267578125,588.99267578125,588.99267578125,588.99267578125,NA,NA,NA,NA,NA,NA,NA,NA,NA,NA,NA,NA,NA,NA,NA,NA,NA,NA,NA,NA,NA,NA
"WRD 20-16 T_41.0_303.0",588.99267578125,588.99267578125,588.99267578125,588.99267578125,588.99267578125,588.99267578125,588.99267578125,588.99267578125,588.99267578125,588.99267578125,NA,NA,NA,NA,NA,NA,NA,NA,NA,NA,NA,NA,NA,NA,NA,NA,NA,NA,NA,NA,NA,NA
"WRD 20-16 T_41.0_307.0",588.99267578125,588.99267578125,588.99267578125,588.99267578125,588.99267578125,588.99267578125,588.99267578125,588.99267578125,588.99267578125,588.99267578125,NA,NA,NA,NA,NA,NA,NA,NA,NA,NA,NA,NA,NA,NA,NA,NA,NA,NA,NA,NA,NA,NA
"WRD 20-16 T_41.0_308.0",588.99267578125,588.99267578125,588.99267578125,588.99267578125,588.99267578125,588.99267578125,588.99267578125,588.99267578125,588.99267578125,588.99267578125,NA,NA,NA,NA,NA,NA,NA,NA,NA,NA,NA,NA,NA,NA,NA,NA,NA,NA,NA,NA,NA,NA
"WRD 20-16 T_41.0_309.0",588.99267578125,588.99267578125,588.99267578125,588.99267578125,588.99267578125,588.99267578125,588.99267578125,588.99267578125,588.99267578125,588.99267578125,NA,NA,NA,NA,NA,NA,NA,NA,NA,NA,NA,NA,NA,NA,NA,NA,NA,NA,NA,NA,NA,NA
"WRD 20-16 T_41.0_313.0",588.99267578125,588.99267578125,588.99267578125,588.99267578125,588.99267578125,588.99267578125,588.99267578125,588.99267578125,588.99267578125,588.99267578125,NA,NA,NA,NA,NA,NA,NA,NA,NA,NA,NA,NA,NA,NA,NA,NA,NA,NA,NA,NA,NA,NA
"WRD 20-16 T_41.0_314.0",588.99267578125,588.99267578125,588.99267578125,588.99267578125,588.99267578125,588.99267578125,588.99267578125,588.99267578125,588.99267578125,588.99267578125,NA,NA,NA,NA,NA,NA,NA,NA,NA,NA,NA,NA,NA,NA,NA,NA,NA,NA,NA,NA,NA,NA
"WRD 20-16 T_41.0_320.0",588.99267578125,588.99267578125,588.99267578125,588.99267578125,588.99267578125,588.99267578125,588.99267578125,588.99267578125,588.99267578125,588.99267578125,NA,NA,NA,NA,NA,NA,NA,NA,NA,NA,NA,NA,NA,NA,NA,NA,NA,NA,NA,NA,NA,NA
"WRD 20-16 T_41.0_326.0",588.99267578125,588.99267578125,588.99267578125,588.99267578125,588.99267578125,588.99267578125,588.99267578125,588.99267578125,588.99267578125,588.99267578125,NA,NA,NA,NA,NA,NA,NA,NA,NA,NA,NA,NA,NA,NA,NA,NA,NA,NA,NA,NA,NA,NA
"WRD 20-16 T_41.0_329.0",588.99267578125,588.99267578125,588.99267578125,588.99267578125,588.99267578125,588.99267578125,588.99267578125,588.99267578125,588.99267578125,588.99267578125,NA,NA,NA,NA,NA,NA,NA,NA,NA,NA,NA,NA,NA,NA,NA,NA,NA,NA,NA,NA,NA,NA
"WRD 20-16 T_41.0_331.0",588.99267578125,588.99267578125,588.99267578125,588.99267578125,588.99267578125,588.99267578125,588.99267578125,588.99267578125,588.99267578125,588.99267578125,NA,NA,NA,NA,NA,NA,NA,NA,NA,NA,NA,NA,NA,NA,NA,NA,NA,NA,NA,NA,NA,NA
"WRD 20-16 T_41.0_332.0",588.99267578125,588.99267578125,588.99267578125,588.99267578125,588.99267578125,588.99267578125,588.99267578125,588.99267578125,588.99267578125,588.99267578125,NA,NA,NA,NA,NA,NA,NA,NA,NA,NA,NA,NA,NA,NA,NA,NA,NA,NA,NA,NA,NA,NA
"WRD 20-16 T_41.0_334.0",588.99267578125,588.99267578125,588.99267578125,588.99267578125,588.99267578125,588.99267578125,588.99267578125,588.99267578125,588.99267578125,588.99267578125,NA,NA,NA,NA,NA,NA,NA,NA,NA,NA,NA,NA,NA,NA,NA,NA,NA,NA,NA,NA,NA,NA
"WRD 20-16 T_41.0_336.0",588.99267578125,588.99267578125,588.99267578125,588.99267578125,588.99267578125,588.99267578125,588.99267578125,588.99267578125,588.99267578125,588.99267578125,NA,NA,NA,NA,NA,NA,NA,NA,NA,NA,NA,NA,NA,NA,NA,NA,NA,NA,NA,NA,NA,NA
"WRD 20-16 T_41.0_338.0",588.99267578125,588.99267578125,588.99267578125,588.99267578125,588.99267578125,588.99267578125,588.99267578125,588.99267578125,588.99267578125,588.99267578125,NA,NA,NA,NA,NA,NA,NA,NA,NA,NA,NA,NA,NA,NA,NA,NA,NA,NA,NA,NA,NA,NA
"WRD 20-16 T_41.0_340.0",588.99267578125,588.99267578125,588.99267578125,588.99267578125,588.99267578125,588.99267578125,588.99267578125,588.99267578125,588.99267578125,588.99267578125,NA,NA,NA,NA,NA,NA,NA,NA,NA,NA,NA,NA,NA,NA,NA,NA,NA,NA,NA,NA,NA,NA
"WRD 20-16 T_41.0_342.0",588.99267578125,588.99267578125,588.99267578125,588.99267578125,588.99267578125,588.99267578125,588.99267578125,588.99267578125,588.99267578125,588.99267578125,NA,NA,NA,NA,NA,NA,NA,NA,NA,NA,NA,NA,NA,NA,NA,NA,NA,NA,NA,NA,NA,NA
"WRD 20-16 T_41.0_344.0",588.99267578125,588.99267578125,588.99267578125,588.99267578125,588.99267578125,588.99267578125,588.99267578125,588.99267578125,588.99267578125,588.99267578125,NA,NA,NA,NA,NA,NA,NA,NA,NA,NA,NA,NA,NA,NA,NA,NA,NA,NA,NA,NA,NA,NA
"WRD 20-16 T_41.0_345.0",588.99267578125,588.99267578125,588.99267578125,588.99267578125,588.99267578125,588.99267578125,588.99267578125,588.99267578125,588.99267578125,588.99267578125,NA,NA,NA,NA,NA,NA,NA,NA,NA,NA,NA,NA,NA,NA,NA,NA,NA,NA,NA,NA,NA,NA
"WRD 20-16 T_41.0_346.0",588.99267578125,588.99267578125,588.99267578125,588.99267578125,588.99267578125,588.99267578125,588.99267578125,588.99267578125,588.99267578125,588.99267578125,NA,NA,NA,NA,NA,NA,NA,NA,NA,NA,NA,NA,NA,NA,NA,NA,NA,NA,NA,NA,NA,NA
"WRD 20-16 T_41.0_348.0",588.99267578125,588.99267578125,588.99267578125,588.99267578125,588.99267578125,588.99267578125,588.99267578125,588.99267578125,588.99267578125,588.99267578125,NA,NA,NA,NA,NA,NA,NA,NA,NA,NA,NA,NA,NA,NA,NA,NA,NA,NA,NA,NA,NA,NA
"WRD 20-16 T_41.0_349.0",588.99267578125,588.99267578125,588.99267578125,588.99267578125,588.99267578125,588.99267578125,588.99267578125,588.99267578125,588.99267578125,588.99267578125,NA,NA,NA,NA,NA,NA,NA,NA,NA,NA,NA,NA,NA,NA,NA,NA,NA,NA,NA,NA,NA,NA
"WRD 20-16 T_41.0_352.0",588.99267578125,588.99267578125,588.99267578125,588.99267578125,588.99267578125,588.99267578125,588.99267578125,588.99267578125,588.99267578125,588.99267578125,NA,NA,NA,NA,NA,NA,NA,NA,NA,NA,NA,NA,NA,NA,NA,NA,NA,NA,NA,NA,NA,NA
"WRD 20-16 T_41.0_353.0",588.99267578125,588.99267578125,588.99267578125,588.99267578125,588.99267578125,588.99267578125,588.99267578125,588.99267578125,588.99267578125,588.99267578125,NA,NA,NA,NA,NA,NA,NA,NA,NA,NA,NA,NA,NA,NA,NA,NA,NA,NA,NA,NA,NA,NA
"WRD 20-16 T_41.0_355.0",588.99267578125,588.99267578125,588.99267578125,588.99267578125,588.99267578125,588.99267578125,588.99267578125,588.99267578125,588.99267578125,588.99267578125,NA,NA,NA,NA,NA,NA,NA,NA,NA,NA,NA,NA,NA,NA,NA,NA,NA,NA,NA,NA,NA,NA
"WRD 20-16 T_41.0_356.0",588.99267578125,588.99267578125,588.99267578125,588.99267578125,588.99267578125,588.99267578125,588.99267578125,588.99267578125,588.99267578125,588.99267578125,NA,NA,NA,NA,NA,NA,NA,NA,NA,NA,NA,NA,NA,NA,NA,NA,NA,NA,NA,NA,NA,NA
"WRD 20-16 T_41.0_357.0",588.99267578125,588.99267578125,588.99267578125,588.99267578125,588.99267578125,588.99267578125,588.99267578125,588.99267578125,588.99267578125,588.99267578125,NA,NA,NA,NA,NA,NA,NA,NA,NA,NA,NA,NA,NA,NA,NA,NA,NA,NA,NA,NA,NA,NA
"WRD 20-16 T_41.0_360.0",588.99267578125,588.99267578125,588.99267578125,588.99267578125,588.99267578125,588.99267578125,588.99267578125,588.99267578125,588.99267578125,588.99267578125,NA,NA,NA,NA,NA,NA,NA,NA,NA,NA,NA,NA,NA,NA,NA,NA,NA,NA,NA,NA,NA,NA
"WRD 20-16 T_41.0_362.0",588.99267578125,588.99267578125,588.99267578125,588.99267578125,588.99267578125,588.99267578125,588.99267578125,588.99267578125,588.99267578125,588.99267578125,NA,NA,NA,NA,NA,NA,NA,NA,NA,NA,NA,NA,NA,NA,NA,NA,NA,NA,NA,NA,NA,NA
"WRD 20-16 T_41.0_363.0",588.99267578125,588.99267578125,588.99267578125,588.99267578125,588.99267578125,588.99267578125,588.99267578125,588.99267578125,588.99267578125,588.99267578125,NA,NA,NA,NA,NA,NA,NA,NA,NA,NA,NA,NA,NA,NA,NA,NA,NA,NA,NA,NA,NA,NA
"WRD 20-16 T_41.0_364.0",588.99267578125,588.99267578125,588.99267578125,588.99267578125,588.99267578125,588.99267578125,588.99267578125,588.99267578125,588.99267578125,588.99267578125,NA,NA,NA,NA,NA,NA,NA,NA,NA,NA,NA,NA,NA,NA,NA,NA,NA,NA,NA,NA,NA,NA
"WRD 20-16 T_41.0_365.0",588.99267578125,588.99267578125,588.99267578125,588.99267578125,588.99267578125,588.99267578125,588.99267578125,588.99267578125,588.99267578125,588.99267578125,NA,NA,NA,NA,NA,NA,NA,NA,NA,NA,NA,NA,NA,NA,NA,NA,NA,NA,NA,NA,NA,NA
"WRD 20-16 T_58.0_937.0",588.99267578125,588.99267578125,588.99267578125,588.99267578125,588.99267578125,588.99267578125,588.99267578125,588.99267578125,588.99267578125,588.99267578125,NA,NA,NA,NA,NA,NA,NA,NA,NA,NA,NA,NA,NA,NA,NA,NA,NA,NA,NA,NA,NA,NA
"WRD 20-16 T_58.0_938.0",588.99267578125,588.99267578125,588.99267578125,588.99267578125,588.99267578125,588.99267578125,588.99267578125,588.99267578125,588.99267578125,588.99267578125,NA,NA,NA,NA,NA,NA,NA,NA,NA,NA,NA,NA,NA,NA,NA,NA,NA,NA,NA,NA,NA,NA
"WRD 20-16 T_58.0_941.0",588.99267578125,588.99267578125,588.99267578125,588.99267578125,588.99267578125,588.99267578125,588.99267578125,588.99267578125,588.99267578125,588.99267578125,NA,NA,NA,NA,NA,NA,NA,NA,NA,NA,NA,NA,NA,NA,NA,NA,NA,NA,NA,NA,NA,NA
"WRD 20-16 T_58.0_942.0",588.99267578125,588.99267578125,588.99267578125,588.99267578125,588.99267578125,588.99267578125,588.99267578125,588.99267578125,588.99267578125,588.99267578125,NA,NA,NA,NA,NA,NA,NA,NA,NA,NA,NA,NA,NA,NA,NA,NA,NA,NA,NA,NA,NA,NA
"WRD 20-16 T_58.0_945.0",588.99267578125,588.99267578125,588.99267578125,588.99267578125,588.99267578125,588.99267578125,588.99267578125,588.99267578125,588.99267578125,588.99267578125,NA,NA,NA,NA,NA,NA,NA,NA,NA,NA,NA,NA,NA,NA,NA,NA,NA,NA,NA,NA,NA,NA
"WRD 20-16 T_58.0_946.0",588.99267578125,588.99267578125,588.99267578125,588.99267578125,588.99267578125,588.99267578125,588.99267578125,588.99267578125,588.99267578125,588.99267578125,NA,NA,NA,NA,NA,NA,NA,NA,NA,NA,NA,NA,NA,NA,NA,NA,NA,NA,NA,NA,NA,NA
"WRD 20-16 T_58.0_947.0",588.99267578125,588.99267578125,588.99267578125,588.99267578125,588.99267578125,588.99267578125,588.99267578125,588.99267578125,588.99267578125,588.99267578125,NA,NA,NA,NA,NA,NA,NA,NA,NA,NA,NA,NA,NA,NA,NA,NA,NA,NA,NA,NA,NA,NA
"WRD 20-16 T_58.0_948.0",588.99267578125,588.99267578125,588.99267578125,588.99267578125,588.99267578125,588.99267578125,588.99267578125,588.99267578125,588.99267578125,588.99267578125,NA,NA,NA,NA,NA,NA,NA,NA,NA,NA,NA,NA,NA,NA,NA,NA,NA,NA,NA,NA,NA,NA
"WRD 20-16 T_58.0_950.0",588.99267578125,588.99267578125,588.99267578125,588.99267578125,588.99267578125,588.99267578125,588.99267578125,588.99267578125,588.99267578125,588.99267578125,NA,NA,NA,NA,NA,NA,NA,NA,NA,NA,NA,NA,NA,NA,NA,NA,NA,NA,NA,NA,NA,NA
"WRD 20-16 T_58.0_958.0",588.99267578125,588.99267578125,588.99267578125,588.99267578125,588.99267578125,588.99267578125,588.99267578125,588.99267578125,588.99267578125,588.99267578125,NA,NA,NA,NA,NA,NA,NA,NA,NA,NA,NA,NA,NA,NA,NA,NA,NA,NA,NA,NA,NA,NA
"WRD 20-16 T_58.0_959.0",588.99267578125,588.99267578125,588.99267578125,588.99267578125,588.99267578125,588.99267578125,588.99267578125,588.99267578125,588.99267578125,588.99267578125,NA,NA,NA,NA,NA,NA,NA,NA,NA,NA,NA,NA,NA,NA,NA,NA,NA,NA,NA,NA,NA,NA
"WRD 20-16 T_58.0_962.0",588.99267578125,588.99267578125,588.99267578125,588.99267578125,588.99267578125,588.99267578125,588.99267578125,588.99267578125,588.99267578125,588.99267578125,NA,NA,NA,NA,NA,NA,NA,NA,NA,NA,NA,NA,NA,NA,NA,NA,NA,NA,NA,NA,NA,NA
"WRD 20-16 T_58.0_963.0",588.99267578125,588.99267578125,588.99267578125,588.99267578125,588.99267578125,588.99267578125,588.99267578125,588.99267578125,588.99267578125,588.99267578125,NA,NA,NA,NA,NA,NA,NA,NA,NA,NA,NA,NA,NA,NA,NA,NA,NA,NA,NA,NA,NA,NA
"WRD 20-16 T_58.0_965.0",588.99267578125,588.99267578125,588.99267578125,588.99267578125,588.99267578125,588.99267578125,588.99267578125,588.99267578125,588.99267578125,588.99267578125,NA,NA,NA,NA,NA,NA,NA,NA,NA,NA,NA,NA,NA,NA,NA,NA,NA,NA,NA,NA,NA,NA
"WRD 20-16 T_58.0_966.0",588.99267578125,588.99267578125,588.99267578125,588.99267578125,588.99267578125,588.99267578125,588.99267578125,588.99267578125,588.99267578125,588.99267578125,NA,NA,NA,NA,NA,NA,NA,NA,NA,NA,NA,NA,NA,NA,NA,NA,NA,NA,NA,NA,NA,NA
"WRD 20-16 T_58.0_967.0",588.99267578125,588.99267578125,588.99267578125,588.99267578125,588.99267578125,588.99267578125,588.99267578125,588.99267578125,588.99267578125,588.99267578125,NA,NA,NA,NA,NA,NA,NA,NA,NA,NA,NA,NA,NA,NA,NA,NA,NA,NA,NA,NA,NA,NA
"WRD 20-16 T_58.0_968.0",588.99267578125,588.99267578125,588.99267578125,588.99267578125,588.99267578125,588.99267578125,588.99267578125,588.99267578125,588.99267578125,588.99267578125,NA,NA,NA,NA,NA,NA,NA,NA,NA,NA,NA,NA,NA,NA,NA,NA,NA,NA,NA,NA,NA,NA
"WRD 20-16 T_58.0_970.0",588.99267578125,588.99267578125,588.99267578125,588.99267578125,588.99267578125,588.99267578125,588.99267578125,588.99267578125,588.99267578125,588.99267578125,NA,NA,NA,NA,NA,NA,NA,NA,NA,NA,NA,NA,NA,NA,NA,NA,NA,NA,NA,NA,NA,NA
"WRD 20-16 T_58.0_971.0",588.99267578125,588.99267578125,588.99267578125,588.99267578125,588.99267578125,588.99267578125,588.99267578125,588.99267578125,588.99267578125,588.99267578125,NA,NA,NA,NA,NA,NA,NA,NA,NA,NA,NA,NA,NA,NA,NA,NA,NA,NA,NA,NA,NA,NA
"WRD 20-16 T_58.0_974.0",588.99267578125,588.99267578125,588.99267578125,588.99267578125,588.99267578125,588.99267578125,588.99267578125,588.99267578125,588.99267578125,588.99267578125,NA,NA,NA,NA,NA,NA,NA,NA,NA,NA,NA,NA,NA,NA,NA,NA,NA,NA,NA,NA,NA,NA
"WRD 20-16 T_58.0_976.0",588.99267578125,588.99267578125,588.99267578125,588.99267578125,588.99267578125,588.99267578125,588.99267578125,588.99267578125,588.99267578125,588.99267578125,NA,NA,NA,NA,NA,NA,NA,NA,NA,NA,NA,NA,NA,NA,NA,NA,NA,NA,NA,NA,NA,NA
"WRD 20-16 T_58.0_978.0",588.99267578125,588.99267578125,588.99267578125,588.99267578125,588.99267578125,588.99267578125,588.99267578125,588.99267578125,588.99267578125,588.99267578125,NA,NA,NA,NA,NA,NA,NA,NA,NA,NA,NA,NA,NA,NA,NA,NA,NA,NA,NA,NA,NA,NA
"WRD 20-16 T_58.0_983.0",588.99267578125,588.99267578125,588.99267578125,588.99267578125,588.99267578125,588.99267578125,588.99267578125,588.99267578125,588.99267578125,588.99267578125,NA,NA,NA,NA,NA,NA,NA,NA,NA,NA,NA,NA,NA,NA,NA,NA,NA,NA,NA,NA,NA,NA
"WRD 20-9 C_25.0_301.0",588.99267578125,588.99267578125,588.99267578125,588.99267578125,588.99267578125,588.99267578125,588.99267578125,588.99267578125,588.99267578125,588.99267578125,NA,NA,NA,NA,NA,NA,NA,NA,NA,NA,NA,NA,NA,NA,NA,NA,NA,NA,NA,NA,NA,NA
"WRD 20-9 C_25.0_303.0",588.99267578125,588.99267578125,588.99267578125,588.99267578125,588.99267578125,588.99267578125,588.99267578125,588.99267578125,588.99267578125,588.99267578125,NA,NA,NA,NA,NA,NA,NA,NA,NA,NA,NA,NA,NA,NA,NA,NA,NA,NA,NA,NA,NA,NA
"WRD 20-9 C_25.0_305.0",588.99267578125,588.99267578125,588.99267578125,588.99267578125,588.99267578125,588.99267578125,588.99267578125,588.99267578125,588.99267578125,588.99267578125,NA,NA,NA,NA,NA,NA,NA,NA,NA,NA,NA,NA,NA,NA,NA,NA,NA,NA,NA,NA,NA,NA
"WRD 20-9 C_25.0_307.0",588.99267578125,588.99267578125,588.99267578125,588.99267578125,588.99267578125,588.99267578125,588.99267578125,588.99267578125,588.99267578125,588.99267578125,NA,NA,NA,NA,NA,NA,NA,NA,NA,NA,NA,NA,NA,NA,NA,NA,NA,NA,NA,NA,NA,NA
"WRD 20-9 C_25.0_308.0",588.99267578125,588.99267578125,588.99267578125,588.99267578125,588.99267578125,588.99267578125,588.99267578125,588.99267578125,588.99267578125,588.99267578125,NA,NA,NA,NA,NA,NA,NA,NA,NA,NA,NA,NA,NA,NA,NA,NA,NA,NA,NA,NA,NA,NA
"WRD 20-9 C_25.0_309.0",588.99267578125,588.99267578125,588.99267578125,588.99267578125,588.99267578125,588.99267578125,588.99267578125,588.99267578125,588.99267578125,588.99267578125,NA,NA,NA,NA,NA,NA,NA,NA,NA,NA,NA,NA,NA,NA,NA,NA,NA,NA,NA,NA,NA,NA
"WRD 20-9 C_25.0_310.0",588.99267578125,588.99267578125,588.99267578125,588.99267578125,588.99267578125,588.99267578125,588.99267578125,588.99267578125,588.99267578125,588.99267578125,NA,NA,NA,NA,NA,NA,NA,NA,NA,NA,NA,NA,NA,NA,NA,NA,NA,NA,NA,NA,NA,NA
"WRD 20-9 C_25.0_312.0",588.99267578125,588.99267578125,588.99267578125,588.99267578125,588.99267578125,588.99267578125,588.99267578125,588.99267578125,588.99267578125,588.99267578125,NA,NA,NA,NA,NA,NA,NA,NA,NA,NA,NA,NA,NA,NA,NA,NA,NA,NA,NA,NA,NA,NA
"WRD 20-9 C_25.0_313.0",588.99267578125,588.99267578125,588.99267578125,588.99267578125,588.99267578125,588.99267578125,588.99267578125,588.99267578125,588.99267578125,588.99267578125,NA,NA,NA,NA,NA,NA,NA,NA,NA,NA,NA,NA,NA,NA,NA,NA,NA,NA,NA,NA,NA,NA
"WRD 20-9 C_25.0_314.0",588.99267578125,588.99267578125,588.99267578125,588.99267578125,588.99267578125,588.99267578125,588.99267578125,588.99267578125,588.99267578125,588.99267578125,NA,NA,NA,NA,NA,NA,NA,NA,NA,NA,NA,NA,NA,NA,NA,NA,NA,NA,NA,NA,NA,NA
"WRD 20-9 C_25.0_316.0",588.99267578125,588.99267578125,588.99267578125,588.99267578125,588.99267578125,588.99267578125,588.99267578125,588.99267578125,588.99267578125,588.99267578125,NA,NA,NA,NA,NA,NA,NA,NA,NA,NA,NA,NA,NA,NA,NA,NA,NA,NA,NA,NA,NA,NA
"WRD 20-9 C_25.0_317.0",588.99267578125,588.99267578125,588.99267578125,588.99267578125,588.99267578125,588.99267578125,588.99267578125,588.99267578125,588.99267578125,588.99267578125,NA,NA,NA,NA,NA,NA,NA,NA,NA,NA,NA,NA,NA,NA,NA,NA,NA,NA,NA,NA,NA,NA
"WRD 20-9 C_25.0_322.0",588.99267578125,588.99267578125,588.99267578125,588.99267578125,588.99267578125,588.99267578125,588.99267578125,588.99267578125,588.99267578125,588.99267578125,NA,NA,NA,NA,NA,NA,NA,NA,NA,NA,NA,NA,NA,NA,NA,NA,NA,NA,NA,NA,NA,NA
"WRD 20-9 C_25.0_324.0",588.99267578125,588.99267578125,588.99267578125,588.99267578125,588.99267578125,588.99267578125,588.99267578125,588.99267578125,588.99267578125,588.99267578125,NA,NA,NA,NA,NA,NA,NA,NA,NA,NA,NA,NA,NA,NA,NA,NA,NA,NA,NA,NA,NA,NA
"WRD 20-9 C_25.0_325.0",588.99267578125,588.99267578125,588.99267578125,588.99267578125,588.99267578125,588.99267578125,588.99267578125,588.99267578125,588.99267578125,588.99267578125,NA,NA,NA,NA,NA,NA,NA,NA,NA,NA,NA,NA,NA,NA,NA,NA,NA,NA,NA,NA,NA,NA
"WRD 20-9 C_25.0_326.0",588.99267578125,588.99267578125,588.99267578125,588.99267578125,588.99267578125,588.99267578125,588.99267578125,588.99267578125,588.99267578125,588.99267578125,NA,NA,NA,NA,NA,NA,NA,NA,NA,NA,NA,NA,NA,NA,NA,NA,NA,NA,NA,NA,NA,NA
"WRD 20-9 C_25.0_327.0",588.99267578125,588.99267578125,588.99267578125,588.99267578125,588.99267578125,588.99267578125,588.99267578125,588.99267578125,588.99267578125,588.99267578125,NA,NA,NA,NA,NA,NA,NA,NA,NA,NA,NA,NA,NA,NA,NA,NA,NA,NA,NA,NA,NA,NA
"WRD 20-9 C_25.0_329.0",588.99267578125,588.99267578125,588.99267578125,588.99267578125,588.99267578125,588.99267578125,588.99267578125,588.99267578125,588.99267578125,588.99267578125,NA,NA,NA,NA,NA,NA,NA,NA,NA,NA,NA,NA,NA,NA,NA,NA,NA,NA,NA,NA,NA,NA
"WRD 20-9 C_25.0_330.0",588.99267578125,588.99267578125,588.99267578125,588.99267578125,588.99267578125,588.99267578125,588.99267578125,588.99267578125,588.99267578125,588.99267578125,NA,NA,NA,NA,NA,NA,NA,NA,NA,NA,NA,NA,NA,NA,NA,NA,NA,NA,NA,NA,NA,NA
"WRD 20-9 C_25.0_331.0",588.99267578125,588.99267578125,588.99267578125,588.99267578125,588.99267578125,588.99267578125,588.99267578125,588.99267578125,588.99267578125,588.99267578125,NA,NA,NA,NA,NA,NA,NA,NA,NA,NA,NA,NA,NA,NA,NA,NA,NA,NA,NA,NA,NA,NA
"WRD 20-9 C_25.0_334.0",588.99267578125,588.99267578125,588.99267578125,588.99267578125,588.99267578125,588.99267578125,588.99267578125,588.99267578125,588.99267578125,588.99267578125,NA,NA,NA,NA,NA,NA,NA,NA,NA,NA,NA,NA,NA,NA,NA,NA,NA,NA,NA,NA,NA,NA
"WRD 20-9 C_25.0_335.0",588.99267578125,588.99267578125,588.99267578125,588.99267578125,588.99267578125,588.99267578125,588.99267578125,588.99267578125,588.99267578125,588.99267578125,NA,NA,NA,NA,NA,NA,NA,NA,NA,NA,NA,NA,NA,NA,NA,NA,NA,NA,NA,NA,NA,NA
"WRD 20-9 C_25.0_336.0",588.99267578125,588.99267578125,588.99267578125,588.99267578125,588.99267578125,588.99267578125,588.99267578125,588.99267578125,588.99267578125,588.99267578125,NA,NA,NA,NA,NA,NA,NA,NA,NA,NA,NA,NA,NA,NA,NA,NA,NA,NA,NA,NA,NA,NA
"WRD 20-9 C_25.0_337.0",588.99267578125,588.99267578125,588.99267578125,588.99267578125,588.99267578125,588.99267578125,588.99267578125,588.99267578125,588.99267578125,588.99267578125,NA,NA,NA,NA,NA,NA,NA,NA,NA,NA,NA,NA,NA,NA,NA,NA,NA,NA,NA,NA,NA,NA
"WRD 20-9 C_25.0_339.0",588.99267578125,588.99267578125,588.99267578125,588.99267578125,588.99267578125,588.99267578125,588.99267578125,588.99267578125,588.99267578125,588.99267578125,NA,NA,NA,NA,NA,NA,NA,NA,NA,NA,NA,NA,NA,NA,NA,NA,NA,NA,NA,NA,NA,NA
"WRD 20-9 C_25.0_341.0",588.99267578125,588.99267578125,588.99267578125,588.99267578125,588.99267578125,588.99267578125,588.99267578125,588.99267578125,588.99267578125,588.99267578125,NA,NA,NA,NA,NA,NA,NA,NA,NA,NA,NA,NA,NA,NA,NA,NA,NA,NA,NA,NA,NA,NA
"WRD 20-9 C_25.0_342.0",588.99267578125,588.99267578125,588.99267578125,588.99267578125,588.99267578125,588.99267578125,588.99267578125,588.99267578125,588.99267578125,588.99267578125,NA,NA,NA,NA,NA,NA,NA,NA,NA,NA,NA,NA,NA,NA,NA,NA,NA,NA,NA,NA,NA,NA
"WRD 20-9 C_25.0_343.0",588.99267578125,588.99267578125,588.99267578125,588.99267578125,588.99267578125,588.99267578125,588.99267578125,588.99267578125,588.99267578125,588.99267578125,NA,NA,NA,NA,NA,NA,NA,NA,NA,NA,NA,NA,NA,NA,NA,NA,NA,NA,NA,NA,NA,NA
"WRD 20-9 C_25.0_344.0",588.99267578125,588.99267578125,588.99267578125,588.99267578125,588.99267578125,588.99267578125,588.99267578125,588.99267578125,588.99267578125,588.99267578125,NA,NA,NA,NA,NA,NA,NA,NA,NA,NA,NA,NA,NA,NA,NA,NA,NA,NA,NA,NA,NA,NA
"WRD 20-9 C_25.0_346.0",588.99267578125,588.99267578125,588.99267578125,588.99267578125,588.99267578125,588.99267578125,588.99267578125,588.99267578125,588.99267578125,588.99267578125,NA,NA,NA,NA,NA,NA,NA,NA,NA,NA,NA,NA,NA,NA,NA,NA,NA,NA,NA,NA,NA,NA
"WRD 20-9 C_25.0_347.0",588.99267578125,588.99267578125,588.99267578125,588.99267578125,588.99267578125,588.99267578125,588.99267578125,588.99267578125,588.99267578125,588.99267578125,NA,NA,NA,NA,NA,NA,NA,NA,NA,NA,NA,NA,NA,NA,NA,NA,NA,NA,NA,NA,NA,NA
"WRD 20-9 C_25.0_348.0",588.99267578125,588.99267578125,588.99267578125,588.99267578125,588.99267578125,588.99267578125,588.99267578125,588.99267578125,588.99267578125,588.99267578125,NA,NA,NA,NA,NA,NA,NA,NA,NA,NA,NA,NA,NA,NA,NA,NA,NA,NA,NA,NA,NA,NA
"WRD 20-9 C_25.0_349.0",588.99267578125,588.99267578125,588.99267578125,588.99267578125,588.99267578125,588.99267578125,588.99267578125,588.99267578125,588.99267578125,588.99267578125,NA,NA,NA,NA,NA,NA,NA,NA,NA,NA,NA,NA,NA,NA,NA,NA,NA,NA,NA,NA,NA,NA
"WRD 20-9 C_25.0_351.0",588.99267578125,588.99267578125,588.99267578125,588.99267578125,588.99267578125,588.99267578125,588.99267578125,588.99267578125,588.99267578125,588.99267578125,NA,NA,NA,NA,NA,NA,NA,NA,NA,NA,NA,NA,NA,NA,NA,NA,NA,NA,NA,NA,NA,NA
"WRD 20-9 C_25.0_352.0",588.99267578125,588.99267578125,588.99267578125,588.99267578125,588.99267578125,588.99267578125,588.99267578125,588.99267578125,588.99267578125,588.99267578125,NA,NA,NA,NA,NA,NA,NA,NA,NA,NA,NA,NA,NA,NA,NA,NA,NA,NA,NA,NA,NA,NA
"WRD 20-9 C_25.0_353.0",588.99267578125,588.99267578125,588.99267578125,588.99267578125,588.99267578125,588.99267578125,588.99267578125,588.99267578125,588.99267578125,588.99267578125,NA,NA,NA,NA,NA,NA,NA,NA,NA,NA,NA,NA,NA,NA,NA,NA,NA,NA,NA,NA,NA,NA
"WRD 20-9 C_25.0_355.0",588.99267578125,588.99267578125,588.99267578125,588.99267578125,588.99267578125,588.99267578125,588.99267578125,588.99267578125,588.99267578125,588.99267578125,NA,NA,NA,NA,NA,NA,NA,NA,NA,NA,NA,NA,NA,NA,NA,NA,NA,NA,NA,NA,NA,NA
"WRD 20-9 C_25.0_356.0",588.99267578125,588.99267578125,588.99267578125,588.99267578125,588.99267578125,588.99267578125,588.99267578125,588.99267578125,588.99267578125,588.99267578125,NA,NA,NA,NA,NA,NA,NA,NA,NA,NA,NA,NA,NA,NA,NA,NA,NA,NA,NA,NA,NA,NA
"WRD 20-9 C_25.0_357.0",588.99267578125,588.99267578125,588.99267578125,588.99267578125,588.99267578125,588.99267578125,588.99267578125,588.99267578125,588.99267578125,588.99267578125,NA,NA,NA,NA,NA,NA,NA,NA,NA,NA,NA,NA,NA,NA,NA,NA,NA,NA,NA,NA,NA,NA
"WRD 20-9 C_25.0_359.0",588.99267578125,588.99267578125,588.99267578125,588.99267578125,588.99267578125,588.99267578125,588.99267578125,588.99267578125,588.99267578125,588.99267578125,NA,NA,NA,NA,NA,NA,NA,NA,NA,NA,NA,NA,NA,NA,NA,NA,NA,NA,NA,NA,NA,NA
"WRD 20-9 C_25.0_360.0",588.99267578125,588.99267578125,588.99267578125,588.99267578125,588.99267578125,588.99267578125,588.99267578125,588.99267578125,588.99267578125,588.99267578125,NA,NA,NA,NA,NA,NA,NA,NA,NA,NA,NA,NA,NA,NA,NA,NA,NA,NA,NA,NA,NA,NA
"WRD 20-9 C_25.0_361.0",588.99267578125,588.99267578125,588.99267578125,588.99267578125,588.99267578125,588.99267578125,588.99267578125,588.99267578125,588.99267578125,588.99267578125,NA,NA,NA,NA,NA,NA,NA,NA,NA,NA,NA,NA,NA,NA,NA,NA,NA,NA,NA,NA,NA,NA
"WRD 20-9 C_25.0_362.0",588.99267578125,588.99267578125,588.99267578125,588.99267578125,588.99267578125,588.99267578125,588.99267578125,588.99267578125,588.99267578125,588.99267578125,NA,NA,NA,NA,NA,NA,NA,NA,NA,NA,NA,NA,NA,NA,NA,NA,NA,NA,NA,NA,NA,NA
"WRD 20-9 C_25.0_363.0",588.99267578125,588.99267578125,588.99267578125,588.99267578125,588.99267578125,588.99267578125,588.99267578125,588.99267578125,588.99267578125,588.99267578125,NA,NA,NA,NA,NA,NA,NA,NA,NA,NA,NA,NA,NA,NA,NA,NA,NA,NA,NA,NA,NA,NA
"WRD 20-9 C_25.0_364.0",588.99267578125,588.99267578125,588.99267578125,588.99267578125,588.99267578125,588.99267578125,588.99267578125,588.99267578125,588.99267578125,588.99267578125,NA,NA,NA,NA,NA,NA,NA,NA,NA,NA,NA,NA,NA,NA,NA,NA,NA,NA,NA,NA,NA,NA
"WRD 20-9 C_25.0_365.0",588.99267578125,588.99267578125,588.99267578125,588.99267578125,588.99267578125,588.99267578125,588.99267578125,588.99267578125,588.99267578125,588.99267578125,NA,NA,NA,NA,NA,NA,NA,NA,NA,NA,NA,NA,NA,NA,NA,NA,NA,NA,NA,NA,NA,NA
"WRD 20-9 C_25.0_366.0",588.99267578125,588.99267578125,588.99267578125,588.99267578125,588.99267578125,588.99267578125,588.99267578125,588.99267578125,588.99267578125,588.99267578125,NA,NA,NA,NA,NA,NA,NA,NA,NA,NA,NA,NA,NA,NA,NA,NA,NA,NA,NA,NA,NA,NA
"WRD 20-9 C_25.0_367.0",588.99267578125,588.99267578125,588.99267578125,588.99267578125,588.99267578125,588.99267578125,588.99267578125,588.99267578125,588.99267578125,588.99267578125,NA,NA,NA,NA,NA,NA,NA,NA,NA,NA,NA,NA,NA,NA,NA,NA,NA,NA,NA,NA,NA,NA
"WRD 20-9 C_25.0_368.0",588.99267578125,588.99267578125,588.99267578125,588.99267578125,588.99267578125,588.99267578125,588.99267578125,588.99267578125,588.99267578125,588.99267578125,NA,NA,NA,NA,NA,NA,NA,NA,NA,NA,NA,NA,NA,NA,NA,NA,NA,NA,NA,NA,NA,NA
"WRD 20-9 C_25.0_369.0",588.99267578125,588.99267578125,588.99267578125,588.99267578125,588.99267578125,588.99267578125,588.99267578125,588.99267578125,588.99267578125,588.99267578125,NA,NA,NA,NA,NA,NA,NA,NA,NA,NA,NA,NA,NA,NA,NA,NA,NA,NA,NA,NA,NA,NA
"WRD 20-9 C_25.0_370.0",588.99267578125,588.99267578125,588.99267578125,588.99267578125,588.99267578125,588.99267578125,588.99267578125,588.99267578125,588.99267578125,588.99267578125,NA,NA,NA,NA,NA,NA,NA,NA,NA,NA,NA,NA,NA,NA,NA,NA,NA,NA,NA,NA,NA,NA
"WRD 20-9 C_25.0_371.0",588.99267578125,588.99267578125,588.99267578125,588.99267578125,588.99267578125,588.99267578125,588.99267578125,588.99267578125,588.99267578125,588.99267578125,NA,NA,NA,NA,NA,NA,NA,NA,NA,NA,NA,NA,NA,NA,NA,NA,NA,NA,NA,NA,NA,NA
"WRD 20-9 C_26.0_180.0",588.99267578125,588.99267578125,588.99267578125,588.99267578125,588.99267578125,588.99267578125,588.99267578125,588.99267578125,588.99267578125,588.99267578125,NA,NA,NA,NA,NA,NA,NA,NA,NA,NA,NA,NA,NA,NA,NA,NA,NA,NA,NA,NA,NA,NA
"WRD 20-9 C_26.0_183.0",588.99267578125,588.99267578125,588.99267578125,588.99267578125,588.99267578125,588.99267578125,588.99267578125,588.99267578125,588.99267578125,588.99267578125,NA,NA,NA,NA,NA,NA,NA,NA,NA,NA,NA,NA,NA,NA,NA,NA,NA,NA,NA,NA,NA,NA
"WRD 20-9 C_26.0_184.0",588.99267578125,588.99267578125,588.99267578125,588.99267578125,588.99267578125,588.99267578125,588.99267578125,588.99267578125,588.99267578125,588.99267578125,NA,NA,NA,NA,NA,NA,NA,NA,NA,NA,NA,NA,NA,NA,NA,NA,NA,NA,NA,NA,NA,NA
"WRD 20-9 C_26.0_185.0",588.99267578125,588.99267578125,588.99267578125,588.99267578125,588.99267578125,588.99267578125,588.99267578125,588.99267578125,588.99267578125,588.99267578125,NA,NA,NA,NA,NA,NA,NA,NA,NA,NA,NA,NA,NA,NA,NA,NA,NA,NA,NA,NA,NA,NA
"WRD 20-9 C_26.0_186.0",588.99267578125,588.99267578125,588.99267578125,588.99267578125,588.99267578125,588.99267578125,588.99267578125,588.99267578125,588.99267578125,588.99267578125,NA,NA,NA,NA,NA,NA,NA,NA,NA,NA,NA,NA,NA,NA,NA,NA,NA,NA,NA,NA,NA,NA
"WRD 20-9 C_26.0_188.0",588.99267578125,588.99267578125,588.99267578125,588.99267578125,588.99267578125,588.99267578125,588.99267578125,588.99267578125,588.99267578125,588.99267578125,NA,NA,NA,NA,NA,NA,NA,NA,NA,NA,NA,NA,NA,NA,NA,NA,NA,NA,NA,NA,NA,NA
"WRD 20-9 C_26.0_189.0",588.99267578125,588.99267578125,588.99267578125,588.99267578125,588.99267578125,588.99267578125,588.99267578125,588.99267578125,588.99267578125,588.99267578125,NA,NA,NA,NA,NA,NA,NA,NA,NA,NA,NA,NA,NA,NA,NA,NA,NA,NA,NA,NA,NA,NA
"WRD 20-9 C_26.0_190.0",588.99267578125,588.99267578125,588.99267578125,588.99267578125,588.99267578125,588.99267578125,588.99267578125,588.99267578125,588.99267578125,588.99267578125,NA,NA,NA,NA,NA,NA,NA,NA,NA,NA,NA,NA,NA,NA,NA,NA,NA,NA,NA,NA,NA,NA
"WRD 20-9 C_26.0_191.0",588.99267578125,588.99267578125,588.99267578125,588.99267578125,588.99267578125,588.99267578125,588.99267578125,588.99267578125,588.99267578125,588.99267578125,NA,NA,NA,NA,NA,NA,NA,NA,NA,NA,NA,NA,NA,NA,NA,NA,NA,NA,NA,NA,NA,NA
"WRD 20-9 C_26.0_192.0",588.99267578125,588.99267578125,588.99267578125,588.99267578125,588.99267578125,588.99267578125,588.99267578125,588.99267578125,588.99267578125,588.99267578125,NA,NA,NA,NA,NA,NA,NA,NA,NA,NA,NA,NA,NA,NA,NA,NA,NA,NA,NA,NA,NA,NA
"WRD 20-9 C_26.0_193.0",588.99267578125,588.99267578125,588.99267578125,588.99267578125,588.99267578125,588.99267578125,588.99267578125,588.99267578125,588.99267578125,588.99267578125,NA,NA,NA,NA,NA,NA,NA,NA,NA,NA,NA,NA,NA,NA,NA,NA,NA,NA,NA,NA,NA,NA
"WRD 20-9 C_26.0_194.0",588.99267578125,588.99267578125,588.99267578125,588.99267578125,588.99267578125,588.99267578125,588.99267578125,588.99267578125,588.99267578125,588.99267578125,NA,NA,NA,NA,NA,NA,NA,NA,NA,NA,NA,NA,NA,NA,NA,NA,NA,NA,NA,NA,NA,NA
"WRD 20-9 C_26.0_196.0",588.99267578125,588.99267578125,588.99267578125,588.99267578125,588.99267578125,588.99267578125,588.99267578125,588.99267578125,588.99267578125,588.99267578125,NA,NA,NA,NA,NA,NA,NA,NA,NA,NA,NA,NA,NA,NA,NA,NA,NA,NA,NA,NA,NA,NA
"WRD 20-9 C_26.0_197.0",588.99267578125,588.99267578125,588.99267578125,588.99267578125,588.99267578125,588.99267578125,588.99267578125,588.99267578125,588.99267578125,588.99267578125,NA,NA,NA,NA,NA,NA,NA,NA,NA,NA,NA,NA,NA,NA,NA,NA,NA,NA,NA,NA,NA,NA
"WRD 20-9 C_26.0_199.0",588.99267578125,588.99267578125,588.99267578125,588.99267578125,588.99267578125,588.99267578125,588.99267578125,588.99267578125,588.99267578125,588.99267578125,NA,NA,NA,NA,NA,NA,NA,NA,NA,NA,NA,NA,NA,NA,NA,NA,NA,NA,NA,NA,NA,NA
"WRD 20-9 C_26.0_200.0",588.99267578125,588.99267578125,588.99267578125,588.99267578125,588.99267578125,588.99267578125,588.99267578125,588.99267578125,588.99267578125,588.99267578125,NA,NA,NA,NA,NA,NA,NA,NA,NA,NA,NA,NA,NA,NA,NA,NA,NA,NA,NA,NA,NA,NA
"WRD 20-9 C_26.0_374.0",588.99267578125,588.99267578125,588.99267578125,588.99267578125,588.99267578125,588.99267578125,588.99267578125,588.99267578125,588.99267578125,588.99267578125,NA,NA,NA,NA,NA,NA,NA,NA,NA,NA,NA,NA,NA,NA,NA,NA,NA,NA,NA,NA,NA,NA
"WRD 20-9 C_26.0_375.0",588.99267578125,588.99267578125,588.99267578125,588.99267578125,588.99267578125,588.99267578125,588.99267578125,588.99267578125,588.99267578125,588.99267578125,NA,NA,NA,NA,NA,NA,NA,NA,NA,NA,NA,NA,NA,NA,NA,NA,NA,NA,NA,NA,NA,NA
"WRD 20-9 C_26.0_376.0",588.99267578125,588.99267578125,588.99267578125,588.99267578125,588.99267578125,588.99267578125,588.99267578125,588.99267578125,588.99267578125,588.99267578125,NA,NA,NA,NA,NA,NA,NA,NA,NA,NA,NA,NA,NA,NA,NA,NA,NA,NA,NA,NA,NA,NA
"WRD 20-9 C_26.0_377.0",588.99267578125,588.99267578125,588.99267578125,588.99267578125,588.99267578125,588.99267578125,588.99267578125,588.99267578125,588.99267578125,588.99267578125,NA,NA,NA,NA,NA,NA,NA,NA,NA,NA,NA,NA,NA,NA,NA,NA,NA,NA,NA,NA,NA,NA
"WRD 20-9 C_26.0_378.0",588.99267578125,588.99267578125,588.99267578125,588.99267578125,588.99267578125,588.99267578125,588.99267578125,588.99267578125,588.99267578125,588.99267578125,NA,NA,NA,NA,NA,NA,NA,NA,NA,NA,NA,NA,NA,NA,NA,NA,NA,NA,NA,NA,NA,NA
"WRD 20-9 C_26.0_381.0",588.99267578125,588.99267578125,588.99267578125,588.99267578125,588.99267578125,588.99267578125,588.99267578125,588.99267578125,588.99267578125,588.99267578125,NA,NA,NA,NA,NA,NA,NA,NA,NA,NA,NA,NA,NA,NA,NA,NA,NA,NA,NA,NA,NA,NA
"WRD 20-9 C_26.0_382.0",588.99267578125,588.99267578125,588.99267578125,588.99267578125,588.99267578125,588.99267578125,588.99267578125,588.99267578125,588.99267578125,588.99267578125,NA,NA,NA,NA,NA,NA,NA,NA,NA,NA,NA,NA,NA,NA,NA,NA,NA,NA,NA,NA,NA,NA
"WRD 20-9 C_26.0_384.0",588.99267578125,588.99267578125,588.99267578125,588.99267578125,588.99267578125,588.99267578125,588.99267578125,588.99267578125,588.99267578125,588.99267578125,NA,NA,NA,NA,NA,NA,NA,NA,NA,NA,NA,NA,NA,NA,NA,NA,NA,NA,NA,NA,NA,NA
"WRD 20-9 C_26.0_385.0",588.99267578125,588.99267578125,588.99267578125,588.99267578125,588.99267578125,588.99267578125,588.99267578125,588.99267578125,588.99267578125,588.99267578125,NA,NA,NA,NA,NA,NA,NA,NA,NA,NA,NA,NA,NA,NA,NA,NA,NA,NA,NA,NA,NA,NA
"WRD 20-9 C_26.0_387.0",588.99267578125,588.99267578125,588.99267578125,588.99267578125,588.99267578125,588.99267578125,588.99267578125,588.99267578125,588.99267578125,588.99267578125,NA,NA,NA,NA,NA,NA,NA,NA,NA,NA,NA,NA,NA,NA,NA,NA,NA,NA,NA,NA,NA,NA
"WRD 20-9 C_26.0_388.0",588.99267578125,588.99267578125,588.99267578125,588.99267578125,588.99267578125,588.99267578125,588.99267578125,588.99267578125,588.99267578125,588.99267578125,NA,NA,NA,NA,NA,NA,NA,NA,NA,NA,NA,NA,NA,NA,NA,NA,NA,NA,NA,NA,NA,NA
"WRD 20-9 C_26.0_389.0",588.99267578125,588.99267578125,588.99267578125,588.99267578125,588.99267578125,588.99267578125,588.99267578125,588.99267578125,588.99267578125,588.99267578125,NA,NA,NA,NA,NA,NA,NA,NA,NA,NA,NA,NA,NA,NA,NA,NA,NA,NA,NA,NA,NA,NA
"WRD 20-9 C_26.0_390.0",588.99267578125,588.99267578125,588.99267578125,588.99267578125,588.99267578125,588.99267578125,588.99267578125,588.99267578125,588.99267578125,588.99267578125,NA,NA,NA,NA,NA,NA,NA,NA,NA,NA,NA,NA,NA,NA,NA,NA,NA,NA,NA,NA,NA,NA
"WRD 20-9 C_26.0_391.0",588.99267578125,588.99267578125,588.99267578125,588.99267578125,588.99267578125,588.99267578125,588.99267578125,588.99267578125,588.99267578125,588.99267578125,NA,NA,NA,NA,NA,NA,NA,NA,NA,NA,NA,NA,NA,NA,NA,NA,NA,NA,NA,NA,NA,NA
"WRD 20-9 C_26.0_392.0",588.99267578125,588.99267578125,588.99267578125,588.99267578125,588.99267578125,588.99267578125,588.99267578125,588.99267578125,588.99267578125,588.99267578125,NA,NA,NA,NA,NA,NA,NA,NA,NA,NA,NA,NA,NA,NA,NA,NA,NA,NA,NA,NA,NA,NA
"WRD 20-9 C_26.0_393.0",588.99267578125,588.99267578125,588.99267578125,588.99267578125,588.99267578125,588.99267578125,588.99267578125,588.99267578125,588.99267578125,588.99267578125,NA,NA,NA,NA,NA,NA,NA,NA,NA,NA,NA,NA,NA,NA,NA,NA,NA,NA,NA,NA,NA,NA
"WRD 20-9 C_26.0_394.0",588.99267578125,588.99267578125,588.99267578125,588.99267578125,588.99267578125,588.99267578125,588.99267578125,588.99267578125,588.99267578125,588.99267578125,NA,NA,NA,NA,NA,NA,NA,NA,NA,NA,NA,NA,NA,NA,NA,NA,NA,NA,NA,NA,NA,NA
"WRD 20-9 C_26.0_395.0",588.99267578125,588.99267578125,588.99267578125,588.99267578125,588.99267578125,588.99267578125,588.99267578125,588.99267578125,588.99267578125,588.99267578125,NA,NA,NA,NA,NA,NA,NA,NA,NA,NA,NA,NA,NA,NA,NA,NA,NA,NA,NA,NA,NA,NA
"WRD 20-9 C_26.0_396.0",588.99267578125,588.99267578125,588.99267578125,588.99267578125,588.99267578125,588.99267578125,588.99267578125,588.99267578125,588.99267578125,588.99267578125,NA,NA,NA,NA,NA,NA,NA,NA,NA,NA,NA,NA,NA,NA,NA,NA,NA,NA,NA,NA,NA,NA
"WRD 20-9 C_26.0_397.0",588.99267578125,588.99267578125,588.99267578125,588.99267578125,588.99267578125,588.99267578125,588.99267578125,588.99267578125,588.99267578125,588.99267578125,NA,NA,NA,NA,NA,NA,NA,NA,NA,NA,NA,NA,NA,NA,NA,NA,NA,NA,NA,NA,NA,NA
"WRD 20-9 C_26.0_398.0",588.99267578125,588.99267578125,588.99267578125,588.99267578125,588.99267578125,588.99267578125,588.99267578125,588.99267578125,588.99267578125,588.99267578125,NA,NA,NA,NA,NA,NA,NA,NA,NA,NA,NA,NA,NA,NA,NA,NA,NA,NA,NA,NA,NA,NA
"WRD 20-9 C_26.0_399.0",588.99267578125,588.99267578125,588.99267578125,588.99267578125,588.99267578125,588.99267578125,588.99267578125,588.99267578125,588.99267578125,588.99267578125,NA,NA,NA,NA,NA,NA,NA,NA,NA,NA,NA,NA,NA,NA,NA,NA,NA,NA,NA,NA,NA,NA
"WRD 20-9 C_26.0_501.0",588.99267578125,588.99267578125,588.99267578125,588.99267578125,588.99267578125,588.99267578125,588.99267578125,588.99267578125,588.99267578125,588.99267578125,NA,NA,NA,NA,NA,NA,NA,NA,NA,NA,NA,NA,NA,NA,NA,NA,NA,NA,NA,NA,NA,NA
"WRD 20-9 C_26.0_502.0",588.99267578125,588.99267578125,588.99267578125,588.99267578125,588.99267578125,588.99267578125,588.99267578125,588.99267578125,588.99267578125,588.99267578125,NA,NA,NA,NA,NA,NA,NA,NA,NA,NA,NA,NA,NA,NA,NA,NA,NA,NA,NA,NA,NA,NA
"WRD 20-9 C_26.0_503.0",588.99267578125,588.99267578125,588.99267578125,588.99267578125,588.99267578125,588.99267578125,588.99267578125,588.99267578125,588.99267578125,588.99267578125,NA,NA,NA,NA,NA,NA,NA,NA,NA,NA,NA,NA,NA,NA,NA,NA,NA,NA,NA,NA,NA,NA
"WRD 20-9 C_26.0_504.0",588.99267578125,588.99267578125,588.99267578125,588.99267578125,588.99267578125,588.99267578125,588.99267578125,588.99267578125,588.99267578125,588.99267578125,NA,NA,NA,NA,NA,NA,NA,NA,NA,NA,NA,NA,NA,NA,NA,NA,NA,NA,NA,NA,NA,NA
"WRD 20-9 C_26.0_505.0",588.99267578125,588.99267578125,588.99267578125,588.99267578125,588.99267578125,588.99267578125,588.99267578125,588.99267578125,588.99267578125,588.99267578125,NA,NA,NA,NA,NA,NA,NA,NA,NA,NA,NA,NA,NA,NA,NA,NA,NA,NA,NA,NA,NA,NA
"WRD 20-9 C_26.0_506.0",588.99267578125,588.99267578125,588.99267578125,588.99267578125,588.99267578125,588.99267578125,588.99267578125,588.99267578125,588.99267578125,588.99267578125,NA,NA,NA,NA,NA,NA,NA,NA,NA,NA,NA,NA,NA,NA,NA,NA,NA,NA,NA,NA,NA,NA
"WRD 20-9 C_27.0_512.0",588.99267578125,588.99267578125,588.99267578125,588.99267578125,588.99267578125,588.99267578125,588.99267578125,588.99267578125,588.99267578125,588.99267578125,NA,NA,NA,NA,NA,NA,NA,NA,NA,NA,NA,NA,NA,NA,NA,NA,NA,NA,NA,NA,NA,NA
"WRD 20-9 C_27.0_513.0",588.99267578125,588.99267578125,588.99267578125,588.99267578125,588.99267578125,588.99267578125,588.99267578125,588.99267578125,588.99267578125,588.99267578125,NA,NA,NA,NA,NA,NA,NA,NA,NA,NA,NA,NA,NA,NA,NA,NA,NA,NA,NA,NA,NA,NA
"WRD 20-9 C_27.0_514.0",588.99267578125,588.99267578125,588.99267578125,588.99267578125,588.99267578125,588.99267578125,588.99267578125,588.99267578125,588.99267578125,588.99267578125,NA,NA,NA,NA,NA,NA,NA,NA,NA,NA,NA,NA,NA,NA,NA,NA,NA,NA,NA,NA,NA,NA
"WRD 20-9 C_27.0_516.0",588.99267578125,588.99267578125,588.99267578125,588.99267578125,588.99267578125,588.99267578125,588.99267578125,588.99267578125,588.99267578125,588.99267578125,NA,NA,NA,NA,NA,NA,NA,NA,NA,NA,NA,NA,NA,NA,NA,NA,NA,NA,NA,NA,NA,NA
"WRD 20-9 C_27.0_519.0",588.99267578125,588.99267578125,588.99267578125,588.99267578125,588.99267578125,588.99267578125,588.99267578125,588.99267578125,588.99267578125,588.99267578125,NA,NA,NA,NA,NA,NA,NA,NA,NA,NA,NA,NA,NA,NA,NA,NA,NA,NA,NA,NA,NA,NA
"WRD 20-9 C_27.0_520.0",588.99267578125,588.99267578125,588.99267578125,588.99267578125,588.99267578125,588.99267578125,588.99267578125,588.99267578125,588.99267578125,588.99267578125,NA,NA,NA,NA,NA,NA,NA,NA,NA,NA,NA,NA,NA,NA,NA,NA,NA,NA,NA,NA,NA,NA
"WRD 20-9 C_27.0_521.0",588.99267578125,588.99267578125,588.99267578125,588.99267578125,588.99267578125,588.99267578125,588.99267578125,588.99267578125,588.99267578125,588.99267578125,NA,NA,NA,NA,NA,NA,NA,NA,NA,NA,NA,NA,NA,NA,NA,NA,NA,NA,NA,NA,NA,NA
"WRD 20-9 C_27.0_522.0",588.99267578125,588.99267578125,588.99267578125,588.99267578125,588.99267578125,588.99267578125,588.99267578125,588.99267578125,588.99267578125,588.99267578125,NA,NA,NA,NA,NA,NA,NA,NA,NA,NA,NA,NA,NA,NA,NA,NA,NA,NA,NA,NA,NA,NA
"WRD 20-9 C_27.0_523.0",588.99267578125,588.99267578125,588.99267578125,588.99267578125,588.99267578125,588.99267578125,588.99267578125,588.99267578125,588.99267578125,588.99267578125,NA,NA,NA,NA,NA,NA,NA,NA,NA,NA,NA,NA,NA,NA,NA,NA,NA,NA,NA,NA,NA,NA
"WRD 20-9 C_27.0_524.0",588.99267578125,588.99267578125,588.99267578125,588.99267578125,588.99267578125,588.99267578125,588.99267578125,588.99267578125,588.99267578125,588.99267578125,NA,NA,NA,NA,NA,NA,NA,NA,NA,NA,NA,NA,NA,NA,NA,NA,NA,NA,NA,NA,NA,NA
"WRD 20-9 C_27.0_525.0",588.99267578125,588.99267578125,588.99267578125,588.99267578125,588.99267578125,588.99267578125,588.99267578125,588.99267578125,588.99267578125,588.99267578125,NA,NA,NA,NA,NA,NA,NA,NA,NA,NA,NA,NA,NA,NA,NA,NA,NA,NA,NA,NA,NA,NA
"WRD 20-9 C_27.0_526.0",588.99267578125,588.99267578125,588.99267578125,588.99267578125,588.99267578125,588.99267578125,588.99267578125,588.99267578125,588.99267578125,588.99267578125,NA,NA,NA,NA,NA,NA,NA,NA,NA,NA,NA,NA,NA,NA,NA,NA,NA,NA,NA,NA,NA,NA
"WRD 20-9 C_27.0_527.0",588.99267578125,588.99267578125,588.99267578125,588.99267578125,588.99267578125,588.99267578125,588.99267578125,588.99267578125,588.99267578125,588.99267578125,NA,NA,NA,NA,NA,NA,NA,NA,NA,NA,NA,NA,NA,NA,NA,NA,NA,NA,NA,NA,NA,NA
"WRD 20-9 C_27.0_528.0",588.99267578125,588.99267578125,588.99267578125,588.99267578125,588.99267578125,588.99267578125,588.99267578125,588.99267578125,588.99267578125,588.99267578125,NA,NA,NA,NA,NA,NA,NA,NA,NA,NA,NA,NA,NA,NA,NA,NA,NA,NA,NA,NA,NA,NA
"WRD 20-9 C_27.0_530.0",588.99267578125,588.99267578125,588.99267578125,588.99267578125,588.99267578125,588.99267578125,588.99267578125,588.99267578125,588.99267578125,588.99267578125,NA,NA,NA,NA,NA,NA,NA,NA,NA,NA,NA,NA,NA,NA,NA,NA,NA,NA,NA,NA,NA,NA
"WRD 20-9 C_27.0_531.0",588.99267578125,588.99267578125,588.99267578125,588.99267578125,588.99267578125,588.99267578125,588.99267578125,588.99267578125,588.99267578125,588.99267578125,NA,NA,NA,NA,NA,NA,NA,NA,NA,NA,NA,NA,NA,NA,NA,NA,NA,NA,NA,NA,NA,NA
"WRD 20-9 C_27.0_532.0",588.99267578125,588.99267578125,588.99267578125,588.99267578125,588.99267578125,588.99267578125,588.99267578125,588.99267578125,588.99267578125,588.99267578125,NA,NA,NA,NA,NA,NA,NA,NA,NA,NA,NA,NA,NA,NA,NA,NA,NA,NA,NA,NA,NA,NA
"WRD 20-9 C_27.0_533.0",588.99267578125,588.99267578125,588.99267578125,588.99267578125,588.99267578125,588.99267578125,588.99267578125,588.99267578125,588.99267578125,588.99267578125,NA,NA,NA,NA,NA,NA,NA,NA,NA,NA,NA,NA,NA,NA,NA,NA,NA,NA,NA,NA,NA,NA
"WRD 20-9 C_27.0_534.0",588.99267578125,588.99267578125,588.99267578125,588.99267578125,588.99267578125,588.99267578125,588.99267578125,588.99267578125,588.99267578125,588.99267578125,NA,NA,NA,NA,NA,NA,NA,NA,NA,NA,NA,NA,NA,NA,NA,NA,NA,NA,NA,NA,NA,NA
"WRD 20-9 C_27.0_536.0",588.99267578125,588.99267578125,588.99267578125,588.99267578125,588.99267578125,588.99267578125,588.99267578125,588.99267578125,588.99267578125,588.99267578125,NA,NA,NA,NA,NA,NA,NA,NA,NA,NA,NA,NA,NA,NA,NA,NA,NA,NA,NA,NA,NA,NA
"WRD 20-9 C_27.0_802.0",588.99267578125,588.99267578125,588.99267578125,588.99267578125,588.99267578125,588.99267578125,588.99267578125,588.99267578125,588.99267578125,588.99267578125,NA,NA,NA,NA,NA,NA,NA,NA,NA,NA,NA,NA,NA,NA,NA,NA,NA,NA,NA,NA,NA,NA
"WRD 20-9 C_27.0_803.0",588.99267578125,588.99267578125,588.99267578125,588.99267578125,588.99267578125,588.99267578125,588.99267578125,588.99267578125,588.99267578125,588.99267578125,NA,NA,NA,NA,NA,NA,NA,NA,NA,NA,NA,NA,NA,NA,NA,NA,NA,NA,NA,NA,NA,NA
"WRD 20-9 C_27.0_804.0",588.99267578125,588.99267578125,588.99267578125,588.99267578125,588.99267578125,588.99267578125,588.99267578125,588.99267578125,588.99267578125,588.99267578125,NA,NA,NA,NA,NA,NA,NA,NA,NA,NA,NA,NA,NA,NA,NA,NA,NA,NA,NA,NA,NA,NA
"WRD 20-9 C_27.0_805.0",588.99267578125,588.99267578125,588.99267578125,588.99267578125,588.99267578125,588.99267578125,588.99267578125,588.99267578125,588.99267578125,588.99267578125,NA,NA,NA,NA,NA,NA,NA,NA,NA,NA,NA,NA,NA,NA,NA,NA,NA,NA,NA,NA,NA,NA
"WRD 20-9 C_27.0_806.0",588.99267578125,588.99267578125,588.99267578125,588.99267578125,588.99267578125,588.99267578125,588.99267578125,588.99267578125,588.99267578125,588.99267578125,NA,NA,NA,NA,NA,NA,NA,NA,NA,NA,NA,NA,NA,NA,NA,NA,NA,NA,NA,NA,NA,NA
"WRD 20-9 C_27.0_807.0",588.99267578125,588.99267578125,588.99267578125,588.99267578125,588.99267578125,588.99267578125,588.99267578125,588.99267578125,588.99267578125,588.99267578125,NA,NA,NA,NA,NA,NA,NA,NA,NA,NA,NA,NA,NA,NA,NA,NA,NA,NA,NA,NA,NA,NA
"WRD 20-9 C_27.0_808.0",588.99267578125,588.99267578125,588.99267578125,588.99267578125,588.99267578125,588.99267578125,588.99267578125,588.99267578125,588.99267578125,588.99267578125,NA,NA,NA,NA,NA,NA,NA,NA,NA,NA,NA,NA,NA,NA,NA,NA,NA,NA,NA,NA,NA,NA
"WRD 20-9 C_27.0_809.0",588.99267578125,588.99267578125,588.99267578125,588.99267578125,588.99267578125,588.99267578125,588.99267578125,588.99267578125,588.99267578125,588.99267578125,NA,NA,NA,NA,NA,NA,NA,NA,NA,NA,NA,NA,NA,NA,NA,NA,NA,NA,NA,NA,NA,NA
"WRD 20-9 C_27.0_810.0",588.99267578125,588.99267578125,588.99267578125,588.99267578125,588.99267578125,588.99267578125,588.99267578125,588.99267578125,588.99267578125,588.99267578125,NA,NA,NA,NA,NA,NA,NA,NA,NA,NA,NA,NA,NA,NA,NA,NA,NA,NA,NA,NA,NA,NA
"WRD 20-9 C_27.0_812.0",588.99267578125,588.99267578125,588.99267578125,588.99267578125,588.99267578125,588.99267578125,588.99267578125,588.99267578125,588.99267578125,588.99267578125,NA,NA,NA,NA,NA,NA,NA,NA,NA,NA,NA,NA,NA,NA,NA,NA,NA,NA,NA,NA,NA,NA
"WRD 20-9 C_27.0_814.0",588.99267578125,588.99267578125,588.99267578125,588.99267578125,588.99267578125,588.99267578125,588.99267578125,588.99267578125,588.99267578125,588.99267578125,NA,NA,NA,NA,NA,NA,NA,NA,NA,NA,NA,NA,NA,NA,NA,NA,NA,NA,NA,NA,NA,NA
"WRD 20-9 C_27.0_816.0",588.99267578125,588.99267578125,588.99267578125,588.99267578125,588.99267578125,588.99267578125,588.99267578125,588.99267578125,588.99267578125,588.99267578125,NA,NA,NA,NA,NA,NA,NA,NA,NA,NA,NA,NA,NA,NA,NA,NA,NA,NA,NA,NA,NA,NA
"WRD 20-9 C_27.0_817.0",588.99267578125,588.99267578125,588.99267578125,588.99267578125,588.99267578125,588.99267578125,588.99267578125,588.99267578125,588.99267578125,588.99267578125,NA,NA,NA,NA,NA,NA,NA,NA,NA,NA,NA,NA,NA,NA,NA,NA,NA,NA,NA,NA,NA,NA
"WRD 20-9 C_27.0_818.0",588.99267578125,588.99267578125,588.99267578125,588.99267578125,588.99267578125,588.99267578125,588.99267578125,588.99267578125,588.99267578125,588.99267578125,NA,NA,NA,NA,NA,NA,NA,NA,NA,NA,NA,NA,NA,NA,NA,NA,NA,NA,NA,NA,NA,NA
"WRD 20-9 C_27.0_819.0",588.99267578125,588.99267578125,588.99267578125,588.99267578125,588.99267578125,588.99267578125,588.99267578125,588.99267578125,588.99267578125,588.99267578125,NA,NA,NA,NA,NA,NA,NA,NA,NA,NA,NA,NA,NA,NA,NA,NA,NA,NA,NA,NA,NA,NA
"WRD 20-9 C_27.0_821.0",588.99267578125,588.99267578125,588.99267578125,588.99267578125,588.99267578125,588.99267578125,588.99267578125,588.99267578125,588.99267578125,588.99267578125,NA,NA,NA,NA,NA,NA,NA,NA,NA,NA,NA,NA,NA,NA,NA,NA,NA,NA,NA,NA,NA,NA
"WRD 20-9 C_27.0_825.0",588.99267578125,588.99267578125,588.99267578125,588.99267578125,588.99267578125,588.99267578125,588.99267578125,588.99267578125,588.99267578125,588.99267578125,NA,NA,NA,NA,NA,NA,NA,NA,NA,NA,NA,NA,NA,NA,NA,NA,NA,NA,NA,NA,NA,NA
"WRD 20-9 C_27.0_826.0",588.99267578125,588.99267578125,588.99267578125,588.99267578125,588.99267578125,588.99267578125,588.99267578125,588.99267578125,588.99267578125,588.99267578125,NA,NA,NA,NA,NA,NA,NA,NA,NA,NA,NA,NA,NA,NA,NA,NA,NA,NA,NA,NA,NA,NA
"WRD 20-9 C_27.0_827.0",588.99267578125,588.99267578125,588.99267578125,588.99267578125,588.99267578125,588.99267578125,588.99267578125,588.99267578125,588.99267578125,588.99267578125,NA,NA,NA,NA,NA,NA,NA,NA,NA,NA,NA,NA,NA,NA,NA,NA,NA,NA,NA,NA,NA,NA
"WRD 20-9 C_27.0_828.0",588.99267578125,588.99267578125,588.99267578125,588.99267578125,588.99267578125,588.99267578125,588.99267578125,588.99267578125,588.99267578125,588.99267578125,NA,NA,NA,NA,NA,NA,NA,NA,NA,NA,NA,NA,NA,NA,NA,NA,NA,NA,NA,NA,NA,NA
"WRD 20-9 C_28.0_830.0",588.99267578125,588.99267578125,588.99267578125,588.99267578125,588.99267578125,588.99267578125,588.99267578125,588.99267578125,588.99267578125,588.99267578125,NA,NA,NA,NA,NA,NA,NA,NA,NA,NA,NA,NA,NA,NA,NA,NA,NA,NA,NA,NA,NA,NA
"WRD 20-9 C_28.0_831.0",588.99267578125,588.99267578125,588.99267578125,588.99267578125,588.99267578125,588.99267578125,588.99267578125,588.99267578125,588.99267578125,588.99267578125,NA,NA,NA,NA,NA,NA,NA,NA,NA,NA,NA,NA,NA,NA,NA,NA,NA,NA,NA,NA,NA,NA
"WRD 20-9 C_28.0_833.0",588.99267578125,588.99267578125,588.99267578125,588.99267578125,588.99267578125,588.99267578125,588.99267578125,588.99267578125,588.99267578125,588.99267578125,NA,NA,NA,NA,NA,NA,NA,NA,NA,NA,NA,NA,NA,NA,NA,NA,NA,NA,NA,NA,NA,NA
"WRD 20-9 C_28.0_836.0",588.99267578125,588.99267578125,588.99267578125,588.99267578125,588.99267578125,588.99267578125,588.99267578125,588.99267578125,588.99267578125,588.99267578125,NA,NA,NA,NA,NA,NA,NA,NA,NA,NA,NA,NA,NA,NA,NA,NA,NA,NA,NA,NA,NA,NA
"WRD 20-9 C_28.0_837.0",588.99267578125,588.99267578125,588.99267578125,588.99267578125,588.99267578125,588.99267578125,588.99267578125,588.99267578125,588.99267578125,588.99267578125,NA,NA,NA,NA,NA,NA,NA,NA,NA,NA,NA,NA,NA,NA,NA,NA,NA,NA,NA,NA,NA,NA
"WRD 20-9 C_28.0_838.0",588.99267578125,588.99267578125,588.99267578125,588.99267578125,588.99267578125,588.99267578125,588.99267578125,588.99267578125,588.99267578125,588.99267578125,NA,NA,NA,NA,NA,NA,NA,NA,NA,NA,NA,NA,NA,NA,NA,NA,NA,NA,NA,NA,NA,NA
"WRD 20-9 C_28.0_839.0",588.99267578125,588.99267578125,588.99267578125,588.99267578125,588.99267578125,588.99267578125,588.99267578125,588.99267578125,588.99267578125,588.99267578125,NA,NA,NA,NA,NA,NA,NA,NA,NA,NA,NA,NA,NA,NA,NA,NA,NA,NA,NA,NA,NA,NA
"WRD 20-9 C_28.0_840.0",588.99267578125,588.99267578125,588.99267578125,588.99267578125,588.99267578125,588.99267578125,588.99267578125,588.99267578125,588.99267578125,588.99267578125,NA,NA,NA,NA,NA,NA,NA,NA,NA,NA,NA,NA,NA,NA,NA,NA,NA,NA,NA,NA,NA,NA
"WRD 20-9 C_28.0_841.0",588.99267578125,588.99267578125,588.99267578125,588.99267578125,588.99267578125,588.99267578125,588.99267578125,588.99267578125,588.99267578125,588.99267578125,NA,NA,NA,NA,NA,NA,NA,NA,NA,NA,NA,NA,NA,NA,NA,NA,NA,NA,NA,NA,NA,NA
"WRD 20-9 C_28.0_843.0",588.99267578125,588.99267578125,588.99267578125,588.99267578125,588.99267578125,588.99267578125,588.99267578125,588.99267578125,588.99267578125,588.99267578125,NA,NA,NA,NA,NA,NA,NA,NA,NA,NA,NA,NA,NA,NA,NA,NA,NA,NA,NA,NA,NA,NA
"WRD 20-9 C_28.0_844.0",588.99267578125,588.99267578125,588.99267578125,588.99267578125,588.99267578125,588.99267578125,588.99267578125,588.99267578125,588.99267578125,588.99267578125,NA,NA,NA,NA,NA,NA,NA,NA,NA,NA,NA,NA,NA,NA,NA,NA,NA,NA,NA,NA,NA,NA
"WRD 20-9 C_28.0_845.0",588.99267578125,588.99267578125,588.99267578125,588.99267578125,588.99267578125,588.99267578125,588.99267578125,588.99267578125,588.99267578125,588.99267578125,NA,NA,NA,NA,NA,NA,NA,NA,NA,NA,NA,NA,NA,NA,NA,NA,NA,NA,NA,NA,NA,NA
"WRD 20-9 C_28.0_846.0",588.99267578125,588.99267578125,588.99267578125,588.99267578125,588.99267578125,588.99267578125,588.99267578125,588.99267578125,588.99267578125,588.99267578125,NA,NA,NA,NA,NA,NA,NA,NA,NA,NA,NA,NA,NA,NA,NA,NA,NA,NA,NA,NA,NA,NA
"WRD 20-9 C_28.0_849.0",588.99267578125,588.99267578125,588.99267578125,588.99267578125,588.99267578125,588.99267578125,588.99267578125,588.99267578125,588.99267578125,588.99267578125,NA,NA,NA,NA,NA,NA,NA,NA,NA,NA,NA,NA,NA,NA,NA,NA,NA,NA,NA,NA,NA,NA
"WRD 20-9 C_28.0_850.0",588.99267578125,588.99267578125,588.99267578125,588.99267578125,588.99267578125,588.99267578125,588.99267578125,588.99267578125,588.99267578125,588.99267578125,NA,NA,NA,NA,NA,NA,NA,NA,NA,NA,NA,NA,NA,NA,NA,NA,NA,NA,NA,NA,NA,NA
"WRD 20-9 C_28.0_851.0",588.99267578125,588.99267578125,588.99267578125,588.99267578125,588.99267578125,588.99267578125,588.99267578125,588.99267578125,588.99267578125,588.99267578125,NA,NA,NA,NA,NA,NA,NA,NA,NA,NA,NA,NA,NA,NA,NA,NA,NA,NA,NA,NA,NA,NA
"WRD 20-9 C_28.0_852.0",588.99267578125,588.99267578125,588.99267578125,588.99267578125,588.99267578125,588.99267578125,588.99267578125,588.99267578125,588.99267578125,588.99267578125,NA,NA,NA,NA,NA,NA,NA,NA,NA,NA,NA,NA,NA,NA,NA,NA,NA,NA,NA,NA,NA,NA
"WRD 20-9 C_28.0_853.0",588.99267578125,588.99267578125,588.99267578125,588.99267578125,588.99267578125,588.99267578125,588.99267578125,588.99267578125,588.99267578125,588.99267578125,NA,NA,NA,NA,NA,NA,NA,NA,NA,NA,NA,NA,NA,NA,NA,NA,NA,NA,NA,NA,NA,NA
"WRD 20-9 C_28.0_856.0",588.99267578125,588.99267578125,588.99267578125,588.99267578125,588.99267578125,588.99267578125,588.99267578125,588.99267578125,588.99267578125,588.99267578125,NA,NA,NA,NA,NA,NA,NA,NA,NA,NA,NA,NA,NA,NA,NA,NA,NA,NA,NA,NA,NA,NA
"WRD 20-9 C_28.0_857.0",588.99267578125,588.99267578125,588.99267578125,588.99267578125,588.99267578125,588.99267578125,588.99267578125,588.99267578125,588.99267578125,588.99267578125,NA,NA,NA,NA,NA,NA,NA,NA,NA,NA,NA,NA,NA,NA,NA,NA,NA,NA,NA,NA,NA,NA
"WRD 20-9 C_28.0_859.0",588.99267578125,588.99267578125,588.99267578125,588.99267578125,588.99267578125,588.99267578125,588.99267578125,588.99267578125,588.99267578125,588.99267578125,NA,NA,NA,NA,NA,NA,NA,NA,NA,NA,NA,NA,NA,NA,NA,NA,NA,NA,NA,NA,NA,NA
"WRD 20-9 C_28.0_860.0",588.99267578125,588.99267578125,588.99267578125,588.99267578125,588.99267578125,588.99267578125,588.99267578125,588.99267578125,588.99267578125,588.99267578125,NA,NA,NA,NA,NA,NA,NA,NA,NA,NA,NA,NA,NA,NA,NA,NA,NA,NA,NA,NA,NA,NA
"WRD 20-9 C_28.0_861.0",588.99267578125,588.99267578125,588.99267578125,588.99267578125,588.99267578125,588.99267578125,588.99267578125,588.99267578125,588.99267578125,588.99267578125,NA,NA,NA,NA,NA,NA,NA,NA,NA,NA,NA,NA,NA,NA,NA,NA,NA,NA,NA,NA,NA,NA
"WRD 20-9 C_28.0_862.0",588.99267578125,588.99267578125,588.99267578125,588.99267578125,588.99267578125,588.99267578125,588.99267578125,588.99267578125,588.99267578125,588.99267578125,NA,NA,NA,NA,NA,NA,NA,NA,NA,NA,NA,NA,NA,NA,NA,NA,NA,NA,NA,NA,NA,NA
"WRD 20-9 C_28.0_864.0",588.99267578125,588.99267578125,588.99267578125,588.99267578125,588.99267578125,588.99267578125,588.99267578125,588.99267578125,588.99267578125,588.99267578125,NA,NA,NA,NA,NA,NA,NA,NA,NA,NA,NA,NA,NA,NA,NA,NA,NA,NA,NA,NA,NA,NA
"WRD 20-9 C_28.0_866.0",588.99267578125,588.99267578125,588.99267578125,588.99267578125,588.99267578125,588.99267578125,588.99267578125,588.99267578125,588.99267578125,588.99267578125,NA,NA,NA,NA,NA,NA,NA,NA,NA,NA,NA,NA,NA,NA,NA,NA,NA,NA,NA,NA,NA,NA
"WRD 20-9 C_28.0_867.0",588.99267578125,588.99267578125,588.99267578125,588.99267578125,588.99267578125,588.99267578125,588.99267578125,588.99267578125,588.99267578125,588.99267578125,NA,NA,NA,NA,NA,NA,NA,NA,NA,NA,NA,NA,NA,NA,NA,NA,NA,NA,NA,NA,NA,NA
"WRD 20-9 C_28.0_868.0",588.99267578125,588.99267578125,588.99267578125,588.99267578125,588.99267578125,588.99267578125,588.99267578125,588.99267578125,588.99267578125,588.99267578125,NA,NA,NA,NA,NA,NA,NA,NA,NA,NA,NA,NA,NA,NA,NA,NA,NA,NA,NA,NA,NA,NA
"WRD 20-9 C_29.0_869.0",588.99267578125,588.99267578125,588.99267578125,588.99267578125,588.99267578125,588.99267578125,588.99267578125,588.99267578125,588.99267578125,588.99267578125,NA,NA,NA,NA,NA,NA,NA,NA,NA,NA,NA,NA,NA,NA,NA,NA,NA,NA,NA,NA,NA,NA
"WRD 20-9 C_29.0_870.0",588.99267578125,588.99267578125,588.99267578125,588.99267578125,588.99267578125,588.99267578125,588.99267578125,588.99267578125,588.99267578125,588.99267578125,NA,NA,NA,NA,NA,NA,NA,NA,NA,NA,NA,NA,NA,NA,NA,NA,NA,NA,NA,NA,NA,NA
"WRD 20-9 C_29.0_871.0",588.99267578125,588.99267578125,588.99267578125,588.99267578125,588.99267578125,588.99267578125,588.99267578125,588.99267578125,588.99267578125,588.99267578125,NA,NA,NA,NA,NA,NA,NA,NA,NA,NA,NA,NA,NA,NA,NA,NA,NA,NA,NA,NA,NA,NA
"WRD 20-9 C_29.0_872.0",588.99267578125,588.99267578125,588.99267578125,588.99267578125,588.99267578125,588.99267578125,588.99267578125,588.99267578125,588.99267578125,588.99267578125,NA,NA,NA,NA,NA,NA,NA,NA,NA,NA,NA,NA,NA,NA,NA,NA,NA,NA,NA,NA,NA,NA
"WRD 20-9 C_29.0_873.0",588.99267578125,588.99267578125,588.99267578125,588.99267578125,588.99267578125,588.99267578125,588.99267578125,588.99267578125,588.99267578125,588.99267578125,NA,NA,NA,NA,NA,NA,NA,NA,NA,NA,NA,NA,NA,NA,NA,NA,NA,NA,NA,NA,NA,NA
"WRD 20-9 C_29.0_875.0",588.99267578125,588.99267578125,588.99267578125,588.99267578125,588.99267578125,588.99267578125,588.99267578125,588.99267578125,588.99267578125,588.99267578125,NA,NA,NA,NA,NA,NA,NA,NA,NA,NA,NA,NA,NA,NA,NA,NA,NA,NA,NA,NA,NA,NA
"WRD 20-9 C_29.0_876.0",588.99267578125,588.99267578125,588.99267578125,588.99267578125,588.99267578125,588.99267578125,588.99267578125,588.99267578125,588.99267578125,588.99267578125,NA,NA,NA,NA,NA,NA,NA,NA,NA,NA,NA,NA,NA,NA,NA,NA,NA,NA,NA,NA,NA,NA
"WRD 20-9 C_29.0_877.0",588.99267578125,588.99267578125,588.99267578125,588.99267578125,588.99267578125,588.99267578125,588.99267578125,588.99267578125,588.99267578125,588.99267578125,NA,NA,NA,NA,NA,NA,NA,NA,NA,NA,NA,NA,NA,NA,NA,NA,NA,NA,NA,NA,NA,NA
"WRD 20-9 C_29.0_879.0",588.99267578125,588.99267578125,588.99267578125,588.99267578125,588.99267578125,588.99267578125,588.99267578125,588.99267578125,588.99267578125,588.99267578125,NA,NA,NA,NA,NA,NA,NA,NA,NA,NA,NA,NA,NA,NA,NA,NA,NA,NA,NA,NA,NA,NA
"WRD 20-9 C_29.0_880.0",588.99267578125,588.99267578125,588.99267578125,588.99267578125,588.99267578125,588.99267578125,588.99267578125,588.99267578125,588.99267578125,588.99267578125,NA,NA,NA,NA,NA,NA,NA,NA,NA,NA,NA,NA,NA,NA,NA,NA,NA,NA,NA,NA,NA,NA
"WRD 20-9 C_29.0_881.0",588.99267578125,588.99267578125,588.99267578125,588.99267578125,588.99267578125,588.99267578125,588.99267578125,588.99267578125,588.99267578125,588.99267578125,NA,NA,NA,NA,NA,NA,NA,NA,NA,NA,NA,NA,NA,NA,NA,NA,NA,NA,NA,NA,NA,NA
"WRD 20-9 C_29.0_883.0",588.99267578125,588.99267578125,588.99267578125,588.99267578125,588.99267578125,588.99267578125,588.99267578125,588.99267578125,588.99267578125,588.99267578125,NA,NA,NA,NA,NA,NA,NA,NA,NA,NA,NA,NA,NA,NA,NA,NA,NA,NA,NA,NA,NA,NA
"WRD 20-9 C_29.0_884.0",588.99267578125,588.99267578125,588.99267578125,588.99267578125,588.99267578125,588.99267578125,588.99267578125,588.99267578125,588.99267578125,588.99267578125,NA,NA,NA,NA,NA,NA,NA,NA,NA,NA,NA,NA,NA,NA,NA,NA,NA,NA,NA,NA,NA,NA
"WRD 20-9 C_29.0_885.0",588.99267578125,588.99267578125,588.99267578125,588.99267578125,588.99267578125,588.99267578125,588.99267578125,588.99267578125,588.99267578125,588.99267578125,NA,NA,NA,NA,NA,NA,NA,NA,NA,NA,NA,NA,NA,NA,NA,NA,NA,NA,NA,NA,NA,NA
"WRD 20-9 C_29.0_886.0",588.99267578125,588.99267578125,588.99267578125,588.99267578125,588.99267578125,588.99267578125,588.99267578125,588.99267578125,588.99267578125,588.99267578125,NA,NA,NA,NA,NA,NA,NA,NA,NA,NA,NA,NA,NA,NA,NA,NA,NA,NA,NA,NA,NA,NA
"WRD 20-9 C_29.0_888.0",588.99267578125,588.99267578125,588.99267578125,588.99267578125,588.99267578125,588.99267578125,588.99267578125,588.99267578125,588.99267578125,588.99267578125,NA,NA,NA,NA,NA,NA,NA,NA,NA,NA,NA,NA,NA,NA,NA,NA,NA,NA,NA,NA,NA,NA
"WRD 20-9 C_29.0_889.0",588.99267578125,588.99267578125,588.99267578125,588.99267578125,588.99267578125,588.99267578125,588.99267578125,588.99267578125,588.99267578125,588.99267578125,NA,NA,NA,NA,NA,NA,NA,NA,NA,NA,NA,NA,NA,NA,NA,NA,NA,NA,NA,NA,NA,NA
"WRD 20-9 C_29.0_890.0",588.99267578125,588.99267578125,588.99267578125,588.99267578125,588.99267578125,588.99267578125,588.99267578125,588.99267578125,588.99267578125,588.99267578125,NA,NA,NA,NA,NA,NA,NA,NA,NA,NA,NA,NA,NA,NA,NA,NA,NA,NA,NA,NA,NA,NA
"WRD 20-9 C_29.0_892.0",588.99267578125,588.99267578125,588.99267578125,588.99267578125,588.99267578125,588.99267578125,588.99267578125,588.99267578125,588.99267578125,588.99267578125,NA,NA,NA,NA,NA,NA,NA,NA,NA,NA,NA,NA,NA,NA,NA,NA,NA,NA,NA,NA,NA,NA
"WRD 20-9 C_29.0_893.0",588.99267578125,588.99267578125,588.99267578125,588.99267578125,588.99267578125,588.99267578125,588.99267578125,588.99267578125,588.99267578125,588.99267578125,NA,NA,NA,NA,NA,NA,NA,NA,NA,NA,NA,NA,NA,NA,NA,NA,NA,NA,NA,NA,NA,NA
"WRD 20-9 C_29.0_894.0",588.99267578125,588.99267578125,588.99267578125,588.99267578125,588.99267578125,588.99267578125,588.99267578125,588.99267578125,588.99267578125,588.99267578125,NA,NA,NA,NA,NA,NA,NA,NA,NA,NA,NA,NA,NA,NA,NA,NA,NA,NA,NA,NA,NA,NA
"WRD 20-9 C_29.0_895.0",588.99267578125,588.99267578125,588.99267578125,588.99267578125,588.99267578125,588.99267578125,588.99267578125,588.99267578125,588.99267578125,588.99267578125,NA,NA,NA,NA,NA,NA,NA,NA,NA,NA,NA,NA,NA,NA,NA,NA,NA,NA,NA,NA,NA,NA
"WRD 20-9 C_29.0_896.0",588.99267578125,588.99267578125,588.99267578125,588.99267578125,588.99267578125,588.99267578125,588.99267578125,588.99267578125,588.99267578125,588.99267578125,NA,NA,NA,NA,NA,NA,NA,NA,NA,NA,NA,NA,NA,NA,NA,NA,NA,NA,NA,NA,NA,NA
"WRD 20-9 C_29.0_897.0",588.99267578125,588.99267578125,588.99267578125,588.99267578125,588.99267578125,588.99267578125,588.99267578125,588.99267578125,588.99267578125,588.99267578125,NA,NA,NA,NA,NA,NA,NA,NA,NA,NA,NA,NA,NA,NA,NA,NA,NA,NA,NA,NA,NA,NA
"WRD 20-9 C_29.0_898.0",588.99267578125,588.99267578125,588.99267578125,588.99267578125,588.99267578125,588.99267578125,588.99267578125,588.99267578125,588.99267578125,588.99267578125,NA,NA,NA,NA,NA,NA,NA,NA,NA,NA,NA,NA,NA,NA,NA,NA,NA,NA,NA,NA,NA,NA
"WRD 20-9 C_30.0_905.0",588.99267578125,588.99267578125,588.99267578125,588.99267578125,588.99267578125,588.99267578125,588.99267578125,588.99267578125,588.99267578125,588.99267578125,NA,NA,NA,NA,NA,NA,NA,NA,NA,NA,NA,NA,NA,NA,NA,NA,NA,NA,NA,NA,NA,NA
"WRD 20-9 C_30.0_906.0",588.99267578125,588.99267578125,588.99267578125,588.99267578125,588.99267578125,588.99267578125,588.99267578125,588.99267578125,588.99267578125,588.99267578125,NA,NA,NA,NA,NA,NA,NA,NA,NA,NA,NA,NA,NA,NA,NA,NA,NA,NA,NA,NA,NA,NA
"WRD 20-9 C_30.0_908.0",588.99267578125,588.99267578125,588.99267578125,588.99267578125,588.99267578125,588.99267578125,588.99267578125,588.99267578125,588.99267578125,588.99267578125,NA,NA,NA,NA,NA,NA,NA,NA,NA,NA,NA,NA,NA,NA,NA,NA,NA,NA,NA,NA,NA,NA
"WRD 20-9 C_30.0_909.0",588.99267578125,588.99267578125,588.99267578125,588.99267578125,588.99267578125,588.99267578125,588.99267578125,588.99267578125,588.99267578125,588.99267578125,NA,NA,NA,NA,NA,NA,NA,NA,NA,NA,NA,NA,NA,NA,NA,NA,NA,NA,NA,NA,NA,NA
"WRD 20-9 C_30.0_910.0",588.99267578125,588.99267578125,588.99267578125,588.99267578125,588.99267578125,588.99267578125,588.99267578125,588.99267578125,588.99267578125,588.99267578125,NA,NA,NA,NA,NA,NA,NA,NA,NA,NA,NA,NA,NA,NA,NA,NA,NA,NA,NA,NA,NA,NA
"WRD 20-9 C_30.0_911.0",588.99267578125,588.99267578125,588.99267578125,588.99267578125,588.99267578125,588.99267578125,588.99267578125,588.99267578125,588.99267578125,588.99267578125,NA,NA,NA,NA,NA,NA,NA,NA,NA,NA,NA,NA,NA,NA,NA,NA,NA,NA,NA,NA,NA,NA
"WRD 20-9 C_30.0_913.0",588.99267578125,588.99267578125,588.99267578125,588.99267578125,588.99267578125,588.99267578125,588.99267578125,588.99267578125,588.99267578125,588.99267578125,NA,NA,NA,NA,NA,NA,NA,NA,NA,NA,NA,NA,NA,NA,NA,NA,NA,NA,NA,NA,NA,NA
"WRD 20-9 C_30.0_914.0",588.99267578125,588.99267578125,588.99267578125,588.99267578125,588.99267578125,588.99267578125,588.99267578125,588.99267578125,588.99267578125,588.99267578125,NA,NA,NA,NA,NA,NA,NA,NA,NA,NA,NA,NA,NA,NA,NA,NA,NA,NA,NA,NA,NA,NA
"WRD 20-9 C_30.0_915.0",588.99267578125,588.99267578125,588.99267578125,588.99267578125,588.99267578125,588.99267578125,588.99267578125,588.99267578125,588.99267578125,588.99267578125,NA,NA,NA,NA,NA,NA,NA,NA,NA,NA,NA,NA,NA,NA,NA,NA,NA,NA,NA,NA,NA,NA
"WRD 20-9 C_30.0_916.0",588.99267578125,588.99267578125,588.99267578125,588.99267578125,588.99267578125,588.99267578125,588.99267578125,588.99267578125,588.99267578125,588.99267578125,NA,NA,NA,NA,NA,NA,NA,NA,NA,NA,NA,NA,NA,NA,NA,NA,NA,NA,NA,NA,NA,NA
"WRD 20-9 C_30.0_917.0",588.99267578125,588.99267578125,588.99267578125,588.99267578125,588.99267578125,588.99267578125,588.99267578125,588.99267578125,588.99267578125,588.99267578125,NA,NA,NA,NA,NA,NA,NA,NA,NA,NA,NA,NA,NA,NA,NA,NA,NA,NA,NA,NA,NA,NA
"WRD 20-9 C_30.0_918.0",588.99267578125,588.99267578125,588.99267578125,588.99267578125,588.99267578125,588.99267578125,588.99267578125,588.99267578125,588.99267578125,588.99267578125,NA,NA,NA,NA,NA,NA,NA,NA,NA,NA,NA,NA,NA,NA,NA,NA,NA,NA,NA,NA,NA,NA
"WRD 20-9 C_30.0_919.0",588.99267578125,588.99267578125,588.99267578125,588.99267578125,588.99267578125,588.99267578125,588.99267578125,588.99267578125,588.99267578125,588.99267578125,NA,NA,NA,NA,NA,NA,NA,NA,NA,NA,NA,NA,NA,NA,NA,NA,NA,NA,NA,NA,NA,NA
"WRD 20-9 C_30.0_920.0",588.99267578125,588.99267578125,588.99267578125,588.99267578125,588.99267578125,588.99267578125,588.99267578125,588.99267578125,588.99267578125,588.99267578125,NA,NA,NA,NA,NA,NA,NA,NA,NA,NA,NA,NA,NA,NA,NA,NA,NA,NA,NA,NA,NA,NA
"WRD 20-9 C_30.0_921.0",588.99267578125,588.99267578125,588.99267578125,588.99267578125,588.99267578125,588.99267578125,588.99267578125,588.99267578125,588.99267578125,588.99267578125,NA,NA,NA,NA,NA,NA,NA,NA,NA,NA,NA,NA,NA,NA,NA,NA,NA,NA,NA,NA,NA,NA
"WRD 20-9 C_30.0_922.0",588.99267578125,588.99267578125,588.99267578125,588.99267578125,588.99267578125,588.99267578125,588.99267578125,588.99267578125,588.99267578125,588.99267578125,NA,NA,NA,NA,NA,NA,NA,NA,NA,NA,NA,NA,NA,NA,NA,NA,NA,NA,NA,NA,NA,NA
"WRD 20-9 C_30.0_923.0",588.99267578125,588.99267578125,588.99267578125,588.99267578125,588.99267578125,588.99267578125,588.99267578125,588.99267578125,588.99267578125,588.99267578125,NA,NA,NA,NA,NA,NA,NA,NA,NA,NA,NA,NA,NA,NA,NA,NA,NA,NA,NA,NA,NA,NA
"WRD 20-9 C_30.0_924.0",588.99267578125,588.99267578125,588.99267578125,588.99267578125,588.99267578125,588.99267578125,588.99267578125,588.99267578125,588.99267578125,588.99267578125,NA,NA,NA,NA,NA,NA,NA,NA,NA,NA,NA,NA,NA,NA,NA,NA,NA,NA,NA,NA,NA,NA
"WRD 20-9 C_31.0_926.0",588.99267578125,588.99267578125,588.99267578125,588.99267578125,588.99267578125,588.99267578125,588.99267578125,588.99267578125,588.99267578125,588.99267578125,NA,NA,NA,NA,NA,NA,NA,NA,NA,NA,NA,NA,NA,NA,NA,NA,NA,NA,NA,NA,NA,NA
"WRD 20-9 C_31.0_927.0",588.99267578125,588.99267578125,588.99267578125,588.99267578125,588.99267578125,588.99267578125,588.99267578125,588.99267578125,588.99267578125,588.99267578125,NA,NA,NA,NA,NA,NA,NA,NA,NA,NA,NA,NA,NA,NA,NA,NA,NA,NA,NA,NA,NA,NA
"WRD 20-9 C_31.0_928.0",588.99267578125,588.99267578125,588.99267578125,588.99267578125,588.99267578125,588.99267578125,588.99267578125,588.99267578125,588.99267578125,588.99267578125,NA,NA,NA,NA,NA,NA,NA,NA,NA,NA,NA,NA,NA,NA,NA,NA,NA,NA,NA,NA,NA,NA
"WRD 20-9 C_31.0_929.0",588.99267578125,588.99267578125,588.99267578125,588.99267578125,588.99267578125,588.99267578125,588.99267578125,588.99267578125,588.99267578125,588.99267578125,NA,NA,NA,NA,NA,NA,NA,NA,NA,NA,NA,NA,NA,NA,NA,NA,NA,NA,NA,NA,NA,NA
"WRD 20-9 C_31.0_930.0",588.99267578125,588.99267578125,588.99267578125,588.99267578125,588.99267578125,588.99267578125,588.99267578125,588.99267578125,588.99267578125,588.99267578125,NA,NA,NA,NA,NA,NA,NA,NA,NA,NA,NA,NA,NA,NA,NA,NA,NA,NA,NA,NA,NA,NA
"WRD 20-9 C_31.0_931.0",588.99267578125,588.99267578125,588.99267578125,588.99267578125,588.99267578125,588.99267578125,588.99267578125,588.99267578125,588.99267578125,588.99267578125,NA,NA,NA,NA,NA,NA,NA,NA,NA,NA,NA,NA,NA,NA,NA,NA,NA,NA,NA,NA,NA,NA
"WRD 20-9 C_31.0_932.0",588.99267578125,588.99267578125,588.99267578125,588.99267578125,588.99267578125,588.99267578125,588.99267578125,588.99267578125,588.99267578125,588.99267578125,NA,NA,NA,NA,NA,NA,NA,NA,NA,NA,NA,NA,NA,NA,NA,NA,NA,NA,NA,NA,NA,NA
"WRD 20-9 C_31.0_933.0",588.99267578125,588.99267578125,588.99267578125,588.99267578125,588.99267578125,588.99267578125,588.99267578125,588.99267578125,588.99267578125,588.99267578125,NA,NA,NA,NA,NA,NA,NA,NA,NA,NA,NA,NA,NA,NA,NA,NA,NA,NA,NA,NA,NA,NA
"WRD 20-9 C_31.0_934.0",588.99267578125,588.99267578125,588.99267578125,588.99267578125,588.99267578125,588.99267578125,588.99267578125,588.99267578125,588.99267578125,588.99267578125,NA,NA,NA,NA,NA,NA,NA,NA,NA,NA,NA,NA,NA,NA,NA,NA,NA,NA,NA,NA,NA,NA
"WRD 20-9 C_31.0_935.0",588.99267578125,588.99267578125,588.99267578125,588.99267578125,588.99267578125,588.99267578125,588.99267578125,588.99267578125,588.99267578125,588.99267578125,NA,NA,NA,NA,NA,NA,NA,NA,NA,NA,NA,NA,NA,NA,NA,NA,NA,NA,NA,NA,NA,NA
"WRD 20-9 C_31.0_936.0",588.99267578125,588.99267578125,588.99267578125,588.99267578125,588.99267578125,588.99267578125,588.99267578125,588.99267578125,588.99267578125,588.99267578125,NA,NA,NA,NA,NA,NA,NA,NA,NA,NA,NA,NA,NA,NA,NA,NA,NA,NA,NA,NA,NA,NA
"WRD 20-9 C_31.0_937.0",588.99267578125,588.99267578125,588.99267578125,588.99267578125,588.99267578125,588.99267578125,588.99267578125,588.99267578125,588.99267578125,588.99267578125,NA,NA,NA,NA,NA,NA,NA,NA,NA,NA,NA,NA,NA,NA,NA,NA,NA,NA,NA,NA,NA,NA
"WRD 20-9 C_31.0_938.0",588.99267578125,588.99267578125,588.99267578125,588.99267578125,588.99267578125,588.99267578125,588.99267578125,588.99267578125,588.99267578125,588.99267578125,NA,NA,NA,NA,NA,NA,NA,NA,NA,NA,NA,NA,NA,NA,NA,NA,NA,NA,NA,NA,NA,NA
"WRD 20-9 C_31.0_939.0",588.99267578125,588.99267578125,588.99267578125,588.99267578125,588.99267578125,588.99267578125,588.99267578125,588.99267578125,588.99267578125,588.99267578125,NA,NA,NA,NA,NA,NA,NA,NA,NA,NA,NA,NA,NA,NA,NA,NA,NA,NA,NA,NA,NA,NA
"WRD 20-9 C_31.0_940.0",588.99267578125,588.99267578125,588.99267578125,588.99267578125,588.99267578125,588.99267578125,588.99267578125,588.99267578125,588.99267578125,588.99267578125,NA,NA,NA,NA,NA,NA,NA,NA,NA,NA,NA,NA,NA,NA,NA,NA,NA,NA,NA,NA,NA,NA
"WRD 20-9 C_31.0_941.0",588.99267578125,588.99267578125,588.99267578125,588.99267578125,588.99267578125,588.99267578125,588.99267578125,588.99267578125,588.99267578125,588.99267578125,NA,NA,NA,NA,NA,NA,NA,NA,NA,NA,NA,NA,NA,NA,NA,NA,NA,NA,NA,NA,NA,NA
"WRD 20-9 C_31.0_942.0",588.99267578125,588.99267578125,588.99267578125,588.99267578125,588.99267578125,588.99267578125,588.99267578125,588.99267578125,588.99267578125,588.99267578125,NA,NA,NA,NA,NA,NA,NA,NA,NA,NA,NA,NA,NA,NA,NA,NA,NA,NA,NA,NA,NA,NA
"WRD 20-9 C_31.0_943.0",588.99267578125,588.99267578125,588.99267578125,588.99267578125,588.99267578125,588.99267578125,588.99267578125,588.99267578125,588.99267578125,588.99267578125,NA,NA,NA,NA,NA,NA,NA,NA,NA,NA,NA,NA,NA,NA,NA,NA,NA,NA,NA,NA,NA,NA
"WRD 20-9 C_31.0_944.0",588.99267578125,588.99267578125,588.99267578125,588.99267578125,588.99267578125,588.99267578125,588.99267578125,588.99267578125,588.99267578125,588.99267578125,NA,NA,NA,NA,NA,NA,NA,NA,NA,NA,NA,NA,NA,NA,NA,NA,NA,NA,NA,NA,NA,NA
"WRD 20-9 C_31.0_945.0",588.99267578125,588.99267578125,588.99267578125,588.99267578125,588.99267578125,588.99267578125,588.99267578125,588.99267578125,588.99267578125,588.99267578125,NA,NA,NA,NA,NA,NA,NA,NA,NA,NA,NA,NA,NA,NA,NA,NA,NA,NA,NA,NA,NA,NA
"WRD 20-9 C_31.0_946.0",588.99267578125,588.99267578125,588.99267578125,588.99267578125,588.99267578125,588.99267578125,588.99267578125,588.99267578125,588.99267578125,588.99267578125,NA,NA,NA,NA,NA,NA,NA,NA,NA,NA,NA,NA,NA,NA,NA,NA,NA,NA,NA,NA,NA,NA
"WRD 20-9 C_31.0_948.0",588.99267578125,588.99267578125,588.99267578125,588.99267578125,588.99267578125,588.99267578125,588.99267578125,588.99267578125,588.99267578125,588.99267578125,NA,NA,NA,NA,NA,NA,NA,NA,NA,NA,NA,NA,NA,NA,NA,NA,NA,NA,NA,NA,NA,NA
"WRD 20-9 C_31.0_949.0",588.99267578125,588.99267578125,588.99267578125,588.99267578125,588.99267578125,588.99267578125,588.99267578125,588.99267578125,588.99267578125,588.99267578125,NA,NA,NA,NA,NA,NA,NA,NA,NA,NA,NA,NA,NA,NA,NA,NA,NA,NA,NA,NA,NA,NA
"WRD 20-9 C_31.0_950.0",588.99267578125,588.99267578125,588.99267578125,588.99267578125,588.99267578125,588.99267578125,588.99267578125,588.99267578125,588.99267578125,588.99267578125,NA,NA,NA,NA,NA,NA,NA,NA,NA,NA,NA,NA,NA,NA,NA,NA,NA,NA,NA,NA,NA,NA
"WRD 20-9 C_31.0_951.0",588.99267578125,588.99267578125,588.99267578125,588.99267578125,588.99267578125,588.99267578125,588.99267578125,588.99267578125,588.99267578125,588.99267578125,NA,NA,NA,NA,NA,NA,NA,NA,NA,NA,NA,NA,NA,NA,NA,NA,NA,NA,NA,NA,NA,NA
"WRD 20-9 C_31.0_952.0",588.99267578125,588.99267578125,588.99267578125,588.99267578125,588.99267578125,588.99267578125,588.99267578125,588.99267578125,588.99267578125,588.99267578125,NA,NA,NA,NA,NA,NA,NA,NA,NA,NA,NA,NA,NA,NA,NA,NA,NA,NA,NA,NA,NA,NA
"WRD 20-9 C_31.0_953.0",588.99267578125,588.99267578125,588.99267578125,588.99267578125,588.99267578125,588.99267578125,588.99267578125,588.99267578125,588.99267578125,588.99267578125,NA,NA,NA,NA,NA,NA,NA,NA,NA,NA,NA,NA,NA,NA,NA,NA,NA,NA,NA,NA,NA,NA
"WRD 20-9 C_31.0_954.0",588.99267578125,588.99267578125,588.99267578125,588.99267578125,588.99267578125,588.99267578125,588.99267578125,588.99267578125,588.99267578125,588.99267578125,NA,NA,NA,NA,NA,NA,NA,NA,NA,NA,NA,NA,NA,NA,NA,NA,NA,NA,NA,NA,NA,NA
"WRD 20-9 C_31.0_955.0",588.99267578125,588.99267578125,588.99267578125,588.99267578125,588.99267578125,588.99267578125,588.99267578125,588.99267578125,588.99267578125,588.99267578125,NA,NA,NA,NA,NA,NA,NA,NA,NA,NA,NA,NA,NA,NA,NA,NA,NA,NA,NA,NA,NA,NA
"WRD 20-9 C_31.0_956.0",588.99267578125,588.99267578125,588.99267578125,588.99267578125,588.99267578125,588.99267578125,588.99267578125,588.99267578125,588.99267578125,588.99267578125,NA,NA,NA,NA,NA,NA,NA,NA,NA,NA,NA,NA,NA,NA,NA,NA,NA,NA,NA,NA,NA,NA
"WRD 20-9 C_31.0_957.0",588.99267578125,588.99267578125,588.99267578125,588.99267578125,588.99267578125,588.99267578125,588.99267578125,588.99267578125,588.99267578125,588.99267578125,NA,NA,NA,NA,NA,NA,NA,NA,NA,NA,NA,NA,NA,NA,NA,NA,NA,NA,NA,NA,NA,NA
"WRD 20-9 C_31.0_958.0",588.99267578125,588.99267578125,588.99267578125,588.99267578125,588.99267578125,588.99267578125,588.99267578125,588.99267578125,588.99267578125,588.99267578125,NA,NA,NA,NA,NA,NA,NA,NA,NA,NA,NA,NA,NA,NA,NA,NA,NA,NA,NA,NA,NA,NA
"WRD 20-9 C_31.0_959.0",588.99267578125,588.99267578125,588.99267578125,588.99267578125,588.99267578125,588.99267578125,588.99267578125,588.99267578125,588.99267578125,588.99267578125,NA,NA,NA,NA,NA,NA,NA,NA,NA,NA,NA,NA,NA,NA,NA,NA,NA,NA,NA,NA,NA,NA
"WRD 20-9 C_31.0_960.0",588.99267578125,588.99267578125,588.99267578125,588.99267578125,588.99267578125,588.99267578125,588.99267578125,588.99267578125,588.99267578125,588.99267578125,NA,NA,NA,NA,NA,NA,NA,NA,NA,NA,NA,NA,NA,NA,NA,NA,NA,NA,NA,NA,NA,NA
"WRD 20-9 C_31.0_961.0",588.99267578125,588.99267578125,588.99267578125,588.99267578125,588.99267578125,588.99267578125,588.99267578125,588.99267578125,588.99267578125,588.99267578125,NA,NA,NA,NA,NA,NA,NA,NA,NA,NA,NA,NA,NA,NA,NA,NA,NA,NA,NA,NA,NA,NA
"WRD 20-9 C_31.0_962.0",588.99267578125,588.99267578125,588.99267578125,588.99267578125,588.99267578125,588.99267578125,588.99267578125,588.99267578125,588.99267578125,588.99267578125,NA,NA,NA,NA,NA,NA,NA,NA,NA,NA,NA,NA,NA,NA,NA,NA,NA,NA,NA,NA,NA,NA
"WRD 20-9 C_62.0_703.0",588.99267578125,588.99267578125,588.99267578125,588.99267578125,588.99267578125,588.99267578125,588.99267578125,588.99267578125,588.99267578125,588.99267578125,NA,NA,NA,NA,NA,NA,NA,NA,NA,NA,NA,NA,NA,NA,NA,NA,NA,NA,NA,NA,NA,NA
"WRD 20-9 C_62.0_704.0",588.99267578125,588.99267578125,588.99267578125,588.99267578125,588.99267578125,588.99267578125,588.99267578125,588.99267578125,588.99267578125,588.99267578125,NA,NA,NA,NA,NA,NA,NA,NA,NA,NA,NA,NA,NA,NA,NA,NA,NA,NA,NA,NA,NA,NA
"WRD 20-9 C_62.0_705.0",588.99267578125,588.99267578125,588.99267578125,588.99267578125,588.99267578125,588.99267578125,588.99267578125,588.99267578125,588.99267578125,588.99267578125,NA,NA,NA,NA,NA,NA,NA,NA,NA,NA,NA,NA,NA,NA,NA,NA,NA,NA,NA,NA,NA,NA
"WRD 20-9 C_62.0_706.0",588.99267578125,588.99267578125,588.99267578125,588.99267578125,588.99267578125,588.99267578125,588.99267578125,588.99267578125,588.99267578125,588.99267578125,NA,NA,NA,NA,NA,NA,NA,NA,NA,NA,NA,NA,NA,NA,NA,NA,NA,NA,NA,NA,NA,NA
"WRD 20-9 C_62.0_707.0",588.99267578125,588.99267578125,588.99267578125,588.99267578125,588.99267578125,588.99267578125,588.99267578125,588.99267578125,588.99267578125,588.99267578125,NA,NA,NA,NA,NA,NA,NA,NA,NA,NA,NA,NA,NA,NA,NA,NA,NA,NA,NA,NA,NA,NA
"WRD 20-9 C_62.0_708.0",588.99267578125,588.99267578125,588.99267578125,588.99267578125,588.99267578125,588.99267578125,588.99267578125,588.99267578125,588.99267578125,588.99267578125,NA,NA,NA,NA,NA,NA,NA,NA,NA,NA,NA,NA,NA,NA,NA,NA,NA,NA,NA,NA,NA,NA
"WRD 20-9 C_62.0_709.0",588.99267578125,588.99267578125,588.99267578125,588.99267578125,588.99267578125,588.99267578125,588.99267578125,588.99267578125,588.99267578125,588.99267578125,NA,NA,NA,NA,NA,NA,NA,NA,NA,NA,NA,NA,NA,NA,NA,NA,NA,NA,NA,NA,NA,NA
"WRD 20-9 C_62.0_710.0",588.99267578125,588.99267578125,588.99267578125,588.99267578125,588.99267578125,588.99267578125,588.99267578125,588.99267578125,588.99267578125,588.99267578125,NA,NA,NA,NA,NA,NA,NA,NA,NA,NA,NA,NA,NA,NA,NA,NA,NA,NA,NA,NA,NA,NA
"WRD 20-9 C_62.0_711.0",588.99267578125,588.99267578125,588.99267578125,588.99267578125,588.99267578125,588.99267578125,588.99267578125,588.99267578125,588.99267578125,588.99267578125,NA,NA,NA,NA,NA,NA,NA,NA,NA,NA,NA,NA,NA,NA,NA,NA,NA,NA,NA,NA,NA,NA
"WRD 20-9 C_62.0_712.0",588.99267578125,588.99267578125,588.99267578125,588.99267578125,588.99267578125,588.99267578125,588.99267578125,588.99267578125,588.99267578125,588.99267578125,NA,NA,NA,NA,NA,NA,NA,NA,NA,NA,NA,NA,NA,NA,NA,NA,NA,NA,NA,NA,NA,NA
"WRD 20-9 C_62.0_713.0",588.99267578125,588.99267578125,588.99267578125,588.99267578125,588.99267578125,588.99267578125,588.99267578125,588.99267578125,588.99267578125,588.99267578125,NA,NA,NA,NA,NA,NA,NA,NA,NA,NA,NA,NA,NA,NA,NA,NA,NA,NA,NA,NA,NA,NA
"WRD 20-9 C_62.0_714.0",588.99267578125,588.99267578125,588.99267578125,588.99267578125,588.99267578125,588.99267578125,588.99267578125,588.99267578125,588.99267578125,588.99267578125,NA,NA,NA,NA,NA,NA,NA,NA,NA,NA,NA,NA,NA,NA,NA,NA,NA,NA,NA,NA,NA,NA
"WRD 20-9 C_62.0_715.0",588.99267578125,588.99267578125,588.99267578125,588.99267578125,588.99267578125,588.99267578125,588.99267578125,588.99267578125,588.99267578125,588.99267578125,NA,NA,NA,NA,NA,NA,NA,NA,NA,NA,NA,NA,NA,NA,NA,NA,NA,NA,NA,NA,NA,NA
"WRD 20-9 C_62.0_716.0",588.99267578125,588.99267578125,588.99267578125,588.99267578125,588.99267578125,588.99267578125,588.99267578125,588.99267578125,588.99267578125,588.99267578125,NA,NA,NA,NA,NA,NA,NA,NA,NA,NA,NA,NA,NA,NA,NA,NA,NA,NA,NA,NA,NA,NA
"WRD 20-9 C_62.0_718.0",588.99267578125,588.99267578125,588.99267578125,588.99267578125,588.99267578125,588.99267578125,588.99267578125,588.99267578125,588.99267578125,588.99267578125,NA,NA,NA,NA,NA,NA,NA,NA,NA,NA,NA,NA,NA,NA,NA,NA,NA,NA,NA,NA,NA,NA
"WRD 20-9 C_62.0_719.0",588.99267578125,588.99267578125,588.99267578125,588.99267578125,588.99267578125,588.99267578125,588.99267578125,588.99267578125,588.99267578125,588.99267578125,NA,NA,NA,NA,NA,NA,NA,NA,NA,NA,NA,NA,NA,NA,NA,NA,NA,NA,NA,NA,NA,NA
"WRD 20-9 C_62.0_720.0",588.99267578125,588.99267578125,588.99267578125,588.99267578125,588.99267578125,588.99267578125,588.99267578125,588.99267578125,588.99267578125,588.99267578125,NA,NA,NA,NA,NA,NA,NA,NA,NA,NA,NA,NA,NA,NA,NA,NA,NA,NA,NA,NA,NA,NA
"WRD 20-9 C_62.0_722.0",588.99267578125,588.99267578125,588.99267578125,588.99267578125,588.99267578125,588.99267578125,588.99267578125,588.99267578125,588.99267578125,588.99267578125,NA,NA,NA,NA,NA,NA,NA,NA,NA,NA,NA,NA,NA,NA,NA,NA,NA,NA,NA,NA,NA,NA
"WRD 20-9 C_62.0_729.0",588.99267578125,588.99267578125,588.99267578125,588.99267578125,588.99267578125,588.99267578125,588.99267578125,588.99267578125,588.99267578125,588.99267578125,NA,NA,NA,NA,NA,NA,NA,NA,NA,NA,NA,NA,NA,NA,NA,NA,NA,NA,NA,NA,NA,NA
"WRD 20-9 C_62.0_730.0",588.99267578125,588.99267578125,588.99267578125,588.99267578125,588.99267578125,588.99267578125,588.99267578125,588.99267578125,588.99267578125,588.99267578125,NA,NA,NA,NA,NA,NA,NA,NA,NA,NA,NA,NA,NA,NA,NA,NA,NA,NA,NA,NA,NA,NA
"WRD 20-9 C_62.0_731.0",588.99267578125,588.99267578125,588.99267578125,588.99267578125,588.99267578125,588.99267578125,588.99267578125,588.99267578125,588.99267578125,588.99267578125,NA,NA,NA,NA,NA,NA,NA,NA,NA,NA,NA,NA,NA,NA,NA,NA,NA,NA,NA,NA,NA,NA
"WRD 20-9 C_62.0_732.0",588.99267578125,588.99267578125,588.99267578125,588.99267578125,588.99267578125,588.99267578125,588.99267578125,588.99267578125,588.99267578125,588.99267578125,NA,NA,NA,NA,NA,NA,NA,NA,NA,NA,NA,NA,NA,NA,NA,NA,NA,NA,NA,NA,NA,NA
"WRD 20-9 C_62.0_733.0",588.99267578125,588.99267578125,588.99267578125,588.99267578125,588.99267578125,588.99267578125,588.99267578125,588.99267578125,588.99267578125,588.99267578125,NA,NA,NA,NA,NA,NA,NA,NA,NA,NA,NA,NA,NA,NA,NA,NA,NA,NA,NA,NA,NA,NA
"WRD 20-9 C_62.0_734.0",588.99267578125,588.99267578125,588.99267578125,588.99267578125,588.99267578125,588.99267578125,588.99267578125,588.99267578125,588.99267578125,588.99267578125,NA,NA,NA,NA,NA,NA,NA,NA,NA,NA,NA,NA,NA,NA,NA,NA,NA,NA,NA,NA,NA,NA
"WRD 20-9 C_62.0_735.0",588.99267578125,588.99267578125,588.99267578125,588.99267578125,588.99267578125,588.99267578125,588.99267578125,588.99267578125,588.99267578125,588.99267578125,NA,NA,NA,NA,NA,NA,NA,NA,NA,NA,NA,NA,NA,NA,NA,NA,NA,NA,NA,NA,NA,NA
"WRD 20-9 C_62.0_736.0",588.99267578125,588.99267578125,588.99267578125,588.99267578125,588.99267578125,588.99267578125,588.99267578125,588.99267578125,588.99267578125,588.99267578125,NA,NA,NA,NA,NA,NA,NA,NA,NA,NA,NA,NA,NA,NA,NA,NA,NA,NA,NA,NA,NA,NA
"WRD 20-9 C_62.0_737.0",588.99267578125,588.99267578125,588.99267578125,588.99267578125,588.99267578125,588.99267578125,588.99267578125,588.99267578125,588.99267578125,588.99267578125,NA,NA,NA,NA,NA,NA,NA,NA,NA,NA,NA,NA,NA,NA,NA,NA,NA,NA,NA,NA,NA,NA
"WRD 20-9 C_62.0_738.0",588.99267578125,588.99267578125,588.99267578125,588.99267578125,588.99267578125,588.99267578125,588.99267578125,588.99267578125,588.99267578125,588.99267578125,NA,NA,NA,NA,NA,NA,NA,NA,NA,NA,NA,NA,NA,NA,NA,NA,NA,NA,NA,NA,NA,NA
"WRD 20-9 C_62.0_739.0",588.99267578125,588.99267578125,588.99267578125,588.99267578125,588.99267578125,588.99267578125,588.99267578125,588.99267578125,588.99267578125,588.99267578125,NA,NA,NA,NA,NA,NA,NA,NA,NA,NA,NA,NA,NA,NA,NA,NA,NA,NA,NA,NA,NA,NA
"WRD 20-9 C_62.0_740.0",588.99267578125,588.99267578125,588.99267578125,588.99267578125,588.99267578125,588.99267578125,588.99267578125,588.99267578125,588.99267578125,588.99267578125,NA,NA,NA,NA,NA,NA,NA,NA,NA,NA,NA,NA,NA,NA,NA,NA,NA,NA,NA,NA,NA,NA
"WRD 20-9 C_62.0_741.0",588.99267578125,588.99267578125,588.99267578125,588.99267578125,588.99267578125,588.99267578125,588.99267578125,588.99267578125,588.99267578125,588.99267578125,NA,NA,NA,NA,NA,NA,NA,NA,NA,NA,NA,NA,NA,NA,NA,NA,NA,NA,NA,NA,NA,NA
"WRD 20-9 C_62.0_742.0",588.99267578125,588.99267578125,588.99267578125,588.99267578125,588.99267578125,588.99267578125,588.99267578125,588.99267578125,588.99267578125,588.99267578125,NA,NA,NA,NA,NA,NA,NA,NA,NA,NA,NA,NA,NA,NA,NA,NA,NA,NA,NA,NA,NA,NA
"WRD 20-9 C_62.0_743.0",588.99267578125,588.99267578125,588.99267578125,588.99267578125,588.99267578125,588.99267578125,588.99267578125,588.99267578125,588.99267578125,588.99267578125,NA,NA,NA,NA,NA,NA,NA,NA,NA,NA,NA,NA,NA,NA,NA,NA,NA,NA,NA,NA,NA,NA
"WRD 20-9 C_62.0_744.0",588.99267578125,588.99267578125,588.99267578125,588.99267578125,588.99267578125,588.99267578125,588.99267578125,588.99267578125,588.99267578125,588.99267578125,NA,NA,NA,NA,NA,NA,NA,NA,NA,NA,NA,NA,NA,NA,NA,NA,NA,NA,NA,NA,NA,NA
"WRD 20-9 C_62.0_745.0",588.99267578125,588.99267578125,588.99267578125,588.99267578125,588.99267578125,588.99267578125,588.99267578125,588.99267578125,588.99267578125,588.99267578125,NA,NA,NA,NA,NA,NA,NA,NA,NA,NA,NA,NA,NA,NA,NA,NA,NA,NA,NA,NA,NA,NA
"WRD 20-9 C_62.0_746.0",588.99267578125,588.99267578125,588.99267578125,588.99267578125,588.99267578125,588.99267578125,588.99267578125,588.99267578125,588.99267578125,588.99267578125,NA,NA,NA,NA,NA,NA,NA,NA,NA,NA,NA,NA,NA,NA,NA,NA,NA,NA,NA,NA,NA,NA
"WRD 20-9 C_62.0_747.0",588.99267578125,588.99267578125,588.99267578125,588.99267578125,588.99267578125,588.99267578125,588.99267578125,588.99267578125,588.99267578125,588.99267578125,NA,NA,NA,NA,NA,NA,NA,NA,NA,NA,NA,NA,NA,NA,NA,NA,NA,NA,NA,NA,NA,NA
"WRD 20-9 C_62.0_748.0",588.99267578125,588.99267578125,588.99267578125,588.99267578125,588.99267578125,588.99267578125,588.99267578125,588.99267578125,588.99267578125,588.99267578125,NA,NA,NA,NA,NA,NA,NA,NA,NA,NA,NA,NA,NA,NA,NA,NA,NA,NA,NA,NA,NA,NA
"WRD 20-9 C_62.0_749.0",588.99267578125,588.99267578125,588.99267578125,588.99267578125,588.99267578125,588.99267578125,588.99267578125,588.99267578125,588.99267578125,588.99267578125,NA,NA,NA,NA,NA,NA,NA,NA,NA,NA,NA,NA,NA,NA,NA,NA,NA,NA,NA,NA,NA,NA
"WRD 20-9 C_62.0_750.0",588.99267578125,588.99267578125,588.99267578125,588.99267578125,588.99267578125,588.99267578125,588.99267578125,588.99267578125,588.99267578125,588.99267578125,NA,NA,NA,NA,NA,NA,NA,NA,NA,NA,NA,NA,NA,NA,NA,NA,NA,NA,NA,NA,NA,NA
"WRD 20-9 C_62.0_751.0",588.99267578125,588.99267578125,588.99267578125,588.99267578125,588.99267578125,588.99267578125,588.99267578125,588.99267578125,588.99267578125,588.99267578125,NA,NA,NA,NA,NA,NA,NA,NA,NA,NA,NA,NA,NA,NA,NA,NA,NA,NA,NA,NA,NA,NA
"WRD 20-9 C_62.0_752.0",588.99267578125,588.99267578125,588.99267578125,588.99267578125,588.99267578125,588.99267578125,588.99267578125,588.99267578125,588.99267578125,588.99267578125,NA,NA,NA,NA,NA,NA,NA,NA,NA,NA,NA,NA,NA,NA,NA,NA,NA,NA,NA,NA,NA,NA
"WRD 20-9 C_62.0_753.0",588.99267578125,588.99267578125,588.99267578125,588.99267578125,588.99267578125,588.99267578125,588.99267578125,588.99267578125,588.99267578125,588.99267578125,NA,NA,NA,NA,NA,NA,NA,NA,NA,NA,NA,NA,NA,NA,NA,NA,NA,NA,NA,NA,NA,NA
"WRD 20-9 C_62.0_754.0",588.99267578125,588.99267578125,588.99267578125,588.99267578125,588.99267578125,588.99267578125,588.99267578125,588.99267578125,588.99267578125,588.99267578125,NA,NA,NA,NA,NA,NA,NA,NA,NA,NA,NA,NA,NA,NA,NA,NA,NA,NA,NA,NA,NA,NA
"WRD 20-9 C_62.0_755.0",588.99267578125,588.99267578125,588.99267578125,588.99267578125,588.99267578125,588.99267578125,588.99267578125,588.99267578125,588.99267578125,588.99267578125,NA,NA,NA,NA,NA,NA,NA,NA,NA,NA,NA,NA,NA,NA,NA,NA,NA,NA,NA,NA,NA,NA
"WRD 20-9 C_62.0_756.0",588.99267578125,588.99267578125,588.99267578125,588.99267578125,588.99267578125,588.99267578125,588.99267578125,588.99267578125,588.99267578125,588.99267578125,NA,NA,NA,NA,NA,NA,NA,NA,NA,NA,NA,NA,NA,NA,NA,NA,NA,NA,NA,NA,NA,NA
"WRD 20-9 C_62.0_757.0",588.99267578125,588.99267578125,588.99267578125,588.99267578125,588.99267578125,588.99267578125,588.99267578125,588.99267578125,588.99267578125,588.99267578125,NA,NA,NA,NA,NA,NA,NA,NA,NA,NA,NA,NA,NA,NA,NA,NA,NA,NA,NA,NA,NA,NA
"WRD 20-9 C_62.0_758.0",588.99267578125,588.99267578125,588.99267578125,588.99267578125,588.99267578125,588.99267578125,588.99267578125,588.99267578125,588.99267578125,588.99267578125,NA,NA,NA,NA,NA,NA,NA,NA,NA,NA,NA,NA,NA,NA,NA,NA,NA,NA,NA,NA,NA,NA
"WRD 20-9 C_62.0_759.0",588.99267578125,588.99267578125,588.99267578125,588.99267578125,588.99267578125,588.99267578125,588.99267578125,588.99267578125,588.99267578125,588.99267578125,NA,NA,NA,NA,NA,NA,NA,NA,NA,NA,NA,NA,NA,NA,NA,NA,NA,NA,NA,NA,NA,NA
"WRD 20-9 C_62.0_760.0",588.99267578125,588.99267578125,588.99267578125,588.99267578125,588.99267578125,588.99267578125,588.99267578125,588.99267578125,588.99267578125,588.99267578125,NA,NA,NA,NA,NA,NA,NA,NA,NA,NA,NA,NA,NA,NA,NA,NA,NA,NA,NA,NA,NA,NA
"WRD 20-9 C_62.0_761.0",588.99267578125,588.99267578125,588.99267578125,588.99267578125,588.99267578125,588.99267578125,588.99267578125,588.99267578125,588.99267578125,588.99267578125,NA,NA,NA,NA,NA,NA,NA,NA,NA,NA,NA,NA,NA,NA,NA,NA,NA,NA,NA,NA,NA,NA
"WRD 20-9 C_62.0_878.0",588.99267578125,588.99267578125,588.99267578125,588.99267578125,588.99267578125,588.99267578125,588.99267578125,588.99267578125,588.99267578125,588.99267578125,NA,NA,NA,NA,NA,NA,NA,NA,NA,NA,NA,NA,NA,NA,NA,NA,NA,NA,NA,NA,NA,NA
"WRD 20-9 C_62.0_879.0",588.99267578125,588.99267578125,588.99267578125,588.99267578125,588.99267578125,588.99267578125,588.99267578125,588.99267578125,588.99267578125,588.99267578125,NA,NA,NA,NA,NA,NA,NA,NA,NA,NA,NA,NA,NA,NA,NA,NA,NA,NA,NA,NA,NA,NA
"WRD 20-9 C_62.0_880.0",588.99267578125,588.99267578125,588.99267578125,588.99267578125,588.99267578125,588.99267578125,588.99267578125,588.99267578125,588.99267578125,588.99267578125,NA,NA,NA,NA,NA,NA,NA,NA,NA,NA,NA,NA,NA,NA,NA,NA,NA,NA,NA,NA,NA,NA
"WRD 20-9 C_62.0_881.0",588.99267578125,588.99267578125,588.99267578125,588.99267578125,588.99267578125,588.99267578125,588.99267578125,588.99267578125,588.99267578125,588.99267578125,NA,NA,NA,NA,NA,NA,NA,NA,NA,NA,NA,NA,NA,NA,NA,NA,NA,NA,NA,NA,NA,NA
"WRD 20-9 C_62.0_883.0",588.99267578125,588.99267578125,588.99267578125,588.99267578125,588.99267578125,588.99267578125,588.99267578125,588.99267578125,588.99267578125,588.99267578125,NA,NA,NA,NA,NA,NA,NA,NA,NA,NA,NA,NA,NA,NA,NA,NA,NA,NA,NA,NA,NA,NA
"WRD 20-9 C_62.0_884.0",588.99267578125,588.99267578125,588.99267578125,588.99267578125,588.99267578125,588.99267578125,588.99267578125,588.99267578125,588.99267578125,588.99267578125,NA,NA,NA,NA,NA,NA,NA,NA,NA,NA,NA,NA,NA,NA,NA,NA,NA,NA,NA,NA,NA,NA
"WRD 20-9 C_62.0_885.0",588.99267578125,588.99267578125,588.99267578125,588.99267578125,588.99267578125,588.99267578125,588.99267578125,588.99267578125,588.99267578125,588.99267578125,NA,NA,NA,NA,NA,NA,NA,NA,NA,NA,NA,NA,NA,NA,NA,NA,NA,NA,NA,NA,NA,NA
"WRD 20-9 C_62.0_886.0",588.99267578125,588.99267578125,588.99267578125,588.99267578125,588.99267578125,588.99267578125,588.99267578125,588.99267578125,588.99267578125,588.99267578125,NA,NA,NA,NA,NA,NA,NA,NA,NA,NA,NA,NA,NA,NA,NA,NA,NA,NA,NA,NA,NA,NA
"WRD 20-9 C_62.0_887.0",588.99267578125,588.99267578125,588.99267578125,588.99267578125,588.99267578125,588.99267578125,588.99267578125,588.99267578125,588.99267578125,588.99267578125,NA,NA,NA,NA,NA,NA,NA,NA,NA,NA,NA,NA,NA,NA,NA,NA,NA,NA,NA,NA,NA,NA
"WRD 20-9 C_62.0_888.0",588.99267578125,588.99267578125,588.99267578125,588.99267578125,588.99267578125,588.99267578125,588.99267578125,588.99267578125,588.99267578125,588.99267578125,NA,NA,NA,NA,NA,NA,NA,NA,NA,NA,NA,NA,NA,NA,NA,NA,NA,NA,NA,NA,NA,NA
"WRD 20-9 C_62.0_889.0",588.99267578125,588.99267578125,588.99267578125,588.99267578125,588.99267578125,588.99267578125,588.99267578125,588.99267578125,588.99267578125,588.99267578125,NA,NA,NA,NA,NA,NA,NA,NA,NA,NA,NA,NA,NA,NA,NA,NA,NA,NA,NA,NA,NA,NA
"WRD 20-9 C_62.0_890.0",588.99267578125,588.99267578125,588.99267578125,588.99267578125,588.99267578125,588.99267578125,588.99267578125,588.99267578125,588.99267578125,588.99267578125,NA,NA,NA,NA,NA,NA,NA,NA,NA,NA,NA,NA,NA,NA,NA,NA,NA,NA,NA,NA,NA,NA
"WRD 20-9 C_62.0_891.0",588.99267578125,588.99267578125,588.99267578125,588.99267578125,588.99267578125,588.99267578125,588.99267578125,588.99267578125,588.99267578125,588.99267578125,NA,NA,NA,NA,NA,NA,NA,NA,NA,NA,NA,NA,NA,NA,NA,NA,NA,NA,NA,NA,NA,NA
"WRD 20-9 C_62.0_893.0",588.99267578125,588.99267578125,588.99267578125,588.99267578125,588.99267578125,588.99267578125,588.99267578125,588.99267578125,588.99267578125,588.99267578125,NA,NA,NA,NA,NA,NA,NA,NA,NA,NA,NA,NA,NA,NA,NA,NA,NA,NA,NA,NA,NA,NA
"WRD 20-9 C_62.0_894.0",588.99267578125,588.99267578125,588.99267578125,588.99267578125,588.99267578125,588.99267578125,588.99267578125,588.99267578125,588.99267578125,588.99267578125,NA,NA,NA,NA,NA,NA,NA,NA,NA,NA,NA,NA,NA,NA,NA,NA,NA,NA,NA,NA,NA,NA
"WRD 20-9 C_62.0_895.0",588.99267578125,588.99267578125,588.99267578125,588.99267578125,588.99267578125,588.99267578125,588.99267578125,588.99267578125,588.99267578125,588.99267578125,NA,NA,NA,NA,NA,NA,NA,NA,NA,NA,NA,NA,NA,NA,NA,NA,NA,NA,NA,NA,NA,NA
"WRD 20-9 C_62.0_896.0",588.99267578125,588.99267578125,588.99267578125,588.99267578125,588.99267578125,588.99267578125,588.99267578125,588.99267578125,588.99267578125,588.99267578125,NA,NA,NA,NA,NA,NA,NA,NA,NA,NA,NA,NA,NA,NA,NA,NA,NA,NA,NA,NA,NA,NA
"WRD 20-9 C_62.0_897.0",588.99267578125,588.99267578125,588.99267578125,588.99267578125,588.99267578125,588.99267578125,588.99267578125,588.99267578125,588.99267578125,588.99267578125,NA,NA,NA,NA,NA,NA,NA,NA,NA,NA,NA,NA,NA,NA,NA,NA,NA,NA,NA,NA,NA,NA
"WRD 20-9 C_62.0_898.0",588.99267578125,588.99267578125,588.99267578125,588.99267578125,588.99267578125,588.99267578125,588.99267578125,588.99267578125,588.99267578125,588.99267578125,NA,NA,NA,NA,NA,NA,NA,NA,NA,NA,NA,NA,NA,NA,NA,NA,NA,NA,NA,NA,NA,NA
"WRD 20-9 C_62.0_899.0",588.99267578125,588.99267578125,588.99267578125,588.99267578125,588.99267578125,588.99267578125,588.99267578125,588.99267578125,588.99267578125,588.99267578125,NA,NA,NA,NA,NA,NA,NA,NA,NA,NA,NA,NA,NA,NA,NA,NA,NA,NA,NA,NA,NA,NA
"WRD 20-9 C_62.0_900.0",588.99267578125,588.99267578125,588.99267578125,588.99267578125,588.99267578125,588.99267578125,588.99267578125,588.99267578125,588.99267578125,588.99267578125,NA,NA,NA,NA,NA,NA,NA,NA,NA,NA,NA,NA,NA,NA,NA,NA,NA,NA,NA,NA,NA,NA
"WRD 20-9 C_66.0_303.0",588.99267578125,588.99267578125,588.99267578125,588.99267578125,588.99267578125,588.99267578125,588.99267578125,588.99267578125,588.99267578125,588.99267578125,NA,NA,NA,NA,NA,NA,NA,NA,NA,NA,NA,NA,NA,NA,NA,NA,NA,NA,NA,NA,NA,NA
"WRD 20-9 C_66.0_304.0",588.99267578125,588.99267578125,588.99267578125,588.99267578125,588.99267578125,588.99267578125,588.99267578125,588.99267578125,588.99267578125,588.99267578125,NA,NA,NA,NA,NA,NA,NA,NA,NA,NA,NA,NA,NA,NA,NA,NA,NA,NA,NA,NA,NA,NA
"WRD 20-9 C_66.0_305.0",588.99267578125,588.99267578125,588.99267578125,588.99267578125,588.99267578125,588.99267578125,588.99267578125,588.99267578125,588.99267578125,588.99267578125,NA,NA,NA,NA,NA,NA,NA,NA,NA,NA,NA,NA,NA,NA,NA,NA,NA,NA,NA,NA,NA,NA
"WRD 20-9 C_66.0_306.0",588.99267578125,588.99267578125,588.99267578125,588.99267578125,588.99267578125,588.99267578125,588.99267578125,588.99267578125,588.99267578125,588.99267578125,NA,NA,NA,NA,NA,NA,NA,NA,NA,NA,NA,NA,NA,NA,NA,NA,NA,NA,NA,NA,NA,NA
"WRD 20-9 C_66.0_307.0",588.99267578125,588.99267578125,588.99267578125,588.99267578125,588.99267578125,588.99267578125,588.99267578125,588.99267578125,588.99267578125,588.99267578125,NA,NA,NA,NA,NA,NA,NA,NA,NA,NA,NA,NA,NA,NA,NA,NA,NA,NA,NA,NA,NA,NA
"WRD 20-9 C_66.0_308.0",588.99267578125,588.99267578125,588.99267578125,588.99267578125,588.99267578125,588.99267578125,588.99267578125,588.99267578125,588.99267578125,588.99267578125,NA,NA,NA,NA,NA,NA,NA,NA,NA,NA,NA,NA,NA,NA,NA,NA,NA,NA,NA,NA,NA,NA
"WRD 20-9 C_66.0_309.0",588.99267578125,588.99267578125,588.99267578125,588.99267578125,588.99267578125,588.99267578125,588.99267578125,588.99267578125,588.99267578125,588.99267578125,NA,NA,NA,NA,NA,NA,NA,NA,NA,NA,NA,NA,NA,NA,NA,NA,NA,NA,NA,NA,NA,NA
"WRD 20-9 C_66.0_310.0",588.99267578125,588.99267578125,588.99267578125,588.99267578125,588.99267578125,588.99267578125,588.99267578125,588.99267578125,588.99267578125,588.99267578125,NA,NA,NA,NA,NA,NA,NA,NA,NA,NA,NA,NA,NA,NA,NA,NA,NA,NA,NA,NA,NA,NA
"WRD 20-9 C_66.0_312.0",588.99267578125,588.99267578125,588.99267578125,588.99267578125,588.99267578125,588.99267578125,588.99267578125,588.99267578125,588.99267578125,588.99267578125,NA,NA,NA,NA,NA,NA,NA,NA,NA,NA,NA,NA,NA,NA,NA,NA,NA,NA,NA,NA,NA,NA
"WRD 20-9 C_66.0_313.0",588.99267578125,588.99267578125,588.99267578125,588.99267578125,588.99267578125,588.99267578125,588.99267578125,588.99267578125,588.99267578125,588.99267578125,NA,NA,NA,NA,NA,NA,NA,NA,NA,NA,NA,NA,NA,NA,NA,NA,NA,NA,NA,NA,NA,NA
"WRD 20-9 C_66.0_314.0",588.99267578125,588.99267578125,588.99267578125,588.99267578125,588.99267578125,588.99267578125,588.99267578125,588.99267578125,588.99267578125,588.99267578125,NA,NA,NA,NA,NA,NA,NA,NA,NA,NA,NA,NA,NA,NA,NA,NA,NA,NA,NA,NA,NA,NA
"WRD 20-9 C_66.0_315.0",588.99267578125,588.99267578125,588.99267578125,588.99267578125,588.99267578125,588.99267578125,588.99267578125,588.99267578125,588.99267578125,588.99267578125,NA,NA,NA,NA,NA,NA,NA,NA,NA,NA,NA,NA,NA,NA,NA,NA,NA,NA,NA,NA,NA,NA
"WRD 20-9 C_66.0_316.0",588.99267578125,588.99267578125,588.99267578125,588.99267578125,588.99267578125,588.99267578125,588.99267578125,588.99267578125,588.99267578125,588.99267578125,NA,NA,NA,NA,NA,NA,NA,NA,NA,NA,NA,NA,NA,NA,NA,NA,NA,NA,NA,NA,NA,NA
"WRD 20-9 C_66.0_318.0",588.99267578125,588.99267578125,588.99267578125,588.99267578125,588.99267578125,588.99267578125,588.99267578125,588.99267578125,588.99267578125,588.99267578125,NA,NA,NA,NA,NA,NA,NA,NA,NA,NA,NA,NA,NA,NA,NA,NA,NA,NA,NA,NA,NA,NA
"WRD 20-9 C_66.0_319.0",588.99267578125,588.99267578125,588.99267578125,588.99267578125,588.99267578125,588.99267578125,588.99267578125,588.99267578125,588.99267578125,588.99267578125,NA,NA,NA,NA,NA,NA,NA,NA,NA,NA,NA,NA,NA,NA,NA,NA,NA,NA,NA,NA,NA,NA
"WRD 20-9 C_66.0_320.0",588.99267578125,588.99267578125,588.99267578125,588.99267578125,588.99267578125,588.99267578125,588.99267578125,588.99267578125,588.99267578125,588.99267578125,NA,NA,NA,NA,NA,NA,NA,NA,NA,NA,NA,NA,NA,NA,NA,NA,NA,NA,NA,NA,NA,NA
"WRD 20-9 C_66.0_321.0",588.99267578125,588.99267578125,588.99267578125,588.99267578125,588.99267578125,588.99267578125,588.99267578125,588.99267578125,588.99267578125,588.99267578125,NA,NA,NA,NA,NA,NA,NA,NA,NA,NA,NA,NA,NA,NA,NA,NA,NA,NA,NA,NA,NA,NA
"WRD 20-9 C_66.0_323.0",588.99267578125,588.99267578125,588.99267578125,588.99267578125,588.99267578125,588.99267578125,588.99267578125,588.99267578125,588.99267578125,588.99267578125,NA,NA,NA,NA,NA,NA,NA,NA,NA,NA,NA,NA,NA,NA,NA,NA,NA,NA,NA,NA,NA,NA
"WRD 20-9 C_66.0_692.0",588.99267578125,588.99267578125,588.99267578125,588.99267578125,588.99267578125,588.99267578125,588.99267578125,588.99267578125,588.99267578125,588.99267578125,NA,NA,NA,NA,NA,NA,NA,NA,NA,NA,NA,NA,NA,NA,NA,NA,NA,NA,NA,NA,NA,NA
"WRD 20-9 C_66.0_696.0",588.99267578125,588.99267578125,588.99267578125,588.99267578125,588.99267578125,588.99267578125,588.99267578125,588.99267578125,588.99267578125,588.99267578125,NA,NA,NA,NA,NA,NA,NA,NA,NA,NA,NA,NA,NA,NA,NA,NA,NA,NA,NA,NA,NA,NA
"WRD 20-9 C_66.0_699.0",588.99267578125,588.99267578125,588.99267578125,588.99267578125,588.99267578125,588.99267578125,588.99267578125,588.99267578125,588.99267578125,588.99267578125,NA,NA,NA,NA,NA,NA,NA,NA,NA,NA,NA,NA,NA,NA,NA,NA,NA,NA,NA,NA,NA,NA
"WRD 20-9 C_66.0_700.0",588.99267578125,588.99267578125,588.99267578125,588.99267578125,588.99267578125,588.99267578125,588.99267578125,588.99267578125,588.99267578125,588.99267578125,NA,NA,NA,NA,NA,NA,NA,NA,NA,NA,NA,NA,NA,NA,NA,NA,NA,NA,NA,NA,NA,NA
"WRD 20-9 C_66.0_763.0",588.99267578125,588.99267578125,588.99267578125,588.99267578125,588.99267578125,588.99267578125,588.99267578125,588.99267578125,588.99267578125,588.99267578125,NA,NA,NA,NA,NA,NA,NA,NA,NA,NA,NA,NA,NA,NA,NA,NA,NA,NA,NA,NA,NA,NA
"WRD 20-9 C_66.0_764.0",588.99267578125,588.99267578125,588.99267578125,588.99267578125,588.99267578125,588.99267578125,588.99267578125,588.99267578125,588.99267578125,588.99267578125,NA,NA,NA,NA,NA,NA,NA,NA,NA,NA,NA,NA,NA,NA,NA,NA,NA,NA,NA,NA,NA,NA
"WRD 20-9 C_66.0_765.0",588.99267578125,588.99267578125,588.99267578125,588.99267578125,588.99267578125,588.99267578125,588.99267578125,588.99267578125,588.99267578125,588.99267578125,NA,NA,NA,NA,NA,NA,NA,NA,NA,NA,NA,NA,NA,NA,NA,NA,NA,NA,NA,NA,NA,NA
"WRD 20-9 C_66.0_766.0",588.99267578125,588.99267578125,588.99267578125,588.99267578125,588.99267578125,588.99267578125,588.99267578125,588.99267578125,588.99267578125,588.99267578125,NA,NA,NA,NA,NA,NA,NA,NA,NA,NA,NA,NA,NA,NA,NA,NA,NA,NA,NA,NA,NA,NA
"WRD 20-9 C_66.0_767.0",588.99267578125,588.99267578125,588.99267578125,588.99267578125,588.99267578125,588.99267578125,588.99267578125,588.99267578125,588.99267578125,588.99267578125,NA,NA,NA,NA,NA,NA,NA,NA,NA,NA,NA,NA,NA,NA,NA,NA,NA,NA,NA,NA,NA,NA
"WRD 20-9 C_66.0_768.0",588.99267578125,588.99267578125,588.99267578125,588.99267578125,588.99267578125,588.99267578125,588.99267578125,588.99267578125,588.99267578125,588.99267578125,NA,NA,NA,NA,NA,NA,NA,NA,NA,NA,NA,NA,NA,NA,NA,NA,NA,NA,NA,NA,NA,NA
"WRD 20-9 C_66.0_770.0",588.99267578125,588.99267578125,588.99267578125,588.99267578125,588.99267578125,588.99267578125,588.99267578125,588.99267578125,588.99267578125,588.99267578125,NA,NA,NA,NA,NA,NA,NA,NA,NA,NA,NA,NA,NA,NA,NA,NA,NA,NA,NA,NA,NA,NA
"WRD 20-9 C_66.0_771.0",588.99267578125,588.99267578125,588.99267578125,588.99267578125,588.99267578125,588.99267578125,588.99267578125,588.99267578125,588.99267578125,588.99267578125,NA,NA,NA,NA,NA,NA,NA,NA,NA,NA,NA,NA,NA,NA,NA,NA,NA,NA,NA,NA,NA,NA
"WRD 20-9 C_66.0_772.0",588.99267578125,588.99267578125,588.99267578125,588.99267578125,588.99267578125,588.99267578125,588.99267578125,588.99267578125,588.99267578125,588.99267578125,NA,NA,NA,NA,NA,NA,NA,NA,NA,NA,NA,NA,NA,NA,NA,NA,NA,NA,NA,NA,NA,NA
"WRD 20-9 C_66.0_773.0",588.99267578125,588.99267578125,588.99267578125,588.99267578125,588.99267578125,588.99267578125,588.99267578125,588.99267578125,588.99267578125,588.99267578125,NA,NA,NA,NA,NA,NA,NA,NA,NA,NA,NA,NA,NA,NA,NA,NA,NA,NA,NA,NA,NA,NA
"WRD 20-9 C_66.0_774.0",588.99267578125,588.99267578125,588.99267578125,588.99267578125,588.99267578125,588.99267578125,588.99267578125,588.99267578125,588.99267578125,588.99267578125,NA,NA,NA,NA,NA,NA,NA,NA,NA,NA,NA,NA,NA,NA,NA,NA,NA,NA,NA,NA,NA,NA
"WRD 20-9 C_66.0_775.0",588.99267578125,588.99267578125,588.99267578125,588.99267578125,588.99267578125,588.99267578125,588.99267578125,588.99267578125,588.99267578125,588.99267578125,NA,NA,NA,NA,NA,NA,NA,NA,NA,NA,NA,NA,NA,NA,NA,NA,NA,NA,NA,NA,NA,NA
"WRD 20-9 C_66.0_776.0",588.99267578125,588.99267578125,588.99267578125,588.99267578125,588.99267578125,588.99267578125,588.99267578125,588.99267578125,588.99267578125,588.99267578125,NA,NA,NA,NA,NA,NA,NA,NA,NA,NA,NA,NA,NA,NA,NA,NA,NA,NA,NA,NA,NA,NA
"WRD 20-9 C_66.0_777.0",588.99267578125,588.99267578125,588.99267578125,588.99267578125,588.99267578125,588.99267578125,588.99267578125,588.99267578125,588.99267578125,588.99267578125,NA,NA,NA,NA,NA,NA,NA,NA,NA,NA,NA,NA,NA,NA,NA,NA,NA,NA,NA,NA,NA,NA
"WRD 20-9 C_66.0_778.0",588.99267578125,588.99267578125,588.99267578125,588.99267578125,588.99267578125,588.99267578125,588.99267578125,588.99267578125,588.99267578125,588.99267578125,NA,NA,NA,NA,NA,NA,NA,NA,NA,NA,NA,NA,NA,NA,NA,NA,NA,NA,NA,NA,NA,NA
"WRD 20-9 C_66.0_779.0",588.99267578125,588.99267578125,588.99267578125,588.99267578125,588.99267578125,588.99267578125,588.99267578125,588.99267578125,588.99267578125,588.99267578125,NA,NA,NA,NA,NA,NA,NA,NA,NA,NA,NA,NA,NA,NA,NA,NA,NA,NA,NA,NA,NA,NA
"WRD 20-9 C_66.0_781.0",588.99267578125,588.99267578125,588.99267578125,588.99267578125,588.99267578125,588.99267578125,588.99267578125,588.99267578125,588.99267578125,588.99267578125,NA,NA,NA,NA,NA,NA,NA,NA,NA,NA,NA,NA,NA,NA,NA,NA,NA,NA,NA,NA,NA,NA
"WRD 20-9 C_66.0_782.0",588.99267578125,588.99267578125,588.99267578125,588.99267578125,588.99267578125,588.99267578125,588.99267578125,588.99267578125,588.99267578125,588.99267578125,NA,NA,NA,NA,NA,NA,NA,NA,NA,NA,NA,NA,NA,NA,NA,NA,NA,NA,NA,NA,NA,NA
"WRD 20-9 C_66.0_783.0",588.99267578125,588.99267578125,588.99267578125,588.99267578125,588.99267578125,588.99267578125,588.99267578125,588.99267578125,588.99267578125,588.99267578125,NA,NA,NA,NA,NA,NA,NA,NA,NA,NA,NA,NA,NA,NA,NA,NA,NA,NA,NA,NA,NA,NA
"WRD 20-9 C_66.0_784.0",588.99267578125,588.99267578125,588.99267578125,588.99267578125,588.99267578125,588.99267578125,588.99267578125,588.99267578125,588.99267578125,588.99267578125,NA,NA,NA,NA,NA,NA,NA,NA,NA,NA,NA,NA,NA,NA,NA,NA,NA,NA,NA,NA,NA,NA
"WRD 20-9 C_66.0_787.0",588.99267578125,588.99267578125,588.99267578125,588.99267578125,588.99267578125,588.99267578125,588.99267578125,588.99267578125,588.99267578125,588.99267578125,NA,NA,NA,NA,NA,NA,NA,NA,NA,NA,NA,NA,NA,NA,NA,NA,NA,NA,NA,NA,NA,NA
"WRD 20-9 C_66.0_788.0",588.99267578125,588.99267578125,588.99267578125,588.99267578125,588.99267578125,588.99267578125,588.99267578125,588.99267578125,588.99267578125,588.99267578125,NA,NA,NA,NA,NA,NA,NA,NA,NA,NA,NA,NA,NA,NA,NA,NA,NA,NA,NA,NA,NA,NA
"WRD 20-9 C_66.0_790.0",588.99267578125,588.99267578125,588.99267578125,588.99267578125,588.99267578125,588.99267578125,588.99267578125,588.99267578125,588.99267578125,588.99267578125,NA,NA,NA,NA,NA,NA,NA,NA,NA,NA,NA,NA,NA,NA,NA,NA,NA,NA,NA,NA,NA,NA
"WRD 20-9 C_66.0_792.0",588.99267578125,588.99267578125,588.99267578125,588.99267578125,588.99267578125,588.99267578125,588.99267578125,588.99267578125,588.99267578125,588.99267578125,NA,NA,NA,NA,NA,NA,NA,NA,NA,NA,NA,NA,NA,NA,NA,NA,NA,NA,NA,NA,NA,NA
"WRD 20-9 C_66.0_793.0",588.99267578125,588.99267578125,588.99267578125,588.99267578125,588.99267578125,588.99267578125,588.99267578125,588.99267578125,588.99267578125,588.99267578125,NA,NA,NA,NA,NA,NA,NA,NA,NA,NA,NA,NA,NA,NA,NA,NA,NA,NA,NA,NA,NA,NA
"WRD 20-9 C_66.0_794.0",588.99267578125,588.99267578125,588.99267578125,588.99267578125,588.99267578125,588.99267578125,588.99267578125,588.99267578125,588.99267578125,588.99267578125,NA,NA,NA,NA,NA,NA,NA,NA,NA,NA,NA,NA,NA,NA,NA,NA,NA,NA,NA,NA,NA,NA
"WRD 20-9 C_66.0_795.0",588.99267578125,588.99267578125,588.99267578125,588.99267578125,588.99267578125,588.99267578125,588.99267578125,588.99267578125,588.99267578125,588.99267578125,NA,NA,NA,NA,NA,NA,NA,NA,NA,NA,NA,NA,NA,NA,NA,NA,NA,NA,NA,NA,NA,NA
"WRD 20-9 C_66.0_796.0",588.99267578125,588.99267578125,588.99267578125,588.99267578125,588.99267578125,588.99267578125,588.99267578125,588.99267578125,588.99267578125,588.99267578125,NA,NA,NA,NA,NA,NA,NA,NA,NA,NA,NA,NA,NA,NA,NA,NA,NA,NA,NA,NA,NA,NA
"WRD 20-9 C_66.0_797.0",588.99267578125,588.99267578125,588.99267578125,588.99267578125,588.99267578125,588.99267578125,588.99267578125,588.99267578125,588.99267578125,588.99267578125,NA,NA,NA,NA,NA,NA,NA,NA,NA,NA,NA,NA,NA,NA,NA,NA,NA,NA,NA,NA,NA,NA
"WRD 20-9 C_66.0_798.0",588.99267578125,588.99267578125,588.99267578125,588.99267578125,588.99267578125,588.99267578125,588.99267578125,588.99267578125,588.99267578125,588.99267578125,NA,NA,NA,NA,NA,NA,NA,NA,NA,NA,NA,NA,NA,NA,NA,NA,NA,NA,NA,NA,NA,NA
"WRD 20-9 C_66.0_800.0",588.99267578125,588.99267578125,588.99267578125,588.99267578125,588.99267578125,588.99267578125,588.99267578125,588.99267578125,588.99267578125,588.99267578125,NA,NA,NA,NA,NA,NA,NA,NA,NA,NA,NA,NA,NA,NA,NA,NA,NA,NA,NA,NA,NA,NA
"WRD 20-9 T_18.0_388.0",588.99267578125,588.99267578125,588.99267578125,588.99267578125,588.99267578125,588.99267578125,588.99267578125,588.99267578125,588.99267578125,588.99267578125,NA,NA,NA,NA,NA,NA,NA,NA,NA,NA,NA,NA,NA,NA,NA,NA,NA,NA,NA,NA,NA,NA
"WRD 20-9 T_18.0_390.0",588.99267578125,588.99267578125,588.99267578125,588.99267578125,588.99267578125,588.99267578125,588.99267578125,588.99267578125,588.99267578125,588.99267578125,NA,NA,NA,NA,NA,NA,NA,NA,NA,NA,NA,NA,NA,NA,NA,NA,NA,NA,NA,NA,NA,NA
"WRD 20-9 T_18.0_402.0",588.99267578125,588.99267578125,588.99267578125,588.99267578125,588.99267578125,588.99267578125,588.99267578125,588.99267578125,588.99267578125,588.99267578125,NA,NA,NA,NA,NA,NA,NA,NA,NA,NA,NA,NA,NA,NA,NA,NA,NA,NA,NA,NA,NA,NA
"WRD 20-9 T_18.0_413.0",588.99267578125,588.99267578125,588.99267578125,588.99267578125,588.99267578125,588.99267578125,588.99267578125,588.99267578125,588.99267578125,588.99267578125,NA,NA,NA,NA,NA,NA,NA,NA,NA,NA,NA,NA,NA,NA,NA,NA,NA,NA,NA,NA,NA,NA
"WRD 20-9 T_18.0_416.0",588.99267578125,588.99267578125,588.99267578125,588.99267578125,588.99267578125,588.99267578125,588.99267578125,588.99267578125,588.99267578125,588.99267578125,NA,NA,NA,NA,NA,NA,NA,NA,NA,NA,NA,NA,NA,NA,NA,NA,NA,NA,NA,NA,NA,NA
"WRD 20-9 T_18.0_418.0",588.99267578125,588.99267578125,588.99267578125,588.99267578125,588.99267578125,588.99267578125,588.99267578125,588.99267578125,588.99267578125,588.99267578125,NA,NA,NA,NA,NA,NA,NA,NA,NA,NA,NA,NA,NA,NA,NA,NA,NA,NA,NA,NA,NA,NA
"WRD 20-9 T_18.0_422.0",588.99267578125,588.99267578125,588.99267578125,588.99267578125,588.99267578125,588.99267578125,588.99267578125,588.99267578125,588.99267578125,588.99267578125,NA,NA,NA,NA,NA,NA,NA,NA,NA,NA,NA,NA,NA,NA,NA,NA,NA,NA,NA,NA,NA,NA
"WRD 20-9 T_18.0_425.0",588.99267578125,588.99267578125,588.99267578125,588.99267578125,588.99267578125,588.99267578125,588.99267578125,588.99267578125,588.99267578125,588.99267578125,NA,NA,NA,NA,NA,NA,NA,NA,NA,NA,NA,NA,NA,NA,NA,NA,NA,NA,NA,NA,NA,NA
"WRD 20-9 T_18.0_443.0",588.99267578125,588.99267578125,588.99267578125,588.99267578125,588.99267578125,588.99267578125,588.99267578125,588.99267578125,588.99267578125,588.99267578125,NA,NA,NA,NA,NA,NA,NA,NA,NA,NA,NA,NA,NA,NA,NA,NA,NA,NA,NA,NA,NA,NA
"WRD 20-9 T_18.0_446.0",588.99267578125,588.99267578125,588.99267578125,588.99267578125,588.99267578125,588.99267578125,588.99267578125,588.99267578125,588.99267578125,588.99267578125,NA,NA,NA,NA,NA,NA,NA,NA,NA,NA,NA,NA,NA,NA,NA,NA,NA,NA,NA,NA,NA,NA
"WRD 20-9 T_19.0_450.0",588.99267578125,588.99267578125,588.99267578125,588.99267578125,588.99267578125,588.99267578125,588.99267578125,588.99267578125,588.99267578125,588.99267578125,NA,NA,NA,NA,NA,NA,NA,NA,NA,NA,NA,NA,NA,NA,NA,NA,NA,NA,NA,NA,NA,NA
"WRD 20-9 T_19.0_452.0",588.99267578125,588.99267578125,588.99267578125,588.99267578125,588.99267578125,588.99267578125,588.99267578125,588.99267578125,588.99267578125,588.99267578125,NA,NA,NA,NA,NA,NA,NA,NA,NA,NA,NA,NA,NA,NA,NA,NA,NA,NA,NA,NA,NA,NA
"WRD 20-9 T_19.0_455.0",588.99267578125,588.99267578125,588.99267578125,588.99267578125,588.99267578125,588.99267578125,588.99267578125,588.99267578125,588.99267578125,588.99267578125,NA,NA,NA,NA,NA,NA,NA,NA,NA,NA,NA,NA,NA,NA,NA,NA,NA,NA,NA,NA,NA,NA
"WRD 20-9 T_19.0_461.0",588.99267578125,588.99267578125,588.99267578125,588.99267578125,588.99267578125,588.99267578125,588.99267578125,588.99267578125,588.99267578125,588.99267578125,NA,NA,NA,NA,NA,NA,NA,NA,NA,NA,NA,NA,NA,NA,NA,NA,NA,NA,NA,NA,NA,NA
"WRD 20-9 T_19.0_464.0",588.99267578125,588.99267578125,588.99267578125,588.99267578125,588.99267578125,588.99267578125,588.99267578125,588.99267578125,588.99267578125,588.99267578125,NA,NA,NA,NA,NA,NA,NA,NA,NA,NA,NA,NA,NA,NA,NA,NA,NA,NA,NA,NA,NA,NA
"WRD 20-9 T_19.0_469.0",588.99267578125,588.99267578125,588.99267578125,588.99267578125,588.99267578125,588.99267578125,588.99267578125,588.99267578125,588.99267578125,588.99267578125,NA,NA,NA,NA,NA,NA,NA,NA,NA,NA,NA,NA,NA,NA,NA,NA,NA,NA,NA,NA,NA,NA
"WRD 20-9 T_19.0_471.0",588.99267578125,588.99267578125,588.99267578125,588.99267578125,588.99267578125,588.99267578125,588.99267578125,588.99267578125,588.99267578125,588.99267578125,NA,NA,NA,NA,NA,NA,NA,NA,NA,NA,NA,NA,NA,NA,NA,NA,NA,NA,NA,NA,NA,NA
"WRD 20-9 T_19.0_472.0",588.99267578125,588.99267578125,588.99267578125,588.99267578125,588.99267578125,588.99267578125,588.99267578125,588.99267578125,588.99267578125,588.99267578125,NA,NA,NA,NA,NA,NA,NA,NA,NA,NA,NA,NA,NA,NA,NA,NA,NA,NA,NA,NA,NA,NA
"WRD 20-9 T_19.0_480.0",588.99267578125,588.99267578125,588.99267578125,588.99267578125,588.99267578125,588.99267578125,588.99267578125,588.99267578125,588.99267578125,588.99267578125,NA,NA,NA,NA,NA,NA,NA,NA,NA,NA,NA,NA,NA,NA,NA,NA,NA,NA,NA,NA,NA,NA
"WRD 20-9 T_19.0_481.0",588.99267578125,588.99267578125,588.99267578125,588.99267578125,588.99267578125,588.99267578125,588.99267578125,588.99267578125,588.99267578125,588.99267578125,NA,NA,NA,NA,NA,NA,NA,NA,NA,NA,NA,NA,NA,NA,NA,NA,NA,NA,NA,NA,NA,NA
"WRD 20-9 T_19.0_484.0",588.99267578125,588.99267578125,588.99267578125,588.99267578125,588.99267578125,588.99267578125,588.99267578125,588.99267578125,588.99267578125,588.99267578125,NA,NA,NA,NA,NA,NA,NA,NA,NA,NA,NA,NA,NA,NA,NA,NA,NA,NA,NA,NA,NA,NA
"WRD 20-9 T_19.0_92.0",588.99267578125,588.99267578125,588.99267578125,588.99267578125,588.99267578125,588.99267578125,588.99267578125,588.99267578125,588.99267578125,588.99267578125,NA,NA,NA,NA,NA,NA,NA,NA,NA,NA,NA,NA,NA,NA,NA,NA,NA,NA,NA,NA,NA,NA
"WRD 20-9 T_20.0_2.0",588.99267578125,588.99267578125,588.99267578125,588.99267578125,588.99267578125,588.99267578125,588.99267578125,588.99267578125,588.99267578125,588.99267578125,NA,NA,NA,NA,NA,NA,NA,NA,NA,NA,NA,NA,NA,NA,NA,NA,NA,NA,NA,NA,NA,NA
"WRD 20-9 T_20.0_4.0",588.99267578125,588.99267578125,588.99267578125,588.99267578125,588.99267578125,588.99267578125,588.99267578125,588.99267578125,588.99267578125,588.99267578125,NA,NA,NA,NA,NA,NA,NA,NA,NA,NA,NA,NA,NA,NA,NA,NA,NA,NA,NA,NA,NA,NA
"WRD 20-9 T_20.0_486.0",588.99267578125,588.99267578125,588.99267578125,588.99267578125,588.99267578125,588.99267578125,588.99267578125,588.99267578125,588.99267578125,588.99267578125,NA,NA,NA,NA,NA,NA,NA,NA,NA,NA,NA,NA,NA,NA,NA,NA,NA,NA,NA,NA,NA,NA
"WRD 20-9 T_20.0_487.0",588.99267578125,588.99267578125,588.99267578125,588.99267578125,588.99267578125,588.99267578125,588.99267578125,588.99267578125,588.99267578125,588.99267578125,NA,NA,NA,NA,NA,NA,NA,NA,NA,NA,NA,NA,NA,NA,NA,NA,NA,NA,NA,NA,NA,NA
"WRD 20-9 T_20.0_490.0",588.99267578125,588.99267578125,588.99267578125,588.99267578125,588.99267578125,588.99267578125,588.99267578125,588.99267578125,588.99267578125,588.99267578125,NA,NA,NA,NA,NA,NA,NA,NA,NA,NA,NA,NA,NA,NA,NA,NA,NA,NA,NA,NA,NA,NA
"WRD 20-9 T_20.0_493.0",588.99267578125,588.99267578125,588.99267578125,588.99267578125,588.99267578125,588.99267578125,588.99267578125,588.99267578125,588.99267578125,588.99267578125,NA,NA,NA,NA,NA,NA,NA,NA,NA,NA,NA,NA,NA,NA,NA,NA,NA,NA,NA,NA,NA,NA
"WRD 20-9 T_20.0_497.0",588.99267578125,588.99267578125,588.99267578125,588.99267578125,588.99267578125,588.99267578125,588.99267578125,588.99267578125,588.99267578125,588.99267578125,NA,NA,NA,NA,NA,NA,NA,NA,NA,NA,NA,NA,NA,NA,NA,NA,NA,NA,NA,NA,NA,NA
"WRD 20-9 T_20.0_825.0",588.99267578125,588.99267578125,588.99267578125,588.99267578125,588.99267578125,588.99267578125,588.99267578125,588.99267578125,588.99267578125,588.99267578125,NA,NA,NA,NA,NA,NA,NA,NA,NA,NA,NA,NA,NA,NA,NA,NA,NA,NA,NA,NA,NA,NA
"WRD 20-9 T_20.0_827.0",588.99267578125,588.99267578125,588.99267578125,588.99267578125,588.99267578125,588.99267578125,588.99267578125,588.99267578125,588.99267578125,588.99267578125,NA,NA,NA,NA,NA,NA,NA,NA,NA,NA,NA,NA,NA,NA,NA,NA,NA,NA,NA,NA,NA,NA
"WRD 20-9 T_20.0_832.0",588.99267578125,588.99267578125,588.99267578125,588.99267578125,588.99267578125,588.99267578125,588.99267578125,588.99267578125,588.99267578125,588.99267578125,NA,NA,NA,NA,NA,NA,NA,NA,NA,NA,NA,NA,NA,NA,NA,NA,NA,NA,NA,NA,NA,NA
"WRD 20-9 T_20.0_833.0",588.99267578125,588.99267578125,588.99267578125,588.99267578125,588.99267578125,588.99267578125,588.99267578125,588.99267578125,588.99267578125,588.99267578125,NA,NA,NA,NA,NA,NA,NA,NA,NA,NA,NA,NA,NA,NA,NA,NA,NA,NA,NA,NA,NA,NA
"WRD 20-9 T_20.0_843.0",588.99267578125,588.99267578125,588.99267578125,588.99267578125,588.99267578125,588.99267578125,588.99267578125,588.99267578125,588.99267578125,588.99267578125,NA,NA,NA,NA,NA,NA,NA,NA,NA,NA,NA,NA,NA,NA,NA,NA,NA,NA,NA,NA,NA,NA
"WRD 20-9 T_20.0_844.0",588.99267578125,588.99267578125,588.99267578125,588.99267578125,588.99267578125,588.99267578125,588.99267578125,588.99267578125,588.99267578125,588.99267578125,NA,NA,NA,NA,NA,NA,NA,NA,NA,NA,NA,NA,NA,NA,NA,NA,NA,NA,NA,NA,NA,NA
"WRD 20-9 T_20.0_845.0",588.99267578125,588.99267578125,588.99267578125,588.99267578125,588.99267578125,588.99267578125,588.99267578125,588.99267578125,588.99267578125,588.99267578125,NA,NA,NA,NA,NA,NA,NA,NA,NA,NA,NA,NA,NA,NA,NA,NA,NA,NA,NA,NA,NA,NA
"WRD 20-9 T_21.0_10.0",588.99267578125,588.99267578125,588.99267578125,588.99267578125,588.99267578125,588.99267578125,588.99267578125,588.99267578125,588.99267578125,588.99267578125,NA,NA,NA,NA,NA,NA,NA,NA,NA,NA,NA,NA,NA,NA,NA,NA,NA,NA,NA,NA,NA,NA
"WRD 20-9 T_21.0_13.0",588.99267578125,588.99267578125,588.99267578125,588.99267578125,588.99267578125,588.99267578125,588.99267578125,588.99267578125,588.99267578125,588.99267578125,NA,NA,NA,NA,NA,NA,NA,NA,NA,NA,NA,NA,NA,NA,NA,NA,NA,NA,NA,NA,NA,NA
"WRD 20-9 T_21.0_17.0",588.99267578125,588.99267578125,588.99267578125,588.99267578125,588.99267578125,588.99267578125,588.99267578125,588.99267578125,588.99267578125,588.99267578125,NA,NA,NA,NA,NA,NA,NA,NA,NA,NA,NA,NA,NA,NA,NA,NA,NA,NA,NA,NA,NA,NA
"WRD 20-9 T_21.0_18.0",588.99267578125,588.99267578125,588.99267578125,588.99267578125,588.99267578125,588.99267578125,588.99267578125,588.99267578125,588.99267578125,588.99267578125,NA,NA,NA,NA,NA,NA,NA,NA,NA,NA,NA,NA,NA,NA,NA,NA,NA,NA,NA,NA,NA,NA
"WRD 20-9 T_21.0_23.0",588.99267578125,588.99267578125,588.99267578125,588.99267578125,588.99267578125,588.99267578125,588.99267578125,588.99267578125,588.99267578125,588.99267578125,NA,NA,NA,NA,NA,NA,NA,NA,NA,NA,NA,NA,NA,NA,NA,NA,NA,NA,NA,NA,NA,NA
"WRD 20-9 T_21.0_24.0",588.99267578125,588.99267578125,588.99267578125,588.99267578125,588.99267578125,588.99267578125,588.99267578125,588.99267578125,588.99267578125,588.99267578125,NA,NA,NA,NA,NA,NA,NA,NA,NA,NA,NA,NA,NA,NA,NA,NA,NA,NA,NA,NA,NA,NA
"WRD 20-9 T_21.0_26.0",588.99267578125,588.99267578125,588.99267578125,588.99267578125,588.99267578125,588.99267578125,588.99267578125,588.99267578125,588.99267578125,588.99267578125,NA,NA,NA,NA,NA,NA,NA,NA,NA,NA,NA,NA,NA,NA,NA,NA,NA,NA,NA,NA,NA,NA
"WRD 20-9 T_21.0_27.0",588.99267578125,588.99267578125,588.99267578125,588.99267578125,588.99267578125,588.99267578125,588.99267578125,588.99267578125,588.99267578125,588.99267578125,NA,NA,NA,NA,NA,NA,NA,NA,NA,NA,NA,NA,NA,NA,NA,NA,NA,NA,NA,NA,NA,NA
"WRD 20-9 T_21.0_31.0",588.99267578125,588.99267578125,588.99267578125,588.99267578125,588.99267578125,588.99267578125,588.99267578125,588.99267578125,588.99267578125,588.99267578125,NA,NA,NA,NA,NA,NA,NA,NA,NA,NA,NA,NA,NA,NA,NA,NA,NA,NA,NA,NA,NA,NA
"WRD 20-9 T_21.0_42.0",588.99267578125,588.99267578125,588.99267578125,588.99267578125,588.99267578125,588.99267578125,588.99267578125,588.99267578125,588.99267578125,588.99267578125,NA,NA,NA,NA,NA,NA,NA,NA,NA,NA,NA,NA,NA,NA,NA,NA,NA,NA,NA,NA,NA,NA
"WRD 20-9 T_21.0_57.0",588.99267578125,588.99267578125,588.99267578125,588.99267578125,588.99267578125,588.99267578125,588.99267578125,588.99267578125,588.99267578125,588.99267578125,NA,NA,NA,NA,NA,NA,NA,NA,NA,NA,NA,NA,NA,NA,NA,NA,NA,NA,NA,NA,NA,NA
"WRD 20-9 T_21.0_60.0",588.99267578125,588.99267578125,588.99267578125,588.99267578125,588.99267578125,588.99267578125,588.99267578125,588.99267578125,588.99267578125,588.99267578125,NA,NA,NA,NA,NA,NA,NA,NA,NA,NA,NA,NA,NA,NA,NA,NA,NA,NA,NA,NA,NA,NA
"WRD 20-9 T_21.0_63.0",588.99267578125,588.99267578125,588.99267578125,588.99267578125,588.99267578125,588.99267578125,588.99267578125,588.99267578125,588.99267578125,588.99267578125,NA,NA,NA,NA,NA,NA,NA,NA,NA,NA,NA,NA,NA,NA,NA,NA,NA,NA,NA,NA,NA,NA
"WRD 20-9 T_21.0_8.0",588.99267578125,588.99267578125,588.99267578125,588.99267578125,588.99267578125,588.99267578125,588.99267578125,588.99267578125,588.99267578125,588.99267578125,NA,NA,NA,NA,NA,NA,NA,NA,NA,NA,NA,NA,NA,NA,NA,NA,NA,NA,NA,NA,NA,NA
"WRD 20-9 T_22.0_102.0",588.99267578125,588.99267578125,588.99267578125,588.99267578125,588.99267578125,588.99267578125,588.99267578125,588.99267578125,588.99267578125,588.99267578125,NA,NA,NA,NA,NA,NA,NA,NA,NA,NA,NA,NA,NA,NA,NA,NA,NA,NA,NA,NA,NA,NA
"WRD 20-9 T_22.0_103.0",588.99267578125,588.99267578125,588.99267578125,588.99267578125,588.99267578125,588.99267578125,588.99267578125,588.99267578125,588.99267578125,588.99267578125,NA,NA,NA,NA,NA,NA,NA,NA,NA,NA,NA,NA,NA,NA,NA,NA,NA,NA,NA,NA,NA,NA
"WRD 20-9 T_22.0_111.0",588.99267578125,588.99267578125,588.99267578125,588.99267578125,588.99267578125,588.99267578125,588.99267578125,588.99267578125,588.99267578125,588.99267578125,NA,NA,NA,NA,NA,NA,NA,NA,NA,NA,NA,NA,NA,NA,NA,NA,NA,NA,NA,NA,NA,NA
"WRD 20-9 T_22.0_115.0",588.99267578125,588.99267578125,588.99267578125,588.99267578125,588.99267578125,588.99267578125,588.99267578125,588.99267578125,588.99267578125,588.99267578125,NA,NA,NA,NA,NA,NA,NA,NA,NA,NA,NA,NA,NA,NA,NA,NA,NA,NA,NA,NA,NA,NA
"WRD 20-9 T_22.0_65.0",588.99267578125,588.99267578125,588.99267578125,588.99267578125,588.99267578125,588.99267578125,588.99267578125,588.99267578125,588.99267578125,588.99267578125,NA,NA,NA,NA,NA,NA,NA,NA,NA,NA,NA,NA,NA,NA,NA,NA,NA,NA,NA,NA,NA,NA
"WRD 20-9 T_22.0_66.0",588.99267578125,588.99267578125,588.99267578125,588.99267578125,588.99267578125,588.99267578125,588.99267578125,588.99267578125,588.99267578125,588.99267578125,NA,NA,NA,NA,NA,NA,NA,NA,NA,NA,NA,NA,NA,NA,NA,NA,NA,NA,NA,NA,NA,NA
"WRD 20-9 T_22.0_67.0",588.99267578125,588.99267578125,588.99267578125,588.99267578125,588.99267578125,588.99267578125,588.99267578125,588.99267578125,588.99267578125,588.99267578125,NA,NA,NA,NA,NA,NA,NA,NA,NA,NA,NA,NA,NA,NA,NA,NA,NA,NA,NA,NA,NA,NA
"WRD 20-9 T_22.0_78.0",588.99267578125,588.99267578125,588.99267578125,588.99267578125,588.99267578125,588.99267578125,588.99267578125,588.99267578125,588.99267578125,588.99267578125,NA,NA,NA,NA,NA,NA,NA,NA,NA,NA,NA,NA,NA,NA,NA,NA,NA,NA,NA,NA,NA,NA
"WRD 20-9 T_22.0_81.0",588.99267578125,588.99267578125,588.99267578125,588.99267578125,588.99267578125,588.99267578125,588.99267578125,588.99267578125,588.99267578125,588.99267578125,NA,NA,NA,NA,NA,NA,NA,NA,NA,NA,NA,NA,NA,NA,NA,NA,NA,NA,NA,NA,NA,NA
"WRD 20-9 T_22.0_87.0",588.99267578125,588.99267578125,588.99267578125,588.99267578125,588.99267578125,588.99267578125,588.99267578125,588.99267578125,588.99267578125,588.99267578125,NA,NA,NA,NA,NA,NA,NA,NA,NA,NA,NA,NA,NA,NA,NA,NA,NA,NA,NA,NA,NA,NA
"WRD 20-9 T_22.0_95.0",588.99267578125,588.99267578125,588.99267578125,588.99267578125,588.99267578125,588.99267578125,588.99267578125,588.99267578125,588.99267578125,588.99267578125,NA,NA,NA,NA,NA,NA,NA,NA,NA,NA,NA,NA,NA,NA,NA,NA,NA,NA,NA,NA,NA,NA
"WRD 20-9 T_22.0_96.0",588.99267578125,588.99267578125,588.99267578125,588.99267578125,588.99267578125,588.99267578125,588.99267578125,588.99267578125,588.99267578125,588.99267578125,NA,NA,NA,NA,NA,NA,NA,NA,NA,NA,NA,NA,NA,NA,NA,NA,NA,NA,NA,NA,NA,NA
"WRD 20-9 T_22.0_98.0",588.99267578125,588.99267578125,588.99267578125,588.99267578125,588.99267578125,588.99267578125,588.99267578125,588.99267578125,588.99267578125,588.99267578125,NA,NA,NA,NA,NA,NA,NA,NA,NA,NA,NA,NA,NA,NA,NA,NA,NA,NA,NA,NA,NA,NA
"WRD 20-9 T_23.0_124.0",588.99267578125,588.99267578125,588.99267578125,588.99267578125,588.99267578125,588.99267578125,588.99267578125,588.99267578125,588.99267578125,588.99267578125,NA,NA,NA,NA,NA,NA,NA,NA,NA,NA,NA,NA,NA,NA,NA,NA,NA,NA,NA,NA,NA,NA
"WRD 20-9 T_23.0_125.0",588.99267578125,588.99267578125,588.99267578125,588.99267578125,588.99267578125,588.99267578125,588.99267578125,588.99267578125,588.99267578125,588.99267578125,NA,NA,NA,NA,NA,NA,NA,NA,NA,NA,NA,NA,NA,NA,NA,NA,NA,NA,NA,NA,NA,NA
"WRD 20-9 T_23.0_127.0",588.99267578125,588.99267578125,588.99267578125,588.99267578125,588.99267578125,588.99267578125,588.99267578125,588.99267578125,588.99267578125,588.99267578125,NA,NA,NA,NA,NA,NA,NA,NA,NA,NA,NA,NA,NA,NA,NA,NA,NA,NA,NA,NA,NA,NA
"WRD 20-9 T_23.0_131.0",588.99267578125,588.99267578125,588.99267578125,588.99267578125,588.99267578125,588.99267578125,588.99267578125,588.99267578125,588.99267578125,588.99267578125,NA,NA,NA,NA,NA,NA,NA,NA,NA,NA,NA,NA,NA,NA,NA,NA,NA,NA,NA,NA,NA,NA
"WRD 20-9 T_23.0_134.0",588.99267578125,588.99267578125,588.99267578125,588.99267578125,588.99267578125,588.99267578125,588.99267578125,588.99267578125,588.99267578125,588.99267578125,NA,NA,NA,NA,NA,NA,NA,NA,NA,NA,NA,NA,NA,NA,NA,NA,NA,NA,NA,NA,NA,NA
"WRD 20-9 T_23.0_138.0",588.99267578125,588.99267578125,588.99267578125,588.99267578125,588.99267578125,588.99267578125,588.99267578125,588.99267578125,588.99267578125,588.99267578125,NA,NA,NA,NA,NA,NA,NA,NA,NA,NA,NA,NA,NA,NA,NA,NA,NA,NA,NA,NA,NA,NA
"WRD 20-9 T_23.0_143.0",588.99267578125,588.99267578125,588.99267578125,588.99267578125,588.99267578125,588.99267578125,588.99267578125,588.99267578125,588.99267578125,588.99267578125,NA,NA,NA,NA,NA,NA,NA,NA,NA,NA,NA,NA,NA,NA,NA,NA,NA,NA,NA,NA,NA,NA
"WRD 20-9 T_23.0_146.0",588.99267578125,588.99267578125,588.99267578125,588.99267578125,588.99267578125,588.99267578125,588.99267578125,588.99267578125,588.99267578125,588.99267578125,NA,NA,NA,NA,NA,NA,NA,NA,NA,NA,NA,NA,NA,NA,NA,NA,NA,NA,NA,NA,NA,NA
"WRD 20-9 T_24.0_150.0",588.99267578125,588.99267578125,588.99267578125,588.99267578125,588.99267578125,588.99267578125,588.99267578125,588.99267578125,588.99267578125,588.99267578125,NA,NA,NA,NA,NA,NA,NA,NA,NA,NA,NA,NA,NA,NA,NA,NA,NA,NA,NA,NA,NA,NA
"WRD 20-9 T_24.0_156.0",588.99267578125,588.99267578125,588.99267578125,588.99267578125,588.99267578125,588.99267578125,588.99267578125,588.99267578125,588.99267578125,588.99267578125,NA,NA,NA,NA,NA,NA,NA,NA,NA,NA,NA,NA,NA,NA,NA,NA,NA,NA,NA,NA,NA,NA
"WRD 20-9 T_24.0_157.0",588.99267578125,588.99267578125,588.99267578125,588.99267578125,588.99267578125,588.99267578125,588.99267578125,588.99267578125,588.99267578125,588.99267578125,NA,NA,NA,NA,NA,NA,NA,NA,NA,NA,NA,NA,NA,NA,NA,NA,NA,NA,NA,NA,NA,NA
"WRD 20-9 T_24.0_158.0",588.99267578125,588.99267578125,588.99267578125,588.99267578125,588.99267578125,588.99267578125,588.99267578125,588.99267578125,588.99267578125,588.99267578125,NA,NA,NA,NA,NA,NA,NA,NA,NA,NA,NA,NA,NA,NA,NA,NA,NA,NA,NA,NA,NA,NA
"WRD 20-9 T_24.0_159.0",588.99267578125,588.99267578125,588.99267578125,588.99267578125,588.99267578125,588.99267578125,588.99267578125,588.99267578125,588.99267578125,588.99267578125,NA,NA,NA,NA,NA,NA,NA,NA,NA,NA,NA,NA,NA,NA,NA,NA,NA,NA,NA,NA,NA,NA
"WRD 20-9 T_24.0_160.0",588.99267578125,588.99267578125,588.99267578125,588.99267578125,588.99267578125,588.99267578125,588.99267578125,588.99267578125,588.99267578125,588.99267578125,NA,NA,NA,NA,NA,NA,NA,NA,NA,NA,NA,NA,NA,NA,NA,NA,NA,NA,NA,NA,NA,NA
"WRD 20-9 T_24.0_161.0",588.99267578125,588.99267578125,588.99267578125,588.99267578125,588.99267578125,588.99267578125,588.99267578125,588.99267578125,588.99267578125,588.99267578125,NA,NA,NA,NA,NA,NA,NA,NA,NA,NA,NA,NA,NA,NA,NA,NA,NA,NA,NA,NA,NA,NA
"WRD 20-9 T_24.0_162.0",588.99267578125,588.99267578125,588.99267578125,588.99267578125,588.99267578125,588.99267578125,588.99267578125,588.99267578125,588.99267578125,588.99267578125,NA,NA,NA,NA,NA,NA,NA,NA,NA,NA,NA,NA,NA,NA,NA,NA,NA,NA,NA,NA,NA,NA
"WRD 20-9 T_24.0_164.0",588.99267578125,588.99267578125,588.99267578125,588.99267578125,588.99267578125,588.99267578125,588.99267578125,588.99267578125,588.99267578125,588.99267578125,NA,NA,NA,NA,NA,NA,NA,NA,NA,NA,NA,NA,NA,NA,NA,NA,NA,NA,NA,NA,NA,NA
"WRD 20-9 T_24.0_165.0",588.99267578125,588.99267578125,588.99267578125,588.99267578125,588.99267578125,588.99267578125,588.99267578125,588.99267578125,588.99267578125,588.99267578125,NA,NA,NA,NA,NA,NA,NA,NA,NA,NA,NA,NA,NA,NA,NA,NA,NA,NA,NA,NA,NA,NA
"WRD 20-9 T_24.0_168.0",588.99267578125,588.99267578125,588.99267578125,588.99267578125,588.99267578125,588.99267578125,588.99267578125,588.99267578125,588.99267578125,588.99267578125,NA,NA,NA,NA,NA,NA,NA,NA,NA,NA,NA,NA,NA,NA,NA,NA,NA,NA,NA,NA,NA,NA
"WRD 20-9 T_24.0_170.0",588.99267578125,588.99267578125,588.99267578125,588.99267578125,588.99267578125,588.99267578125,588.99267578125,588.99267578125,588.99267578125,588.99267578125,NA,NA,NA,NA,NA,NA,NA,NA,NA,NA,NA,NA,NA,NA,NA,NA,NA,NA,NA,NA,NA,NA
"WRD 20-9 T_24.0_171.0",588.99267578125,588.99267578125,588.99267578125,588.99267578125,588.99267578125,588.99267578125,588.99267578125,588.99267578125,588.99267578125,588.99267578125,NA,NA,NA,NA,NA,NA,NA,NA,NA,NA,NA,NA,NA,NA,NA,NA,NA,NA,NA,NA,NA,NA
"WRD 20-9 T_24.0_173.0",588.99267578125,588.99267578125,588.99267578125,588.99267578125,588.99267578125,588.99267578125,588.99267578125,588.99267578125,588.99267578125,588.99267578125,NA,NA,NA,NA,NA,NA,NA,NA,NA,NA,NA,NA,NA,NA,NA,NA,NA,NA,NA,NA,NA,NA
"WRD 20-9 T_60.0_758.0",588.99267578125,588.99267578125,588.99267578125,588.99267578125,588.99267578125,588.99267578125,588.99267578125,588.99267578125,588.99267578125,588.99267578125,NA,NA,NA,NA,NA,NA,NA,NA,NA,NA,NA,NA,NA,NA,NA,NA,NA,NA,NA,NA,NA,NA
"WRD 20-9 T_60.0_759.0",588.99267578125,588.99267578125,588.99267578125,588.99267578125,588.99267578125,588.99267578125,588.99267578125,588.99267578125,588.99267578125,588.99267578125,NA,NA,NA,NA,NA,NA,NA,NA,NA,NA,NA,NA,NA,NA,NA,NA,NA,NA,NA,NA,NA,NA
"WRD 20-9 T_60.0_764.0",588.99267578125,588.99267578125,588.99267578125,588.99267578125,588.99267578125,588.99267578125,588.99267578125,588.99267578125,588.99267578125,588.99267578125,NA,NA,NA,NA,NA,NA,NA,NA,NA,NA,NA,NA,NA,NA,NA,NA,NA,NA,NA,NA,NA,NA
"WRD 20-9 T_60.0_765.0",588.99267578125,588.99267578125,588.99267578125,588.99267578125,588.99267578125,588.99267578125,588.99267578125,588.99267578125,588.99267578125,588.99267578125,NA,NA,NA,NA,NA,NA,NA,NA,NA,NA,NA,NA,NA,NA,NA,NA,NA,NA,NA,NA,NA,NA
"WRD 20-9 T_60.0_772.0",588.99267578125,588.99267578125,588.99267578125,588.99267578125,588.99267578125,588.99267578125,588.99267578125,588.99267578125,588.99267578125,588.99267578125,NA,NA,NA,NA,NA,NA,NA,NA,NA,NA,NA,NA,NA,NA,NA,NA,NA,NA,NA,NA,NA,NA
"WRD 20-9 T_60.0_773.0",588.99267578125,588.99267578125,588.99267578125,588.99267578125,588.99267578125,588.99267578125,588.99267578125,588.99267578125,588.99267578125,588.99267578125,NA,NA,NA,NA,NA,NA,NA,NA,NA,NA,NA,NA,NA,NA,NA,NA,NA,NA,NA,NA,NA,NA
"WRD 20-9 T_60.0_774.0",588.99267578125,588.99267578125,588.99267578125,588.99267578125,588.99267578125,588.99267578125,588.99267578125,588.99267578125,588.99267578125,588.99267578125,NA,NA,NA,NA,NA,NA,NA,NA,NA,NA,NA,NA,NA,NA,NA,NA,NA,NA,NA,NA,NA,NA
"WRD 20-9 T_60.0_776.0",588.99267578125,588.99267578125,588.99267578125,588.99267578125,588.99267578125,588.99267578125,588.99267578125,588.99267578125,588.99267578125,588.99267578125,NA,NA,NA,NA,NA,NA,NA,NA,NA,NA,NA,NA,NA,NA,NA,NA,NA,NA,NA,NA,NA,NA
"WRD 20-9 T_60.0_788.0",588.99267578125,588.99267578125,588.99267578125,588.99267578125,588.99267578125,588.99267578125,588.99267578125,588.99267578125,588.99267578125,588.99267578125,NA,NA,NA,NA,NA,NA,NA,NA,NA,NA,NA,NA,NA,NA,NA,NA,NA,NA,NA,NA,NA,NA
"WRD 20-9 T_60.0_789.0",588.99267578125,588.99267578125,588.99267578125,588.99267578125,588.99267578125,588.99267578125,588.99267578125,588.99267578125,588.99267578125,588.99267578125,NA,NA,NA,NA,NA,NA,NA,NA,NA,NA,NA,NA,NA,NA,NA,NA,NA,NA,NA,NA,NA,NA
"WRD 20-9 T_60.0_800.0",588.99267578125,588.99267578125,588.99267578125,588.99267578125,588.99267578125,588.99267578125,588.99267578125,588.99267578125,588.99267578125,588.99267578125,NA,NA,NA,NA,NA,NA,NA,NA,NA,NA,NA,NA,NA,NA,NA,NA,NA,NA,NA,NA,NA,NA
"WRD 20-9 T_60.0_802.0",588.99267578125,588.99267578125,588.99267578125,588.99267578125,588.99267578125,588.99267578125,588.99267578125,588.99267578125,588.99267578125,588.99267578125,NA,NA,NA,NA,NA,NA,NA,NA,NA,NA,NA,NA,NA,NA,NA,NA,NA,NA,NA,NA,NA,NA
"WRD 20-9 T_60.0_810.0",588.99267578125,588.99267578125,588.99267578125,588.99267578125,588.99267578125,588.99267578125,588.99267578125,588.99267578125,588.99267578125,588.99267578125,NA,NA,NA,NA,NA,NA,NA,NA,NA,NA,NA,NA,NA,NA,NA,NA,NA,NA,NA,NA,NA,NA
"WRD 20-9 T_60.0_993.0",588.99267578125,588.99267578125,588.99267578125,588.99267578125,588.99267578125,588.99267578125,588.99267578125,588.99267578125,588.99267578125,588.99267578125,NA,NA,NA,NA,NA,NA,NA,NA,NA,NA,NA,NA,NA,NA,NA,NA,NA,NA,NA,NA,NA,NA
"WRD 20-9 T_60.0_994.0",588.99267578125,588.99267578125,588.99267578125,588.99267578125,588.99267578125,588.99267578125,588.99267578125,588.99267578125,588.99267578125,588.99267578125,NA,NA,NA,NA,NA,NA,NA,NA,NA,NA,NA,NA,NA,NA,NA,NA,NA,NA,NA,NA,NA,NA
"WRD 20-9 T_60.0_999.0",588.99267578125,588.99267578125,588.99267578125,588.99267578125,588.99267578125,588.99267578125,588.99267578125,588.99267578125,588.99267578125,588.99267578125,NA,NA,NA,NA,NA,NA,NA,NA,NA,NA,NA,NA,NA,NA,NA,NA,NA,NA,NA,NA,NA,NA
"WRD 20-9 T_61.0_826.0",588.99267578125,588.99267578125,588.99267578125,588.99267578125,588.99267578125,588.99267578125,588.99267578125,588.99267578125,588.99267578125,588.99267578125,NA,NA,NA,NA,NA,NA,NA,NA,NA,NA,NA,NA,NA,NA,NA,NA,NA,NA,NA,NA,NA,NA
"WRD 20-9 T_61.0_827.0",588.99267578125,588.99267578125,588.99267578125,588.99267578125,588.99267578125,588.99267578125,588.99267578125,588.99267578125,588.99267578125,588.99267578125,NA,NA,NA,NA,NA,NA,NA,NA,NA,NA,NA,NA,NA,NA,NA,NA,NA,NA,NA,NA,NA,NA
"WRD 20-9 T_61.0_828.0",588.99267578125,588.99267578125,588.99267578125,588.99267578125,588.99267578125,588.99267578125,588.99267578125,588.99267578125,588.99267578125,588.99267578125,NA,NA,NA,NA,NA,NA,NA,NA,NA,NA,NA,NA,NA,NA,NA,NA,NA,NA,NA,NA,NA,NA
"WRD 20-9 T_61.0_832.0",588.99267578125,588.99267578125,588.99267578125,588.99267578125,588.99267578125,588.99267578125,588.99267578125,588.99267578125,588.99267578125,588.99267578125,NA,NA,NA,NA,NA,NA,NA,NA,NA,NA,NA,NA,NA,NA,NA,NA,NA,NA,NA,NA,NA,NA
"WRD 20-9 T_61.0_836.0",588.99267578125,588.99267578125,588.99267578125,588.99267578125,588.99267578125,588.99267578125,588.99267578125,588.99267578125,588.99267578125,588.99267578125,NA,NA,NA,NA,NA,NA,NA,NA,NA,NA,NA,NA,NA,NA,NA,NA,NA,NA,NA,NA,NA,NA
"WRD 20-9 T_61.0_839.0",588.99267578125,588.99267578125,588.99267578125,588.99267578125,588.99267578125,588.99267578125,588.99267578125,588.99267578125,588.99267578125,588.99267578125,NA,NA,NA,NA,NA,NA,NA,NA,NA,NA,NA,NA,NA,NA,NA,NA,NA,NA,NA,NA,NA,NA
"WRD 20-9 T_61.0_843.0",588.99267578125,588.99267578125,588.99267578125,588.99267578125,588.99267578125,588.99267578125,588.99267578125,588.99267578125,588.99267578125,588.99267578125,NA,NA,NA,NA,NA,NA,NA,NA,NA,NA,NA,NA,NA,NA,NA,NA,NA,NA,NA,NA,NA,NA
"WRD 20-9 T_61.0_847.0",588.99267578125,588.99267578125,588.99267578125,588.99267578125,588.99267578125,588.99267578125,588.99267578125,588.99267578125,588.99267578125,588.99267578125,NA,NA,NA,NA,NA,NA,NA,NA,NA,NA,NA,NA,NA,NA,NA,NA,NA,NA,NA,NA,NA,NA
"WRD 20-9 T_61.0_853.0",588.99267578125,588.99267578125,588.99267578125,588.99267578125,588.99267578125,588.99267578125,588.99267578125,588.99267578125,588.99267578125,588.99267578125,NA,NA,NA,NA,NA,NA,NA,NA,NA,NA,NA,NA,NA,NA,NA,NA,NA,NA,NA,NA,NA,NA
"WRD 20-9 T_61.0_854.0",588.99267578125,588.99267578125,588.99267578125,588.99267578125,588.99267578125,588.99267578125,588.99267578125,588.99267578125,588.99267578125,588.99267578125,NA,NA,NA,NA,NA,NA,NA,NA,NA,NA,NA,NA,NA,NA,NA,NA,NA,NA,NA,NA,NA,NA
"WRD 20-9 T_61.0_855.0",588.99267578125,588.99267578125,588.99267578125,588.99267578125,588.99267578125,588.99267578125,588.99267578125,588.99267578125,588.99267578125,588.99267578125,NA,NA,NA,NA,NA,NA,NA,NA,NA,NA,NA,NA,NA,NA,NA,NA,NA,NA,NA,NA,NA,NA
"WRD 20-9 T_61.0_858.0",588.99267578125,588.99267578125,588.99267578125,588.99267578125,588.99267578125,588.99267578125,588.99267578125,588.99267578125,588.99267578125,588.99267578125,NA,NA,NA,NA,NA,NA,NA,NA,NA,NA,NA,NA,NA,NA,NA,NA,NA,NA,NA,NA,NA,NA
"WRD 20-9 T_61.0_859.0",588.99267578125,588.99267578125,588.99267578125,588.99267578125,588.99267578125,588.99267578125,588.99267578125,588.99267578125,588.99267578125,588.99267578125,NA,NA,NA,NA,NA,NA,NA,NA,NA,NA,NA,NA,NA,NA,NA,NA,NA,NA,NA,NA,NA,NA
"WRD 20-9 T_61.0_861.0",588.99267578125,588.99267578125,588.99267578125,588.99267578125,588.99267578125,588.99267578125,588.99267578125,588.99267578125,588.99267578125,588.99267578125,NA,NA,NA,NA,NA,NA,NA,NA,NA,NA,NA,NA,NA,NA,NA,NA,NA,NA,NA,NA,NA,NA
"WRD 20-9 T_61.0_866.0",588.99267578125,588.99267578125,588.99267578125,588.99267578125,588.99267578125,588.99267578125,588.99267578125,588.99267578125,588.99267578125,588.99267578125,NA,NA,NA,NA,NA,NA,NA,NA,NA,NA,NA,NA,NA,NA,NA,NA,NA,NA,NA,NA,NA,NA
"WRD 20-9 T_61.0_876.0",588.99267578125,588.99267578125,588.99267578125,588.99267578125,588.99267578125,588.99267578125,588.99267578125,588.99267578125,588.99267578125,588.99267578125,NA,NA,NA,NA,NA,NA,NA,NA,NA,NA,NA,NA,NA,NA,NA,NA,NA,NA,NA,NA,NA,NA
"WRD 20-9 T_61.0_877.0",588.99267578125,588.99267578125,588.99267578125,588.99267578125,588.99267578125,588.99267578125,588.99267578125,588.99267578125,588.99267578125,588.99267578125,NA,NA,NA,NA,NA,NA,NA,NA,NA,NA,NA,NA,NA,NA,NA,NA,NA,NA,NA,NA,NA,NA
