"TreeID","1","2","3","4","5","6","7","8","9","10","11","12","13","14","15","16","17","18","19","20","21","22","23","24","25","26","27","28","29","30","31","32"
"MCK 13-3 C_71.0_101.0",NA,36.7,37.0875,37.475,37.8625,38.25,38.6375,39.025,39.4125,39.8,NA,NA,NA,NA,NA,NA,NA,NA,NA,NA,NA,NA,NA,NA,NA,NA,NA,NA,NA,NA,NA,NA
"MCK 13-3 C_71.0_102.0",NA,47,47.4875,47.975,48.4625,48.95,49.4375,49.925,50.4125,50.9,NA,NA,NA,NA,NA,NA,NA,NA,NA,NA,NA,NA,NA,NA,NA,NA,NA,NA,NA,NA,NA,NA
"MCK 13-3 C_71.0_103.0",NA,19.4,19.4375,19.475,19.5125,19.55,19.5875,19.625,19.6625,19.7,NA,NA,NA,NA,NA,NA,NA,NA,NA,NA,NA,NA,NA,NA,NA,NA,NA,NA,NA,NA,NA,NA
"MCK 13-3 C_71.0_104.0",NA,40.7,40.8875,41.075,41.2625,41.45,41.6375,41.825,42.0125,42.2,NA,NA,NA,NA,NA,NA,NA,NA,NA,NA,NA,NA,NA,NA,NA,NA,NA,NA,NA,NA,NA,NA
"MCK 13-3 C_71.0_105.0",NA,44.4,44.775,45.15,45.525,45.9,46.275,46.65,47.025,47.4,NA,NA,NA,NA,NA,NA,NA,NA,NA,NA,NA,NA,NA,NA,NA,NA,NA,NA,NA,NA,NA,NA
"MCK 13-3 C_71.0_106.0",NA,40,40.3375,40.675,41.0125,41.35,41.6875,42.025,42.3625,42.7,NA,NA,NA,NA,NA,NA,NA,NA,NA,NA,NA,NA,NA,NA,NA,NA,NA,NA,NA,NA,NA,NA
"MCK 13-3 C_71.0_107.0",NA,37.7,37.9,38.1,38.3,38.5,38.7,38.9,39.1,39.3,NA,NA,NA,NA,NA,NA,NA,NA,NA,NA,NA,NA,NA,NA,NA,NA,NA,NA,NA,NA,NA,NA
"MCK 13-3 C_71.0_108.0",NA,32.5,32.625,32.75,32.875,33,33.125,33.25,33.375,33.5,NA,NA,NA,NA,NA,NA,NA,NA,NA,NA,NA,NA,NA,NA,NA,NA,NA,NA,NA,NA,NA,NA
"MCK 13-3 C_71.0_109.0",NA,16.5,16.425,16.35,16.275,16.2,16.125,16.05,15.975,15.9,NA,NA,NA,NA,NA,NA,NA,NA,NA,NA,NA,NA,NA,NA,NA,NA,NA,NA,NA,NA,NA,NA
"MCK 13-3 C_71.0_111.0",NA,49,49.2875,49.575,49.8625,50.15,50.4375,50.725,51.0125,51.3,NA,NA,NA,NA,NA,NA,NA,NA,NA,NA,NA,NA,NA,NA,NA,NA,NA,NA,NA,NA,NA,NA
"MCK 13-3 C_71.0_112.0",NA,35.2,35.4125,35.625,35.8375,36.05,36.2625,36.475,36.6875,36.9,NA,NA,NA,NA,NA,NA,NA,NA,NA,NA,NA,NA,NA,NA,NA,NA,NA,NA,NA,NA,NA,NA
"MCK 13-3 C_71.0_113.0",NA,64.4,64.625,64.85,65.075,65.3,65.525,65.75,65.975,66.2,NA,NA,NA,NA,NA,NA,NA,NA,NA,NA,NA,NA,NA,NA,NA,NA,NA,NA,NA,NA,NA,NA
"MCK 13-3 C_71.0_114.0",NA,28.2,28.325,28.45,28.575,28.7,28.825,28.95,29.075,29.2,NA,NA,NA,NA,NA,NA,NA,NA,NA,NA,NA,NA,NA,NA,NA,NA,NA,NA,NA,NA,NA,NA
"MCK 13-3 C_71.0_115.0",NA,31.4,31.5375,31.675,31.8125,31.95,32.0875,32.225,32.3625,32.5,NA,NA,NA,NA,NA,NA,NA,NA,NA,NA,NA,NA,NA,NA,NA,NA,NA,NA,NA,NA,NA,NA
"MCK 13-3 C_71.0_118.0",NA,24.5,24.5625,24.625,24.6875,24.75,24.8125,24.875,24.9375,25,NA,NA,NA,NA,NA,NA,NA,NA,NA,NA,NA,NA,NA,NA,NA,NA,NA,NA,NA,NA,NA,NA
"MCK 13-3 C_71.0_119.0",NA,27.7,27.9375,28.175,28.4125,28.65,28.8875,29.125,29.3625,29.6,NA,NA,NA,NA,NA,NA,NA,NA,NA,NA,NA,NA,NA,NA,NA,NA,NA,NA,NA,NA,NA,NA
"MCK 13-3 C_71.0_120.0",NA,56.1,56.8375,57.575,58.3125,59.05,59.7875,60.525,61.2625,62,NA,NA,NA,NA,NA,NA,NA,NA,NA,NA,NA,NA,NA,NA,NA,NA,NA,NA,NA,NA,NA,NA
"MCK 13-3 C_71.0_123.0",NA,24.3,24.375,24.45,24.525,24.6,24.675,24.75,24.825,24.9,NA,NA,NA,NA,NA,NA,NA,NA,NA,NA,NA,NA,NA,NA,NA,NA,NA,NA,NA,NA,NA,NA
"MCK 13-3 C_71.0_124.0",NA,54.7,55.175,55.65,56.125,56.6,57.075,57.55,58.025,58.5,NA,NA,NA,NA,NA,NA,NA,NA,NA,NA,NA,NA,NA,NA,NA,NA,NA,NA,NA,NA,NA,NA
"MCK 13-3 C_71.0_125.0",NA,35.2,35.45,35.7,35.95,36.2,36.45,36.7,36.95,37.2,NA,NA,NA,NA,NA,NA,NA,NA,NA,NA,NA,NA,NA,NA,NA,NA,NA,NA,NA,NA,NA,NA
"MCK 13-3 C_71.0_126.0",NA,46.7,47.025,47.35,47.675,48,48.325,48.65,48.975,49.3,NA,NA,NA,NA,NA,NA,NA,NA,NA,NA,NA,NA,NA,NA,NA,NA,NA,NA,NA,NA,NA,NA
"MCK 13-3 C_71.0_127.0",NA,39.2,39.5375,39.875,40.2125,40.55,40.8875,41.225,41.5625,41.9,NA,NA,NA,NA,NA,NA,NA,NA,NA,NA,NA,NA,NA,NA,NA,NA,NA,NA,NA,NA,NA,NA
"MCK 13-3 C_71.0_129.0",NA,46.6,46.925,47.25,47.575,47.9,48.225,48.55,48.875,49.2,NA,NA,NA,NA,NA,NA,NA,NA,NA,NA,NA,NA,NA,NA,NA,NA,NA,NA,NA,NA,NA,NA
"MCK 13-3 C_71.0_130.0",NA,29.3,29.4125,29.525,29.6375,29.75,29.8625,29.975,30.0875,30.2,NA,NA,NA,NA,NA,NA,NA,NA,NA,NA,NA,NA,NA,NA,NA,NA,NA,NA,NA,NA,NA,NA
"MCK 13-3 C_71.0_132.0",NA,38.6,38.925,39.25,39.575,39.9,40.225,40.55,40.875,41.2,NA,NA,NA,NA,NA,NA,NA,NA,NA,NA,NA,NA,NA,NA,NA,NA,NA,NA,NA,NA,NA,NA
"MCK 13-3 C_71.0_133.0",NA,46.8,47.1,47.4,47.7,48,48.3,48.6,48.9,49.2,NA,NA,NA,NA,NA,NA,NA,NA,NA,NA,NA,NA,NA,NA,NA,NA,NA,NA,NA,NA,NA,NA
"MCK 13-3 C_71.0_134.0",NA,45.9,46.2875,46.675,47.0625,47.45,47.8375,48.225,48.6125,49,NA,NA,NA,NA,NA,NA,NA,NA,NA,NA,NA,NA,NA,NA,NA,NA,NA,NA,NA,NA,NA,NA
"MCK 13-3 C_71.0_135.0",NA,45.5,45.975,46.45,46.925,47.4,47.875,48.35,48.825,49.3,NA,NA,NA,NA,NA,NA,NA,NA,NA,NA,NA,NA,NA,NA,NA,NA,NA,NA,NA,NA,NA,NA
"MCK 13-3 C_71.0_137.0",NA,33.4,33.4875,33.575,33.6625,33.75,33.8375,33.925,34.0125,34.1,NA,NA,NA,NA,NA,NA,NA,NA,NA,NA,NA,NA,NA,NA,NA,NA,NA,NA,NA,NA,NA,NA
"MCK 13-3 C_71.0_138.0",NA,32.1,32.275,32.45,32.625,32.8,32.975,33.15,33.325,33.5,NA,NA,NA,NA,NA,NA,NA,NA,NA,NA,NA,NA,NA,NA,NA,NA,NA,NA,NA,NA,NA,NA
"MCK 13-3 C_71.0_139.0",NA,35.4,35.4875,35.575,35.6625,35.75,35.8375,35.925,36.0125,36.1,NA,NA,NA,NA,NA,NA,NA,NA,NA,NA,NA,NA,NA,NA,NA,NA,NA,NA,NA,NA,NA,NA
"MCK 13-3 C_71.0_141.0",NA,55.6,56.05,56.5,56.95,57.4,57.85,58.3,58.75,59.2,NA,NA,NA,NA,NA,NA,NA,NA,NA,NA,NA,NA,NA,NA,NA,NA,NA,NA,NA,NA,NA,NA
"MCK 13-3 C_71.0_142.0",NA,36.7,36.7875,36.875,36.9625,37.05,37.1375,37.225,37.3125,37.4,NA,NA,NA,NA,NA,NA,NA,NA,NA,NA,NA,NA,NA,NA,NA,NA,NA,NA,NA,NA,NA,NA
"MCK 13-3 C_71.0_250.0",NA,52.4,52.675,52.95,53.225,53.5,53.775,54.05,54.325,54.6,NA,NA,NA,NA,NA,NA,NA,NA,NA,NA,NA,NA,NA,NA,NA,NA,NA,NA,NA,NA,NA,NA
"MCK 13-3 C_71.0_253.0",NA,45.1,45.4875,45.875,46.2625,46.65,47.0375,47.425,47.8125,48.2,NA,NA,NA,NA,NA,NA,NA,NA,NA,NA,NA,NA,NA,NA,NA,NA,NA,NA,NA,NA,NA,NA
"MCK 13-3 C_71.0_254.0",NA,23.7,23.7875,23.875,23.9625,24.05,24.1375,24.225,24.3125,24.4,NA,NA,NA,NA,NA,NA,NA,NA,NA,NA,NA,NA,NA,NA,NA,NA,NA,NA,NA,NA,NA,NA
"MCK 13-3 C_71.0_255.0",NA,60.9,61.375,61.85,62.325,62.8,63.275,63.75,64.225,64.7,NA,NA,NA,NA,NA,NA,NA,NA,NA,NA,NA,NA,NA,NA,NA,NA,NA,NA,NA,NA,NA,NA
"MCK 13-3 C_71.0_257.0",NA,44.2,44.55,44.9,45.25,45.6,45.95,46.3,46.65,47,NA,NA,NA,NA,NA,NA,NA,NA,NA,NA,NA,NA,NA,NA,NA,NA,NA,NA,NA,NA,NA,NA
"MCK 13-3 C_71.0_258.0",NA,34.5,34.5125,34.525,34.5375,34.55,34.5625,34.575,34.5875,34.6,NA,NA,NA,NA,NA,NA,NA,NA,NA,NA,NA,NA,NA,NA,NA,NA,NA,NA,NA,NA,NA,NA
"MCK 13-3 C_71.0_259.0",NA,40.9,41.3625,41.825,42.2875,42.75,43.2125,43.675,44.1375,44.6,NA,NA,NA,NA,NA,NA,NA,NA,NA,NA,NA,NA,NA,NA,NA,NA,NA,NA,NA,NA,NA,NA
"MCK 13-3 C_71.0_260.0",NA,42.7,42.75,42.8,42.85,42.9,42.95,43,43.05,43.1,NA,NA,NA,NA,NA,NA,NA,NA,NA,NA,NA,NA,NA,NA,NA,NA,NA,NA,NA,NA,NA,NA
"MCK 13-3 C_71.0_261.0",NA,32.1,32.35,32.6,32.85,33.1,33.35,33.6,33.85,34.1,NA,NA,NA,NA,NA,NA,NA,NA,NA,NA,NA,NA,NA,NA,NA,NA,NA,NA,NA,NA,NA,NA
"MCK 13-3 C_71.0_262.0",NA,44.2,44.6625,45.125,45.5875,46.05,46.5125,46.975,47.4375,47.9,NA,NA,NA,NA,NA,NA,NA,NA,NA,NA,NA,NA,NA,NA,NA,NA,NA,NA,NA,NA,NA,NA
"MCK 13-3 C_71.0_263.0",NA,32.5,32.5875,32.675,32.7625,32.85,32.9375,33.025,33.1125,33.2,NA,NA,NA,NA,NA,NA,NA,NA,NA,NA,NA,NA,NA,NA,NA,NA,NA,NA,NA,NA,NA,NA
"MCK 13-3 C_71.0_265.0",NA,46.5,46.8875,47.275,47.6625,48.05,48.4375,48.825,49.2125,49.6,NA,NA,NA,NA,NA,NA,NA,NA,NA,NA,NA,NA,NA,NA,NA,NA,NA,NA,NA,NA,NA,NA
"MCK 13-3 C_71.0_267.0",NA,56.2,56.675,57.15,57.625,58.1,58.575,59.05,59.525,60,NA,NA,NA,NA,NA,NA,NA,NA,NA,NA,NA,NA,NA,NA,NA,NA,NA,NA,NA,NA,NA,NA
"MCK 13-3 C_71.0_268.0",NA,50.9,51.2625,51.625,51.9875,52.35,52.7125,53.075,53.4375,53.8,NA,NA,NA,NA,NA,NA,NA,NA,NA,NA,NA,NA,NA,NA,NA,NA,NA,NA,NA,NA,NA,NA
"MCK 13-3 C_71.0_270.0",NA,32.5,32.95,33.4,33.85,34.3,34.75,35.2,35.65,36.1,NA,NA,NA,NA,NA,NA,NA,NA,NA,NA,NA,NA,NA,NA,NA,NA,NA,NA,NA,NA,NA,NA
"MCK 13-3 C_71.0_271.0",NA,42.5,43.1375,43.775,44.4125,45.05,45.6875,46.325,46.9625,47.6,NA,NA,NA,NA,NA,NA,NA,NA,NA,NA,NA,NA,NA,NA,NA,NA,NA,NA,NA,NA,NA,NA
"MCK 13-3 C_71.0_272.0",NA,43.9,44.25,44.6,44.95,45.3,45.65,46,46.35,46.7,NA,NA,NA,NA,NA,NA,NA,NA,NA,NA,NA,NA,NA,NA,NA,NA,NA,NA,NA,NA,NA,NA
"MCK 13-3 C_71.0_273.0",NA,64.5,64.725,64.95,65.175,65.4,65.625,65.85,66.075,66.3,NA,NA,NA,NA,NA,NA,NA,NA,NA,NA,NA,NA,NA,NA,NA,NA,NA,NA,NA,NA,NA,NA
"MCK 13-3 C_71.0_274.0",NA,34.1,34.425,34.75,35.075,35.4,35.725,36.05,36.375,36.7,NA,NA,NA,NA,NA,NA,NA,NA,NA,NA,NA,NA,NA,NA,NA,NA,NA,NA,NA,NA,NA,NA
"MCK 13-3 C_71.0_275.0",NA,40.2,40.6,41,41.4,41.8,42.2,42.6,43,43.4,NA,NA,NA,NA,NA,NA,NA,NA,NA,NA,NA,NA,NA,NA,NA,NA,NA,NA,NA,NA,NA,NA
"MCK 13-3 C_71.0_276.0",NA,42.7,42.9625,43.225,43.4875,43.75,44.0125,44.275,44.5375,44.8,NA,NA,NA,NA,NA,NA,NA,NA,NA,NA,NA,NA,NA,NA,NA,NA,NA,NA,NA,NA,NA,NA
"MCK 13-3 C_71.0_279.0",NA,46.7,47.1625,47.625,48.0875,48.55,49.0125,49.475,49.9375,50.4,NA,NA,NA,NA,NA,NA,NA,NA,NA,NA,NA,NA,NA,NA,NA,NA,NA,NA,NA,NA,NA,NA
"MCK 13-3 C_71.0_281.0",NA,52.4,52.7625,53.125,53.4875,53.85,54.2125,54.575,54.9375,55.3,NA,NA,NA,NA,NA,NA,NA,NA,NA,NA,NA,NA,NA,NA,NA,NA,NA,NA,NA,NA,NA,NA
"MCK 13-3 C_71.0_282.0",NA,20.9,20.9875,21.075,21.1625,21.25,21.3375,21.425,21.5125,21.6,NA,NA,NA,NA,NA,NA,NA,NA,NA,NA,NA,NA,NA,NA,NA,NA,NA,NA,NA,NA,NA,NA
"MCK 13-3 C_71.0_283.0",NA,33.7,33.9875,34.275,34.5625,34.85,35.1375,35.425,35.7125,36,NA,NA,NA,NA,NA,NA,NA,NA,NA,NA,NA,NA,NA,NA,NA,NA,NA,NA,NA,NA,NA,NA
"MCK 13-3 C_71.0_284.0",NA,27.2,27.2125,27.225,27.2375,27.25,27.2625,27.275,27.2875,27.3,NA,NA,NA,NA,NA,NA,NA,NA,NA,NA,NA,NA,NA,NA,NA,NA,NA,NA,NA,NA,NA,NA
"MCK 13-3 C_71.0_286.0",NA,19.2,19.35,19.5,19.65,19.8,19.95,20.1,20.25,20.4,NA,NA,NA,NA,NA,NA,NA,NA,NA,NA,NA,NA,NA,NA,NA,NA,NA,NA,NA,NA,NA,NA
"MCK 13-3 C_71.0_287.0",NA,39.9,40.175,40.45,40.725,41,41.275,41.55,41.825,42.1,NA,NA,NA,NA,NA,NA,NA,NA,NA,NA,NA,NA,NA,NA,NA,NA,NA,NA,NA,NA,NA,NA
"MCK 13-3 C_71.0_289.0",NA,42.5,42.7,42.9,43.1,43.3,43.5,43.7,43.9,44.1,NA,NA,NA,NA,NA,NA,NA,NA,NA,NA,NA,NA,NA,NA,NA,NA,NA,NA,NA,NA,NA,NA
"MCK 13-3 C_71.0_291.0",NA,47.7,47.85,48,48.15,48.3,48.45,48.6,48.75,48.9,NA,NA,NA,NA,NA,NA,NA,NA,NA,NA,NA,NA,NA,NA,NA,NA,NA,NA,NA,NA,NA,NA
"MCK 13-3 C_71.0_292.0",NA,37,37.2625,37.525,37.7875,38.05,38.3125,38.575,38.8375,39.1,NA,NA,NA,NA,NA,NA,NA,NA,NA,NA,NA,NA,NA,NA,NA,NA,NA,NA,NA,NA,NA,NA
"MCK 13-3 C_71.0_293.0",NA,37.3,37.45,37.6,37.75,37.9,38.05,38.2,38.35,38.5,NA,NA,NA,NA,NA,NA,NA,NA,NA,NA,NA,NA,NA,NA,NA,NA,NA,NA,NA,NA,NA,NA
"MCK 13-3 C_71.0_295.0",NA,35.9,36.5375,37.175,37.8125,38.45,39.0875,39.725,40.3625,41,NA,NA,NA,NA,NA,NA,NA,NA,NA,NA,NA,NA,NA,NA,NA,NA,NA,NA,NA,NA,NA,NA
"MCK 13-3 C_71.0_296.0",NA,41,40.925,40.85,40.775,40.7,40.625,40.55,40.475,40.4,NA,NA,NA,NA,NA,NA,NA,NA,NA,NA,NA,NA,NA,NA,NA,NA,NA,NA,NA,NA,NA,NA
"MCK 13-3 C_71.0_299.0",NA,44,44.5125,45.025,45.5375,46.05,46.5625,47.075,47.5875,48.1,NA,NA,NA,NA,NA,NA,NA,NA,NA,NA,NA,NA,NA,NA,NA,NA,NA,NA,NA,NA,NA,NA
"MCK 13-3 C_71.0_91.0",NA,65.2,65.7375,66.275,66.8125,67.35,67.8875,68.425,68.9625,69.5,NA,NA,NA,NA,NA,NA,NA,NA,NA,NA,NA,NA,NA,NA,NA,NA,NA,NA,NA,NA,NA,NA
"MCK 13-3 C_71.0_93.0",NA,34.6,34.8375,35.075,35.3125,35.55,35.7875,36.025,36.2625,36.5,NA,NA,NA,NA,NA,NA,NA,NA,NA,NA,NA,NA,NA,NA,NA,NA,NA,NA,NA,NA,NA,NA
"MCK 13-3 C_71.0_94.0",NA,44,44.3125,44.625,44.9375,45.25,45.5625,45.875,46.1875,46.5,NA,NA,NA,NA,NA,NA,NA,NA,NA,NA,NA,NA,NA,NA,NA,NA,NA,NA,NA,NA,NA,NA
"MCK 13-3 C_71.0_95.0",NA,56,56.525,57.05,57.575,58.1,58.625,59.15,59.675,60.2,NA,NA,NA,NA,NA,NA,NA,NA,NA,NA,NA,NA,NA,NA,NA,NA,NA,NA,NA,NA,NA,NA
"MCK 13-3 C_72.0_143.0",NA,21.8,21.7375,21.675,21.6125,21.55,21.4875,21.425,21.3625,21.3,NA,NA,NA,NA,NA,NA,NA,NA,NA,NA,NA,NA,NA,NA,NA,NA,NA,NA,NA,NA,NA,NA
"MCK 13-3 C_72.0_145.0",NA,43.6,44.05,44.5,44.95,45.4,45.85,46.3,46.75,47.2,NA,NA,NA,NA,NA,NA,NA,NA,NA,NA,NA,NA,NA,NA,NA,NA,NA,NA,NA,NA,NA,NA
"MCK 13-3 C_72.0_147.0",NA,34.6,34.8875,35.175,35.4625,35.75,36.0375,36.325,36.6125,36.9,NA,NA,NA,NA,NA,NA,NA,NA,NA,NA,NA,NA,NA,NA,NA,NA,NA,NA,NA,NA,NA,NA
"MCK 13-3 C_72.0_148.0",NA,49.3,49.875,50.45,51.025,51.6,52.175,52.75,53.325,53.9,NA,NA,NA,NA,NA,NA,NA,NA,NA,NA,NA,NA,NA,NA,NA,NA,NA,NA,NA,NA,NA,NA
"MCK 13-3 C_72.0_151.0",NA,49.5,49.7,49.9,50.1,50.3,50.5,50.7,50.9,51.1,NA,NA,NA,NA,NA,NA,NA,NA,NA,NA,NA,NA,NA,NA,NA,NA,NA,NA,NA,NA,NA,NA
"MCK 13-3 C_72.0_154.0",NA,60.9,60.85,60.8,60.75,60.7,60.65,60.6,60.55,60.5,NA,NA,NA,NA,NA,NA,NA,NA,NA,NA,NA,NA,NA,NA,NA,NA,NA,NA,NA,NA,NA,NA
"MCK 13-3 C_72.0_155.0",NA,43.8,44.025,44.25,44.475,44.7,44.925,45.15,45.375,45.6,NA,NA,NA,NA,NA,NA,NA,NA,NA,NA,NA,NA,NA,NA,NA,NA,NA,NA,NA,NA,NA,NA
"MCK 13-3 C_72.0_157.0",NA,19.7,19.8,19.9,20,20.1,20.2,20.3,20.4,20.5,NA,NA,NA,NA,NA,NA,NA,NA,NA,NA,NA,NA,NA,NA,NA,NA,NA,NA,NA,NA,NA,NA
"MCK 13-3 C_72.0_158.0",NA,48.5,48.85,49.2,49.55,49.9,50.25,50.6,50.95,51.3,NA,NA,NA,NA,NA,NA,NA,NA,NA,NA,NA,NA,NA,NA,NA,NA,NA,NA,NA,NA,NA,NA
"MCK 13-3 C_72.0_159.0",NA,28.4,28.475,28.55,28.625,28.7,28.775,28.85,28.925,29,NA,NA,NA,NA,NA,NA,NA,NA,NA,NA,NA,NA,NA,NA,NA,NA,NA,NA,NA,NA,NA,NA
"MCK 13-3 C_72.0_161.0",NA,57.2,57.475,57.75,58.025,58.3,58.575,58.85,59.125,59.4,NA,NA,NA,NA,NA,NA,NA,NA,NA,NA,NA,NA,NA,NA,NA,NA,NA,NA,NA,NA,NA,NA
"MCK 13-3 C_72.0_163.0",NA,49.5,49.9625,50.425,50.8875,51.35,51.8125,52.275,52.7375,53.2,NA,NA,NA,NA,NA,NA,NA,NA,NA,NA,NA,NA,NA,NA,NA,NA,NA,NA,NA,NA,NA,NA
"MCK 13-3 C_72.0_166.0",NA,22.8,24.1875,25.575,26.9625,28.35,29.7375,31.125,32.5125,33.9,NA,NA,NA,NA,NA,NA,NA,NA,NA,NA,NA,NA,NA,NA,NA,NA,NA,NA,NA,NA,NA,NA
"MCK 13-3 C_72.0_167.0",NA,23.2,23.25,23.3,23.35,23.4,23.45,23.5,23.55,23.6,NA,NA,NA,NA,NA,NA,NA,NA,NA,NA,NA,NA,NA,NA,NA,NA,NA,NA,NA,NA,NA,NA
"MCK 13-3 C_72.0_168.0",NA,43.7,43.975,44.25,44.525,44.8,45.075,45.35,45.625,45.9,NA,NA,NA,NA,NA,NA,NA,NA,NA,NA,NA,NA,NA,NA,NA,NA,NA,NA,NA,NA,NA,NA
"MCK 13-3 C_72.0_169.0",NA,40.6,40.7375,40.875,41.0125,41.15,41.2875,41.425,41.5625,41.7,NA,NA,NA,NA,NA,NA,NA,NA,NA,NA,NA,NA,NA,NA,NA,NA,NA,NA,NA,NA,NA,NA
"MCK 13-3 C_72.0_170.0",NA,30.6,30.65,30.7,30.75,30.8,30.85,30.9,30.95,31,NA,NA,NA,NA,NA,NA,NA,NA,NA,NA,NA,NA,NA,NA,NA,NA,NA,NA,NA,NA,NA,NA
"MCK 13-3 C_72.0_172.0",NA,41.5,41.9875,42.475,42.9625,43.45,43.9375,44.425,44.9125,45.4,NA,NA,NA,NA,NA,NA,NA,NA,NA,NA,NA,NA,NA,NA,NA,NA,NA,NA,NA,NA,NA,NA
"MCK 13-3 C_72.0_175.0",NA,41.8,42.15,42.5,42.85,43.2,43.55,43.9,44.25,44.6,NA,NA,NA,NA,NA,NA,NA,NA,NA,NA,NA,NA,NA,NA,NA,NA,NA,NA,NA,NA,NA,NA
"MCK 13-3 C_72.0_176.0",NA,27.3,27.3625,27.425,27.4875,27.55,27.6125,27.675,27.7375,27.8,NA,NA,NA,NA,NA,NA,NA,NA,NA,NA,NA,NA,NA,NA,NA,NA,NA,NA,NA,NA,NA,NA
"MCK 13-3 C_72.0_178.0",NA,48.8,49.2375,49.675,50.1125,50.55,50.9875,51.425,51.8625,52.3,NA,NA,NA,NA,NA,NA,NA,NA,NA,NA,NA,NA,NA,NA,NA,NA,NA,NA,NA,NA,NA,NA
"MCK 13-3 C_72.0_179.0",NA,41.7,42.0375,42.375,42.7125,43.05,43.3875,43.725,44.0625,44.4,NA,NA,NA,NA,NA,NA,NA,NA,NA,NA,NA,NA,NA,NA,NA,NA,NA,NA,NA,NA,NA,NA
"MCK 13-3 C_72.0_180.0",NA,29.4,29.425,29.45,29.475,29.5,29.525,29.55,29.575,29.6,NA,NA,NA,NA,NA,NA,NA,NA,NA,NA,NA,NA,NA,NA,NA,NA,NA,NA,NA,NA,NA,NA
"MCK 13-3 C_72.0_181.0",NA,84.6,85.475,86.35,87.225,88.1,88.975,89.85,90.725,91.6,NA,NA,NA,NA,NA,NA,NA,NA,NA,NA,NA,NA,NA,NA,NA,NA,NA,NA,NA,NA,NA,NA
"MCK 13-3 C_72.0_182.0",NA,48.8,48.9375,49.075,49.2125,49.35,49.4875,49.625,49.7625,49.9,NA,NA,NA,NA,NA,NA,NA,NA,NA,NA,NA,NA,NA,NA,NA,NA,NA,NA,NA,NA,NA,NA
"MCK 13-3 C_72.0_183.0",NA,47.9,48.0625,48.225,48.3875,48.55,48.7125,48.875,49.0375,49.2,NA,NA,NA,NA,NA,NA,NA,NA,NA,NA,NA,NA,NA,NA,NA,NA,NA,NA,NA,NA,NA,NA
"MCK 13-3 C_72.0_185.0",NA,51.2,51.3625,51.525,51.6875,51.85,52.0125,52.175,52.3375,52.5,NA,NA,NA,NA,NA,NA,NA,NA,NA,NA,NA,NA,NA,NA,NA,NA,NA,NA,NA,NA,NA,NA
"MCK 13-3 C_72.0_186.0",NA,32.8,32.7375,32.675,32.6125,32.55,32.4875,32.425,32.3625,32.3,NA,NA,NA,NA,NA,NA,NA,NA,NA,NA,NA,NA,NA,NA,NA,NA,NA,NA,NA,NA,NA,NA
"MCK 13-3 C_72.0_187.0",NA,60.8,60.85,60.9,60.95,61,61.05,61.1,61.15,61.2,NA,NA,NA,NA,NA,NA,NA,NA,NA,NA,NA,NA,NA,NA,NA,NA,NA,NA,NA,NA,NA,NA
"MCK 13-3 C_72.0_188.0",NA,37.2,37.225,37.25,37.275,37.3,37.325,37.35,37.375,37.4,NA,NA,NA,NA,NA,NA,NA,NA,NA,NA,NA,NA,NA,NA,NA,NA,NA,NA,NA,NA,NA,NA
"MCK 13-3 C_72.0_189.0",NA,36.2,36.425,36.65,36.875,37.1,37.325,37.55,37.775,38,NA,NA,NA,NA,NA,NA,NA,NA,NA,NA,NA,NA,NA,NA,NA,NA,NA,NA,NA,NA,NA,NA
"MCK 13-3 C_72.0_190.0",NA,22.8,22.7875,22.775,22.7625,22.75,22.7375,22.725,22.7125,22.7,NA,NA,NA,NA,NA,NA,NA,NA,NA,NA,NA,NA,NA,NA,NA,NA,NA,NA,NA,NA,NA,NA
"MCK 13-3 C_72.0_192.0",NA,50.4,50.6875,50.975,51.2625,51.55,51.8375,52.125,52.4125,52.7,NA,NA,NA,NA,NA,NA,NA,NA,NA,NA,NA,NA,NA,NA,NA,NA,NA,NA,NA,NA,NA,NA
"MCK 13-3 C_72.0_193.0",NA,25.4,25.3625,25.325,25.2875,25.25,25.2125,25.175,25.1375,25.1,NA,NA,NA,NA,NA,NA,NA,NA,NA,NA,NA,NA,NA,NA,NA,NA,NA,NA,NA,NA,NA,NA
"MCK 13-3 C_72.0_194.0",NA,23,22.8625,22.725,22.5875,22.45,22.3125,22.175,22.0375,21.9,NA,NA,NA,NA,NA,NA,NA,NA,NA,NA,NA,NA,NA,NA,NA,NA,NA,NA,NA,NA,NA,NA
"MCK 13-3 C_72.0_196.0",NA,38.5,38.6,38.7,38.8,38.9,39,39.1,39.2,39.3,NA,NA,NA,NA,NA,NA,NA,NA,NA,NA,NA,NA,NA,NA,NA,NA,NA,NA,NA,NA,NA,NA
"MCK 13-3 C_72.0_197.0",NA,32.9,32.95,33,33.05,33.1,33.15,33.2,33.25,33.3,NA,NA,NA,NA,NA,NA,NA,NA,NA,NA,NA,NA,NA,NA,NA,NA,NA,NA,NA,NA,NA,NA
"MCK 13-3 C_72.0_200.0",NA,20.9,20.9,20.9,20.9,20.9,20.9,20.9,20.9,20.9,NA,NA,NA,NA,NA,NA,NA,NA,NA,NA,NA,NA,NA,NA,NA,NA,NA,NA,NA,NA,NA,NA
"MCK 13-3 C_72.0_504.0",NA,52.8,53.1125,53.425,53.7375,54.05,54.3625,54.675,54.9875,55.3,NA,NA,NA,NA,NA,NA,NA,NA,NA,NA,NA,NA,NA,NA,NA,NA,NA,NA,NA,NA,NA,NA
"MCK 13-3 C_72.0_505.0",NA,45.2,45.5625,45.925,46.2875,46.65,47.0125,47.375,47.7375,48.1,NA,NA,NA,NA,NA,NA,NA,NA,NA,NA,NA,NA,NA,NA,NA,NA,NA,NA,NA,NA,NA,NA
"MCK 13-3 C_72.0_507.0",NA,39,39.375,39.75,40.125,40.5,40.875,41.25,41.625,42,NA,NA,NA,NA,NA,NA,NA,NA,NA,NA,NA,NA,NA,NA,NA,NA,NA,NA,NA,NA,NA,NA
"MCK 13-3 C_72.0_509.0",NA,29.5,29.7875,30.075,30.3625,30.65,30.9375,31.225,31.5125,31.8,NA,NA,NA,NA,NA,NA,NA,NA,NA,NA,NA,NA,NA,NA,NA,NA,NA,NA,NA,NA,NA,NA
"MCK 13-3 C_72.0_510.0",NA,35,35.1625,35.325,35.4875,35.65,35.8125,35.975,36.1375,36.3,NA,NA,NA,NA,NA,NA,NA,NA,NA,NA,NA,NA,NA,NA,NA,NA,NA,NA,NA,NA,NA,NA
"MCK 13-3 C_72.0_511.0",NA,28.7,28.625,28.55,28.475,28.4,28.325,28.25,28.175,28.1,NA,NA,NA,NA,NA,NA,NA,NA,NA,NA,NA,NA,NA,NA,NA,NA,NA,NA,NA,NA,NA,NA
"MCK 13-3 C_72.0_512.0",NA,59,59.2125,59.425,59.6375,59.85,60.0625,60.275,60.4875,60.7,NA,NA,NA,NA,NA,NA,NA,NA,NA,NA,NA,NA,NA,NA,NA,NA,NA,NA,NA,NA,NA,NA
"MCK 13-3 C_72.0_516.0",NA,79.2,79.425,79.65,79.875,80.1,80.325,80.55,80.775,81,NA,NA,NA,NA,NA,NA,NA,NA,NA,NA,NA,NA,NA,NA,NA,NA,NA,NA,NA,NA,NA,NA
"MCK 13-3 C_72.0_517.0",NA,54,54.45,54.9,55.35,55.8,56.25,56.7,57.15,57.6,NA,NA,NA,NA,NA,NA,NA,NA,NA,NA,NA,NA,NA,NA,NA,NA,NA,NA,NA,NA,NA,NA
"MCK 13-3 C_72.0_521.0",NA,43.5,43.85,44.2,44.55,44.9,45.25,45.6,45.95,46.3,NA,NA,NA,NA,NA,NA,NA,NA,NA,NA,NA,NA,NA,NA,NA,NA,NA,NA,NA,NA,NA,NA
"MCK 13-3 C_72.0_522.0",NA,22.5,22.5,22.5,22.5,22.5,22.5,22.5,22.5,22.5,NA,NA,NA,NA,NA,NA,NA,NA,NA,NA,NA,NA,NA,NA,NA,NA,NA,NA,NA,NA,NA,NA
"MCK 13-3 C_72.0_523.0",NA,32.6,32.8375,33.075,33.3125,33.55,33.7875,34.025,34.2625,34.5,NA,NA,NA,NA,NA,NA,NA,NA,NA,NA,NA,NA,NA,NA,NA,NA,NA,NA,NA,NA,NA,NA
"MCK 13-3 C_72.0_525.0",NA,25.4,25.4375,25.475,25.5125,25.55,25.5875,25.625,25.6625,25.7,NA,NA,NA,NA,NA,NA,NA,NA,NA,NA,NA,NA,NA,NA,NA,NA,NA,NA,NA,NA,NA,NA
"MCK 13-3 C_72.0_526.0",NA,41.4,41.825,42.25,42.675,43.1,43.525,43.95,44.375,44.8,NA,NA,NA,NA,NA,NA,NA,NA,NA,NA,NA,NA,NA,NA,NA,NA,NA,NA,NA,NA,NA,NA
"MCK 13-3 C_72.0_528.0",NA,47.2,47.625,48.05,48.475,48.9,49.325,49.75,50.175,50.6,NA,NA,NA,NA,NA,NA,NA,NA,NA,NA,NA,NA,NA,NA,NA,NA,NA,NA,NA,NA,NA,NA
"MCK 13-3 C_72.0_532.0",NA,52.2,52.4875,52.775,53.0625,53.35,53.6375,53.925,54.2125,54.5,NA,NA,NA,NA,NA,NA,NA,NA,NA,NA,NA,NA,NA,NA,NA,NA,NA,NA,NA,NA,NA,NA
"MCK 13-3 C_72.0_536.0",NA,55.2,55.6375,56.075,56.5125,56.95,57.3875,57.825,58.2625,58.7,NA,NA,NA,NA,NA,NA,NA,NA,NA,NA,NA,NA,NA,NA,NA,NA,NA,NA,NA,NA,NA,NA
"MCK 13-3 C_72.0_538.0",NA,41.8,42.2125,42.625,43.0375,43.45,43.8625,44.275,44.6875,45.1,NA,NA,NA,NA,NA,NA,NA,NA,NA,NA,NA,NA,NA,NA,NA,NA,NA,NA,NA,NA,NA,NA
"MCK 13-3 C_72.0_539.0",NA,49.2,49.5,49.8,50.1,50.4,50.7,51,51.3,51.6,NA,NA,NA,NA,NA,NA,NA,NA,NA,NA,NA,NA,NA,NA,NA,NA,NA,NA,NA,NA,NA,NA
"MCK 13-3 C_72.0_541.0",NA,38.8,39.05,39.3,39.55,39.8,40.05,40.3,40.55,40.8,NA,NA,NA,NA,NA,NA,NA,NA,NA,NA,NA,NA,NA,NA,NA,NA,NA,NA,NA,NA,NA,NA
"MCK 13-3 C_72.0_542.0",NA,40,40.3,40.6,40.9,41.2,41.5,41.8,42.1,42.4,NA,NA,NA,NA,NA,NA,NA,NA,NA,NA,NA,NA,NA,NA,NA,NA,NA,NA,NA,NA,NA,NA
"MCK 13-3 C_72.0_544.0",NA,33.8,33.95,34.1,34.25,34.4,34.55,34.7,34.85,35,NA,NA,NA,NA,NA,NA,NA,NA,NA,NA,NA,NA,NA,NA,NA,NA,NA,NA,NA,NA,NA,NA
"MCK 13-3 C_72.0_545.0",NA,24.6,24.6625,24.725,24.7875,24.85,24.9125,24.975,25.0375,25.1,NA,NA,NA,NA,NA,NA,NA,NA,NA,NA,NA,NA,NA,NA,NA,NA,NA,NA,NA,NA,NA,NA
"MCK 13-3 C_72.0_546.0",NA,16,15.9375,15.875,15.8125,15.75,15.6875,15.625,15.5625,15.5,NA,NA,NA,NA,NA,NA,NA,NA,NA,NA,NA,NA,NA,NA,NA,NA,NA,NA,NA,NA,NA,NA
"MCK 13-3 C_72.0_548.0",NA,29,29,29,29,29,29,29,29,29,NA,NA,NA,NA,NA,NA,NA,NA,NA,NA,NA,NA,NA,NA,NA,NA,NA,NA,NA,NA,NA,NA
"MCK 13-3 C_72.0_549.0",NA,38.4,38.525,38.65,38.775,38.9,39.025,39.15,39.275,39.4,NA,NA,NA,NA,NA,NA,NA,NA,NA,NA,NA,NA,NA,NA,NA,NA,NA,NA,NA,NA,NA,NA
"MCK 13-3 C_72.0_551.0",NA,45.7,46.0375,46.375,46.7125,47.05,47.3875,47.725,48.0625,48.4,NA,NA,NA,NA,NA,NA,NA,NA,NA,NA,NA,NA,NA,NA,NA,NA,NA,NA,NA,NA,NA,NA
"MCK 13-3 C_72.0_555.0",NA,26.2,26.3,26.4,26.5,26.6,26.7,26.8,26.9,27,NA,NA,NA,NA,NA,NA,NA,NA,NA,NA,NA,NA,NA,NA,NA,NA,NA,NA,NA,NA,NA,NA
"MCK 13-3 C_72.0_556.0",NA,28.5,28.625,28.75,28.875,29,29.125,29.25,29.375,29.5,NA,NA,NA,NA,NA,NA,NA,NA,NA,NA,NA,NA,NA,NA,NA,NA,NA,NA,NA,NA,NA,NA
"MCK 13-3 C_73.0_101.0",NA,24.8,25.1375,25.475,25.8125,26.15,26.4875,26.825,27.1625,27.5,NA,NA,NA,NA,NA,NA,NA,NA,NA,NA,NA,NA,NA,NA,NA,NA,NA,NA,NA,NA,NA,NA
"MCK 13-3 C_73.0_106.0",NA,53.3,53.4875,53.675,53.8625,54.05,54.2375,54.425,54.6125,54.8,NA,NA,NA,NA,NA,NA,NA,NA,NA,NA,NA,NA,NA,NA,NA,NA,NA,NA,NA,NA,NA,NA
"MCK 13-3 C_73.0_107.0",NA,21.9,21.8625,21.825,21.7875,21.75,21.7125,21.675,21.6375,21.6,NA,NA,NA,NA,NA,NA,NA,NA,NA,NA,NA,NA,NA,NA,NA,NA,NA,NA,NA,NA,NA,NA
"MCK 13-3 C_73.0_108.0",NA,61.3,61.4625,61.625,61.7875,61.95,62.1125,62.275,62.4375,62.6,NA,NA,NA,NA,NA,NA,NA,NA,NA,NA,NA,NA,NA,NA,NA,NA,NA,NA,NA,NA,NA,NA
"MCK 13-3 C_73.0_109.0",NA,40.2,40.6625,41.125,41.5875,42.05,42.5125,42.975,43.4375,43.9,NA,NA,NA,NA,NA,NA,NA,NA,NA,NA,NA,NA,NA,NA,NA,NA,NA,NA,NA,NA,NA,NA
"MCK 13-3 C_73.0_110.0",NA,40,40.8,41.6,42.4,43.2,44,44.8,45.6,46.4,NA,NA,NA,NA,NA,NA,NA,NA,NA,NA,NA,NA,NA,NA,NA,NA,NA,NA,NA,NA,NA,NA
"MCK 13-3 C_73.0_111.0",NA,39.7,39.9625,40.225,40.4875,40.75,41.0125,41.275,41.5375,41.8,NA,NA,NA,NA,NA,NA,NA,NA,NA,NA,NA,NA,NA,NA,NA,NA,NA,NA,NA,NA,NA,NA
"MCK 13-3 C_73.0_112.0",NA,28.8,28.9875,29.175,29.3625,29.55,29.7375,29.925,30.1125,30.3,NA,NA,NA,NA,NA,NA,NA,NA,NA,NA,NA,NA,NA,NA,NA,NA,NA,NA,NA,NA,NA,NA
"MCK 13-3 C_73.0_113.0",NA,32.3,32.5125,32.725,32.9375,33.15,33.3625,33.575,33.7875,34,NA,NA,NA,NA,NA,NA,NA,NA,NA,NA,NA,NA,NA,NA,NA,NA,NA,NA,NA,NA,NA,NA
"MCK 13-3 C_73.0_116.0",NA,21.7,21.8,21.9,22,22.1,22.2,22.3,22.4,22.5,NA,NA,NA,NA,NA,NA,NA,NA,NA,NA,NA,NA,NA,NA,NA,NA,NA,NA,NA,NA,NA,NA
"MCK 13-3 C_73.0_119.0",NA,52.5,52.85,53.2,53.55,53.9,54.25,54.6,54.95,55.3,NA,NA,NA,NA,NA,NA,NA,NA,NA,NA,NA,NA,NA,NA,NA,NA,NA,NA,NA,NA,NA,NA
"MCK 13-3 C_73.0_120.0",NA,28.8,28.7875,28.775,28.7625,28.75,28.7375,28.725,28.7125,28.7,NA,NA,NA,NA,NA,NA,NA,NA,NA,NA,NA,NA,NA,NA,NA,NA,NA,NA,NA,NA,NA,NA
"MCK 13-3 C_73.0_121.0",NA,41.1,41.3125,41.525,41.7375,41.95,42.1625,42.375,42.5875,42.8,NA,NA,NA,NA,NA,NA,NA,NA,NA,NA,NA,NA,NA,NA,NA,NA,NA,NA,NA,NA,NA,NA
"MCK 13-3 C_73.0_122.0",NA,65.2,65.65,66.1,66.55,67,67.45,67.9,68.35,68.8,NA,NA,NA,NA,NA,NA,NA,NA,NA,NA,NA,NA,NA,NA,NA,NA,NA,NA,NA,NA,NA,NA
"MCK 13-3 C_73.0_123.0",NA,50.7,51.025,51.35,51.675,52,52.325,52.65,52.975,53.3,NA,NA,NA,NA,NA,NA,NA,NA,NA,NA,NA,NA,NA,NA,NA,NA,NA,NA,NA,NA,NA,NA
"MCK 13-3 C_73.0_4.0",NA,41.8,42.025,42.25,42.475,42.7,42.925,43.15,43.375,43.6,NA,NA,NA,NA,NA,NA,NA,NA,NA,NA,NA,NA,NA,NA,NA,NA,NA,NA,NA,NA,NA,NA
"MCK 13-3 C_73.0_5.0",NA,52.7,52.9,53.1,53.3,53.5,53.7,53.9,54.1,54.3,NA,NA,NA,NA,NA,NA,NA,NA,NA,NA,NA,NA,NA,NA,NA,NA,NA,NA,NA,NA,NA,NA
"MCK 13-3 C_73.0_558.0",NA,47.3,47.575,47.85,48.125,48.4,48.675,48.95,49.225,49.5,NA,NA,NA,NA,NA,NA,NA,NA,NA,NA,NA,NA,NA,NA,NA,NA,NA,NA,NA,NA,NA,NA
"MCK 13-3 C_73.0_559.0",NA,29.5,29.6,29.7,29.8,29.9,30,30.1,30.2,30.3,NA,NA,NA,NA,NA,NA,NA,NA,NA,NA,NA,NA,NA,NA,NA,NA,NA,NA,NA,NA,NA,NA
"MCK 13-3 C_73.0_560.0",NA,25,25.0375,25.075,25.1125,25.15,25.1875,25.225,25.2625,25.3,NA,NA,NA,NA,NA,NA,NA,NA,NA,NA,NA,NA,NA,NA,NA,NA,NA,NA,NA,NA,NA,NA
"MCK 13-3 C_73.0_562.0",NA,55.3,55.3875,55.475,55.5625,55.65,55.7375,55.825,55.9125,56,NA,NA,NA,NA,NA,NA,NA,NA,NA,NA,NA,NA,NA,NA,NA,NA,NA,NA,NA,NA,NA,NA
"MCK 13-3 C_73.0_564.0",NA,56.9,57.4375,57.975,58.5125,59.05,59.5875,60.125,60.6625,61.2,NA,NA,NA,NA,NA,NA,NA,NA,NA,NA,NA,NA,NA,NA,NA,NA,NA,NA,NA,NA,NA,NA
"MCK 13-3 C_73.0_565.0",NA,34.5,34.6375,34.775,34.9125,35.05,35.1875,35.325,35.4625,35.6,NA,NA,NA,NA,NA,NA,NA,NA,NA,NA,NA,NA,NA,NA,NA,NA,NA,NA,NA,NA,NA,NA
"MCK 13-3 C_73.0_566.0",NA,43.4,43.9375,44.475,45.0125,45.55,46.0875,46.625,47.1625,47.7,NA,NA,NA,NA,NA,NA,NA,NA,NA,NA,NA,NA,NA,NA,NA,NA,NA,NA,NA,NA,NA,NA
"MCK 13-3 C_73.0_571.0",NA,19.9,20.0625,20.225,20.3875,20.55,20.7125,20.875,21.0375,21.2,NA,NA,NA,NA,NA,NA,NA,NA,NA,NA,NA,NA,NA,NA,NA,NA,NA,NA,NA,NA,NA,NA
"MCK 13-3 C_73.0_575.0",NA,53.1,53.4375,53.775,54.1125,54.45,54.7875,55.125,55.4625,55.8,NA,NA,NA,NA,NA,NA,NA,NA,NA,NA,NA,NA,NA,NA,NA,NA,NA,NA,NA,NA,NA,NA
"MCK 13-3 C_73.0_576.0",NA,60.3,59.6375,58.975,58.3125,57.65,56.9875,56.325,55.6625,55,NA,NA,NA,NA,NA,NA,NA,NA,NA,NA,NA,NA,NA,NA,NA,NA,NA,NA,NA,NA,NA,NA
"MCK 13-3 C_73.0_577.0",NA,33.8,34.075,34.35,34.625,34.9,35.175,35.45,35.725,36,NA,NA,NA,NA,NA,NA,NA,NA,NA,NA,NA,NA,NA,NA,NA,NA,NA,NA,NA,NA,NA,NA
"MCK 13-3 C_73.0_581.0",NA,54,54.375,54.75,55.125,55.5,55.875,56.25,56.625,57,NA,NA,NA,NA,NA,NA,NA,NA,NA,NA,NA,NA,NA,NA,NA,NA,NA,NA,NA,NA,NA,NA
"MCK 13-3 C_73.0_582.0",NA,30,30.5,31,31.5,32,32.5,33,33.5,34,NA,NA,NA,NA,NA,NA,NA,NA,NA,NA,NA,NA,NA,NA,NA,NA,NA,NA,NA,NA,NA,NA
"MCK 13-3 C_73.0_583.0",NA,39.4,39.6625,39.925,40.1875,40.45,40.7125,40.975,41.2375,41.5,NA,NA,NA,NA,NA,NA,NA,NA,NA,NA,NA,NA,NA,NA,NA,NA,NA,NA,NA,NA,NA,NA
"MCK 13-3 C_73.0_584.0",NA,49.4,49.475,49.55,49.625,49.7,49.775,49.85,49.925,50,NA,NA,NA,NA,NA,NA,NA,NA,NA,NA,NA,NA,NA,NA,NA,NA,NA,NA,NA,NA,NA,NA
"MCK 13-3 C_73.0_589.0",NA,56.6,56.9375,57.275,57.6125,57.95,58.2875,58.625,58.9625,59.3,NA,NA,NA,NA,NA,NA,NA,NA,NA,NA,NA,NA,NA,NA,NA,NA,NA,NA,NA,NA,NA,NA
"MCK 13-3 C_73.0_591.0",NA,57,56.8875,56.775,56.6625,56.55,56.4375,56.325,56.2125,56.1,NA,NA,NA,NA,NA,NA,NA,NA,NA,NA,NA,NA,NA,NA,NA,NA,NA,NA,NA,NA,NA,NA
"MCK 13-3 C_73.0_594.0",NA,59.6,60.125,60.65,61.175,61.7,62.225,62.75,63.275,63.8,NA,NA,NA,NA,NA,NA,NA,NA,NA,NA,NA,NA,NA,NA,NA,NA,NA,NA,NA,NA,NA,NA
"MCK 13-3 C_73.0_718.0",NA,50.2,50.6625,51.125,51.5875,52.05,52.5125,52.975,53.4375,53.9,NA,NA,NA,NA,NA,NA,NA,NA,NA,NA,NA,NA,NA,NA,NA,NA,NA,NA,NA,NA,NA,NA
"MCK 13-3 C_73.0_719.0",NA,26,26.125,26.25,26.375,26.5,26.625,26.75,26.875,27,NA,NA,NA,NA,NA,NA,NA,NA,NA,NA,NA,NA,NA,NA,NA,NA,NA,NA,NA,NA,NA,NA
"MCK 13-3 C_73.0_722.0",NA,46.8,47.2375,47.675,48.1125,48.55,48.9875,49.425,49.8625,50.3,NA,NA,NA,NA,NA,NA,NA,NA,NA,NA,NA,NA,NA,NA,NA,NA,NA,NA,NA,NA,NA,NA
"MCK 13-3 C_73.0_723.0",NA,42.8,43.2,43.6,44,44.4,44.8,45.2,45.6,46,NA,NA,NA,NA,NA,NA,NA,NA,NA,NA,NA,NA,NA,NA,NA,NA,NA,NA,NA,NA,NA,NA
"MCK 13-3 C_73.0_724.0",NA,51.7,52.275,52.85,53.425,54,54.575,55.15,55.725,56.3,NA,NA,NA,NA,NA,NA,NA,NA,NA,NA,NA,NA,NA,NA,NA,NA,NA,NA,NA,NA,NA,NA
"MCK 13-3 C_73.0_725.0",NA,29.7,29.7625,29.825,29.8875,29.95,30.0125,30.075,30.1375,30.2,NA,NA,NA,NA,NA,NA,NA,NA,NA,NA,NA,NA,NA,NA,NA,NA,NA,NA,NA,NA,NA,NA
"MCK 13-3 C_73.0_726.0",NA,43.1,43.325,43.55,43.775,44,44.225,44.45,44.675,44.9,NA,NA,NA,NA,NA,NA,NA,NA,NA,NA,NA,NA,NA,NA,NA,NA,NA,NA,NA,NA,NA,NA
"MCK 13-3 C_73.0_727.0",NA,24.7,24.7125,24.725,24.7375,24.75,24.7625,24.775,24.7875,24.8,NA,NA,NA,NA,NA,NA,NA,NA,NA,NA,NA,NA,NA,NA,NA,NA,NA,NA,NA,NA,NA,NA
"MCK 13-3 C_73.0_728.0",NA,19.9,19.875,19.85,19.825,19.8,19.775,19.75,19.725,19.7,NA,NA,NA,NA,NA,NA,NA,NA,NA,NA,NA,NA,NA,NA,NA,NA,NA,NA,NA,NA,NA,NA
"MCK 13-3 C_73.0_729.0",NA,40.5,40.7625,41.025,41.2875,41.55,41.8125,42.075,42.3375,42.6,NA,NA,NA,NA,NA,NA,NA,NA,NA,NA,NA,NA,NA,NA,NA,NA,NA,NA,NA,NA,NA,NA
"MCK 13-3 C_73.0_731.0",NA,43.6,44.05,44.5,44.95,45.4,45.85,46.3,46.75,47.2,NA,NA,NA,NA,NA,NA,NA,NA,NA,NA,NA,NA,NA,NA,NA,NA,NA,NA,NA,NA,NA,NA
"MCK 13-3 C_73.0_733.0",NA,40.4,40.5,40.6,40.7,40.8,40.9,41,41.1,41.2,NA,NA,NA,NA,NA,NA,NA,NA,NA,NA,NA,NA,NA,NA,NA,NA,NA,NA,NA,NA,NA,NA
"MCK 13-3 C_73.0_735.0",NA,57.5,57.575,57.65,57.725,57.8,57.875,57.95,58.025,58.1,NA,NA,NA,NA,NA,NA,NA,NA,NA,NA,NA,NA,NA,NA,NA,NA,NA,NA,NA,NA,NA,NA
"MCK 13-3 C_73.0_739.0",NA,51.3,51.6,51.9,52.2,52.5,52.8,53.1,53.4,53.7,NA,NA,NA,NA,NA,NA,NA,NA,NA,NA,NA,NA,NA,NA,NA,NA,NA,NA,NA,NA,NA,NA
"MCK 13-3 C_73.0_740.0",NA,28.1,28.3,28.5,28.7,28.9,29.1,29.3,29.5,29.7,NA,NA,NA,NA,NA,NA,NA,NA,NA,NA,NA,NA,NA,NA,NA,NA,NA,NA,NA,NA,NA,NA
"MCK 13-3 C_90.0_501.0",NA,44.3,44.8625,45.425,45.9875,46.55,47.1125,47.675,48.2375,48.8,NA,NA,NA,NA,NA,NA,NA,NA,NA,NA,NA,NA,NA,NA,NA,NA,NA,NA,NA,NA,NA,NA
"MCK 13-3 C_90.0_503.0",NA,32.9,33.075,33.25,33.425,33.6,33.775,33.95,34.125,34.3,NA,NA,NA,NA,NA,NA,NA,NA,NA,NA,NA,NA,NA,NA,NA,NA,NA,NA,NA,NA,NA,NA
"MCK 13-3 C_90.0_504.0",NA,37.1,37.45,37.8,38.15,38.5,38.85,39.2,39.55,39.9,NA,NA,NA,NA,NA,NA,NA,NA,NA,NA,NA,NA,NA,NA,NA,NA,NA,NA,NA,NA,NA,NA
"MCK 13-3 C_90.0_505.0",NA,48.4,49.275,50.15,51.025,51.9,52.775,53.65,54.525,55.4,NA,NA,NA,NA,NA,NA,NA,NA,NA,NA,NA,NA,NA,NA,NA,NA,NA,NA,NA,NA,NA,NA
"MCK 13-3 C_90.0_509.0",NA,61.5,62.125,62.75,63.375,64,64.625,65.25,65.875,66.5,NA,NA,NA,NA,NA,NA,NA,NA,NA,NA,NA,NA,NA,NA,NA,NA,NA,NA,NA,NA,NA,NA
"MCK 13-3 C_90.0_510.0",NA,43.7,44.1125,44.525,44.9375,45.35,45.7625,46.175,46.5875,47,NA,NA,NA,NA,NA,NA,NA,NA,NA,NA,NA,NA,NA,NA,NA,NA,NA,NA,NA,NA,NA,NA
"MCK 13-3 C_90.0_511.0",NA,51.6,51.8,52,52.2,52.4,52.6,52.8,53,53.2,NA,NA,NA,NA,NA,NA,NA,NA,NA,NA,NA,NA,NA,NA,NA,NA,NA,NA,NA,NA,NA,NA
"MCK 13-3 C_90.0_512.0",NA,58.2,58.425,58.65,58.875,59.1,59.325,59.55,59.775,60,NA,NA,NA,NA,NA,NA,NA,NA,NA,NA,NA,NA,NA,NA,NA,NA,NA,NA,NA,NA,NA,NA
"MCK 13-3 C_90.0_513.0",NA,46.1,46.7,47.3,47.9,48.5,49.1,49.7,50.3,50.9,NA,NA,NA,NA,NA,NA,NA,NA,NA,NA,NA,NA,NA,NA,NA,NA,NA,NA,NA,NA,NA,NA
"MCK 13-3 C_90.0_514.0",NA,18.3,18.35,18.4,18.45,18.5,18.55,18.6,18.65,18.7,NA,NA,NA,NA,NA,NA,NA,NA,NA,NA,NA,NA,NA,NA,NA,NA,NA,NA,NA,NA,NA,NA
"MCK 13-3 C_90.0_515.0",NA,58,58.2875,58.575,58.8625,59.15,59.4375,59.725,60.0125,60.3,NA,NA,NA,NA,NA,NA,NA,NA,NA,NA,NA,NA,NA,NA,NA,NA,NA,NA,NA,NA,NA,NA
"MCK 13-3 C_90.0_516.0",NA,35.2,35.4875,35.775,36.0625,36.35,36.6375,36.925,37.2125,37.5,NA,NA,NA,NA,NA,NA,NA,NA,NA,NA,NA,NA,NA,NA,NA,NA,NA,NA,NA,NA,NA,NA
"MCK 13-3 C_90.0_518.0",NA,43.7,44.025,44.35,44.675,45,45.325,45.65,45.975,46.3,NA,NA,NA,NA,NA,NA,NA,NA,NA,NA,NA,NA,NA,NA,NA,NA,NA,NA,NA,NA,NA,NA
"MCK 13-3 C_90.0_519.0",NA,30,30.1,30.2,30.3,30.4,30.5,30.6,30.7,30.8,NA,NA,NA,NA,NA,NA,NA,NA,NA,NA,NA,NA,NA,NA,NA,NA,NA,NA,NA,NA,NA,NA
"MCK 13-3 C_90.0_520.0",NA,35.2,35.3,35.4,35.5,35.6,35.7,35.8,35.9,36,NA,NA,NA,NA,NA,NA,NA,NA,NA,NA,NA,NA,NA,NA,NA,NA,NA,NA,NA,NA,NA,NA
"MCK 13-3 C_90.0_521.0",NA,58.3,58.675,59.05,59.425,59.8,60.175,60.55,60.925,61.3,NA,NA,NA,NA,NA,NA,NA,NA,NA,NA,NA,NA,NA,NA,NA,NA,NA,NA,NA,NA,NA,NA
"MCK 13-3 C_90.0_523.0",NA,48.4,48.8875,49.375,49.8625,50.35,50.8375,51.325,51.8125,52.3,NA,NA,NA,NA,NA,NA,NA,NA,NA,NA,NA,NA,NA,NA,NA,NA,NA,NA,NA,NA,NA,NA
"MCK 13-3 C_90.0_525.0",NA,44.2,44.55,44.9,45.25,45.6,45.95,46.3,46.65,47,NA,NA,NA,NA,NA,NA,NA,NA,NA,NA,NA,NA,NA,NA,NA,NA,NA,NA,NA,NA,NA,NA
"MCK 13-3 C_90.0_529.0",NA,27.5,27.625,27.75,27.875,28,28.125,28.25,28.375,28.5,NA,NA,NA,NA,NA,NA,NA,NA,NA,NA,NA,NA,NA,NA,NA,NA,NA,NA,NA,NA,NA,NA
"MCK 13-3 C_90.0_531.0",NA,70.5,71.2125,71.925,72.6375,73.35,74.0625,74.775,75.4875,76.2,NA,NA,NA,NA,NA,NA,NA,NA,NA,NA,NA,NA,NA,NA,NA,NA,NA,NA,NA,NA,NA,NA
"MCK 13-3 C_90.0_532.0",NA,42.4,42.85,43.3,43.75,44.2,44.65,45.1,45.55,46,NA,NA,NA,NA,NA,NA,NA,NA,NA,NA,NA,NA,NA,NA,NA,NA,NA,NA,NA,NA,NA,NA
"MCK 13-3 C_90.0_533.0",NA,36.3,36.3875,36.475,36.5625,36.65,36.7375,36.825,36.9125,37,NA,NA,NA,NA,NA,NA,NA,NA,NA,NA,NA,NA,NA,NA,NA,NA,NA,NA,NA,NA,NA,NA
"MCK 13-3 C_90.0_534.0",NA,47.7,47.85,48,48.15,48.3,48.45,48.6,48.75,48.9,NA,NA,NA,NA,NA,NA,NA,NA,NA,NA,NA,NA,NA,NA,NA,NA,NA,NA,NA,NA,NA,NA
"MCK 13-3 C_90.0_535.0",NA,40.2,40.6625,41.125,41.5875,42.05,42.5125,42.975,43.4375,43.9,NA,NA,NA,NA,NA,NA,NA,NA,NA,NA,NA,NA,NA,NA,NA,NA,NA,NA,NA,NA,NA,NA
"MCK 13-3 C_90.0_537.0",NA,56.2,56.425,56.65,56.875,57.1,57.325,57.55,57.775,58,NA,NA,NA,NA,NA,NA,NA,NA,NA,NA,NA,NA,NA,NA,NA,NA,NA,NA,NA,NA,NA,NA
"MCK 13-3 C_90.0_538.0",NA,39.3,39.5375,39.775,40.0125,40.25,40.4875,40.725,40.9625,41.2,NA,NA,NA,NA,NA,NA,NA,NA,NA,NA,NA,NA,NA,NA,NA,NA,NA,NA,NA,NA,NA,NA
"MCK 13-3 C_90.0_540.0",NA,38.6,38.8125,39.025,39.2375,39.45,39.6625,39.875,40.0875,40.3,NA,NA,NA,NA,NA,NA,NA,NA,NA,NA,NA,NA,NA,NA,NA,NA,NA,NA,NA,NA,NA,NA
"MCK 13-3 C_90.0_542.0",NA,55.1,55.75,56.4,57.05,57.7,58.35,59,59.65,60.3,NA,NA,NA,NA,NA,NA,NA,NA,NA,NA,NA,NA,NA,NA,NA,NA,NA,NA,NA,NA,NA,NA
"MCK 13-3 C_90.0_543.0",NA,26.4,26.525,26.65,26.775,26.9,27.025,27.15,27.275,27.4,NA,NA,NA,NA,NA,NA,NA,NA,NA,NA,NA,NA,NA,NA,NA,NA,NA,NA,NA,NA,NA,NA
"MCK 13-3 C_90.0_546.0",NA,52.4,52.6125,52.825,53.0375,53.25,53.4625,53.675,53.8875,54.1,NA,NA,NA,NA,NA,NA,NA,NA,NA,NA,NA,NA,NA,NA,NA,NA,NA,NA,NA,NA,NA,NA
"MCK 13-3 C_90.0_547.0",NA,65,65.4125,65.825,66.2375,66.65,67.0625,67.475,67.8875,68.3,NA,NA,NA,NA,NA,NA,NA,NA,NA,NA,NA,NA,NA,NA,NA,NA,NA,NA,NA,NA,NA,NA
"MCK 13-3 C_90.0_548.0",NA,26.9,27.025,27.15,27.275,27.4,27.525,27.65,27.775,27.9,NA,NA,NA,NA,NA,NA,NA,NA,NA,NA,NA,NA,NA,NA,NA,NA,NA,NA,NA,NA,NA,NA
"MCK 13-3 C_90.0_551.0",NA,47.8,48.3,48.8,49.3,49.8,50.3,50.8,51.3,51.8,NA,NA,NA,NA,NA,NA,NA,NA,NA,NA,NA,NA,NA,NA,NA,NA,NA,NA,NA,NA,NA,NA
"MCK 13-3 C_90.0_553.0",NA,65,65.525,66.05,66.575,67.1,67.625,68.15,68.675,69.2,NA,NA,NA,NA,NA,NA,NA,NA,NA,NA,NA,NA,NA,NA,NA,NA,NA,NA,NA,NA,NA,NA
"MCK 13-3 C_90.0_554.0",NA,38,38.45,38.9,39.35,39.8,40.25,40.7,41.15,41.6,NA,NA,NA,NA,NA,NA,NA,NA,NA,NA,NA,NA,NA,NA,NA,NA,NA,NA,NA,NA,NA,NA
"MCK 13-3 C_90.0_556.0",NA,37,37.25,37.5,37.75,38,38.25,38.5,38.75,39,NA,NA,NA,NA,NA,NA,NA,NA,NA,NA,NA,NA,NA,NA,NA,NA,NA,NA,NA,NA,NA,NA
"MCK 13-3 C_90.0_557.0",NA,50.7,51.125,51.55,51.975,52.4,52.825,53.25,53.675,54.1,NA,NA,NA,NA,NA,NA,NA,NA,NA,NA,NA,NA,NA,NA,NA,NA,NA,NA,NA,NA,NA,NA
"MCK 13-3 C_90.0_559.0",NA,53.6,54.2125,54.825,55.4375,56.05,56.6625,57.275,57.8875,58.5,NA,NA,NA,NA,NA,NA,NA,NA,NA,NA,NA,NA,NA,NA,NA,NA,NA,NA,NA,NA,NA,NA
"MCK 13-3 C_90.0_560.0",NA,56.3,56.925,57.55,58.175,58.8,59.425,60.05,60.675,61.3,NA,NA,NA,NA,NA,NA,NA,NA,NA,NA,NA,NA,NA,NA,NA,NA,NA,NA,NA,NA,NA,NA
"MCK 13-3 C_90.0_561.0",NA,29.9,30.075,30.25,30.425,30.6,30.775,30.95,31.125,31.3,NA,NA,NA,NA,NA,NA,NA,NA,NA,NA,NA,NA,NA,NA,NA,NA,NA,NA,NA,NA,NA,NA
"MCK 13-3 C_90.0_562.0",NA,30.4,30.5625,30.725,30.8875,31.05,31.2125,31.375,31.5375,31.7,NA,NA,NA,NA,NA,NA,NA,NA,NA,NA,NA,NA,NA,NA,NA,NA,NA,NA,NA,NA,NA,NA
"MCK 13-3 C_90.0_563.0",NA,36.1,36.4875,36.875,37.2625,37.65,38.0375,38.425,38.8125,39.2,NA,NA,NA,NA,NA,NA,NA,NA,NA,NA,NA,NA,NA,NA,NA,NA,NA,NA,NA,NA,NA,NA
"MCK 13-3 C_90.0_6.0",NA,36.9,37.0125,37.125,37.2375,37.35,37.4625,37.575,37.6875,37.8,NA,NA,NA,NA,NA,NA,NA,NA,NA,NA,NA,NA,NA,NA,NA,NA,NA,NA,NA,NA,NA,NA
"MCK 13-3 C_91.0_200.0",NA,44.3,44.925,45.55,46.175,46.8,47.425,48.05,48.675,49.3,NA,NA,NA,NA,NA,NA,NA,NA,NA,NA,NA,NA,NA,NA,NA,NA,NA,NA,NA,NA,NA,NA
"MCK 13-3 C_91.0_300.0",NA,43.5,43.8625,44.225,44.5875,44.95,45.3125,45.675,46.0375,46.4,NA,NA,NA,NA,NA,NA,NA,NA,NA,NA,NA,NA,NA,NA,NA,NA,NA,NA,NA,NA,NA,NA
"MCK 13-3 C_91.0_564.0",NA,74.3,75.0625,75.825,76.5875,77.35,78.1125,78.875,79.6375,80.4,NA,NA,NA,NA,NA,NA,NA,NA,NA,NA,NA,NA,NA,NA,NA,NA,NA,NA,NA,NA,NA,NA
"MCK 13-3 C_91.0_565.0",NA,51.1,51.6375,52.175,52.7125,53.25,53.7875,54.325,54.8625,55.4,NA,NA,NA,NA,NA,NA,NA,NA,NA,NA,NA,NA,NA,NA,NA,NA,NA,NA,NA,NA,NA,NA
"MCK 13-3 C_91.0_566.0",NA,36.1,36.35,36.6,36.85,37.1,37.35,37.6,37.85,38.1,NA,NA,NA,NA,NA,NA,NA,NA,NA,NA,NA,NA,NA,NA,NA,NA,NA,NA,NA,NA,NA,NA
"MCK 13-3 C_91.0_567.0",NA,44.9,45.2,45.5,45.8,46.1,46.4,46.7,47,47.3,NA,NA,NA,NA,NA,NA,NA,NA,NA,NA,NA,NA,NA,NA,NA,NA,NA,NA,NA,NA,NA,NA
"MCK 13-3 C_91.0_569.0",NA,35,35.1625,35.325,35.4875,35.65,35.8125,35.975,36.1375,36.3,NA,NA,NA,NA,NA,NA,NA,NA,NA,NA,NA,NA,NA,NA,NA,NA,NA,NA,NA,NA,NA,NA
"MCK 13-3 C_91.0_570.0",NA,37.3,37.6375,37.975,38.3125,38.65,38.9875,39.325,39.6625,40,NA,NA,NA,NA,NA,NA,NA,NA,NA,NA,NA,NA,NA,NA,NA,NA,NA,NA,NA,NA,NA,NA
"MCK 13-3 C_91.0_571.0",NA,59.3,59.7,60.1,60.5,60.9,61.3,61.7,62.1,62.5,NA,NA,NA,NA,NA,NA,NA,NA,NA,NA,NA,NA,NA,NA,NA,NA,NA,NA,NA,NA,NA,NA
"MCK 13-3 C_91.0_572.0",NA,28,28.475,28.95,29.425,29.9,30.375,30.85,31.325,31.8,NA,NA,NA,NA,NA,NA,NA,NA,NA,NA,NA,NA,NA,NA,NA,NA,NA,NA,NA,NA,NA,NA
"MCK 13-3 C_91.0_574.0",NA,49.2,49.15,49.1,49.05,49,48.95,48.9,48.85,48.8,NA,NA,NA,NA,NA,NA,NA,NA,NA,NA,NA,NA,NA,NA,NA,NA,NA,NA,NA,NA,NA,NA
"MCK 13-3 C_91.0_575.0",NA,35.5,36.05,36.6,37.15,37.7,38.25,38.8,39.35,39.9,NA,NA,NA,NA,NA,NA,NA,NA,NA,NA,NA,NA,NA,NA,NA,NA,NA,NA,NA,NA,NA,NA
"MCK 13-3 C_91.0_576.0",NA,71.3,71.3,71.3,71.3,71.3,71.3,71.3,71.3,71.3,NA,NA,NA,NA,NA,NA,NA,NA,NA,NA,NA,NA,NA,NA,NA,NA,NA,NA,NA,NA,NA,NA
"MCK 13-3 C_91.0_580.0",NA,65.5,66.375,67.25,68.125,69,69.875,70.75,71.625,72.5,NA,NA,NA,NA,NA,NA,NA,NA,NA,NA,NA,NA,NA,NA,NA,NA,NA,NA,NA,NA,NA,NA
"MCK 13-3 C_91.0_582.0",NA,54.8,55.4125,56.025,56.6375,57.25,57.8625,58.475,59.0875,59.7,NA,NA,NA,NA,NA,NA,NA,NA,NA,NA,NA,NA,NA,NA,NA,NA,NA,NA,NA,NA,NA,NA
"MCK 13-3 C_91.0_584.0",NA,23.8,23.9875,24.175,24.3625,24.55,24.7375,24.925,25.1125,25.3,NA,NA,NA,NA,NA,NA,NA,NA,NA,NA,NA,NA,NA,NA,NA,NA,NA,NA,NA,NA,NA,NA
"MCK 13-3 C_91.0_585.0",NA,67.5,67.6875,67.875,68.0625,68.25,68.4375,68.625,68.8125,69,NA,NA,NA,NA,NA,NA,NA,NA,NA,NA,NA,NA,NA,NA,NA,NA,NA,NA,NA,NA,NA,NA
"MCK 13-3 C_91.0_586.0",NA,75.8,76.425,77.05,77.675,78.3,78.925,79.55,80.175,80.8,NA,NA,NA,NA,NA,NA,NA,NA,NA,NA,NA,NA,NA,NA,NA,NA,NA,NA,NA,NA,NA,NA
"MCK 13-3 C_91.0_587.0",NA,40,40.325,40.65,40.975,41.3,41.625,41.95,42.275,42.6,NA,NA,NA,NA,NA,NA,NA,NA,NA,NA,NA,NA,NA,NA,NA,NA,NA,NA,NA,NA,NA,NA
"MCK 13-3 C_91.0_588.0",NA,56.5,56.875,57.25,57.625,58,58.375,58.75,59.125,59.5,NA,NA,NA,NA,NA,NA,NA,NA,NA,NA,NA,NA,NA,NA,NA,NA,NA,NA,NA,NA,NA,NA
"MCK 13-3 C_91.0_589.0",NA,56,56.325,56.65,56.975,57.3,57.625,57.95,58.275,58.6,NA,NA,NA,NA,NA,NA,NA,NA,NA,NA,NA,NA,NA,NA,NA,NA,NA,NA,NA,NA,NA,NA
"MCK 13-3 C_91.0_590.0",NA,24.4,24.6125,24.825,25.0375,25.25,25.4625,25.675,25.8875,26.1,NA,NA,NA,NA,NA,NA,NA,NA,NA,NA,NA,NA,NA,NA,NA,NA,NA,NA,NA,NA,NA,NA
"MCK 13-3 C_91.0_591.0",NA,37.1,37.775,38.45,39.125,39.8,40.475,41.15,41.825,42.5,NA,NA,NA,NA,NA,NA,NA,NA,NA,NA,NA,NA,NA,NA,NA,NA,NA,NA,NA,NA,NA,NA
"MCK 13-3 C_91.0_598.0",NA,62.2,62.85,63.5,64.15,64.8,65.45,66.1,66.75,67.4,NA,NA,NA,NA,NA,NA,NA,NA,NA,NA,NA,NA,NA,NA,NA,NA,NA,NA,NA,NA,NA,NA
"MCK 13-3 C_91.0_78.0",NA,59.1,59.4875,59.875,60.2625,60.65,61.0375,61.425,61.8125,62.2,NA,NA,NA,NA,NA,NA,NA,NA,NA,NA,NA,NA,NA,NA,NA,NA,NA,NA,NA,NA,NA,NA
"MCK 13-3 C_91.0_80.0",NA,67.3,68.2625,69.225,70.1875,71.15,72.1125,73.075,74.0375,75,NA,NA,NA,NA,NA,NA,NA,NA,NA,NA,NA,NA,NA,NA,NA,NA,NA,NA,NA,NA,NA,NA
"MCK 13-3 C_92.0_11.0",NA,34.2,34.5125,34.825,35.1375,35.45,35.7625,36.075,36.3875,36.7,NA,NA,NA,NA,NA,NA,NA,NA,NA,NA,NA,NA,NA,NA,NA,NA,NA,NA,NA,NA,NA,NA
"MCK 13-3 C_92.0_12.0",NA,16,16.1125,16.225,16.3375,16.45,16.5625,16.675,16.7875,16.9,NA,NA,NA,NA,NA,NA,NA,NA,NA,NA,NA,NA,NA,NA,NA,NA,NA,NA,NA,NA,NA,NA
"MCK 13-3 C_92.0_13.0",NA,20.7,20.7,20.7,20.7,20.7,20.7,20.7,20.7,20.7,NA,NA,NA,NA,NA,NA,NA,NA,NA,NA,NA,NA,NA,NA,NA,NA,NA,NA,NA,NA,NA,NA
"MCK 13-3 C_92.0_14.0",NA,26.4,26.6125,26.825,27.0375,27.25,27.4625,27.675,27.8875,28.1,NA,NA,NA,NA,NA,NA,NA,NA,NA,NA,NA,NA,NA,NA,NA,NA,NA,NA,NA,NA,NA,NA
"MCK 13-3 C_92.0_16.0",NA,28.4,28.575,28.75,28.925,29.1,29.275,29.45,29.625,29.8,NA,NA,NA,NA,NA,NA,NA,NA,NA,NA,NA,NA,NA,NA,NA,NA,NA,NA,NA,NA,NA,NA
"MCK 13-3 C_92.0_17.0",NA,43.8,44.2125,44.625,45.0375,45.45,45.8625,46.275,46.6875,47.1,NA,NA,NA,NA,NA,NA,NA,NA,NA,NA,NA,NA,NA,NA,NA,NA,NA,NA,NA,NA,NA,NA
"MCK 13-3 C_92.0_2.0",NA,30.5,30.8375,31.175,31.5125,31.85,32.1875,32.525,32.8625,33.2,NA,NA,NA,NA,NA,NA,NA,NA,NA,NA,NA,NA,NA,NA,NA,NA,NA,NA,NA,NA,NA,NA
"MCK 13-3 C_92.0_21.0",NA,39,39.2,39.4,39.6,39.8,40,40.2,40.4,40.6,NA,NA,NA,NA,NA,NA,NA,NA,NA,NA,NA,NA,NA,NA,NA,NA,NA,NA,NA,NA,NA,NA
"MCK 13-3 C_92.0_22.0",NA,55.5,55.95,56.4,56.85,57.3,57.75,58.2,58.65,59.1,NA,NA,NA,NA,NA,NA,NA,NA,NA,NA,NA,NA,NA,NA,NA,NA,NA,NA,NA,NA,NA,NA
"MCK 13-3 C_92.0_25.0",NA,46.4,46.8625,47.325,47.7875,48.25,48.7125,49.175,49.6375,50.1,NA,NA,NA,NA,NA,NA,NA,NA,NA,NA,NA,NA,NA,NA,NA,NA,NA,NA,NA,NA,NA,NA
"MCK 13-3 C_92.0_26.0",NA,27.5,27.5375,27.575,27.6125,27.65,27.6875,27.725,27.7625,27.8,NA,NA,NA,NA,NA,NA,NA,NA,NA,NA,NA,NA,NA,NA,NA,NA,NA,NA,NA,NA,NA,NA
"MCK 13-3 C_92.0_27.0",NA,39.5,39.775,40.05,40.325,40.6,40.875,41.15,41.425,41.7,NA,NA,NA,NA,NA,NA,NA,NA,NA,NA,NA,NA,NA,NA,NA,NA,NA,NA,NA,NA,NA,NA
"MCK 13-3 C_92.0_28.0",NA,53.4,53.6625,53.925,54.1875,54.45,54.7125,54.975,55.2375,55.5,NA,NA,NA,NA,NA,NA,NA,NA,NA,NA,NA,NA,NA,NA,NA,NA,NA,NA,NA,NA,NA,NA
"MCK 13-3 C_92.0_29.0",NA,29.6,29.7,29.8,29.9,30,30.1,30.2,30.3,30.4,NA,NA,NA,NA,NA,NA,NA,NA,NA,NA,NA,NA,NA,NA,NA,NA,NA,NA,NA,NA,NA,NA
"MCK 13-3 C_92.0_3.0",NA,35.1,35.5,35.9,36.3,36.7,37.1,37.5,37.9,38.3,NA,NA,NA,NA,NA,NA,NA,NA,NA,NA,NA,NA,NA,NA,NA,NA,NA,NA,NA,NA,NA,NA
"MCK 13-3 C_92.0_30.0",NA,41.8,42.125,42.45,42.775,43.1,43.425,43.75,44.075,44.4,NA,NA,NA,NA,NA,NA,NA,NA,NA,NA,NA,NA,NA,NA,NA,NA,NA,NA,NA,NA,NA,NA
"MCK 13-3 C_92.0_33.0",NA,52.7,53.1,53.5,53.9,54.3,54.7,55.1,55.5,55.9,NA,NA,NA,NA,NA,NA,NA,NA,NA,NA,NA,NA,NA,NA,NA,NA,NA,NA,NA,NA,NA,NA
"MCK 13-3 C_92.0_34.0",NA,40.3,40.7,41.1,41.5,41.9,42.3,42.7,43.1,43.5,NA,NA,NA,NA,NA,NA,NA,NA,NA,NA,NA,NA,NA,NA,NA,NA,NA,NA,NA,NA,NA,NA
"MCK 13-3 C_92.0_35.0",NA,21.4,21.425,21.45,21.475,21.5,21.525,21.55,21.575,21.6,NA,NA,NA,NA,NA,NA,NA,NA,NA,NA,NA,NA,NA,NA,NA,NA,NA,NA,NA,NA,NA,NA
"MCK 13-3 C_92.0_36.0",NA,26.4,26.6375,26.875,27.1125,27.35,27.5875,27.825,28.0625,28.3,NA,NA,NA,NA,NA,NA,NA,NA,NA,NA,NA,NA,NA,NA,NA,NA,NA,NA,NA,NA,NA,NA
"MCK 13-3 C_92.0_38.0",NA,22.7,22.9625,23.225,23.4875,23.75,24.0125,24.275,24.5375,24.8,NA,NA,NA,NA,NA,NA,NA,NA,NA,NA,NA,NA,NA,NA,NA,NA,NA,NA,NA,NA,NA,NA
"MCK 13-3 C_92.0_39.0",NA,39.9,40.35,40.8,41.25,41.7,42.15,42.6,43.05,43.5,NA,NA,NA,NA,NA,NA,NA,NA,NA,NA,NA,NA,NA,NA,NA,NA,NA,NA,NA,NA,NA,NA
"MCK 13-3 C_92.0_41.0",NA,31.5,31.7125,31.925,32.1375,32.35,32.5625,32.775,32.9875,33.2,NA,NA,NA,NA,NA,NA,NA,NA,NA,NA,NA,NA,NA,NA,NA,NA,NA,NA,NA,NA,NA,NA
"MCK 13-3 C_92.0_43.0",NA,41.5,41.875,42.25,42.625,43,43.375,43.75,44.125,44.5,NA,NA,NA,NA,NA,NA,NA,NA,NA,NA,NA,NA,NA,NA,NA,NA,NA,NA,NA,NA,NA,NA
"MCK 13-3 C_92.0_44.0",NA,35.5,35.75,36,36.25,36.5,36.75,37,37.25,37.5,NA,NA,NA,NA,NA,NA,NA,NA,NA,NA,NA,NA,NA,NA,NA,NA,NA,NA,NA,NA,NA,NA
"MCK 13-3 C_92.0_45.0",NA,36.3,36.5875,36.875,37.1625,37.45,37.7375,38.025,38.3125,38.6,NA,NA,NA,NA,NA,NA,NA,NA,NA,NA,NA,NA,NA,NA,NA,NA,NA,NA,NA,NA,NA,NA
"MCK 13-3 C_92.0_46.0",NA,40,40.3,40.6,40.9,41.2,41.5,41.8,42.1,42.4,NA,NA,NA,NA,NA,NA,NA,NA,NA,NA,NA,NA,NA,NA,NA,NA,NA,NA,NA,NA,NA,NA
"MCK 13-3 C_92.0_47.0",NA,34.1,34.4,34.7,35,35.3,35.6,35.9,36.2,36.5,NA,NA,NA,NA,NA,NA,NA,NA,NA,NA,NA,NA,NA,NA,NA,NA,NA,NA,NA,NA,NA,NA
"MCK 13-3 C_92.0_5.0",NA,68.2,68.675,69.15,69.625,70.1,70.575,71.05,71.525,72,NA,NA,NA,NA,NA,NA,NA,NA,NA,NA,NA,NA,NA,NA,NA,NA,NA,NA,NA,NA,NA,NA
"MCK 13-3 C_92.0_51.0",NA,29,29.5,30,30.5,31,31.5,32,32.5,33,NA,NA,NA,NA,NA,NA,NA,NA,NA,NA,NA,NA,NA,NA,NA,NA,NA,NA,NA,NA,NA,NA
"MCK 13-3 C_92.0_53.0",NA,18.2,18.3875,18.575,18.7625,18.95,19.1375,19.325,19.5125,19.7,NA,NA,NA,NA,NA,NA,NA,NA,NA,NA,NA,NA,NA,NA,NA,NA,NA,NA,NA,NA,NA,NA
"MCK 13-3 C_92.0_54.0",NA,32.2,32.6375,33.075,33.5125,33.95,34.3875,34.825,35.2625,35.7,NA,NA,NA,NA,NA,NA,NA,NA,NA,NA,NA,NA,NA,NA,NA,NA,NA,NA,NA,NA,NA,NA
"MCK 13-3 C_92.0_55.0",NA,21.6,21.875,22.15,22.425,22.7,22.975,23.25,23.525,23.8,NA,NA,NA,NA,NA,NA,NA,NA,NA,NA,NA,NA,NA,NA,NA,NA,NA,NA,NA,NA,NA,NA
"MCK 13-3 C_92.0_56.0",NA,38.6,39.3625,40.125,40.8875,41.65,42.4125,43.175,43.9375,44.7,NA,NA,NA,NA,NA,NA,NA,NA,NA,NA,NA,NA,NA,NA,NA,NA,NA,NA,NA,NA,NA,NA
"MCK 13-3 C_92.0_57.0",NA,39.9,39.9125,39.925,39.9375,39.95,39.9625,39.975,39.9875,40,NA,NA,NA,NA,NA,NA,NA,NA,NA,NA,NA,NA,NA,NA,NA,NA,NA,NA,NA,NA,NA,NA
"MCK 13-3 C_92.0_58.0",NA,37.1,37.5125,37.925,38.3375,38.75,39.1625,39.575,39.9875,40.4,NA,NA,NA,NA,NA,NA,NA,NA,NA,NA,NA,NA,NA,NA,NA,NA,NA,NA,NA,NA,NA,NA
"MCK 13-3 C_92.0_59.0",NA,26.2,26.5125,26.825,27.1375,27.45,27.7625,28.075,28.3875,28.7,NA,NA,NA,NA,NA,NA,NA,NA,NA,NA,NA,NA,NA,NA,NA,NA,NA,NA,NA,NA,NA,NA
"MCK 13-3 C_92.0_6.0",NA,37.9,38.25,38.6,38.95,39.3,39.65,40,40.35,40.7,NA,NA,NA,NA,NA,NA,NA,NA,NA,NA,NA,NA,NA,NA,NA,NA,NA,NA,NA,NA,NA,NA
"MCK 13-3 C_92.0_60.0",NA,38.2,38.875,39.55,40.225,40.9,41.575,42.25,42.925,43.6,NA,NA,NA,NA,NA,NA,NA,NA,NA,NA,NA,NA,NA,NA,NA,NA,NA,NA,NA,NA,NA,NA
"MCK 13-3 C_92.0_61.0",NA,46.1,46.325,46.55,46.775,47,47.225,47.45,47.675,47.9,NA,NA,NA,NA,NA,NA,NA,NA,NA,NA,NA,NA,NA,NA,NA,NA,NA,NA,NA,NA,NA,NA
"MCK 13-3 C_92.0_62.0",NA,17.2,17.225,17.25,17.275,17.3,17.325,17.35,17.375,17.4,NA,NA,NA,NA,NA,NA,NA,NA,NA,NA,NA,NA,NA,NA,NA,NA,NA,NA,NA,NA,NA,NA
"MCK 13-3 C_92.0_64.0",NA,42.7,43.0875,43.475,43.8625,44.25,44.6375,45.025,45.4125,45.8,NA,NA,NA,NA,NA,NA,NA,NA,NA,NA,NA,NA,NA,NA,NA,NA,NA,NA,NA,NA,NA,NA
"MCK 13-3 C_92.0_65.0",NA,34.2,34.4375,34.675,34.9125,35.15,35.3875,35.625,35.8625,36.1,NA,NA,NA,NA,NA,NA,NA,NA,NA,NA,NA,NA,NA,NA,NA,NA,NA,NA,NA,NA,NA,NA
"MCK 13-3 C_92.0_66.0",NA,40.6,41.0125,41.425,41.8375,42.25,42.6625,43.075,43.4875,43.9,NA,NA,NA,NA,NA,NA,NA,NA,NA,NA,NA,NA,NA,NA,NA,NA,NA,NA,NA,NA,NA,NA
"MCK 13-3 C_92.0_68.0",NA,39.8,39.9125,40.025,40.1375,40.25,40.3625,40.475,40.5875,40.7,NA,NA,NA,NA,NA,NA,NA,NA,NA,NA,NA,NA,NA,NA,NA,NA,NA,NA,NA,NA,NA,NA
"MCK 13-3 C_92.0_7.0",NA,46,46.4625,46.925,47.3875,47.85,48.3125,48.775,49.2375,49.7,NA,NA,NA,NA,NA,NA,NA,NA,NA,NA,NA,NA,NA,NA,NA,NA,NA,NA,NA,NA,NA,NA
"MCK 13-3 C_92.0_71.0",NA,42.3,42.6375,42.975,43.3125,43.65,43.9875,44.325,44.6625,45,NA,NA,NA,NA,NA,NA,NA,NA,NA,NA,NA,NA,NA,NA,NA,NA,NA,NA,NA,NA,NA,NA
"MCK 13-3 C_92.0_72.0",NA,40.5,41.025,41.55,42.075,42.6,43.125,43.65,44.175,44.7,NA,NA,NA,NA,NA,NA,NA,NA,NA,NA,NA,NA,NA,NA,NA,NA,NA,NA,NA,NA,NA,NA
"MCK 13-3 C_92.0_73.0",NA,46.6,46.825,47.05,47.275,47.5,47.725,47.95,48.175,48.4,NA,NA,NA,NA,NA,NA,NA,NA,NA,NA,NA,NA,NA,NA,NA,NA,NA,NA,NA,NA,NA,NA
"MCK 13-3 C_92.0_75.0",NA,43.6,44.2125,44.825,45.4375,46.05,46.6625,47.275,47.8875,48.5,NA,NA,NA,NA,NA,NA,NA,NA,NA,NA,NA,NA,NA,NA,NA,NA,NA,NA,NA,NA,NA,NA
"MCK 13-3 C_92.0_76.0",NA,44.2,44.575,44.95,45.325,45.7,46.075,46.45,46.825,47.2,NA,NA,NA,NA,NA,NA,NA,NA,NA,NA,NA,NA,NA,NA,NA,NA,NA,NA,NA,NA,NA,NA
"MCK 13-3 C_92.0_77.0",NA,36.2,36.475,36.75,37.025,37.3,37.575,37.85,38.125,38.4,NA,NA,NA,NA,NA,NA,NA,NA,NA,NA,NA,NA,NA,NA,NA,NA,NA,NA,NA,NA,NA,NA
"MCK 13-3 C_92.0_8.0",NA,44.2,44.5375,44.875,45.2125,45.55,45.8875,46.225,46.5625,46.9,NA,NA,NA,NA,NA,NA,NA,NA,NA,NA,NA,NA,NA,NA,NA,NA,NA,NA,NA,NA,NA,NA
"MCK 13-3 C_92.0_97.0",NA,44,44.4625,44.925,45.3875,45.85,46.3125,46.775,47.2375,47.7,NA,NA,NA,NA,NA,NA,NA,NA,NA,NA,NA,NA,NA,NA,NA,NA,NA,NA,NA,NA,NA,NA
"MCK 13-3 C_93.0_301.0",NA,22.3,22.5125,22.725,22.9375,23.15,23.3625,23.575,23.7875,24,NA,NA,NA,NA,NA,NA,NA,NA,NA,NA,NA,NA,NA,NA,NA,NA,NA,NA,NA,NA,NA,NA
"MCK 13-3 C_93.0_302.0",NA,39.7,40.1375,40.575,41.0125,41.45,41.8875,42.325,42.7625,43.2,NA,NA,NA,NA,NA,NA,NA,NA,NA,NA,NA,NA,NA,NA,NA,NA,NA,NA,NA,NA,NA,NA
"MCK 13-3 C_93.0_303.0",NA,63.9,64.2875,64.675,65.0625,65.45,65.8375,66.225,66.6125,67,NA,NA,NA,NA,NA,NA,NA,NA,NA,NA,NA,NA,NA,NA,NA,NA,NA,NA,NA,NA,NA,NA
"MCK 13-3 C_93.0_304.0",NA,60.2,60.7,61.2,61.7,62.2,62.7,63.2,63.7,64.2,NA,NA,NA,NA,NA,NA,NA,NA,NA,NA,NA,NA,NA,NA,NA,NA,NA,NA,NA,NA,NA,NA
"MCK 13-3 C_93.0_305.0",NA,19.7,20.0375,20.375,20.7125,21.05,21.3875,21.725,22.0625,22.4,NA,NA,NA,NA,NA,NA,NA,NA,NA,NA,NA,NA,NA,NA,NA,NA,NA,NA,NA,NA,NA,NA
"MCK 13-3 C_93.0_306.0",NA,28.5,28.975,29.45,29.925,30.4,30.875,31.35,31.825,32.3,NA,NA,NA,NA,NA,NA,NA,NA,NA,NA,NA,NA,NA,NA,NA,NA,NA,NA,NA,NA,NA,NA
"MCK 13-3 C_93.0_307.0",NA,40.9,41.425,41.95,42.475,43,43.525,44.05,44.575,45.1,NA,NA,NA,NA,NA,NA,NA,NA,NA,NA,NA,NA,NA,NA,NA,NA,NA,NA,NA,NA,NA,NA
"MCK 13-3 C_93.0_308.0",NA,24.3,24.55,24.8,25.05,25.3,25.55,25.8,26.05,26.3,NA,NA,NA,NA,NA,NA,NA,NA,NA,NA,NA,NA,NA,NA,NA,NA,NA,NA,NA,NA,NA,NA
"MCK 13-3 C_93.0_309.0",NA,41.1,41.3125,41.525,41.7375,41.95,42.1625,42.375,42.5875,42.8,NA,NA,NA,NA,NA,NA,NA,NA,NA,NA,NA,NA,NA,NA,NA,NA,NA,NA,NA,NA,NA,NA
"MCK 13-3 C_93.0_310.0",NA,44.6,45.0125,45.425,45.8375,46.25,46.6625,47.075,47.4875,47.9,NA,NA,NA,NA,NA,NA,NA,NA,NA,NA,NA,NA,NA,NA,NA,NA,NA,NA,NA,NA,NA,NA
"MCK 13-3 C_93.0_311.0",NA,29.5,29.9875,30.475,30.9625,31.45,31.9375,32.425,32.9125,33.4,NA,NA,NA,NA,NA,NA,NA,NA,NA,NA,NA,NA,NA,NA,NA,NA,NA,NA,NA,NA,NA,NA
"MCK 13-3 C_93.0_312.0",NA,51.2,51.6125,52.025,52.4375,52.85,53.2625,53.675,54.0875,54.5,NA,NA,NA,NA,NA,NA,NA,NA,NA,NA,NA,NA,NA,NA,NA,NA,NA,NA,NA,NA,NA,NA
"MCK 13-3 C_93.0_313.0",NA,62,62.425,62.85,63.275,63.7,64.125,64.55,64.975,65.4,NA,NA,NA,NA,NA,NA,NA,NA,NA,NA,NA,NA,NA,NA,NA,NA,NA,NA,NA,NA,NA,NA
"MCK 13-3 C_93.0_79.0",NA,50.4,50.675,50.95,51.225,51.5,51.775,52.05,52.325,52.6,NA,NA,NA,NA,NA,NA,NA,NA,NA,NA,NA,NA,NA,NA,NA,NA,NA,NA,NA,NA,NA,NA
"MCK 13-3 C_93.0_80.0",NA,77.9,78.0375,78.175,78.3125,78.45,78.5875,78.725,78.8625,79,NA,NA,NA,NA,NA,NA,NA,NA,NA,NA,NA,NA,NA,NA,NA,NA,NA,NA,NA,NA,NA,NA
"MCK 13-3 C_93.0_81.0",NA,64.1,64.525,64.95,65.375,65.8,66.225,66.65,67.075,67.5,NA,NA,NA,NA,NA,NA,NA,NA,NA,NA,NA,NA,NA,NA,NA,NA,NA,NA,NA,NA,NA,NA
"MCK 13-3 C_93.0_82.0",NA,28.2,28.425,28.65,28.875,29.1,29.325,29.55,29.775,30,NA,NA,NA,NA,NA,NA,NA,NA,NA,NA,NA,NA,NA,NA,NA,NA,NA,NA,NA,NA,NA,NA
"MCK 13-3 C_93.0_83.0",NA,83,81.8125,80.625,79.4375,78.25,77.0625,75.875,74.6875,73.5,NA,NA,NA,NA,NA,NA,NA,NA,NA,NA,NA,NA,NA,NA,NA,NA,NA,NA,NA,NA,NA,NA
"MCK 13-3 C_93.0_84.0",NA,23.5,23.5,23.5,23.5,23.5,23.5,23.5,23.5,23.5,NA,NA,NA,NA,NA,NA,NA,NA,NA,NA,NA,NA,NA,NA,NA,NA,NA,NA,NA,NA,NA,NA
"MCK 13-3 C_93.0_85.0",NA,26.7,26.7875,26.875,26.9625,27.05,27.1375,27.225,27.3125,27.4,NA,NA,NA,NA,NA,NA,NA,NA,NA,NA,NA,NA,NA,NA,NA,NA,NA,NA,NA,NA,NA,NA
"MCK 13-3 C_93.0_86.0",NA,58.8,58.925,59.05,59.175,59.3,59.425,59.55,59.675,59.8,NA,NA,NA,NA,NA,NA,NA,NA,NA,NA,NA,NA,NA,NA,NA,NA,NA,NA,NA,NA,NA,NA
"MCK 13-3 C_93.0_87.0",NA,70.2,70.4125,70.625,70.8375,71.05,71.2625,71.475,71.6875,71.9,NA,NA,NA,NA,NA,NA,NA,NA,NA,NA,NA,NA,NA,NA,NA,NA,NA,NA,NA,NA,NA,NA
"MCK 13-3 C_93.0_88.0",NA,77.7,77.9625,78.225,78.4875,78.75,79.0125,79.275,79.5375,79.8,NA,NA,NA,NA,NA,NA,NA,NA,NA,NA,NA,NA,NA,NA,NA,NA,NA,NA,NA,NA,NA,NA
"MCK 13-3 C_93.0_89.0",NA,65,65.3,65.6,65.9,66.2,66.5,66.8,67.1,67.4,NA,NA,NA,NA,NA,NA,NA,NA,NA,NA,NA,NA,NA,NA,NA,NA,NA,NA,NA,NA,NA,NA
"MCK 13-3 C_93.0_90.0",NA,35.8,36.0375,36.275,36.5125,36.75,36.9875,37.225,37.4625,37.7,NA,NA,NA,NA,NA,NA,NA,NA,NA,NA,NA,NA,NA,NA,NA,NA,NA,NA,NA,NA,NA,NA
"MCK 13-3 C_93.0_91.0",NA,30.6,30.9125,31.225,31.5375,31.85,32.1625,32.475,32.7875,33.1,NA,NA,NA,NA,NA,NA,NA,NA,NA,NA,NA,NA,NA,NA,NA,NA,NA,NA,NA,NA,NA,NA
"MCK 13-3 C_93.0_92.0",NA,61.5,61.7375,61.975,62.2125,62.45,62.6875,62.925,63.1625,63.4,NA,NA,NA,NA,NA,NA,NA,NA,NA,NA,NA,NA,NA,NA,NA,NA,NA,NA,NA,NA,NA,NA
"MCK 13-3 C_93.0_95.0",NA,70.5,70.8,71.1,71.4,71.7,72,72.3,72.6,72.9,NA,NA,NA,NA,NA,NA,NA,NA,NA,NA,NA,NA,NA,NA,NA,NA,NA,NA,NA,NA,NA,NA
"MCK 13-3 C_93.0_96.0",NA,18.1,18.35,18.6,18.85,19.1,19.35,19.6,19.85,20.1,NA,NA,NA,NA,NA,NA,NA,NA,NA,NA,NA,NA,NA,NA,NA,NA,NA,NA,NA,NA,NA,NA
"MCK 13-3 C_93.0_97.0",NA,37.9,38.3125,38.725,39.1375,39.55,39.9625,40.375,40.7875,41.2,NA,NA,NA,NA,NA,NA,NA,NA,NA,NA,NA,NA,NA,NA,NA,NA,NA,NA,NA,NA,NA,NA
"MCK 13-3 C_93.0_98.0",NA,28.8,29.1125,29.425,29.7375,30.05,30.3625,30.675,30.9875,31.3,NA,NA,NA,NA,NA,NA,NA,NA,NA,NA,NA,NA,NA,NA,NA,NA,NA,NA,NA,NA,NA,NA
"MCK 13-3 C_93.0_99.0",NA,18.8,19,19.2,19.4,19.6,19.8,20,20.2,20.4,NA,NA,NA,NA,NA,NA,NA,NA,NA,NA,NA,NA,NA,NA,NA,NA,NA,NA,NA,NA,NA,NA
"MCK 13-3 C_93.0_997.0",NA,66.2,66.2125,66.225,66.2375,66.25,66.2625,66.275,66.2875,66.3,NA,NA,NA,NA,NA,NA,NA,NA,NA,NA,NA,NA,NA,NA,NA,NA,NA,NA,NA,NA,NA,NA
"MCK 13-3 C_93.0_998.0",NA,44.2,44.6375,45.075,45.5125,45.95,46.3875,46.825,47.2625,47.7,NA,NA,NA,NA,NA,NA,NA,NA,NA,NA,NA,NA,NA,NA,NA,NA,NA,NA,NA,NA,NA,NA
"MCK 13-3 T_34.0_34.0",NA,46.5,47.6625,48.825,49.9875,51.15,52.3125,53.475,54.6375,55.8,NA,NA,NA,NA,NA,NA,NA,NA,NA,NA,NA,NA,NA,NA,NA,NA,NA,NA,NA,NA,NA,NA
"MCK 13-3 T_34.0_404.0",NA,50,50.8,51.6,52.4,53.2,54,54.8,55.6,56.4,NA,NA,NA,NA,NA,NA,NA,NA,NA,NA,NA,NA,NA,NA,NA,NA,NA,NA,NA,NA,NA,NA
"MCK 13-3 T_34.0_429.0",NA,57.1,57.8,58.5,59.2,59.9,60.6,61.3,62,62.7,NA,NA,NA,NA,NA,NA,NA,NA,NA,NA,NA,NA,NA,NA,NA,NA,NA,NA,NA,NA,NA,NA
"MCK 13-3 T_34.0_430.0",NA,52.8,53.75,54.7,55.65,56.6,57.55,58.5,59.45,60.4,NA,NA,NA,NA,NA,NA,NA,NA,NA,NA,NA,NA,NA,NA,NA,NA,NA,NA,NA,NA,NA,NA
"MCK 13-3 T_34.0_547.0",NA,53.6,54.7,55.8,56.9,58,59.1,60.2,61.3,62.4,NA,NA,NA,NA,NA,NA,NA,NA,NA,NA,NA,NA,NA,NA,NA,NA,NA,NA,NA,NA,NA,NA
"MCK 13-3 T_34.0_556.0",NA,44.8,45.7375,46.675,47.6125,48.55,49.4875,50.425,51.3625,52.3,NA,NA,NA,NA,NA,NA,NA,NA,NA,NA,NA,NA,NA,NA,NA,NA,NA,NA,NA,NA,NA,NA
"MCK 13-3 T_34.0_564.0",NA,34.3,35.5875,36.875,38.1625,39.45,40.7375,42.025,43.3125,44.6,NA,NA,NA,NA,NA,NA,NA,NA,NA,NA,NA,NA,NA,NA,NA,NA,NA,NA,NA,NA,NA,NA
"MCK 13-3 T_34.0_584.0",NA,61,62.15,63.3,64.45,65.6,66.75,67.9,69.05,70.2,NA,NA,NA,NA,NA,NA,NA,NA,NA,NA,NA,NA,NA,NA,NA,NA,NA,NA,NA,NA,NA,NA
"MCK 13-3 T_34.0_589.0",NA,38.8,39.7875,40.775,41.7625,42.75,43.7375,44.725,45.7125,46.7,NA,NA,NA,NA,NA,NA,NA,NA,NA,NA,NA,NA,NA,NA,NA,NA,NA,NA,NA,NA,NA,NA
"MCK 13-3 T_34.0_597.0",NA,65.4,66.0375,66.675,67.3125,67.95,68.5875,69.225,69.8625,70.5,NA,NA,NA,NA,NA,NA,NA,NA,NA,NA,NA,NA,NA,NA,NA,NA,NA,NA,NA,NA,NA,NA
"MCK 13-3 T_35.0_23.0",NA,43.3,43.8375,44.375,44.9125,45.45,45.9875,46.525,47.0625,47.6,NA,NA,NA,NA,NA,NA,NA,NA,NA,NA,NA,NA,NA,NA,NA,NA,NA,NA,NA,NA,NA,NA
"MCK 13-3 T_35.0_24.0",NA,50.8,51.6375,52.475,53.3125,54.15,54.9875,55.825,56.6625,57.5,NA,NA,NA,NA,NA,NA,NA,NA,NA,NA,NA,NA,NA,NA,NA,NA,NA,NA,NA,NA,NA,NA
"MCK 13-3 T_35.0_435.0",NA,64,64.9875,65.975,66.9625,67.95,68.9375,69.925,70.9125,71.9,NA,NA,NA,NA,NA,NA,NA,NA,NA,NA,NA,NA,NA,NA,NA,NA,NA,NA,NA,NA,NA,NA
"MCK 13-3 T_35.0_447.0",NA,35,35.9625,36.925,37.8875,38.85,39.8125,40.775,41.7375,42.7,NA,NA,NA,NA,NA,NA,NA,NA,NA,NA,NA,NA,NA,NA,NA,NA,NA,NA,NA,NA,NA,NA
"MCK 13-3 T_35.0_452.0",NA,45.1,45.9875,46.875,47.7625,48.65,49.5375,50.425,51.3125,52.2,NA,NA,NA,NA,NA,NA,NA,NA,NA,NA,NA,NA,NA,NA,NA,NA,NA,NA,NA,NA,NA,NA
"MCK 13-3 T_35.0_465.0",NA,45.9,46.5375,47.175,47.8125,48.45,49.0875,49.725,50.3625,51,NA,NA,NA,NA,NA,NA,NA,NA,NA,NA,NA,NA,NA,NA,NA,NA,NA,NA,NA,NA,NA,NA
"MCK 13-3 T_35.0_468.0",NA,48.1,49.2375,50.375,51.5125,52.65,53.7875,54.925,56.0625,57.2,NA,NA,NA,NA,NA,NA,NA,NA,NA,NA,NA,NA,NA,NA,NA,NA,NA,NA,NA,NA,NA,NA
"MCK 13-3 T_35.0_477.0",NA,51.3,52.1,52.9,53.7,54.5,55.3,56.1,56.9,57.7,NA,NA,NA,NA,NA,NA,NA,NA,NA,NA,NA,NA,NA,NA,NA,NA,NA,NA,NA,NA,NA,NA
"MCK 13-3 T_35.0_495.0",NA,55.5,56.4125,57.325,58.2375,59.15,60.0625,60.975,61.8875,62.8,NA,NA,NA,NA,NA,NA,NA,NA,NA,NA,NA,NA,NA,NA,NA,NA,NA,NA,NA,NA,NA,NA
"MCK 13-3 T_35.0_499.0",NA,60,61.0625,62.125,63.1875,64.25,65.3125,66.375,67.4375,68.5,NA,NA,NA,NA,NA,NA,NA,NA,NA,NA,NA,NA,NA,NA,NA,NA,NA,NA,NA,NA,NA,NA
"MCK 13-3 T_36.0_201.0",NA,45.4,45.7625,46.125,46.4875,46.85,47.2125,47.575,47.9375,48.3,NA,NA,NA,NA,NA,NA,NA,NA,NA,NA,NA,NA,NA,NA,NA,NA,NA,NA,NA,NA,NA,NA
"MCK 13-3 T_36.0_209.0",NA,44.8,45.075,45.35,45.625,45.9,46.175,46.45,46.725,47,NA,NA,NA,NA,NA,NA,NA,NA,NA,NA,NA,NA,NA,NA,NA,NA,NA,NA,NA,NA,NA,NA
"MCK 13-3 T_36.0_225.0",NA,40.4,41.0625,41.725,42.3875,43.05,43.7125,44.375,45.0375,45.7,NA,NA,NA,NA,NA,NA,NA,NA,NA,NA,NA,NA,NA,NA,NA,NA,NA,NA,NA,NA,NA,NA
"MCK 13-3 T_36.0_235.0",NA,57,57.7375,58.475,59.2125,59.95,60.6875,61.425,62.1625,62.9,NA,NA,NA,NA,NA,NA,NA,NA,NA,NA,NA,NA,NA,NA,NA,NA,NA,NA,NA,NA,NA,NA
"MCK 13-3 T_36.0_242.0",NA,48.5,48.9125,49.325,49.7375,50.15,50.5625,50.975,51.3875,51.8,NA,NA,NA,NA,NA,NA,NA,NA,NA,NA,NA,NA,NA,NA,NA,NA,NA,NA,NA,NA,NA,NA
"MCK 13-3 T_36.0_25.0",NA,65.6,66.275,66.95,67.625,68.3,68.975,69.65,70.325,71,NA,NA,NA,NA,NA,NA,NA,NA,NA,NA,NA,NA,NA,NA,NA,NA,NA,NA,NA,NA,NA,NA
"MCK 13-3 T_36.0_250.0",NA,55.6,56.275,56.95,57.625,58.3,58.975,59.65,60.325,61,NA,NA,NA,NA,NA,NA,NA,NA,NA,NA,NA,NA,NA,NA,NA,NA,NA,NA,NA,NA,NA,NA
"MCK 13-3 T_36.0_251.0",NA,38,38.4875,38.975,39.4625,39.95,40.4375,40.925,41.4125,41.9,NA,NA,NA,NA,NA,NA,NA,NA,NA,NA,NA,NA,NA,NA,NA,NA,NA,NA,NA,NA,NA,NA
"MCK 13-3 T_36.0_256.0",NA,48.8,49.475,50.15,50.825,51.5,52.175,52.85,53.525,54.2,NA,NA,NA,NA,NA,NA,NA,NA,NA,NA,NA,NA,NA,NA,NA,NA,NA,NA,NA,NA,NA,NA
"MCK 13-3 T_36.0_263.0",NA,48.8,49.5,50.2,50.9,51.6,52.3,53,53.7,54.4,NA,NA,NA,NA,NA,NA,NA,NA,NA,NA,NA,NA,NA,NA,NA,NA,NA,NA,NA,NA,NA,NA
"MCK 13-3 T_36.0_271.0",NA,57,57.825,58.65,59.475,60.3,61.125,61.95,62.775,63.6,NA,NA,NA,NA,NA,NA,NA,NA,NA,NA,NA,NA,NA,NA,NA,NA,NA,NA,NA,NA,NA,NA
"MCK 13-3 T_36.0_275.0",NA,61.4,61.975,62.55,63.125,63.7,64.275,64.85,65.425,66,NA,NA,NA,NA,NA,NA,NA,NA,NA,NA,NA,NA,NA,NA,NA,NA,NA,NA,NA,NA,NA,NA
"MCK 13-3 T_36.0_279.0",NA,37.9,38.4125,38.925,39.4375,39.95,40.4625,40.975,41.4875,42,NA,NA,NA,NA,NA,NA,NA,NA,NA,NA,NA,NA,NA,NA,NA,NA,NA,NA,NA,NA,NA,NA
"MCK 13-3 T_36.0_284.0",NA,42.2,42.7125,43.225,43.7375,44.25,44.7625,45.275,45.7875,46.3,NA,NA,NA,NA,NA,NA,NA,NA,NA,NA,NA,NA,NA,NA,NA,NA,NA,NA,NA,NA,NA,NA
"MCK 13-3 T_36.0_289.0",NA,29.6,30.375,31.15,31.925,32.7,33.475,34.25,35.025,35.8,NA,NA,NA,NA,NA,NA,NA,NA,NA,NA,NA,NA,NA,NA,NA,NA,NA,NA,NA,NA,NA,NA
"MCK 13-3 T_46.0_166.0",NA,68.7,69.3625,70.025,70.6875,71.35,72.0125,72.675,73.3375,74,NA,NA,NA,NA,NA,NA,NA,NA,NA,NA,NA,NA,NA,NA,NA,NA,NA,NA,NA,NA,NA,NA
"MCK 13-3 T_46.0_168.0",NA,54.1,54.8125,55.525,56.2375,56.95,57.6625,58.375,59.0875,59.8,NA,NA,NA,NA,NA,NA,NA,NA,NA,NA,NA,NA,NA,NA,NA,NA,NA,NA,NA,NA,NA,NA
"MCK 13-3 T_46.0_171.0",NA,50.8,51.4,52,52.6,53.2,53.8,54.4,55,55.6,NA,NA,NA,NA,NA,NA,NA,NA,NA,NA,NA,NA,NA,NA,NA,NA,NA,NA,NA,NA,NA,NA
"MCK 13-3 T_46.0_185.0",NA,68.2,68.6875,69.175,69.6625,70.15,70.6375,71.125,71.6125,72.1,NA,NA,NA,NA,NA,NA,NA,NA,NA,NA,NA,NA,NA,NA,NA,NA,NA,NA,NA,NA,NA,NA
"MCK 13-3 T_46.0_187.0",NA,44.5,45.05,45.6,46.15,46.7,47.25,47.8,48.35,48.9,NA,NA,NA,NA,NA,NA,NA,NA,NA,NA,NA,NA,NA,NA,NA,NA,NA,NA,NA,NA,NA,NA
"MCK 13-3 T_46.0_26.0",NA,50.9,51.4125,51.925,52.4375,52.95,53.4625,53.975,54.4875,55,NA,NA,NA,NA,NA,NA,NA,NA,NA,NA,NA,NA,NA,NA,NA,NA,NA,NA,NA,NA,NA,NA
"MCK 13-3 T_46.0_27.0",NA,57,57.8875,58.775,59.6625,60.55,61.4375,62.325,63.2125,64.1,NA,NA,NA,NA,NA,NA,NA,NA,NA,NA,NA,NA,NA,NA,NA,NA,NA,NA,NA,NA,NA,NA
"MCK 13-3 T_46.0_28.0",NA,53.5,54.5375,55.575,56.6125,57.65,58.6875,59.725,60.7625,61.8,NA,NA,NA,NA,NA,NA,NA,NA,NA,NA,NA,NA,NA,NA,NA,NA,NA,NA,NA,NA,NA,NA
"MCK 13-3 T_46.0_295.0",NA,54.2,55.3125,56.425,57.5375,58.65,59.7625,60.875,61.9875,63.1,NA,NA,NA,NA,NA,NA,NA,NA,NA,NA,NA,NA,NA,NA,NA,NA,NA,NA,NA,NA,NA,NA
"MCK 13-3 T_46.0_297.0",NA,50,50.925,51.85,52.775,53.7,54.625,55.55,56.475,57.4,NA,NA,NA,NA,NA,NA,NA,NA,NA,NA,NA,NA,NA,NA,NA,NA,NA,NA,NA,NA,NA,NA
"MCK 13-3 T_46.0_609.0",NA,42.6,43.5125,44.425,45.3375,46.25,47.1625,48.075,48.9875,49.9,NA,NA,NA,NA,NA,NA,NA,NA,NA,NA,NA,NA,NA,NA,NA,NA,NA,NA,NA,NA,NA,NA
"MCK 13-3 T_46.0_621.0",NA,50.8,51.6,52.4,53.2,54,54.8,55.6,56.4,57.2,NA,NA,NA,NA,NA,NA,NA,NA,NA,NA,NA,NA,NA,NA,NA,NA,NA,NA,NA,NA,NA,NA
"MCK 13-3 T_46.0_622.0",NA,52.8,53.625,54.45,55.275,56.1,56.925,57.75,58.575,59.4,NA,NA,NA,NA,NA,NA,NA,NA,NA,NA,NA,NA,NA,NA,NA,NA,NA,NA,NA,NA,NA,NA
"MCK 13-3 T_53.0_23.0",NA,56,56.675,57.35,58.025,58.7,59.375,60.05,60.725,61.4,NA,NA,NA,NA,NA,NA,NA,NA,NA,NA,NA,NA,NA,NA,NA,NA,NA,NA,NA,NA,NA,NA
"MCK 13-3 T_53.0_4.0",NA,48.8,49.3625,49.925,50.4875,51.05,51.6125,52.175,52.7375,53.3,NA,NA,NA,NA,NA,NA,NA,NA,NA,NA,NA,NA,NA,NA,NA,NA,NA,NA,NA,NA,NA,NA
"MCK 13-3 T_53.0_6.0",NA,60,60.45,60.9,61.35,61.8,62.25,62.7,63.15,63.6,NA,NA,NA,NA,NA,NA,NA,NA,NA,NA,NA,NA,NA,NA,NA,NA,NA,NA,NA,NA,NA,NA
"MCK 13-3 T_53.0_959.0",NA,68.5,69.4,70.3,71.2,72.1,73,73.9,74.8,75.7,NA,NA,NA,NA,NA,NA,NA,NA,NA,NA,NA,NA,NA,NA,NA,NA,NA,NA,NA,NA,NA,NA
"MCK 13-3 T_53.0_976.0",NA,60.1,60.7125,61.325,61.9375,62.55,63.1625,63.775,64.3875,65,NA,NA,NA,NA,NA,NA,NA,NA,NA,NA,NA,NA,NA,NA,NA,NA,NA,NA,NA,NA,NA,NA
"MCK 13-3 T_53.0_980.0",NA,52,52.5625,53.125,53.6875,54.25,54.8125,55.375,55.9375,56.5,NA,NA,NA,NA,NA,NA,NA,NA,NA,NA,NA,NA,NA,NA,NA,NA,NA,NA,NA,NA,NA,NA
"MCK 13-3 T_53.0_990.0",NA,66.8,67.5,68.2,68.9,69.6,70.3,71,71.7,72.4,NA,NA,NA,NA,NA,NA,NA,NA,NA,NA,NA,NA,NA,NA,NA,NA,NA,NA,NA,NA,NA,NA
"MCK 13-3 T_53.0_994.0",NA,56.9,57.4125,57.925,58.4375,58.95,59.4625,59.975,60.4875,61,NA,NA,NA,NA,NA,NA,NA,NA,NA,NA,NA,NA,NA,NA,NA,NA,NA,NA,NA,NA,NA,NA
"MCK 13-3 T_53.0_996.0",NA,82.3,82.7,83.1,83.5,83.9,84.3,84.7,85.1,85.5,NA,NA,NA,NA,NA,NA,NA,NA,NA,NA,NA,NA,NA,NA,NA,NA,NA,NA,NA,NA,NA,NA
"MCK 13-3 T_63.0_404.0",NA,81.6,82.3125,83.025,83.7375,84.45,85.1625,85.875,86.5875,87.3,NA,NA,NA,NA,NA,NA,NA,NA,NA,NA,NA,NA,NA,NA,NA,NA,NA,NA,NA,NA,NA,NA
"MCK 13-3 T_63.0_405.0",NA,41.2,41.875,42.55,43.225,43.9,44.575,45.25,45.925,46.6,NA,NA,NA,NA,NA,NA,NA,NA,NA,NA,NA,NA,NA,NA,NA,NA,NA,NA,NA,NA,NA,NA
"MCK 13-3 T_63.0_408.0",NA,47,47.35,47.7,48.05,48.4,48.75,49.1,49.45,49.8,NA,NA,NA,NA,NA,NA,NA,NA,NA,NA,NA,NA,NA,NA,NA,NA,NA,NA,NA,NA,NA,NA
"MCK 13-3 T_63.0_435.0",NA,45.3,46.15,47,47.85,48.7,49.55,50.4,51.25,52.1,NA,NA,NA,NA,NA,NA,NA,NA,NA,NA,NA,NA,NA,NA,NA,NA,NA,NA,NA,NA,NA,NA
"MCK 13-3 T_63.0_442.0",NA,50.5,51.3,52.1,52.9,53.7,54.5,55.3,56.1,56.9,NA,NA,NA,NA,NA,NA,NA,NA,NA,NA,NA,NA,NA,NA,NA,NA,NA,NA,NA,NA,NA,NA
"MCK 13-3 T_63.0_445.0",NA,45.4,46.3125,47.225,48.1375,49.05,49.9625,50.875,51.7875,52.7,NA,NA,NA,NA,NA,NA,NA,NA,NA,NA,NA,NA,NA,NA,NA,NA,NA,NA,NA,NA,NA,NA
"MCK 13-3 T_63.0_455.0",NA,43,43.2,43.4,43.6,43.8,44,44.2,44.4,44.6,NA,NA,NA,NA,NA,NA,NA,NA,NA,NA,NA,NA,NA,NA,NA,NA,NA,NA,NA,NA,NA,NA
"MCK 13-3 T_63.0_460.0",NA,45.5,46.3875,47.275,48.1625,49.05,49.9375,50.825,51.7125,52.6,NA,NA,NA,NA,NA,NA,NA,NA,NA,NA,NA,NA,NA,NA,NA,NA,NA,NA,NA,NA,NA,NA
"MCK 13-3 T_63.0_464.0",NA,49.6,50.3375,51.075,51.8125,52.55,53.2875,54.025,54.7625,55.5,NA,NA,NA,NA,NA,NA,NA,NA,NA,NA,NA,NA,NA,NA,NA,NA,NA,NA,NA,NA,NA,NA
"MCK 13-3 T_63.0_477.0",NA,49.9,50.6625,51.425,52.1875,52.95,53.7125,54.475,55.2375,56,NA,NA,NA,NA,NA,NA,NA,NA,NA,NA,NA,NA,NA,NA,NA,NA,NA,NA,NA,NA,NA,NA
"MCK 13-3 T_63.0_480.0",NA,54,54.75,55.5,56.25,57,57.75,58.5,59.25,60,NA,NA,NA,NA,NA,NA,NA,NA,NA,NA,NA,NA,NA,NA,NA,NA,NA,NA,NA,NA,NA,NA
"MCK 13-3 T_63.0_482.0",NA,55.8,56.35,56.9,57.45,58,58.55,59.1,59.65,60.2,NA,NA,NA,NA,NA,NA,NA,NA,NA,NA,NA,NA,NA,NA,NA,NA,NA,NA,NA,NA,NA,NA
"MCK 13-3 T_63.0_485.0",NA,47.7,48.4125,49.125,49.8375,50.55,51.2625,51.975,52.6875,53.4,NA,NA,NA,NA,NA,NA,NA,NA,NA,NA,NA,NA,NA,NA,NA,NA,NA,NA,NA,NA,NA,NA
"MCK 13-3 T_63.0_488.0",NA,42.4,43.0875,43.775,44.4625,45.15,45.8375,46.525,47.2125,47.9,NA,NA,NA,NA,NA,NA,NA,NA,NA,NA,NA,NA,NA,NA,NA,NA,NA,NA,NA,NA,NA,NA
"MCK 13-3 T_64.0_30.0",NA,52.9,53.6375,54.375,55.1125,55.85,56.5875,57.325,58.0625,58.8,NA,NA,NA,NA,NA,NA,NA,NA,NA,NA,NA,NA,NA,NA,NA,NA,NA,NA,NA,NA,NA,NA
"MCK 13-3 T_64.0_40.0",NA,46.1,46.95,47.8,48.65,49.5,50.35,51.2,52.05,52.9,NA,NA,NA,NA,NA,NA,NA,NA,NA,NA,NA,NA,NA,NA,NA,NA,NA,NA,NA,NA,NA,NA
"MCK 13-3 T_64.0_45.0",NA,46.9,47.6625,48.425,49.1875,49.95,50.7125,51.475,52.2375,53,NA,NA,NA,NA,NA,NA,NA,NA,NA,NA,NA,NA,NA,NA,NA,NA,NA,NA,NA,NA,NA,NA
"MCK 13-3 T_64.0_49.0",NA,49.1,49.75,50.4,51.05,51.7,52.35,53,53.65,54.3,NA,NA,NA,NA,NA,NA,NA,NA,NA,NA,NA,NA,NA,NA,NA,NA,NA,NA,NA,NA,NA,NA
"MCK 13-3 T_64.0_53.0",NA,49.8,50.725,51.65,52.575,53.5,54.425,55.35,56.275,57.2,NA,NA,NA,NA,NA,NA,NA,NA,NA,NA,NA,NA,NA,NA,NA,NA,NA,NA,NA,NA,NA,NA
"MCK 13-3 T_64.0_54.0",NA,51.7,52.2875,52.875,53.4625,54.05,54.6375,55.225,55.8125,56.4,NA,NA,NA,NA,NA,NA,NA,NA,NA,NA,NA,NA,NA,NA,NA,NA,NA,NA,NA,NA,NA,NA
"MCK 13-3 T_64.0_55.0",NA,43.1,43.775,44.45,45.125,45.8,46.475,47.15,47.825,48.5,NA,NA,NA,NA,NA,NA,NA,NA,NA,NA,NA,NA,NA,NA,NA,NA,NA,NA,NA,NA,NA,NA
"MCK 13-3 T_64.0_86.0",NA,55.5,56.0625,56.625,57.1875,57.75,58.3125,58.875,59.4375,60,NA,NA,NA,NA,NA,NA,NA,NA,NA,NA,NA,NA,NA,NA,NA,NA,NA,NA,NA,NA,NA,NA
"MCK 13-3 T_64.0_9.0",NA,44.8,45.4,46,46.6,47.2,47.8,48.4,49,49.6,NA,NA,NA,NA,NA,NA,NA,NA,NA,NA,NA,NA,NA,NA,NA,NA,NA,NA,NA,NA,NA,NA
"TWC 3 C_112.0_103.0",24.2,24.5111111111111,24.8222222222222,25.1333333333333,25.4444444444444,25.7555555555556,26.0666666666667,26.3777777777778,26.6888888888889,27,NA,NA,NA,NA,NA,NA,NA,NA,NA,NA,NA,NA,NA,NA,NA,NA,NA,NA,NA,NA,NA,NA
"TWC 3 C_112.0_104.0",25,25.1111111111111,25.2222222222222,25.3333333333333,25.4444444444444,25.5555555555556,25.6666666666667,25.7777777777778,25.8888888888889,26,NA,NA,NA,NA,NA,NA,NA,NA,NA,NA,NA,NA,NA,NA,NA,NA,NA,NA,NA,NA,NA,NA
"TWC 3 C_112.0_106.0",35.3,35.7555555555556,36.2111111111111,36.6666666666667,37.1222222222222,37.5777777777778,38.0333333333333,38.4888888888889,38.9444444444444,39.4,NA,NA,NA,NA,NA,NA,NA,NA,NA,NA,NA,NA,NA,NA,NA,NA,NA,NA,NA,NA,NA,NA
"TWC 3 C_112.0_107.0",31.8,32.3444444444444,32.8888888888889,33.4333333333333,33.9777777777778,34.5222222222222,35.0666666666667,35.6111111111111,36.1555555555556,36.7,NA,NA,NA,NA,NA,NA,NA,NA,NA,NA,NA,NA,NA,NA,NA,NA,NA,NA,NA,NA,NA,NA
"TWC 3 C_112.0_108.0",19.8,20.1555555555556,20.5111111111111,20.8666666666667,21.2222222222222,21.5777777777778,21.9333333333333,22.2888888888889,22.6444444444444,23,NA,NA,NA,NA,NA,NA,NA,NA,NA,NA,NA,NA,NA,NA,NA,NA,NA,NA,NA,NA,NA,NA
"TWC 3 C_112.0_109.0",35.2,35.6333333333333,36.0666666666667,36.5,36.9333333333333,37.3666666666667,37.8,38.2333333333333,38.6666666666667,39.1,NA,NA,NA,NA,NA,NA,NA,NA,NA,NA,NA,NA,NA,NA,NA,NA,NA,NA,NA,NA,NA,NA
"TWC 3 C_112.0_110.0",67.8,68.1888888888889,68.5777777777778,68.9666666666667,69.3555555555556,69.7444444444444,70.1333333333333,70.5222222222222,70.9111111111111,71.3,NA,NA,NA,NA,NA,NA,NA,NA,NA,NA,NA,NA,NA,NA,NA,NA,NA,NA,NA,NA,NA,NA
"TWC 3 C_112.0_111.0",18.8,19.1222222222222,19.4444444444444,19.7666666666667,20.0888888888889,20.4111111111111,20.7333333333333,21.0555555555556,21.3777777777778,21.7,NA,NA,NA,NA,NA,NA,NA,NA,NA,NA,NA,NA,NA,NA,NA,NA,NA,NA,NA,NA,NA,NA
"TWC 3 C_112.0_112.0",30.2,30.4777777777778,30.7555555555556,31.0333333333333,31.3111111111111,31.5888888888889,31.8666666666667,32.1444444444444,32.4222222222222,32.7,NA,NA,NA,NA,NA,NA,NA,NA,NA,NA,NA,NA,NA,NA,NA,NA,NA,NA,NA,NA,NA,NA
"TWC 3 C_112.0_113.0",20.2,20.7333333333333,21.2666666666667,21.8,22.3333333333333,22.8666666666667,23.4,23.9333333333333,24.4666666666667,25,NA,NA,NA,NA,NA,NA,NA,NA,NA,NA,NA,NA,NA,NA,NA,NA,NA,NA,NA,NA,NA,NA
"TWC 3 C_112.0_114.0",55.3,55.8666666666667,56.4333333333333,57,57.5666666666667,58.1333333333333,58.7,59.2666666666667,59.8333333333333,60.4,NA,NA,NA,NA,NA,NA,NA,NA,NA,NA,NA,NA,NA,NA,NA,NA,NA,NA,NA,NA,NA,NA
"TWC 3 C_112.0_117.0",62,62.0777777777778,62.1555555555556,62.2333333333333,62.3111111111111,62.3888888888889,62.4666666666667,62.5444444444445,62.6222222222222,62.7,NA,NA,NA,NA,NA,NA,NA,NA,NA,NA,NA,NA,NA,NA,NA,NA,NA,NA,NA,NA,NA,NA
"TWC 3 C_112.0_118.0",91.1,91.5111111111111,91.9222222222222,92.3333333333333,92.7444444444444,93.1555555555556,93.5666666666667,93.9777777777778,94.3888888888889,94.8,NA,NA,NA,NA,NA,NA,NA,NA,NA,NA,NA,NA,NA,NA,NA,NA,NA,NA,NA,NA,NA,NA
"TWC 3 C_112.0_119.0",48.2,48.8777777777778,49.5555555555556,50.2333333333333,50.9111111111111,51.5888888888889,52.2666666666667,52.9444444444444,53.6222222222222,54.3,NA,NA,NA,NA,NA,NA,NA,NA,NA,NA,NA,NA,NA,NA,NA,NA,NA,NA,NA,NA,NA,NA
"TWC 3 C_112.0_120.0",84.1,84.8333333333333,85.5666666666667,86.3,87.0333333333333,87.7666666666667,88.5,89.2333333333333,89.9666666666667,90.7,NA,NA,NA,NA,NA,NA,NA,NA,NA,NA,NA,NA,NA,NA,NA,NA,NA,NA,NA,NA,NA,NA
"TWC 3 C_112.0_121.0",19.5,19.8222222222222,20.1444444444444,20.4666666666667,20.7888888888889,21.1111111111111,21.4333333333333,21.7555555555556,22.0777777777778,22.4,NA,NA,NA,NA,NA,NA,NA,NA,NA,NA,NA,NA,NA,NA,NA,NA,NA,NA,NA,NA,NA,NA
"TWC 3 C_112.0_122.0",76.2,77.4333333333333,78.6666666666667,79.9,81.1333333333333,82.3666666666667,83.6,84.8333333333333,86.0666666666667,87.3,NA,NA,NA,NA,NA,NA,NA,NA,NA,NA,NA,NA,NA,NA,NA,NA,NA,NA,NA,NA,NA,NA
"TWC 3 C_112.0_123.0",38.8,39.7333333333333,40.6666666666667,41.6,42.5333333333333,43.4666666666667,44.4,45.3333333333333,46.2666666666667,47.2,NA,NA,NA,NA,NA,NA,NA,NA,NA,NA,NA,NA,NA,NA,NA,NA,NA,NA,NA,NA,NA,NA
"TWC 3 C_112.0_124.0",22.8,23.4777777777778,24.1555555555556,24.8333333333333,25.5111111111111,26.1888888888889,26.8666666666667,27.5444444444444,28.2222222222222,28.9,NA,NA,NA,NA,NA,NA,NA,NA,NA,NA,NA,NA,NA,NA,NA,NA,NA,NA,NA,NA,NA,NA
"TWC 3 C_112.0_125.0",48,48.4222222222222,48.8444444444444,49.2666666666667,49.6888888888889,50.1111111111111,50.5333333333333,50.9555555555555,51.3777777777778,51.8,NA,NA,NA,NA,NA,NA,NA,NA,NA,NA,NA,NA,NA,NA,NA,NA,NA,NA,NA,NA,NA,NA
"TWC 3 C_112.0_126.0",26,26.3222222222222,26.6444444444444,26.9666666666667,27.2888888888889,27.6111111111111,27.9333333333333,28.2555555555556,28.5777777777778,28.9,NA,NA,NA,NA,NA,NA,NA,NA,NA,NA,NA,NA,NA,NA,NA,NA,NA,NA,NA,NA,NA,NA
"TWC 3 C_112.0_128.0",22.7,22.8444444444444,22.9888888888889,23.1333333333333,23.2777777777778,23.4222222222222,23.5666666666667,23.7111111111111,23.8555555555556,24,NA,NA,NA,NA,NA,NA,NA,NA,NA,NA,NA,NA,NA,NA,NA,NA,NA,NA,NA,NA,NA,NA
"TWC 3 C_112.0_129.0",49.3,49.8111111111111,50.3222222222222,50.8333333333333,51.3444444444444,51.8555555555556,52.3666666666667,52.8777777777778,53.3888888888889,53.9,NA,NA,NA,NA,NA,NA,NA,NA,NA,NA,NA,NA,NA,NA,NA,NA,NA,NA,NA,NA,NA,NA
"TWC 3 C_112.0_130.0",27.6,27.9,28.2,28.5,28.8,29.1,29.4,29.7,30,30.3,NA,NA,NA,NA,NA,NA,NA,NA,NA,NA,NA,NA,NA,NA,NA,NA,NA,NA,NA,NA,NA,NA
"TWC 3 C_112.0_131.0",44.2,45.0666666666667,45.9333333333333,46.8,47.6666666666667,48.5333333333333,49.4,50.2666666666667,51.1333333333333,52,NA,NA,NA,NA,NA,NA,NA,NA,NA,NA,NA,NA,NA,NA,NA,NA,NA,NA,NA,NA,NA,NA
"TWC 3 C_112.0_132.0",27.7,27.7666666666667,27.8333333333333,27.9,27.9666666666667,28.0333333333333,28.1,28.1666666666667,28.2333333333333,28.3,NA,NA,NA,NA,NA,NA,NA,NA,NA,NA,NA,NA,NA,NA,NA,NA,NA,NA,NA,NA,NA,NA
"TWC 3 C_112.0_133.0",49.6,50.0888888888889,50.5777777777778,51.0666666666667,51.5555555555556,52.0444444444445,52.5333333333333,53.0222222222222,53.5111111111111,54,NA,NA,NA,NA,NA,NA,NA,NA,NA,NA,NA,NA,NA,NA,NA,NA,NA,NA,NA,NA,NA,NA
"TWC 3 C_113.0_134.0",86.2,86.5444444444445,86.8888888888889,87.2333333333333,87.5777777777778,87.9222222222222,88.2666666666667,88.6111111111111,88.9555555555555,89.3,NA,NA,NA,NA,NA,NA,NA,NA,NA,NA,NA,NA,NA,NA,NA,NA,NA,NA,NA,NA,NA,NA
"TWC 3 C_113.0_135.0",81.1,81.2222222222222,81.3444444444444,81.4666666666667,81.5888888888889,81.7111111111111,81.8333333333333,81.9555555555556,82.0777777777778,82.2,NA,NA,NA,NA,NA,NA,NA,NA,NA,NA,NA,NA,NA,NA,NA,NA,NA,NA,NA,NA,NA,NA
"TWC 3 C_113.0_136.0",15,15.1555555555556,15.3111111111111,15.4666666666667,15.6222222222222,15.7777777777778,15.9333333333333,16.0888888888889,16.2444444444444,16.4,NA,NA,NA,NA,NA,NA,NA,NA,NA,NA,NA,NA,NA,NA,NA,NA,NA,NA,NA,NA,NA,NA
"TWC 3 C_113.0_137.0",17,17.4222222222222,17.8444444444444,18.2666666666667,18.6888888888889,19.1111111111111,19.5333333333333,19.9555555555556,20.3777777777778,20.8,NA,NA,NA,NA,NA,NA,NA,NA,NA,NA,NA,NA,NA,NA,NA,NA,NA,NA,NA,NA,NA,NA
"TWC 3 C_113.0_138.0",18.4,18.7111111111111,19.0222222222222,19.3333333333333,19.6444444444444,19.9555555555556,20.2666666666667,20.5777777777778,20.8888888888889,21.2,NA,NA,NA,NA,NA,NA,NA,NA,NA,NA,NA,NA,NA,NA,NA,NA,NA,NA,NA,NA,NA,NA
"TWC 3 C_113.0_139.0",41.1,41.5666666666667,42.0333333333333,42.5,42.9666666666667,43.4333333333333,43.9,44.3666666666667,44.8333333333333,45.3,NA,NA,NA,NA,NA,NA,NA,NA,NA,NA,NA,NA,NA,NA,NA,NA,NA,NA,NA,NA,NA,NA
"TWC 3 C_113.0_140.0",33.7,33.9111111111111,34.1222222222222,34.3333333333333,34.5444444444444,34.7555555555556,34.9666666666667,35.1777777777778,35.3888888888889,35.6,NA,NA,NA,NA,NA,NA,NA,NA,NA,NA,NA,NA,NA,NA,NA,NA,NA,NA,NA,NA,NA,NA
"TWC 3 C_113.0_141.0",38.2,38.3888888888889,38.5777777777778,38.7666666666667,38.9555555555555,39.1444444444444,39.3333333333333,39.5222222222222,39.7111111111111,39.9,NA,NA,NA,NA,NA,NA,NA,NA,NA,NA,NA,NA,NA,NA,NA,NA,NA,NA,NA,NA,NA,NA
"TWC 3 C_113.0_142.0",44.7,45.1444444444444,45.5888888888889,46.0333333333333,46.4777777777778,46.9222222222222,47.3666666666667,47.8111111111111,48.2555555555556,48.7,NA,NA,NA,NA,NA,NA,NA,NA,NA,NA,NA,NA,NA,NA,NA,NA,NA,NA,NA,NA,NA,NA
"TWC 3 C_113.0_143.0",15,15.2111111111111,15.4222222222222,15.6333333333333,15.8444444444444,16.0555555555556,16.2666666666667,16.4777777777778,16.6888888888889,16.9,NA,NA,NA,NA,NA,NA,NA,NA,NA,NA,NA,NA,NA,NA,NA,NA,NA,NA,NA,NA,NA,NA
"TWC 3 C_113.0_144.0",30,30.1333333333333,30.2666666666667,30.4,30.5333333333333,30.6666666666667,30.8,30.9333333333333,31.0666666666667,31.2,NA,NA,NA,NA,NA,NA,NA,NA,NA,NA,NA,NA,NA,NA,NA,NA,NA,NA,NA,NA,NA,NA
"TWC 3 C_113.0_146.0",15.2,15.2555555555556,15.3111111111111,15.3666666666667,15.4222222222222,15.4777777777778,15.5333333333333,15.5888888888889,15.6444444444444,15.7,NA,NA,NA,NA,NA,NA,NA,NA,NA,NA,NA,NA,NA,NA,NA,NA,NA,NA,NA,NA,NA,NA
"TWC 3 C_113.0_147.0",33.3,33.6555555555556,34.0111111111111,34.3666666666667,34.7222222222222,35.0777777777778,35.4333333333333,35.7888888888889,36.1444444444444,36.5,NA,NA,NA,NA,NA,NA,NA,NA,NA,NA,NA,NA,NA,NA,NA,NA,NA,NA,NA,NA,NA,NA
"TWC 3 C_113.0_148.0",35.2,35.4555555555556,35.7111111111111,35.9666666666667,36.2222222222222,36.4777777777778,36.7333333333333,36.9888888888889,37.2444444444444,37.5,NA,NA,NA,NA,NA,NA,NA,NA,NA,NA,NA,NA,NA,NA,NA,NA,NA,NA,NA,NA,NA,NA
"TWC 3 C_113.0_149.0",36.3,36.7111111111111,37.1222222222222,37.5333333333333,37.9444444444444,38.3555555555556,38.7666666666667,39.1777777777778,39.5888888888889,40,NA,NA,NA,NA,NA,NA,NA,NA,NA,NA,NA,NA,NA,NA,NA,NA,NA,NA,NA,NA,NA,NA
"TWC 3 C_113.0_150.0",32,32.0444444444444,32.0888888888889,32.1333333333333,32.1777777777778,32.2222222222222,32.2666666666667,32.3111111111111,32.3555555555556,32.4,NA,NA,NA,NA,NA,NA,NA,NA,NA,NA,NA,NA,NA,NA,NA,NA,NA,NA,NA,NA,NA,NA
"TWC 3 C_113.0_151.0",34.5,34.8333333333333,35.1666666666667,35.5,35.8333333333333,36.1666666666667,36.5,36.8333333333333,37.1666666666667,37.5,NA,NA,NA,NA,NA,NA,NA,NA,NA,NA,NA,NA,NA,NA,NA,NA,NA,NA,NA,NA,NA,NA
"TWC 3 C_113.0_152.0",24.4,24.4777777777778,24.5555555555556,24.6333333333333,24.7111111111111,24.7888888888889,24.8666666666667,24.9444444444444,25.0222222222222,25.1,NA,NA,NA,NA,NA,NA,NA,NA,NA,NA,NA,NA,NA,NA,NA,NA,NA,NA,NA,NA,NA,NA
"TWC 3 C_113.0_153.0",43.8,44.2111111111111,44.6222222222222,45.0333333333333,45.4444444444444,45.8555555555556,46.2666666666667,46.6777777777778,47.0888888888889,47.5,NA,NA,NA,NA,NA,NA,NA,NA,NA,NA,NA,NA,NA,NA,NA,NA,NA,NA,NA,NA,NA,NA
"TWC 3 C_113.0_154.0",42.4,42.8,43.2,43.6,44,44.4,44.8,45.2,45.6,46,NA,NA,NA,NA,NA,NA,NA,NA,NA,NA,NA,NA,NA,NA,NA,NA,NA,NA,NA,NA,NA,NA
"TWC 3 C_113.0_155.0",50,50.4222222222222,50.8444444444444,51.2666666666667,51.6888888888889,52.1111111111111,52.5333333333333,52.9555555555555,53.3777777777778,53.8,NA,NA,NA,NA,NA,NA,NA,NA,NA,NA,NA,NA,NA,NA,NA,NA,NA,NA,NA,NA,NA,NA
"TWC 3 C_113.0_156.0",29.7,29.8888888888889,30.0777777777778,30.2666666666667,30.4555555555556,30.6444444444444,30.8333333333333,31.0222222222222,31.2111111111111,31.4,NA,NA,NA,NA,NA,NA,NA,NA,NA,NA,NA,NA,NA,NA,NA,NA,NA,NA,NA,NA,NA,NA
"TWC 3 C_113.0_157.0",16.8,16.9555555555556,17.1111111111111,17.2666666666667,17.4222222222222,17.5777777777778,17.7333333333333,17.8888888888889,18.0444444444444,18.2,NA,NA,NA,NA,NA,NA,NA,NA,NA,NA,NA,NA,NA,NA,NA,NA,NA,NA,NA,NA,NA,NA
"TWC 3 C_113.0_158.0",27,27.3333333333333,27.6666666666667,28,28.3333333333333,28.6666666666667,29,29.3333333333333,29.6666666666667,30,NA,NA,NA,NA,NA,NA,NA,NA,NA,NA,NA,NA,NA,NA,NA,NA,NA,NA,NA,NA,NA,NA
"TWC 3 C_113.0_159.0",49.6,49.8777777777778,50.1555555555556,50.4333333333333,50.7111111111111,50.9888888888889,51.2666666666667,51.5444444444445,51.8222222222222,52.1,NA,NA,NA,NA,NA,NA,NA,NA,NA,NA,NA,NA,NA,NA,NA,NA,NA,NA,NA,NA,NA,NA
"TWC 3 C_113.0_160.0",24,24.1777777777778,24.3555555555556,24.5333333333333,24.7111111111111,24.8888888888889,25.0666666666667,25.2444444444444,25.4222222222222,25.6,NA,NA,NA,NA,NA,NA,NA,NA,NA,NA,NA,NA,NA,NA,NA,NA,NA,NA,NA,NA,NA,NA
"TWC 3 C_113.0_161.0",15.8,15.8777777777778,15.9555555555556,16.0333333333333,16.1111111111111,16.1888888888889,16.2666666666667,16.3444444444444,16.4222222222222,16.5,NA,NA,NA,NA,NA,NA,NA,NA,NA,NA,NA,NA,NA,NA,NA,NA,NA,NA,NA,NA,NA,NA
"TWC 3 C_113.0_162.0",34.7,35.1,35.5,35.9,36.3,36.7,37.1,37.5,37.9,38.3,NA,NA,NA,NA,NA,NA,NA,NA,NA,NA,NA,NA,NA,NA,NA,NA,NA,NA,NA,NA,NA,NA
"TWC 3 C_113.0_163.0",25.5,25.5333333333333,25.5666666666667,25.6,25.6333333333333,25.6666666666667,25.7,25.7333333333333,25.7666666666667,25.8,NA,NA,NA,NA,NA,NA,NA,NA,NA,NA,NA,NA,NA,NA,NA,NA,NA,NA,NA,NA,NA,NA
"TWC 3 C_113.0_164.0",76,76.4333333333333,76.8666666666667,77.3,77.7333333333333,78.1666666666667,78.6,79.0333333333333,79.4666666666667,79.9,NA,NA,NA,NA,NA,NA,NA,NA,NA,NA,NA,NA,NA,NA,NA,NA,NA,NA,NA,NA,NA,NA
"TWC 3 C_113.0_165.0",73.1,73.2777777777778,73.4555555555555,73.6333333333333,73.8111111111111,73.9888888888889,74.1666666666667,74.3444444444444,74.5222222222222,74.7,NA,NA,NA,NA,NA,NA,NA,NA,NA,NA,NA,NA,NA,NA,NA,NA,NA,NA,NA,NA,NA,NA
"TWC 3 C_113.0_166.0",29,29.2666666666667,29.5333333333333,29.8,30.0666666666667,30.3333333333333,30.6,30.8666666666667,31.1333333333333,31.4,NA,NA,NA,NA,NA,NA,NA,NA,NA,NA,NA,NA,NA,NA,NA,NA,NA,NA,NA,NA,NA,NA
"TWC 3 C_113.0_169.0",24.8,24.9222222222222,25.0444444444444,25.1666666666667,25.2888888888889,25.4111111111111,25.5333333333333,25.6555555555556,25.7777777777778,25.9,NA,NA,NA,NA,NA,NA,NA,NA,NA,NA,NA,NA,NA,NA,NA,NA,NA,NA,NA,NA,NA,NA
"TWC 3 C_113.0_170.0",29.1,29.4444444444444,29.7888888888889,30.1333333333333,30.4777777777778,30.8222222222222,31.1666666666667,31.5111111111111,31.8555555555556,32.2,NA,NA,NA,NA,NA,NA,NA,NA,NA,NA,NA,NA,NA,NA,NA,NA,NA,NA,NA,NA,NA,NA
"TWC 3 C_113.0_171.0",29.6,29.6777777777778,29.7555555555556,29.8333333333333,29.9111111111111,29.9888888888889,30.0666666666667,30.1444444444444,30.2222222222222,30.3,NA,NA,NA,NA,NA,NA,NA,NA,NA,NA,NA,NA,NA,NA,NA,NA,NA,NA,NA,NA,NA,NA
"TWC 3 C_113.0_172.0",101.3,101.555555555556,101.811111111111,102.066666666667,102.322222222222,102.577777777778,102.833333333333,103.088888888889,103.344444444444,103.6,NA,NA,NA,NA,NA,NA,NA,NA,NA,NA,NA,NA,NA,NA,NA,NA,NA,NA,NA,NA,NA,NA
"TWC 3 C_113.0_173.0",28.1,28.5666666666667,29.0333333333333,29.5,29.9666666666667,30.4333333333333,30.9,31.3666666666667,31.8333333333333,32.3,NA,NA,NA,NA,NA,NA,NA,NA,NA,NA,NA,NA,NA,NA,NA,NA,NA,NA,NA,NA,NA,NA
"TWC 3 C_113.0_174.0",40.5,40.8333333333333,41.1666666666667,41.5,41.8333333333333,42.1666666666667,42.5,42.8333333333333,43.1666666666667,43.5,NA,NA,NA,NA,NA,NA,NA,NA,NA,NA,NA,NA,NA,NA,NA,NA,NA,NA,NA,NA,NA,NA
"TWC 3 C_113.0_175.0",32.3,32.5666666666667,32.8333333333333,33.1,33.3666666666667,33.6333333333333,33.9,34.1666666666667,34.4333333333333,34.7,NA,NA,NA,NA,NA,NA,NA,NA,NA,NA,NA,NA,NA,NA,NA,NA,NA,NA,NA,NA,NA,NA
"TWC 3 C_113.0_176.0",25.4,25.4888888888889,25.5777777777778,25.6666666666667,25.7555555555556,25.8444444444444,25.9333333333333,26.0222222222222,26.1111111111111,26.2,NA,NA,NA,NA,NA,NA,NA,NA,NA,NA,NA,NA,NA,NA,NA,NA,NA,NA,NA,NA,NA,NA
"TWC 3 C_113.0_177.0",17.2,17.1777777777778,17.1555555555556,17.1333333333333,17.1111111111111,17.0888888888889,17.0666666666667,17.0444444444444,17.0222222222222,17,NA,NA,NA,NA,NA,NA,NA,NA,NA,NA,NA,NA,NA,NA,NA,NA,NA,NA,NA,NA,NA,NA
"TWC 3 C_113.0_178.0",17.6,17.6222222222222,17.6444444444444,17.6666666666667,17.6888888888889,17.7111111111111,17.7333333333333,17.7555555555556,17.7777777777778,17.8,NA,NA,NA,NA,NA,NA,NA,NA,NA,NA,NA,NA,NA,NA,NA,NA,NA,NA,NA,NA,NA,NA
"TWC 3 C_113.0_179.0",30.2,30.5555555555556,30.9111111111111,31.2666666666667,31.6222222222222,31.9777777777778,32.3333333333333,32.6888888888889,33.0444444444444,33.4,NA,NA,NA,NA,NA,NA,NA,NA,NA,NA,NA,NA,NA,NA,NA,NA,NA,NA,NA,NA,NA,NA
"TWC 3 C_113.0_181.0",16,16.0555555555556,16.1111111111111,16.1666666666667,16.2222222222222,16.2777777777778,16.3333333333333,16.3888888888889,16.4444444444444,16.5,NA,NA,NA,NA,NA,NA,NA,NA,NA,NA,NA,NA,NA,NA,NA,NA,NA,NA,NA,NA,NA,NA
"TWC 3 C_113.0_182.0",28.1,28.4222222222222,28.7444444444444,29.0666666666667,29.3888888888889,29.7111111111111,30.0333333333333,30.3555555555556,30.6777777777778,31,NA,NA,NA,NA,NA,NA,NA,NA,NA,NA,NA,NA,NA,NA,NA,NA,NA,NA,NA,NA,NA,NA
"TWC 3 C_113.0_183.0",29.8,30.2111111111111,30.6222222222222,31.0333333333333,31.4444444444444,31.8555555555556,32.2666666666667,32.6777777777778,33.0888888888889,33.5,NA,NA,NA,NA,NA,NA,NA,NA,NA,NA,NA,NA,NA,NA,NA,NA,NA,NA,NA,NA,NA,NA
"TWC 3 C_113.0_184.0",16.5,16.6222222222222,16.7444444444444,16.8666666666667,16.9888888888889,17.1111111111111,17.2333333333333,17.3555555555556,17.4777777777778,17.6,NA,NA,NA,NA,NA,NA,NA,NA,NA,NA,NA,NA,NA,NA,NA,NA,NA,NA,NA,NA,NA,NA
"TWC 3 C_113.0_185.0",19,19.1333333333333,19.2666666666667,19.4,19.5333333333333,19.6666666666667,19.8,19.9333333333333,20.0666666666667,20.2,NA,NA,NA,NA,NA,NA,NA,NA,NA,NA,NA,NA,NA,NA,NA,NA,NA,NA,NA,NA,NA,NA
"TWC 3 C_113.0_188.0",16.6,16.7333333333333,16.8666666666667,17,17.1333333333333,17.2666666666667,17.4,17.5333333333333,17.6666666666667,17.8,NA,NA,NA,NA,NA,NA,NA,NA,NA,NA,NA,NA,NA,NA,NA,NA,NA,NA,NA,NA,NA,NA
"TWC 3 C_113.0_190.0",42.5,43.0333333333333,43.5666666666667,44.1,44.6333333333333,45.1666666666667,45.7,46.2333333333333,46.7666666666667,47.3,NA,NA,NA,NA,NA,NA,NA,NA,NA,NA,NA,NA,NA,NA,NA,NA,NA,NA,NA,NA,NA,NA
"TWC 3 C_113.0_191.0",94,94.2444444444444,94.4888888888889,94.7333333333333,94.9777777777778,95.2222222222222,95.4666666666667,95.7111111111111,95.9555555555556,96.2,NA,NA,NA,NA,NA,NA,NA,NA,NA,NA,NA,NA,NA,NA,NA,NA,NA,NA,NA,NA,NA,NA
"TWC 3 C_113.0_192.0",26.4,26.6777777777778,26.9555555555556,27.2333333333333,27.5111111111111,27.7888888888889,28.0666666666667,28.3444444444444,28.6222222222222,28.9,NA,NA,NA,NA,NA,NA,NA,NA,NA,NA,NA,NA,NA,NA,NA,NA,NA,NA,NA,NA,NA,NA
"TWC 3 C_113.0_193.0",25.5,25.9333333333333,26.3666666666667,26.8,27.2333333333333,27.6666666666667,28.1,28.5333333333333,28.9666666666667,29.4,NA,NA,NA,NA,NA,NA,NA,NA,NA,NA,NA,NA,NA,NA,NA,NA,NA,NA,NA,NA,NA,NA
"TWC 3 C_113.0_195.0",38,38.5111111111111,39.0222222222222,39.5333333333333,40.0444444444445,40.5555555555556,41.0666666666667,41.5777777777778,42.0888888888889,42.6,NA,NA,NA,NA,NA,NA,NA,NA,NA,NA,NA,NA,NA,NA,NA,NA,NA,NA,NA,NA,NA,NA
"TWC 3 C_114.0_215.0",22.4,22.7555555555556,23.1111111111111,23.4666666666667,23.8222222222222,24.1777777777778,24.5333333333333,24.8888888888889,25.2444444444444,25.6,NA,NA,NA,NA,NA,NA,NA,NA,NA,NA,NA,NA,NA,NA,NA,NA,NA,NA,NA,NA,NA,NA
"TWC 3 C_114.0_216.0",46.8,47.4111111111111,48.0222222222222,48.6333333333333,49.2444444444444,49.8555555555556,50.4666666666667,51.0777777777778,51.6888888888889,52.3,NA,NA,NA,NA,NA,NA,NA,NA,NA,NA,NA,NA,NA,NA,NA,NA,NA,NA,NA,NA,NA,NA
"TWC 3 C_114.0_217.0",47.9,48.5333333333333,49.1666666666667,49.8,50.4333333333333,51.0666666666667,51.7,52.3333333333333,52.9666666666667,53.6,NA,NA,NA,NA,NA,NA,NA,NA,NA,NA,NA,NA,NA,NA,NA,NA,NA,NA,NA,NA,NA,NA
"TWC 3 C_114.0_218.0",17.3,17.8333333333333,18.3666666666667,18.9,19.4333333333333,19.9666666666667,20.5,21.0333333333333,21.5666666666667,22.1,NA,NA,NA,NA,NA,NA,NA,NA,NA,NA,NA,NA,NA,NA,NA,NA,NA,NA,NA,NA,NA,NA
"TWC 3 C_114.0_219.0",34.8,35.2,35.6,36,36.4,36.8,37.2,37.6,38,38.4,NA,NA,NA,NA,NA,NA,NA,NA,NA,NA,NA,NA,NA,NA,NA,NA,NA,NA,NA,NA,NA,NA
"TWC 3 C_114.0_220.0",114.1,114.366666666667,114.633333333333,114.9,115.166666666667,115.433333333333,115.7,115.966666666667,116.233333333333,116.5,NA,NA,NA,NA,NA,NA,NA,NA,NA,NA,NA,NA,NA,NA,NA,NA,NA,NA,NA,NA,NA,NA
"TWC 3 C_114.0_222.0",90.1,90.2222222222222,90.3444444444444,90.4666666666667,90.5888888888889,90.7111111111111,90.8333333333333,90.9555555555556,91.0777777777778,91.2,NA,NA,NA,NA,NA,NA,NA,NA,NA,NA,NA,NA,NA,NA,NA,NA,NA,NA,NA,NA,NA,NA
"TWC 3 C_114.0_223.0",91.6,91.9222222222222,92.2444444444444,92.5666666666667,92.8888888888889,93.2111111111111,93.5333333333333,93.8555555555556,94.1777777777778,94.5,NA,NA,NA,NA,NA,NA,NA,NA,NA,NA,NA,NA,NA,NA,NA,NA,NA,NA,NA,NA,NA,NA
"TWC 3 C_114.0_224.0",31.7,32.1555555555556,32.6111111111111,33.0666666666667,33.5222222222222,33.9777777777778,34.4333333333333,34.8888888888889,35.3444444444444,35.8,NA,NA,NA,NA,NA,NA,NA,NA,NA,NA,NA,NA,NA,NA,NA,NA,NA,NA,NA,NA,NA,NA
"TWC 3 C_114.0_225.0",20.6,20.7444444444444,20.8888888888889,21.0333333333333,21.1777777777778,21.3222222222222,21.4666666666667,21.6111111111111,21.7555555555556,21.9,NA,NA,NA,NA,NA,NA,NA,NA,NA,NA,NA,NA,NA,NA,NA,NA,NA,NA,NA,NA,NA,NA
"TWC 3 C_114.0_226.0",29.5,29.8666666666667,30.2333333333333,30.6,30.9666666666667,31.3333333333333,31.7,32.0666666666667,32.4333333333333,32.8,NA,NA,NA,NA,NA,NA,NA,NA,NA,NA,NA,NA,NA,NA,NA,NA,NA,NA,NA,NA,NA,NA
"TWC 3 C_114.0_227.0",43.8,44.2444444444444,44.6888888888889,45.1333333333333,45.5777777777778,46.0222222222222,46.4666666666667,46.9111111111111,47.3555555555556,47.8,NA,NA,NA,NA,NA,NA,NA,NA,NA,NA,NA,NA,NA,NA,NA,NA,NA,NA,NA,NA,NA,NA
"TWC 3 C_114.0_230.0",108,107.244444444444,106.488888888889,105.733333333333,104.977777777778,104.222222222222,103.466666666667,102.711111111111,101.955555555556,101.2,NA,NA,NA,NA,NA,NA,NA,NA,NA,NA,NA,NA,NA,NA,NA,NA,NA,NA,NA,NA,NA,NA
"TWC 3 C_114.0_231.0",108,108.044444444444,108.088888888889,108.133333333333,108.177777777778,108.222222222222,108.266666666667,108.311111111111,108.355555555556,108.4,NA,NA,NA,NA,NA,NA,NA,NA,NA,NA,NA,NA,NA,NA,NA,NA,NA,NA,NA,NA,NA,NA
"TWC 3 C_114.0_233.0",22.8,23.0444444444444,23.2888888888889,23.5333333333333,23.7777777777778,24.0222222222222,24.2666666666667,24.5111111111111,24.7555555555556,25,NA,NA,NA,NA,NA,NA,NA,NA,NA,NA,NA,NA,NA,NA,NA,NA,NA,NA,NA,NA,NA,NA
"TWC 3 C_114.0_234.0",19.2,19.4,19.6,19.8,20,20.2,20.4,20.6,20.8,21,NA,NA,NA,NA,NA,NA,NA,NA,NA,NA,NA,NA,NA,NA,NA,NA,NA,NA,NA,NA,NA,NA
"TWC 3 C_114.0_235.0",18,18.1111111111111,18.2222222222222,18.3333333333333,18.4444444444444,18.5555555555556,18.6666666666667,18.7777777777778,18.8888888888889,19,NA,NA,NA,NA,NA,NA,NA,NA,NA,NA,NA,NA,NA,NA,NA,NA,NA,NA,NA,NA,NA,NA
"TWC 3 C_114.0_236.0",24,24.2333333333333,24.4666666666667,24.7,24.9333333333333,25.1666666666667,25.4,25.6333333333333,25.8666666666667,26.1,NA,NA,NA,NA,NA,NA,NA,NA,NA,NA,NA,NA,NA,NA,NA,NA,NA,NA,NA,NA,NA,NA
"TWC 3 C_114.0_237.0",22,22.1666666666667,22.3333333333333,22.5,22.6666666666667,22.8333333333333,23,23.1666666666667,23.3333333333333,23.5,NA,NA,NA,NA,NA,NA,NA,NA,NA,NA,NA,NA,NA,NA,NA,NA,NA,NA,NA,NA,NA,NA
"TWC 3 C_114.0_238.0",24.5,24.7666666666667,25.0333333333333,25.3,25.5666666666667,25.8333333333333,26.1,26.3666666666667,26.6333333333333,26.9,NA,NA,NA,NA,NA,NA,NA,NA,NA,NA,NA,NA,NA,NA,NA,NA,NA,NA,NA,NA,NA,NA
"TWC 3 C_114.0_239.0",22.2,22.4666666666667,22.7333333333333,23,23.2666666666667,23.5333333333333,23.8,24.0666666666667,24.3333333333333,24.6,NA,NA,NA,NA,NA,NA,NA,NA,NA,NA,NA,NA,NA,NA,NA,NA,NA,NA,NA,NA,NA,NA
"TWC 3 C_114.0_240.0",74.3,74.6888888888889,75.0777777777778,75.4666666666667,75.8555555555556,76.2444444444444,76.6333333333333,77.0222222222222,77.4111111111111,77.8,NA,NA,NA,NA,NA,NA,NA,NA,NA,NA,NA,NA,NA,NA,NA,NA,NA,NA,NA,NA,NA,NA
"TWC 3 C_114.0_241.0",19,19.2,19.4,19.6,19.8,20,20.2,20.4,20.6,20.8,NA,NA,NA,NA,NA,NA,NA,NA,NA,NA,NA,NA,NA,NA,NA,NA,NA,NA,NA,NA,NA,NA
"TWC 3 C_114.0_242.0",33.4,33.7777777777778,34.1555555555556,34.5333333333333,34.9111111111111,35.2888888888889,35.6666666666667,36.0444444444445,36.4222222222222,36.8,NA,NA,NA,NA,NA,NA,NA,NA,NA,NA,NA,NA,NA,NA,NA,NA,NA,NA,NA,NA,NA,NA
"TWC 3 C_114.0_243.0",19.7,19.8222222222222,19.9444444444444,20.0666666666667,20.1888888888889,20.3111111111111,20.4333333333333,20.5555555555556,20.6777777777778,20.8,NA,NA,NA,NA,NA,NA,NA,NA,NA,NA,NA,NA,NA,NA,NA,NA,NA,NA,NA,NA,NA,NA
"TWC 3 C_114.0_244.0",24.3,24.4888888888889,24.6777777777778,24.8666666666667,25.0555555555556,25.2444444444444,25.4333333333333,25.6222222222222,25.8111111111111,26,NA,NA,NA,NA,NA,NA,NA,NA,NA,NA,NA,NA,NA,NA,NA,NA,NA,NA,NA,NA,NA,NA
"TWC 3 C_114.0_245.0",40.4,40.9666666666667,41.5333333333333,42.1,42.6666666666667,43.2333333333333,43.8,44.3666666666667,44.9333333333333,45.5,NA,NA,NA,NA,NA,NA,NA,NA,NA,NA,NA,NA,NA,NA,NA,NA,NA,NA,NA,NA,NA,NA
"TWC 3 C_114.0_246.0",24.7,25.6222222222222,26.5444444444444,27.4666666666667,28.3888888888889,29.3111111111111,30.2333333333333,31.1555555555556,32.0777777777778,33,NA,NA,NA,NA,NA,NA,NA,NA,NA,NA,NA,NA,NA,NA,NA,NA,NA,NA,NA,NA,NA,NA
"TWC 3 C_114.0_247.0",127.1,127.422222222222,127.744444444444,128.066666666667,128.388888888889,128.711111111111,129.033333333333,129.355555555556,129.677777777778,130,NA,NA,NA,NA,NA,NA,NA,NA,NA,NA,NA,NA,NA,NA,NA,NA,NA,NA,NA,NA,NA,NA
"TWC 3 C_114.0_248.0",94.3,94.5111111111111,94.7222222222222,94.9333333333333,95.1444444444444,95.3555555555556,95.5666666666667,95.7777777777778,95.9888888888889,96.2,NA,NA,NA,NA,NA,NA,NA,NA,NA,NA,NA,NA,NA,NA,NA,NA,NA,NA,NA,NA,NA,NA
"TWC 3 C_114.0_249.0",23.7,24.1,24.5,24.9,25.3,25.7,26.1,26.5,26.9,27.3,NA,NA,NA,NA,NA,NA,NA,NA,NA,NA,NA,NA,NA,NA,NA,NA,NA,NA,NA,NA,NA,NA
"TWC 3 C_114.0_250.0",28.2,28.4777777777778,28.7555555555556,29.0333333333333,29.3111111111111,29.5888888888889,29.8666666666667,30.1444444444444,30.4222222222222,30.7,NA,NA,NA,NA,NA,NA,NA,NA,NA,NA,NA,NA,NA,NA,NA,NA,NA,NA,NA,NA,NA,NA
"TWC 3 C_114.0_251.0",22.5,22.6111111111111,22.7222222222222,22.8333333333333,22.9444444444444,23.0555555555556,23.1666666666667,23.2777777777778,23.3888888888889,23.5,NA,NA,NA,NA,NA,NA,NA,NA,NA,NA,NA,NA,NA,NA,NA,NA,NA,NA,NA,NA,NA,NA
"TWC 3 C_114.0_252.0",18.4,18.6,18.8,19,19.2,19.4,19.6,19.8,20,20.2,NA,NA,NA,NA,NA,NA,NA,NA,NA,NA,NA,NA,NA,NA,NA,NA,NA,NA,NA,NA,NA,NA
"TWC 3 C_114.0_253.0",84.9,85.1333333333333,85.3666666666667,85.6,85.8333333333333,86.0666666666667,86.3,86.5333333333333,86.7666666666667,87,NA,NA,NA,NA,NA,NA,NA,NA,NA,NA,NA,NA,NA,NA,NA,NA,NA,NA,NA,NA,NA,NA
"TWC 3 C_114.0_254.0",21.1,21.4111111111111,21.7222222222222,22.0333333333333,22.3444444444444,22.6555555555556,22.9666666666667,23.2777777777778,23.5888888888889,23.9,NA,NA,NA,NA,NA,NA,NA,NA,NA,NA,NA,NA,NA,NA,NA,NA,NA,NA,NA,NA,NA,NA
"TWC 3 C_114.0_255.0",47.1,47.6444444444444,48.1888888888889,48.7333333333333,49.2777777777778,49.8222222222222,50.3666666666667,50.9111111111111,51.4555555555555,52,NA,NA,NA,NA,NA,NA,NA,NA,NA,NA,NA,NA,NA,NA,NA,NA,NA,NA,NA,NA,NA,NA
"TWC 3 C_114.0_256.0",23.8,23.9777777777778,24.1555555555556,24.3333333333333,24.5111111111111,24.6888888888889,24.8666666666667,25.0444444444444,25.2222222222222,25.4,NA,NA,NA,NA,NA,NA,NA,NA,NA,NA,NA,NA,NA,NA,NA,NA,NA,NA,NA,NA,NA,NA
"TWC 3 C_114.0_257.0",30.9,31.4777777777778,32.0555555555556,32.6333333333333,33.2111111111111,33.7888888888889,34.3666666666667,34.9444444444444,35.5222222222222,36.1,NA,NA,NA,NA,NA,NA,NA,NA,NA,NA,NA,NA,NA,NA,NA,NA,NA,NA,NA,NA,NA,NA
"TWC 3 C_114.0_258.0",22,22.2,22.4,22.6,22.8,23,23.2,23.4,23.6,23.8,NA,NA,NA,NA,NA,NA,NA,NA,NA,NA,NA,NA,NA,NA,NA,NA,NA,NA,NA,NA,NA,NA
"TWC 3 C_114.0_259.0",35.9,36.2666666666667,36.6333333333333,37,37.3666666666667,37.7333333333333,38.1,38.4666666666667,38.8333333333333,39.2,NA,NA,NA,NA,NA,NA,NA,NA,NA,NA,NA,NA,NA,NA,NA,NA,NA,NA,NA,NA,NA,NA
"TWC 3 C_114.0_260.0",41.5,41.8888888888889,42.2777777777778,42.6666666666667,43.0555555555556,43.4444444444444,43.8333333333333,44.2222222222222,44.6111111111111,45,NA,NA,NA,NA,NA,NA,NA,NA,NA,NA,NA,NA,NA,NA,NA,NA,NA,NA,NA,NA,NA,NA
"TWC 3 C_116.0_1.0",58,58.6555555555556,59.3111111111111,59.9666666666667,60.6222222222222,61.2777777777778,61.9333333333333,62.5888888888889,63.2444444444444,63.9,NA,NA,NA,NA,NA,NA,NA,NA,NA,NA,NA,NA,NA,NA,NA,NA,NA,NA,NA,NA,NA,NA
"TWC 3 C_116.0_12.0",41.1,41.2,41.3,41.4,41.5,41.6,41.7,41.8,41.9,42,NA,NA,NA,NA,NA,NA,NA,NA,NA,NA,NA,NA,NA,NA,NA,NA,NA,NA,NA,NA,NA,NA
"TWC 3 C_116.0_13.0",75.1,75.3666666666667,75.6333333333333,75.9,76.1666666666667,76.4333333333333,76.7,76.9666666666667,77.2333333333333,77.5,NA,NA,NA,NA,NA,NA,NA,NA,NA,NA,NA,NA,NA,NA,NA,NA,NA,NA,NA,NA,NA,NA
"TWC 3 C_116.0_16.0",31.8,32.0888888888889,32.3777777777778,32.6666666666667,32.9555555555556,33.2444444444444,33.5333333333333,33.8222222222222,34.1111111111111,34.4,NA,NA,NA,NA,NA,NA,NA,NA,NA,NA,NA,NA,NA,NA,NA,NA,NA,NA,NA,NA,NA,NA
"TWC 3 C_116.0_17.0",43.7,44.0333333333333,44.3666666666667,44.7,45.0333333333333,45.3666666666667,45.7,46.0333333333333,46.3666666666667,46.7,NA,NA,NA,NA,NA,NA,NA,NA,NA,NA,NA,NA,NA,NA,NA,NA,NA,NA,NA,NA,NA,NA
"TWC 3 C_116.0_19.0",48.6,49.1333333333333,49.6666666666667,50.2,50.7333333333333,51.2666666666667,51.8,52.3333333333333,52.8666666666667,53.4,NA,NA,NA,NA,NA,NA,NA,NA,NA,NA,NA,NA,NA,NA,NA,NA,NA,NA,NA,NA,NA,NA
"TWC 3 C_116.0_2.0",23.2,23.6888888888889,24.1777777777778,24.6666666666667,25.1555555555556,25.6444444444444,26.1333333333333,26.6222222222222,27.1111111111111,27.6,NA,NA,NA,NA,NA,NA,NA,NA,NA,NA,NA,NA,NA,NA,NA,NA,NA,NA,NA,NA,NA,NA
"TWC 3 C_116.0_21.0",38.6,38.7,38.8,38.9,39,39.1,39.2,39.3,39.4,39.5,NA,NA,NA,NA,NA,NA,NA,NA,NA,NA,NA,NA,NA,NA,NA,NA,NA,NA,NA,NA,NA,NA
"TWC 3 C_116.0_22.0",41.5,41.6777777777778,41.8555555555556,42.0333333333333,42.2111111111111,42.3888888888889,42.5666666666667,42.7444444444444,42.9222222222222,43.1,NA,NA,NA,NA,NA,NA,NA,NA,NA,NA,NA,NA,NA,NA,NA,NA,NA,NA,NA,NA,NA,NA
"TWC 3 C_116.0_23.0",29.7,29.9666666666667,30.2333333333333,30.5,30.7666666666667,31.0333333333333,31.3,31.5666666666667,31.8333333333333,32.1,NA,NA,NA,NA,NA,NA,NA,NA,NA,NA,NA,NA,NA,NA,NA,NA,NA,NA,NA,NA,NA,NA
"TWC 3 C_116.0_25.0",45.7,46.1111111111111,46.5222222222222,46.9333333333333,47.3444444444444,47.7555555555556,48.1666666666667,48.5777777777778,48.9888888888889,49.4,NA,NA,NA,NA,NA,NA,NA,NA,NA,NA,NA,NA,NA,NA,NA,NA,NA,NA,NA,NA,NA,NA
"TWC 3 C_116.0_26.0",41.6,41.8777777777778,42.1555555555556,42.4333333333333,42.7111111111111,42.9888888888889,43.2666666666667,43.5444444444445,43.8222222222222,44.1,NA,NA,NA,NA,NA,NA,NA,NA,NA,NA,NA,NA,NA,NA,NA,NA,NA,NA,NA,NA,NA,NA
"TWC 3 C_116.0_27.0",18.8,18.9555555555556,19.1111111111111,19.2666666666667,19.4222222222222,19.5777777777778,19.7333333333333,19.8888888888889,20.0444444444444,20.2,NA,NA,NA,NA,NA,NA,NA,NA,NA,NA,NA,NA,NA,NA,NA,NA,NA,NA,NA,NA,NA,NA
"TWC 3 C_116.0_28.0",42.2,42.6,43,43.4,43.8,44.2,44.6,45,45.4,45.8,NA,NA,NA,NA,NA,NA,NA,NA,NA,NA,NA,NA,NA,NA,NA,NA,NA,NA,NA,NA,NA,NA
"TWC 3 C_116.0_29.0",21.4,21.5555555555556,21.7111111111111,21.8666666666667,22.0222222222222,22.1777777777778,22.3333333333333,22.4888888888889,22.6444444444444,22.8,NA,NA,NA,NA,NA,NA,NA,NA,NA,NA,NA,NA,NA,NA,NA,NA,NA,NA,NA,NA,NA,NA
"TWC 3 C_116.0_3.0",70.5,70.7666666666667,71.0333333333333,71.3,71.5666666666667,71.8333333333333,72.1,72.3666666666667,72.6333333333333,72.9,NA,NA,NA,NA,NA,NA,NA,NA,NA,NA,NA,NA,NA,NA,NA,NA,NA,NA,NA,NA,NA,NA
"TWC 3 C_116.0_30.0",49.8,50.1444444444444,50.4888888888889,50.8333333333333,51.1777777777778,51.5222222222222,51.8666666666667,52.2111111111111,52.5555555555556,52.9,NA,NA,NA,NA,NA,NA,NA,NA,NA,NA,NA,NA,NA,NA,NA,NA,NA,NA,NA,NA,NA,NA
"TWC 3 C_116.0_31.0",46,46.4444444444444,46.8888888888889,47.3333333333333,47.7777777777778,48.2222222222222,48.6666666666667,49.1111111111111,49.5555555555556,50,NA,NA,NA,NA,NA,NA,NA,NA,NA,NA,NA,NA,NA,NA,NA,NA,NA,NA,NA,NA,NA,NA
"TWC 3 C_116.0_33.0",58,58.3777777777778,58.7555555555556,59.1333333333333,59.5111111111111,59.8888888888889,60.2666666666667,60.6444444444444,61.0222222222222,61.4,NA,NA,NA,NA,NA,NA,NA,NA,NA,NA,NA,NA,NA,NA,NA,NA,NA,NA,NA,NA,NA,NA
"TWC 3 C_116.0_34.0",22.8,22.9555555555556,23.1111111111111,23.2666666666667,23.4222222222222,23.5777777777778,23.7333333333333,23.8888888888889,24.0444444444444,24.2,NA,NA,NA,NA,NA,NA,NA,NA,NA,NA,NA,NA,NA,NA,NA,NA,NA,NA,NA,NA,NA,NA
"TWC 3 C_116.0_35.0",32.8,32.9333333333333,33.0666666666667,33.2,33.3333333333333,33.4666666666667,33.6,33.7333333333333,33.8666666666667,34,NA,NA,NA,NA,NA,NA,NA,NA,NA,NA,NA,NA,NA,NA,NA,NA,NA,NA,NA,NA,NA,NA
"TWC 3 C_116.0_36.0",60.9,61.2777777777778,61.6555555555556,62.0333333333333,62.4111111111111,62.7888888888889,63.1666666666667,63.5444444444445,63.9222222222222,64.3,NA,NA,NA,NA,NA,NA,NA,NA,NA,NA,NA,NA,NA,NA,NA,NA,NA,NA,NA,NA,NA,NA
"TWC 3 C_116.0_37.0",31,31.4111111111111,31.8222222222222,32.2333333333333,32.6444444444444,33.0555555555556,33.4666666666667,33.8777777777778,34.2888888888889,34.7,NA,NA,NA,NA,NA,NA,NA,NA,NA,NA,NA,NA,NA,NA,NA,NA,NA,NA,NA,NA,NA,NA
"TWC 3 C_116.0_39.0",25.5,25.6666666666667,25.8333333333333,26,26.1666666666667,26.3333333333333,26.5,26.6666666666667,26.8333333333333,27,NA,NA,NA,NA,NA,NA,NA,NA,NA,NA,NA,NA,NA,NA,NA,NA,NA,NA,NA,NA,NA,NA
"TWC 3 C_116.0_4.0",55,55.3111111111111,55.6222222222222,55.9333333333333,56.2444444444444,56.5555555555556,56.8666666666667,57.1777777777778,57.4888888888889,57.8,NA,NA,NA,NA,NA,NA,NA,NA,NA,NA,NA,NA,NA,NA,NA,NA,NA,NA,NA,NA,NA,NA
"TWC 3 C_116.0_40.0",24.4,24.4444444444444,24.4888888888889,24.5333333333333,24.5777777777778,24.6222222222222,24.6666666666667,24.7111111111111,24.7555555555556,24.8,NA,NA,NA,NA,NA,NA,NA,NA,NA,NA,NA,NA,NA,NA,NA,NA,NA,NA,NA,NA,NA,NA
"TWC 3 C_116.0_42.0",54.8,55.2333333333333,55.6666666666667,56.1,56.5333333333333,56.9666666666667,57.4,57.8333333333333,58.2666666666667,58.7,NA,NA,NA,NA,NA,NA,NA,NA,NA,NA,NA,NA,NA,NA,NA,NA,NA,NA,NA,NA,NA,NA
"TWC 3 C_116.0_43.0",23.2,23.3222222222222,23.4444444444444,23.5666666666667,23.6888888888889,23.8111111111111,23.9333333333333,24.0555555555556,24.1777777777778,24.3,NA,NA,NA,NA,NA,NA,NA,NA,NA,NA,NA,NA,NA,NA,NA,NA,NA,NA,NA,NA,NA,NA
"TWC 3 C_116.0_44.0",36,36.3,36.6,36.9,37.2,37.5,37.8,38.1,38.4,38.7,NA,NA,NA,NA,NA,NA,NA,NA,NA,NA,NA,NA,NA,NA,NA,NA,NA,NA,NA,NA,NA,NA
"TWC 3 C_116.0_46.0",63,63.4333333333333,63.8666666666667,64.3,64.7333333333333,65.1666666666667,65.6,66.0333333333333,66.4666666666667,66.9,NA,NA,NA,NA,NA,NA,NA,NA,NA,NA,NA,NA,NA,NA,NA,NA,NA,NA,NA,NA,NA,NA
"TWC 3 C_116.0_5.0",27.1,27.2666666666667,27.4333333333333,27.6,27.7666666666667,27.9333333333333,28.1,28.2666666666667,28.4333333333333,28.6,NA,NA,NA,NA,NA,NA,NA,NA,NA,NA,NA,NA,NA,NA,NA,NA,NA,NA,NA,NA,NA,NA
"TWC 3 C_116.0_50.0",44.5,44.7333333333333,44.9666666666667,45.2,45.4333333333333,45.6666666666667,45.9,46.1333333333333,46.3666666666667,46.6,NA,NA,NA,NA,NA,NA,NA,NA,NA,NA,NA,NA,NA,NA,NA,NA,NA,NA,NA,NA,NA,NA
"TWC 3 C_116.0_51.0",38.6,39.0333333333333,39.4666666666667,39.9,40.3333333333333,40.7666666666667,41.2,41.6333333333333,42.0666666666667,42.5,NA,NA,NA,NA,NA,NA,NA,NA,NA,NA,NA,NA,NA,NA,NA,NA,NA,NA,NA,NA,NA,NA
"TWC 3 C_116.0_52.0",22,22.1666666666667,22.3333333333333,22.5,22.6666666666667,22.8333333333333,23,23.1666666666667,23.3333333333333,23.5,NA,NA,NA,NA,NA,NA,NA,NA,NA,NA,NA,NA,NA,NA,NA,NA,NA,NA,NA,NA,NA,NA
"TWC 3 C_116.0_53.0",19,19,19,19,19,19,19,19,19,19,NA,NA,NA,NA,NA,NA,NA,NA,NA,NA,NA,NA,NA,NA,NA,NA,NA,NA,NA,NA,NA,NA
"TWC 3 C_116.0_55.0",38,38.1222222222222,38.2444444444444,38.3666666666667,38.4888888888889,38.6111111111111,38.7333333333333,38.8555555555556,38.9777777777778,39.1,NA,NA,NA,NA,NA,NA,NA,NA,NA,NA,NA,NA,NA,NA,NA,NA,NA,NA,NA,NA,NA,NA
"TWC 3 C_116.0_56.0",36.6,36.8555555555556,37.1111111111111,37.3666666666667,37.6222222222222,37.8777777777778,38.1333333333333,38.3888888888889,38.6444444444444,38.9,NA,NA,NA,NA,NA,NA,NA,NA,NA,NA,NA,NA,NA,NA,NA,NA,NA,NA,NA,NA,NA,NA
"TWC 3 C_116.0_57.0",50.2,50.4777777777778,50.7555555555556,51.0333333333333,51.3111111111111,51.5888888888889,51.8666666666667,52.1444444444444,52.4222222222222,52.7,NA,NA,NA,NA,NA,NA,NA,NA,NA,NA,NA,NA,NA,NA,NA,NA,NA,NA,NA,NA,NA,NA
"TWC 3 C_116.0_58.0",42.2,42.6777777777778,43.1555555555556,43.6333333333333,44.1111111111111,44.5888888888889,45.0666666666667,45.5444444444445,46.0222222222222,46.5,NA,NA,NA,NA,NA,NA,NA,NA,NA,NA,NA,NA,NA,NA,NA,NA,NA,NA,NA,NA,NA,NA
"TWC 3 C_116.0_59.0",49.7,50.1333333333333,50.5666666666667,51,51.4333333333333,51.8666666666667,52.3,52.7333333333333,53.1666666666667,53.6,NA,NA,NA,NA,NA,NA,NA,NA,NA,NA,NA,NA,NA,NA,NA,NA,NA,NA,NA,NA,NA,NA
"TWC 3 C_116.0_6.0",31,31.1222222222222,31.2444444444444,31.3666666666667,31.4888888888889,31.6111111111111,31.7333333333333,31.8555555555556,31.9777777777778,32.1,NA,NA,NA,NA,NA,NA,NA,NA,NA,NA,NA,NA,NA,NA,NA,NA,NA,NA,NA,NA,NA,NA
"TWC 3 C_116.0_60.0",43.1,43.5666666666667,44.0333333333333,44.5,44.9666666666667,45.4333333333333,45.9,46.3666666666667,46.8333333333333,47.3,NA,NA,NA,NA,NA,NA,NA,NA,NA,NA,NA,NA,NA,NA,NA,NA,NA,NA,NA,NA,NA,NA
"TWC 3 C_116.0_62.0",29.8,29.9333333333333,30.0666666666667,30.2,30.3333333333333,30.4666666666667,30.6,30.7333333333333,30.8666666666667,31,NA,NA,NA,NA,NA,NA,NA,NA,NA,NA,NA,NA,NA,NA,NA,NA,NA,NA,NA,NA,NA,NA
"TWC 3 C_116.0_63.0",26.6,26.7,26.8,26.9,27,27.1,27.2,27.3,27.4,27.5,NA,NA,NA,NA,NA,NA,NA,NA,NA,NA,NA,NA,NA,NA,NA,NA,NA,NA,NA,NA,NA,NA
"TWC 3 C_116.0_64.0",47.8,48.5555555555556,49.3111111111111,50.0666666666667,50.8222222222222,51.5777777777778,52.3333333333333,53.0888888888889,53.8444444444444,54.6,NA,NA,NA,NA,NA,NA,NA,NA,NA,NA,NA,NA,NA,NA,NA,NA,NA,NA,NA,NA,NA,NA
"TWC 3 C_116.0_66.0",45.9,46.5333333333333,47.1666666666667,47.8,48.4333333333333,49.0666666666667,49.7,50.3333333333333,50.9666666666667,51.6,NA,NA,NA,NA,NA,NA,NA,NA,NA,NA,NA,NA,NA,NA,NA,NA,NA,NA,NA,NA,NA,NA
"TWC 3 C_116.0_67.0",24.1,24.2222222222222,24.3444444444444,24.4666666666667,24.5888888888889,24.7111111111111,24.8333333333333,24.9555555555556,25.0777777777778,25.2,NA,NA,NA,NA,NA,NA,NA,NA,NA,NA,NA,NA,NA,NA,NA,NA,NA,NA,NA,NA,NA,NA
"TWC 3 C_116.0_68.0",33.5,33.8333333333333,34.1666666666667,34.5,34.8333333333333,35.1666666666667,35.5,35.8333333333333,36.1666666666667,36.5,NA,NA,NA,NA,NA,NA,NA,NA,NA,NA,NA,NA,NA,NA,NA,NA,NA,NA,NA,NA,NA,NA
"TWC 3 C_116.0_69.0",24.4,24.4666666666667,24.5333333333333,24.6,24.6666666666667,24.7333333333333,24.8,24.8666666666667,24.9333333333333,25,NA,NA,NA,NA,NA,NA,NA,NA,NA,NA,NA,NA,NA,NA,NA,NA,NA,NA,NA,NA,NA,NA
"TWC 3 C_116.0_70.0",65,65.6,66.2,66.8,67.4,68,68.6,69.2,69.8,70.4,NA,NA,NA,NA,NA,NA,NA,NA,NA,NA,NA,NA,NA,NA,NA,NA,NA,NA,NA,NA,NA,NA
"TWC 3 C_116.0_78.0",16.9,17.2777777777778,17.6555555555556,18.0333333333333,18.4111111111111,18.7888888888889,19.1666666666667,19.5444444444444,19.9222222222222,20.3,NA,NA,NA,NA,NA,NA,NA,NA,NA,NA,NA,NA,NA,NA,NA,NA,NA,NA,NA,NA,NA,NA
"TWC 3 C_116.0_79.0",30.8,31.1,31.4,31.7,32,32.3,32.6,32.9,33.2,33.5,NA,NA,NA,NA,NA,NA,NA,NA,NA,NA,NA,NA,NA,NA,NA,NA,NA,NA,NA,NA,NA,NA
"TWC 3 C_116.0_8.0",65.2,64.5333333333333,63.8666666666667,63.2,62.5333333333333,61.8666666666667,61.2,60.5333333333333,59.8666666666667,59.2,NA,NA,NA,NA,NA,NA,NA,NA,NA,NA,NA,NA,NA,NA,NA,NA,NA,NA,NA,NA,NA,NA
"TWC 3 C_116.0_81.0",17.5,17.6888888888889,17.8777777777778,18.0666666666667,18.2555555555556,18.4444444444444,18.6333333333333,18.8222222222222,19.0111111111111,19.2,NA,NA,NA,NA,NA,NA,NA,NA,NA,NA,NA,NA,NA,NA,NA,NA,NA,NA,NA,NA,NA,NA
"TWC 3 C_116.0_82.0",16.5,16.8,17.1,17.4,17.7,18,18.3,18.6,18.9,19.2,NA,NA,NA,NA,NA,NA,NA,NA,NA,NA,NA,NA,NA,NA,NA,NA,NA,NA,NA,NA,NA,NA
"TWC 3 C_116.0_83.0",48.2,48.6555555555556,49.1111111111111,49.5666666666667,50.0222222222222,50.4777777777778,50.9333333333333,51.3888888888889,51.8444444444444,52.3,NA,NA,NA,NA,NA,NA,NA,NA,NA,NA,NA,NA,NA,NA,NA,NA,NA,NA,NA,NA,NA,NA
"TWC 3 C_116.0_84.0",46,46.4444444444444,46.8888888888889,47.3333333333333,47.7777777777778,48.2222222222222,48.6666666666667,49.1111111111111,49.5555555555556,50,NA,NA,NA,NA,NA,NA,NA,NA,NA,NA,NA,NA,NA,NA,NA,NA,NA,NA,NA,NA,NA,NA
"TWC 3 C_116.0_9.0",45,45.4111111111111,45.8222222222222,46.2333333333333,46.6444444444444,47.0555555555556,47.4666666666667,47.8777777777778,48.2888888888889,48.7,NA,NA,NA,NA,NA,NA,NA,NA,NA,NA,NA,NA,NA,NA,NA,NA,NA,NA,NA,NA,NA,NA
"TWC 3 C_117.0_100.0",27.2,27.2,27.2,27.2,27.2,27.2,27.2,27.2,27.2,27.2,NA,NA,NA,NA,NA,NA,NA,NA,NA,NA,NA,NA,NA,NA,NA,NA,NA,NA,NA,NA,NA,NA
"TWC 3 C_117.0_202.0",42,42.3777777777778,42.7555555555556,43.1333333333333,43.5111111111111,43.8888888888889,44.2666666666667,44.6444444444444,45.0222222222222,45.4,NA,NA,NA,NA,NA,NA,NA,NA,NA,NA,NA,NA,NA,NA,NA,NA,NA,NA,NA,NA,NA,NA
"TWC 3 C_117.0_203.0",19.2,19.3777777777778,19.5555555555556,19.7333333333333,19.9111111111111,20.0888888888889,20.2666666666667,20.4444444444444,20.6222222222222,20.8,NA,NA,NA,NA,NA,NA,NA,NA,NA,NA,NA,NA,NA,NA,NA,NA,NA,NA,NA,NA,NA,NA
"TWC 3 C_117.0_294.0",26.9,27.2333333333333,27.5666666666667,27.9,28.2333333333333,28.5666666666667,28.9,29.2333333333333,29.5666666666667,29.9,NA,NA,NA,NA,NA,NA,NA,NA,NA,NA,NA,NA,NA,NA,NA,NA,NA,NA,NA,NA,NA,NA
"TWC 3 C_117.0_295.0",31.6,31.9555555555556,32.3111111111111,32.6666666666667,33.0222222222222,33.3777777777778,33.7333333333333,34.0888888888889,34.4444444444444,34.8,NA,NA,NA,NA,NA,NA,NA,NA,NA,NA,NA,NA,NA,NA,NA,NA,NA,NA,NA,NA,NA,NA
"TWC 3 C_117.0_296.0",27.8,28.1777777777778,28.5555555555556,28.9333333333333,29.3111111111111,29.6888888888889,30.0666666666667,30.4444444444444,30.8222222222222,31.2,NA,NA,NA,NA,NA,NA,NA,NA,NA,NA,NA,NA,NA,NA,NA,NA,NA,NA,NA,NA,NA,NA
"TWC 3 C_117.0_297.0",16.7,16.8777777777778,17.0555555555556,17.2333333333333,17.4111111111111,17.5888888888889,17.7666666666667,17.9444444444444,18.1222222222222,18.3,NA,NA,NA,NA,NA,NA,NA,NA,NA,NA,NA,NA,NA,NA,NA,NA,NA,NA,NA,NA,NA,NA
"TWC 3 C_117.0_301.0",39.6,40.1444444444444,40.6888888888889,41.2333333333333,41.7777777777778,42.3222222222222,42.8666666666667,43.4111111111111,43.9555555555555,44.5,NA,NA,NA,NA,NA,NA,NA,NA,NA,NA,NA,NA,NA,NA,NA,NA,NA,NA,NA,NA,NA,NA
"TWC 3 C_117.0_398.0",40.8,41.3666666666667,41.9333333333333,42.5,43.0666666666667,43.6333333333333,44.2,44.7666666666667,45.3333333333333,45.9,NA,NA,NA,NA,NA,NA,NA,NA,NA,NA,NA,NA,NA,NA,NA,NA,NA,NA,NA,NA,NA,NA
"TWC 3 C_117.0_403.0",80.8,81.0333333333333,81.2666666666667,81.5,81.7333333333333,81.9666666666667,82.2,82.4333333333333,82.6666666666667,82.9,NA,NA,NA,NA,NA,NA,NA,NA,NA,NA,NA,NA,NA,NA,NA,NA,NA,NA,NA,NA,NA,NA
"TWC 3 C_117.0_404.0",37.8,38.2222222222222,38.6444444444444,39.0666666666667,39.4888888888889,39.9111111111111,40.3333333333333,40.7555555555556,41.1777777777778,41.6,NA,NA,NA,NA,NA,NA,NA,NA,NA,NA,NA,NA,NA,NA,NA,NA,NA,NA,NA,NA,NA,NA
"TWC 3 C_117.0_405.0",48.2,48.5,48.8,49.1,49.4,49.7,50,50.3,50.6,50.9,NA,NA,NA,NA,NA,NA,NA,NA,NA,NA,NA,NA,NA,NA,NA,NA,NA,NA,NA,NA,NA,NA
"TWC 3 C_117.0_406.0",29.5,30,30.5,31,31.5,32,32.5,33,33.5,34,NA,NA,NA,NA,NA,NA,NA,NA,NA,NA,NA,NA,NA,NA,NA,NA,NA,NA,NA,NA,NA,NA
"TWC 3 C_117.0_407.0",23.1,23.3111111111111,23.5222222222222,23.7333333333333,23.9444444444444,24.1555555555556,24.3666666666667,24.5777777777778,24.7888888888889,25,NA,NA,NA,NA,NA,NA,NA,NA,NA,NA,NA,NA,NA,NA,NA,NA,NA,NA,NA,NA,NA,NA
"TWC 3 C_117.0_408.0",20.7,20.8666666666667,21.0333333333333,21.2,21.3666666666667,21.5333333333333,21.7,21.8666666666667,22.0333333333333,22.2,NA,NA,NA,NA,NA,NA,NA,NA,NA,NA,NA,NA,NA,NA,NA,NA,NA,NA,NA,NA,NA,NA
"TWC 3 C_117.0_409.0",16.4,16.5555555555556,16.7111111111111,16.8666666666667,17.0222222222222,17.1777777777778,17.3333333333333,17.4888888888889,17.6444444444444,17.8,NA,NA,NA,NA,NA,NA,NA,NA,NA,NA,NA,NA,NA,NA,NA,NA,NA,NA,NA,NA,NA,NA
"TWC 3 C_117.0_410.0",43.6,44.3,45,45.7,46.4,47.1,47.8,48.5,49.2,49.9,NA,NA,NA,NA,NA,NA,NA,NA,NA,NA,NA,NA,NA,NA,NA,NA,NA,NA,NA,NA,NA,NA
"TWC 3 C_117.0_411.0",23.5,25.0444444444444,26.5888888888889,28.1333333333333,29.6777777777778,31.2222222222222,32.7666666666667,34.3111111111111,35.8555555555556,37.4,NA,NA,NA,NA,NA,NA,NA,NA,NA,NA,NA,NA,NA,NA,NA,NA,NA,NA,NA,NA,NA,NA
"TWC 3 C_117.0_413.0",72,72.3333333333333,72.6666666666667,73,73.3333333333333,73.6666666666667,74,74.3333333333333,74.6666666666667,75,NA,NA,NA,NA,NA,NA,NA,NA,NA,NA,NA,NA,NA,NA,NA,NA,NA,NA,NA,NA,NA,NA
"TWC 3 C_117.0_415.0",53,53.3888888888889,53.7777777777778,54.1666666666667,54.5555555555556,54.9444444444444,55.3333333333333,55.7222222222222,56.1111111111111,56.5,NA,NA,NA,NA,NA,NA,NA,NA,NA,NA,NA,NA,NA,NA,NA,NA,NA,NA,NA,NA,NA,NA
"TWC 3 C_117.0_416.0",37.9,38.4555555555555,39.0111111111111,39.5666666666667,40.1222222222222,40.6777777777778,41.2333333333333,41.7888888888889,42.3444444444444,42.9,NA,NA,NA,NA,NA,NA,NA,NA,NA,NA,NA,NA,NA,NA,NA,NA,NA,NA,NA,NA,NA,NA
"TWC 3 C_117.0_417.0",43.5,43.9777777777778,44.4555555555555,44.9333333333333,45.4111111111111,45.8888888888889,46.3666666666667,46.8444444444444,47.3222222222222,47.8,NA,NA,NA,NA,NA,NA,NA,NA,NA,NA,NA,NA,NA,NA,NA,NA,NA,NA,NA,NA,NA,NA
"TWC 3 C_117.0_418.0",44.6,45.0111111111111,45.4222222222222,45.8333333333333,46.2444444444444,46.6555555555556,47.0666666666667,47.4777777777778,47.8888888888889,48.3,NA,NA,NA,NA,NA,NA,NA,NA,NA,NA,NA,NA,NA,NA,NA,NA,NA,NA,NA,NA,NA,NA
"TWC 3 C_117.0_419.0",30,30.5333333333333,31.0666666666667,31.6,32.1333333333333,32.6666666666667,33.2,33.7333333333333,34.2666666666667,34.8,NA,NA,NA,NA,NA,NA,NA,NA,NA,NA,NA,NA,NA,NA,NA,NA,NA,NA,NA,NA,NA,NA
"TWC 3 C_117.0_420.0",41.1,41.4111111111111,41.7222222222222,42.0333333333333,42.3444444444444,42.6555555555556,42.9666666666667,43.2777777777778,43.5888888888889,43.9,NA,NA,NA,NA,NA,NA,NA,NA,NA,NA,NA,NA,NA,NA,NA,NA,NA,NA,NA,NA,NA,NA
"TWC 3 C_117.0_421.0",31.5,31.8111111111111,32.1222222222222,32.4333333333333,32.7444444444444,33.0555555555556,33.3666666666667,33.6777777777778,33.9888888888889,34.3,NA,NA,NA,NA,NA,NA,NA,NA,NA,NA,NA,NA,NA,NA,NA,NA,NA,NA,NA,NA,NA,NA
"TWC 3 C_117.0_422.0",24.6,24.8666666666667,25.1333333333333,25.4,25.6666666666667,25.9333333333333,26.2,26.4666666666667,26.7333333333333,27,NA,NA,NA,NA,NA,NA,NA,NA,NA,NA,NA,NA,NA,NA,NA,NA,NA,NA,NA,NA,NA,NA
"TWC 3 C_117.0_423.0",38.3,38.6333333333333,38.9666666666667,39.3,39.6333333333333,39.9666666666667,40.3,40.6333333333333,40.9666666666667,41.3,NA,NA,NA,NA,NA,NA,NA,NA,NA,NA,NA,NA,NA,NA,NA,NA,NA,NA,NA,NA,NA,NA
"TWC 3 C_117.0_424.0",16.4,16.4777777777778,16.5555555555556,16.6333333333333,16.7111111111111,16.7888888888889,16.8666666666667,16.9444444444444,17.0222222222222,17.1,NA,NA,NA,NA,NA,NA,NA,NA,NA,NA,NA,NA,NA,NA,NA,NA,NA,NA,NA,NA,NA,NA
"TWC 3 C_117.0_425.0",36.6,37.0111111111111,37.4222222222222,37.8333333333333,38.2444444444444,38.6555555555556,39.0666666666667,39.4777777777778,39.8888888888889,40.3,NA,NA,NA,NA,NA,NA,NA,NA,NA,NA,NA,NA,NA,NA,NA,NA,NA,NA,NA,NA,NA,NA
"TWC 3 C_117.0_427.0",34,34.1888888888889,34.3777777777778,34.5666666666667,34.7555555555556,34.9444444444444,35.1333333333333,35.3222222222222,35.5111111111111,35.7,NA,NA,NA,NA,NA,NA,NA,NA,NA,NA,NA,NA,NA,NA,NA,NA,NA,NA,NA,NA,NA,NA
"TWC 3 C_117.0_428.0",29.8,30,30.2,30.4,30.6,30.8,31,31.2,31.4,31.6,NA,NA,NA,NA,NA,NA,NA,NA,NA,NA,NA,NA,NA,NA,NA,NA,NA,NA,NA,NA,NA,NA
"TWC 3 C_117.0_432.0",18.2,18.4666666666667,18.7333333333333,19,19.2666666666667,19.5333333333333,19.8,20.0666666666667,20.3333333333333,20.6,NA,NA,NA,NA,NA,NA,NA,NA,NA,NA,NA,NA,NA,NA,NA,NA,NA,NA,NA,NA,NA,NA
"TWC 3 C_117.0_434.0",22.5,22.7444444444444,22.9888888888889,23.2333333333333,23.4777777777778,23.7222222222222,23.9666666666667,24.2111111111111,24.4555555555556,24.7,NA,NA,NA,NA,NA,NA,NA,NA,NA,NA,NA,NA,NA,NA,NA,NA,NA,NA,NA,NA,NA,NA
"TWC 3 C_117.0_435.0",37.5,37.9222222222222,38.3444444444444,38.7666666666667,39.1888888888889,39.6111111111111,40.0333333333333,40.4555555555555,40.8777777777778,41.3,NA,NA,NA,NA,NA,NA,NA,NA,NA,NA,NA,NA,NA,NA,NA,NA,NA,NA,NA,NA,NA,NA
"TWC 3 C_117.0_436.0",18.2,18.3777777777778,18.5555555555556,18.7333333333333,18.9111111111111,19.0888888888889,19.2666666666667,19.4444444444444,19.6222222222222,19.8,NA,NA,NA,NA,NA,NA,NA,NA,NA,NA,NA,NA,NA,NA,NA,NA,NA,NA,NA,NA,NA,NA
"TWC 3 C_117.0_437.0",21.2,21.3555555555556,21.5111111111111,21.6666666666667,21.8222222222222,21.9777777777778,22.1333333333333,22.2888888888889,22.4444444444444,22.6,NA,NA,NA,NA,NA,NA,NA,NA,NA,NA,NA,NA,NA,NA,NA,NA,NA,NA,NA,NA,NA,NA
"TWC 3 C_117.0_438.0",23.5,23.4555555555556,23.4111111111111,23.3666666666667,23.3222222222222,23.2777777777778,23.2333333333333,23.1888888888889,23.1444444444444,23.1,NA,NA,NA,NA,NA,NA,NA,NA,NA,NA,NA,NA,NA,NA,NA,NA,NA,NA,NA,NA,NA,NA
"TWC 3 C_117.0_439.0",25.2,25.3666666666667,25.5333333333333,25.7,25.8666666666667,26.0333333333333,26.2,26.3666666666667,26.5333333333333,26.7,NA,NA,NA,NA,NA,NA,NA,NA,NA,NA,NA,NA,NA,NA,NA,NA,NA,NA,NA,NA,NA,NA
"TWC 3 C_117.0_440.0",25.2,25.6,26,26.4,26.8,27.2,27.6,28,28.4,28.8,NA,NA,NA,NA,NA,NA,NA,NA,NA,NA,NA,NA,NA,NA,NA,NA,NA,NA,NA,NA,NA,NA
"TWC 3 C_117.0_443.0",23.1,23.4111111111111,23.7222222222222,24.0333333333333,24.3444444444444,24.6555555555556,24.9666666666667,25.2777777777778,25.5888888888889,25.9,NA,NA,NA,NA,NA,NA,NA,NA,NA,NA,NA,NA,NA,NA,NA,NA,NA,NA,NA,NA,NA,NA
"TWC 3 C_117.0_445.0",19,19.3,19.6,19.9,20.2,20.5,20.8,21.1,21.4,21.7,NA,NA,NA,NA,NA,NA,NA,NA,NA,NA,NA,NA,NA,NA,NA,NA,NA,NA,NA,NA,NA,NA
"TWC 3 C_117.0_446.0",24,24.1888888888889,24.3777777777778,24.5666666666667,24.7555555555556,24.9444444444444,25.1333333333333,25.3222222222222,25.5111111111111,25.7,NA,NA,NA,NA,NA,NA,NA,NA,NA,NA,NA,NA,NA,NA,NA,NA,NA,NA,NA,NA,NA,NA
"TWC 3 C_117.0_447.0",36,36.3222222222222,36.6444444444444,36.9666666666667,37.2888888888889,37.6111111111111,37.9333333333333,38.2555555555556,38.5777777777778,38.9,NA,NA,NA,NA,NA,NA,NA,NA,NA,NA,NA,NA,NA,NA,NA,NA,NA,NA,NA,NA,NA,NA
"TWC 3 C_117.0_449.0",15.6,15.5555555555556,15.5111111111111,15.4666666666667,15.4222222222222,15.3777777777778,15.3333333333333,15.2888888888889,15.2444444444444,15.2,NA,NA,NA,NA,NA,NA,NA,NA,NA,NA,NA,NA,NA,NA,NA,NA,NA,NA,NA,NA,NA,NA
"TWC 3 C_117.0_450.0",26.4,26.9111111111111,27.4222222222222,27.9333333333333,28.4444444444444,28.9555555555556,29.4666666666667,29.9777777777778,30.4888888888889,31,NA,NA,NA,NA,NA,NA,NA,NA,NA,NA,NA,NA,NA,NA,NA,NA,NA,NA,NA,NA,NA,NA
"TWC 3 C_117.0_499.0",29.5,29.7666666666667,30.0333333333333,30.3,30.5666666666667,30.8333333333333,31.1,31.3666666666667,31.6333333333333,31.9,NA,NA,NA,NA,NA,NA,NA,NA,NA,NA,NA,NA,NA,NA,NA,NA,NA,NA,NA,NA,NA,NA
"TWC 3 C_117.0_500.0",34.6,35.0444444444444,35.4888888888889,35.9333333333333,36.3777777777778,36.8222222222222,37.2666666666667,37.7111111111111,38.1555555555556,38.6,NA,NA,NA,NA,NA,NA,NA,NA,NA,NA,NA,NA,NA,NA,NA,NA,NA,NA,NA,NA,NA,NA
"TWC 3 C_117.0_87.0",57,57.1333333333333,57.2666666666667,57.4,57.5333333333333,57.6666666666667,57.8,57.9333333333333,58.0666666666667,58.2,NA,NA,NA,NA,NA,NA,NA,NA,NA,NA,NA,NA,NA,NA,NA,NA,NA,NA,NA,NA,NA,NA
"TWC 3 C_117.0_89.0",25.3,25.3888888888889,25.4777777777778,25.5666666666667,25.6555555555556,25.7444444444444,25.8333333333333,25.9222222222222,26.0111111111111,26.1,NA,NA,NA,NA,NA,NA,NA,NA,NA,NA,NA,NA,NA,NA,NA,NA,NA,NA,NA,NA,NA,NA
"TWC 3 C_117.0_90.0",44.4,45.0444444444445,45.6888888888889,46.3333333333333,46.9777777777778,47.6222222222222,48.2666666666667,48.9111111111111,49.5555555555556,50.2,NA,NA,NA,NA,NA,NA,NA,NA,NA,NA,NA,NA,NA,NA,NA,NA,NA,NA,NA,NA,NA,NA
"TWC 3 C_117.0_91.0",15.7,15.9,16.1,16.3,16.5,16.7,16.9,17.1,17.3,17.5,NA,NA,NA,NA,NA,NA,NA,NA,NA,NA,NA,NA,NA,NA,NA,NA,NA,NA,NA,NA,NA,NA
"TWC 3 C_117.0_92.0",22.5,22.5444444444444,22.5888888888889,22.6333333333333,22.6777777777778,22.7222222222222,22.7666666666667,22.8111111111111,22.8555555555556,22.9,NA,NA,NA,NA,NA,NA,NA,NA,NA,NA,NA,NA,NA,NA,NA,NA,NA,NA,NA,NA,NA,NA
"TWC 3 C_117.0_93.0",17.5,17.6,17.7,17.8,17.9,18,18.1,18.2,18.3,18.4,NA,NA,NA,NA,NA,NA,NA,NA,NA,NA,NA,NA,NA,NA,NA,NA,NA,NA,NA,NA,NA,NA
"TWC 3 C_117.0_94.0",23,23.0222222222222,23.0444444444444,23.0666666666667,23.0888888888889,23.1111111111111,23.1333333333333,23.1555555555556,23.1777777777778,23.2,NA,NA,NA,NA,NA,NA,NA,NA,NA,NA,NA,NA,NA,NA,NA,NA,NA,NA,NA,NA,NA,NA
"TWC 3 C_117.0_95.0",38,38.1777777777778,38.3555555555556,38.5333333333333,38.7111111111111,38.8888888888889,39.0666666666667,39.2444444444444,39.4222222222222,39.6,NA,NA,NA,NA,NA,NA,NA,NA,NA,NA,NA,NA,NA,NA,NA,NA,NA,NA,NA,NA,NA,NA
"TWC 3 C_117.0_96.0",40.5,40.9333333333333,41.3666666666667,41.8,42.2333333333333,42.6666666666667,43.1,43.5333333333333,43.9666666666667,44.4,NA,NA,NA,NA,NA,NA,NA,NA,NA,NA,NA,NA,NA,NA,NA,NA,NA,NA,NA,NA,NA,NA
"TWC 3 C_117.0_964.0",40,40.6555555555556,41.3111111111111,41.9666666666667,42.6222222222222,43.2777777777778,43.9333333333333,44.5888888888889,45.2444444444444,45.9,NA,NA,NA,NA,NA,NA,NA,NA,NA,NA,NA,NA,NA,NA,NA,NA,NA,NA,NA,NA,NA,NA
"TWC 3 C_117.0_97.0",35.6,35.9888888888889,36.3777777777778,36.7666666666667,37.1555555555556,37.5444444444445,37.9333333333333,38.3222222222222,38.7111111111111,39.1,NA,NA,NA,NA,NA,NA,NA,NA,NA,NA,NA,NA,NA,NA,NA,NA,NA,NA,NA,NA,NA,NA
"TWC 3 C_117.0_98.0",25.4,25.7777777777778,26.1555555555556,26.5333333333333,26.9111111111111,27.2888888888889,27.6666666666667,28.0444444444444,28.4222222222222,28.8,NA,NA,NA,NA,NA,NA,NA,NA,NA,NA,NA,NA,NA,NA,NA,NA,NA,NA,NA,NA,NA,NA
"TWC 3 C_117.0_981.0",38.5,39.2111111111111,39.9222222222222,40.6333333333333,41.3444444444444,42.0555555555556,42.7666666666667,43.4777777777778,44.1888888888889,44.9,NA,NA,NA,NA,NA,NA,NA,NA,NA,NA,NA,NA,NA,NA,NA,NA,NA,NA,NA,NA,NA,NA
"TWC 3 C_117.0_984.0",17.6,17.5222222222222,17.4444444444444,17.3666666666667,17.2888888888889,17.2111111111111,17.1333333333333,17.0555555555556,16.9777777777778,16.9,NA,NA,NA,NA,NA,NA,NA,NA,NA,NA,NA,NA,NA,NA,NA,NA,NA,NA,NA,NA,NA,NA
"TWC 3 C_117.0_985.0",47.2,47.9111111111111,48.6222222222222,49.3333333333333,50.0444444444445,50.7555555555556,51.4666666666667,52.1777777777778,52.8888888888889,53.6,NA,NA,NA,NA,NA,NA,NA,NA,NA,NA,NA,NA,NA,NA,NA,NA,NA,NA,NA,NA,NA,NA
"TWC 3 C_117.0_986.0",37.5,37.7222222222222,37.9444444444444,38.1666666666667,38.3888888888889,38.6111111111111,38.8333333333333,39.0555555555556,39.2777777777778,39.5,NA,NA,NA,NA,NA,NA,NA,NA,NA,NA,NA,NA,NA,NA,NA,NA,NA,NA,NA,NA,NA,NA
"TWC 3 C_117.0_987.0",18.2,18.3555555555556,18.5111111111111,18.6666666666667,18.8222222222222,18.9777777777778,19.1333333333333,19.2888888888889,19.4444444444444,19.6,NA,NA,NA,NA,NA,NA,NA,NA,NA,NA,NA,NA,NA,NA,NA,NA,NA,NA,NA,NA,NA,NA
"TWC 3 C_117.0_988.0",37.7,38.1666666666667,38.6333333333333,39.1,39.5666666666667,40.0333333333333,40.5,40.9666666666667,41.4333333333333,41.9,NA,NA,NA,NA,NA,NA,NA,NA,NA,NA,NA,NA,NA,NA,NA,NA,NA,NA,NA,NA,NA,NA
"TWC 3 C_117.0_989.0",33.1,33.2666666666667,33.4333333333333,33.6,33.7666666666667,33.9333333333333,34.1,34.2666666666667,34.4333333333333,34.6,NA,NA,NA,NA,NA,NA,NA,NA,NA,NA,NA,NA,NA,NA,NA,NA,NA,NA,NA,NA,NA,NA
"TWC 3 C_117.0_99.0",20,20.4444444444444,20.8888888888889,21.3333333333333,21.7777777777778,22.2222222222222,22.6666666666667,23.1111111111111,23.5555555555556,24,NA,NA,NA,NA,NA,NA,NA,NA,NA,NA,NA,NA,NA,NA,NA,NA,NA,NA,NA,NA,NA,NA
"TWC 3 C_117.0_990.0",26,25.8777777777778,25.7555555555556,25.6333333333333,25.5111111111111,25.3888888888889,25.2666666666667,25.1444444444444,25.0222222222222,24.9,NA,NA,NA,NA,NA,NA,NA,NA,NA,NA,NA,NA,NA,NA,NA,NA,NA,NA,NA,NA,NA,NA
"TWC 3 C_117.0_991.0",15,15.0888888888889,15.1777777777778,15.2666666666667,15.3555555555556,15.4444444444444,15.5333333333333,15.6222222222222,15.7111111111111,15.8,NA,NA,NA,NA,NA,NA,NA,NA,NA,NA,NA,NA,NA,NA,NA,NA,NA,NA,NA,NA,NA,NA
"TWC 3 C_117.0_992.0",37.7,38.1444444444444,38.5888888888889,39.0333333333333,39.4777777777778,39.9222222222222,40.3666666666667,40.8111111111111,41.2555555555556,41.7,NA,NA,NA,NA,NA,NA,NA,NA,NA,NA,NA,NA,NA,NA,NA,NA,NA,NA,NA,NA,NA,NA
"TWC 3 C_117.0_994.0",24,24.1333333333333,24.2666666666667,24.4,24.5333333333333,24.6666666666667,24.8,24.9333333333333,25.0666666666667,25.2,NA,NA,NA,NA,NA,NA,NA,NA,NA,NA,NA,NA,NA,NA,NA,NA,NA,NA,NA,NA,NA,NA
"TWC 3 C_117.0_995.0",26,26.3666666666667,26.7333333333333,27.1,27.4666666666667,27.8333333333333,28.2,28.5666666666667,28.9333333333333,29.3,NA,NA,NA,NA,NA,NA,NA,NA,NA,NA,NA,NA,NA,NA,NA,NA,NA,NA,NA,NA,NA,NA
"TWC 3 C_120.0_355.0",53.8,54.6333333333333,55.4666666666667,56.3,57.1333333333333,57.9666666666667,58.8,59.6333333333333,60.4666666666667,61.3,NA,NA,NA,NA,NA,NA,NA,NA,NA,NA,NA,NA,NA,NA,NA,NA,NA,NA,NA,NA,NA,NA
"TWC 3 C_120.0_356.0",34.9,35.2555555555556,35.6111111111111,35.9666666666667,36.3222222222222,36.6777777777778,37.0333333333333,37.3888888888889,37.7444444444444,38.1,NA,NA,NA,NA,NA,NA,NA,NA,NA,NA,NA,NA,NA,NA,NA,NA,NA,NA,NA,NA,NA,NA
"TWC 3 C_120.0_357.0",42.7,43.3222222222222,43.9444444444444,44.5666666666667,45.1888888888889,45.8111111111111,46.4333333333333,47.0555555555556,47.6777777777778,48.3,NA,NA,NA,NA,NA,NA,NA,NA,NA,NA,NA,NA,NA,NA,NA,NA,NA,NA,NA,NA,NA,NA
"TWC 3 C_120.0_358.0",32.9,33.1666666666667,33.4333333333333,33.7,33.9666666666667,34.2333333333333,34.5,34.7666666666667,35.0333333333333,35.3,NA,NA,NA,NA,NA,NA,NA,NA,NA,NA,NA,NA,NA,NA,NA,NA,NA,NA,NA,NA,NA,NA
"TWC 3 C_120.0_359.0",27.4,27.7222222222222,28.0444444444444,28.3666666666667,28.6888888888889,29.0111111111111,29.3333333333333,29.6555555555556,29.9777777777778,30.3,NA,NA,NA,NA,NA,NA,NA,NA,NA,NA,NA,NA,NA,NA,NA,NA,NA,NA,NA,NA,NA,NA
"TWC 3 C_120.0_360.0",52,52.3777777777778,52.7555555555556,53.1333333333333,53.5111111111111,53.8888888888889,54.2666666666667,54.6444444444444,55.0222222222222,55.4,NA,NA,NA,NA,NA,NA,NA,NA,NA,NA,NA,NA,NA,NA,NA,NA,NA,NA,NA,NA,NA,NA
"TWC 3 C_120.0_361.0",17.2,17.3555555555556,17.5111111111111,17.6666666666667,17.8222222222222,17.9777777777778,18.1333333333333,18.2888888888889,18.4444444444444,18.6,NA,NA,NA,NA,NA,NA,NA,NA,NA,NA,NA,NA,NA,NA,NA,NA,NA,NA,NA,NA,NA,NA
"TWC 3 C_120.0_362.0",21.1,21.1777777777778,21.2555555555556,21.3333333333333,21.4111111111111,21.4888888888889,21.5666666666667,21.6444444444444,21.7222222222222,21.8,NA,NA,NA,NA,NA,NA,NA,NA,NA,NA,NA,NA,NA,NA,NA,NA,NA,NA,NA,NA,NA,NA
"TWC 3 C_120.0_363.0",18,18.3111111111111,18.6222222222222,18.9333333333333,19.2444444444444,19.5555555555556,19.8666666666667,20.1777777777778,20.4888888888889,20.8,NA,NA,NA,NA,NA,NA,NA,NA,NA,NA,NA,NA,NA,NA,NA,NA,NA,NA,NA,NA,NA,NA
"TWC 3 C_120.0_364.0",46.8,47.3777777777778,47.9555555555555,48.5333333333333,49.1111111111111,49.6888888888889,50.2666666666667,50.8444444444444,51.4222222222222,52,NA,NA,NA,NA,NA,NA,NA,NA,NA,NA,NA,NA,NA,NA,NA,NA,NA,NA,NA,NA,NA,NA
"TWC 3 C_120.0_365.0",30.6,31.1444444444444,31.6888888888889,32.2333333333333,32.7777777777778,33.3222222222222,33.8666666666667,34.4111111111111,34.9555555555556,35.5,NA,NA,NA,NA,NA,NA,NA,NA,NA,NA,NA,NA,NA,NA,NA,NA,NA,NA,NA,NA,NA,NA
"TWC 3 C_120.0_366.0",37.3,37.6444444444444,37.9888888888889,38.3333333333333,38.6777777777778,39.0222222222222,39.3666666666667,39.7111111111111,40.0555555555556,40.4,NA,NA,NA,NA,NA,NA,NA,NA,NA,NA,NA,NA,NA,NA,NA,NA,NA,NA,NA,NA,NA,NA
"TWC 3 C_120.0_367.0",96.2,96.6111111111111,97.0222222222222,97.4333333333333,97.8444444444444,98.2555555555556,98.6666666666667,99.0777777777778,99.4888888888889,99.9,NA,NA,NA,NA,NA,NA,NA,NA,NA,NA,NA,NA,NA,NA,NA,NA,NA,NA,NA,NA,NA,NA
"TWC 3 C_120.0_368.0",20.2,20.5111111111111,20.8222222222222,21.1333333333333,21.4444444444444,21.7555555555556,22.0666666666667,22.3777777777778,22.6888888888889,23,NA,NA,NA,NA,NA,NA,NA,NA,NA,NA,NA,NA,NA,NA,NA,NA,NA,NA,NA,NA,NA,NA
"TWC 3 C_120.0_369.0",49.5,49.9777777777778,50.4555555555555,50.9333333333333,51.4111111111111,51.8888888888889,52.3666666666667,52.8444444444444,53.3222222222222,53.8,NA,NA,NA,NA,NA,NA,NA,NA,NA,NA,NA,NA,NA,NA,NA,NA,NA,NA,NA,NA,NA,NA
"TWC 3 C_120.0_370.0",107.4,107.644444444444,107.888888888889,108.133333333333,108.377777777778,108.622222222222,108.866666666667,109.111111111111,109.355555555556,109.6,NA,NA,NA,NA,NA,NA,NA,NA,NA,NA,NA,NA,NA,NA,NA,NA,NA,NA,NA,NA,NA,NA
"TWC 3 C_120.0_372.0",34.4,35.0111111111111,35.6222222222222,36.2333333333333,36.8444444444444,37.4555555555555,38.0666666666667,38.6777777777778,39.2888888888889,39.9,NA,NA,NA,NA,NA,NA,NA,NA,NA,NA,NA,NA,NA,NA,NA,NA,NA,NA,NA,NA,NA,NA
"TWC 3 C_120.0_373.0",21.3,21.6444444444444,21.9888888888889,22.3333333333333,22.6777777777778,23.0222222222222,23.3666666666667,23.7111111111111,24.0555555555556,24.4,NA,NA,NA,NA,NA,NA,NA,NA,NA,NA,NA,NA,NA,NA,NA,NA,NA,NA,NA,NA,NA,NA
"TWC 3 C_120.0_374.0",56.5,57.1333333333333,57.7666666666667,58.4,59.0333333333333,59.6666666666667,60.3,60.9333333333333,61.5666666666667,62.2,NA,NA,NA,NA,NA,NA,NA,NA,NA,NA,NA,NA,NA,NA,NA,NA,NA,NA,NA,NA,NA,NA
"TWC 3 C_120.0_375.0",34.3,34.8222222222222,35.3444444444444,35.8666666666667,36.3888888888889,36.9111111111111,37.4333333333333,37.9555555555555,38.4777777777778,39,NA,NA,NA,NA,NA,NA,NA,NA,NA,NA,NA,NA,NA,NA,NA,NA,NA,NA,NA,NA,NA,NA
"TWC 3 C_120.0_376.0",29.1,29.4555555555556,29.8111111111111,30.1666666666667,30.5222222222222,30.8777777777778,31.2333333333333,31.5888888888889,31.9444444444444,32.3,NA,NA,NA,NA,NA,NA,NA,NA,NA,NA,NA,NA,NA,NA,NA,NA,NA,NA,NA,NA,NA,NA
"TWC 3 C_120.0_377.0",15.6,15.7222222222222,15.8444444444444,15.9666666666667,16.0888888888889,16.2111111111111,16.3333333333333,16.4555555555556,16.5777777777778,16.7,NA,NA,NA,NA,NA,NA,NA,NA,NA,NA,NA,NA,NA,NA,NA,NA,NA,NA,NA,NA,NA,NA
"TWC 3 C_120.0_378.0",17,17.2888888888889,17.5777777777778,17.8666666666667,18.1555555555556,18.4444444444444,18.7333333333333,19.0222222222222,19.3111111111111,19.6,NA,NA,NA,NA,NA,NA,NA,NA,NA,NA,NA,NA,NA,NA,NA,NA,NA,NA,NA,NA,NA,NA
"TWC 3 C_120.0_379.0",50.5,50.6111111111111,50.7222222222222,50.8333333333333,50.9444444444444,51.0555555555556,51.1666666666667,51.2777777777778,51.3888888888889,51.5,NA,NA,NA,NA,NA,NA,NA,NA,NA,NA,NA,NA,NA,NA,NA,NA,NA,NA,NA,NA,NA,NA
"TWC 3 C_120.0_382.0",48.9,49.1111111111111,49.3222222222222,49.5333333333333,49.7444444444444,49.9555555555555,50.1666666666667,50.3777777777778,50.5888888888889,50.8,NA,NA,NA,NA,NA,NA,NA,NA,NA,NA,NA,NA,NA,NA,NA,NA,NA,NA,NA,NA,NA,NA
"TWC 3 C_120.0_384.0",30.6,30.9,31.2,31.5,31.8,32.1,32.4,32.7,33,33.3,NA,NA,NA,NA,NA,NA,NA,NA,NA,NA,NA,NA,NA,NA,NA,NA,NA,NA,NA,NA,NA,NA
"TWC 3 C_120.0_385.0",31.4,31.7111111111111,32.0222222222222,32.3333333333333,32.6444444444444,32.9555555555556,33.2666666666667,33.5777777777778,33.8888888888889,34.2,NA,NA,NA,NA,NA,NA,NA,NA,NA,NA,NA,NA,NA,NA,NA,NA,NA,NA,NA,NA,NA,NA
"TWC 3 C_120.0_386.0",22.6,22.8111111111111,23.0222222222222,23.2333333333333,23.4444444444444,23.6555555555556,23.8666666666667,24.0777777777778,24.2888888888889,24.5,NA,NA,NA,NA,NA,NA,NA,NA,NA,NA,NA,NA,NA,NA,NA,NA,NA,NA,NA,NA,NA,NA
"TWC 3 C_120.0_387.0",35.7,35.9,36.1,36.3,36.5,36.7,36.9,37.1,37.3,37.5,NA,NA,NA,NA,NA,NA,NA,NA,NA,NA,NA,NA,NA,NA,NA,NA,NA,NA,NA,NA,NA,NA
"TWC 3 C_120.0_388.0",59.4,59.9444444444444,60.4888888888889,61.0333333333333,61.5777777777778,62.1222222222222,62.6666666666667,63.2111111111111,63.7555555555556,64.3,NA,NA,NA,NA,NA,NA,NA,NA,NA,NA,NA,NA,NA,NA,NA,NA,NA,NA,NA,NA,NA,NA
"TWC 3 C_120.0_389.0",56.4,57.0111111111111,57.6222222222222,58.2333333333333,58.8444444444444,59.4555555555555,60.0666666666667,60.6777777777778,61.2888888888889,61.9,NA,NA,NA,NA,NA,NA,NA,NA,NA,NA,NA,NA,NA,NA,NA,NA,NA,NA,NA,NA,NA,NA
"TWC 3 C_120.0_392.0",17.7,17.8555555555556,18.0111111111111,18.1666666666667,18.3222222222222,18.4777777777778,18.6333333333333,18.7888888888889,18.9444444444444,19.1,NA,NA,NA,NA,NA,NA,NA,NA,NA,NA,NA,NA,NA,NA,NA,NA,NA,NA,NA,NA,NA,NA
"TWC 3 C_120.0_393.0",23.4,23.5888888888889,23.7777777777778,23.9666666666667,24.1555555555556,24.3444444444444,24.5333333333333,24.7222222222222,24.9111111111111,25.1,NA,NA,NA,NA,NA,NA,NA,NA,NA,NA,NA,NA,NA,NA,NA,NA,NA,NA,NA,NA,NA,NA
"TWC 3 C_120.0_394.0",36.1,36.7111111111111,37.3222222222222,37.9333333333333,38.5444444444445,39.1555555555556,39.7666666666667,40.3777777777778,40.9888888888889,41.6,NA,NA,NA,NA,NA,NA,NA,NA,NA,NA,NA,NA,NA,NA,NA,NA,NA,NA,NA,NA,NA,NA
"TWC 3 C_120.0_395.0",19.4,19.5444444444444,19.6888888888889,19.8333333333333,19.9777777777778,20.1222222222222,20.2666666666667,20.4111111111111,20.5555555555556,20.7,NA,NA,NA,NA,NA,NA,NA,NA,NA,NA,NA,NA,NA,NA,NA,NA,NA,NA,NA,NA,NA,NA
"TWC 3 C_120.0_501.0",24.2,24.3777777777778,24.5555555555556,24.7333333333333,24.9111111111111,25.0888888888889,25.2666666666667,25.4444444444444,25.6222222222222,25.8,NA,NA,NA,NA,NA,NA,NA,NA,NA,NA,NA,NA,NA,NA,NA,NA,NA,NA,NA,NA,NA,NA
"TWC 3 C_120.0_502.0",51.8,52.4,53,53.6,54.2,54.8,55.4,56,56.6,57.2,NA,NA,NA,NA,NA,NA,NA,NA,NA,NA,NA,NA,NA,NA,NA,NA,NA,NA,NA,NA,NA,NA
"TWC 3 C_120.0_504.0",16.8,16.8,16.8,16.8,16.8,16.8,16.8,16.8,16.8,16.8,NA,NA,NA,NA,NA,NA,NA,NA,NA,NA,NA,NA,NA,NA,NA,NA,NA,NA,NA,NA,NA,NA
"TWC 3 C_120.0_505.0",30.1,30.2777777777778,30.4555555555556,30.6333333333333,30.8111111111111,30.9888888888889,31.1666666666667,31.3444444444444,31.5222222222222,31.7,NA,NA,NA,NA,NA,NA,NA,NA,NA,NA,NA,NA,NA,NA,NA,NA,NA,NA,NA,NA,NA,NA
"TWC 3 C_120.0_506.0",60.5,61.0444444444445,61.5888888888889,62.1333333333333,62.6777777777778,63.2222222222222,63.7666666666667,64.3111111111111,64.8555555555556,65.4,NA,NA,NA,NA,NA,NA,NA,NA,NA,NA,NA,NA,NA,NA,NA,NA,NA,NA,NA,NA,NA,NA
"TWC 3 C_120.0_507.0",20.9,22.0555555555556,23.2111111111111,24.3666666666667,25.5222222222222,26.6777777777778,27.8333333333333,28.9888888888889,30.1444444444444,31.3,NA,NA,NA,NA,NA,NA,NA,NA,NA,NA,NA,NA,NA,NA,NA,NA,NA,NA,NA,NA,NA,NA
"TWC 3 C_120.0_509.0",30.9,30.6555555555556,30.4111111111111,30.1666666666667,29.9222222222222,29.6777777777778,29.4333333333333,29.1888888888889,28.9444444444444,28.7,NA,NA,NA,NA,NA,NA,NA,NA,NA,NA,NA,NA,NA,NA,NA,NA,NA,NA,NA,NA,NA,NA
"TWC 3 C_120.0_513.0",15.3,15.5444444444444,15.7888888888889,16.0333333333333,16.2777777777778,16.5222222222222,16.7666666666667,17.0111111111111,17.2555555555556,17.5,NA,NA,NA,NA,NA,NA,NA,NA,NA,NA,NA,NA,NA,NA,NA,NA,NA,NA,NA,NA,NA,NA
"TWC 3 C_120.0_514.0",26.9,27.3333333333333,27.7666666666667,28.2,28.6333333333333,29.0666666666667,29.5,29.9333333333333,30.3666666666667,30.8,NA,NA,NA,NA,NA,NA,NA,NA,NA,NA,NA,NA,NA,NA,NA,NA,NA,NA,NA,NA,NA,NA
"TWC 3 C_120.0_515.0",31.1,31.5333333333333,31.9666666666667,32.4,32.8333333333333,33.2666666666667,33.7,34.1333333333333,34.5666666666667,35,NA,NA,NA,NA,NA,NA,NA,NA,NA,NA,NA,NA,NA,NA,NA,NA,NA,NA,NA,NA,NA,NA
"TWC 3 C_120.0_516.0",22.7,23.1333333333333,23.5666666666667,24,24.4333333333333,24.8666666666667,25.3,25.7333333333333,26.1666666666667,26.6,NA,NA,NA,NA,NA,NA,NA,NA,NA,NA,NA,NA,NA,NA,NA,NA,NA,NA,NA,NA,NA,NA
"TWC 3 C_120.0_517.0",17.5,17.6111111111111,17.7222222222222,17.8333333333333,17.9444444444444,18.0555555555556,18.1666666666667,18.2777777777778,18.3888888888889,18.5,NA,NA,NA,NA,NA,NA,NA,NA,NA,NA,NA,NA,NA,NA,NA,NA,NA,NA,NA,NA,NA,NA
"TWC 3 C_120.0_518.0",33,33.5666666666667,34.1333333333333,34.7,35.2666666666667,35.8333333333333,36.4,36.9666666666667,37.5333333333333,38.1,NA,NA,NA,NA,NA,NA,NA,NA,NA,NA,NA,NA,NA,NA,NA,NA,NA,NA,NA,NA,NA,NA
"TWC 3 C_120.0_519.0",20.7,20.8111111111111,20.9222222222222,21.0333333333333,21.1444444444444,21.2555555555556,21.3666666666667,21.4777777777778,21.5888888888889,21.7,NA,NA,NA,NA,NA,NA,NA,NA,NA,NA,NA,NA,NA,NA,NA,NA,NA,NA,NA,NA,NA,NA
"TWC 3 C_120.0_520.0",23.7,24.1111111111111,24.5222222222222,24.9333333333333,25.3444444444444,25.7555555555556,26.1666666666667,26.5777777777778,26.9888888888889,27.4,NA,NA,NA,NA,NA,NA,NA,NA,NA,NA,NA,NA,NA,NA,NA,NA,NA,NA,NA,NA,NA,NA
"TWC 3 C_120.0_521.0",18.2,18.4666666666667,18.7333333333333,19,19.2666666666667,19.5333333333333,19.8,20.0666666666667,20.3333333333333,20.6,NA,NA,NA,NA,NA,NA,NA,NA,NA,NA,NA,NA,NA,NA,NA,NA,NA,NA,NA,NA,NA,NA
"TWC 3 C_120.0_522.0",18.2,18.3777777777778,18.5555555555556,18.7333333333333,18.9111111111111,19.0888888888889,19.2666666666667,19.4444444444444,19.6222222222222,19.8,NA,NA,NA,NA,NA,NA,NA,NA,NA,NA,NA,NA,NA,NA,NA,NA,NA,NA,NA,NA,NA,NA
"TWC 3 C_120.0_523.0",40.6,41.2777777777778,41.9555555555555,42.6333333333333,43.3111111111111,43.9888888888889,44.6666666666667,45.3444444444444,46.0222222222222,46.7,NA,NA,NA,NA,NA,NA,NA,NA,NA,NA,NA,NA,NA,NA,NA,NA,NA,NA,NA,NA,NA,NA
"TWC 3 C_120.0_525.0",19.5,19.7444444444444,19.9888888888889,20.2333333333333,20.4777777777778,20.7222222222222,20.9666666666667,21.2111111111111,21.4555555555556,21.7,NA,NA,NA,NA,NA,NA,NA,NA,NA,NA,NA,NA,NA,NA,NA,NA,NA,NA,NA,NA,NA,NA
"TWC 3 C_120.0_526.0",35.8,36.0666666666667,36.3333333333333,36.6,36.8666666666667,37.1333333333333,37.4,37.6666666666667,37.9333333333333,38.2,NA,NA,NA,NA,NA,NA,NA,NA,NA,NA,NA,NA,NA,NA,NA,NA,NA,NA,NA,NA,NA,NA
"TWC 3 C_120.0_527.0",23.1,23.6333333333333,24.1666666666667,24.7,25.2333333333333,25.7666666666667,26.3,26.8333333333333,27.3666666666667,27.9,NA,NA,NA,NA,NA,NA,NA,NA,NA,NA,NA,NA,NA,NA,NA,NA,NA,NA,NA,NA,NA,NA
"TWC 3 C_120.0_528.0",15.3,15.5,15.7,15.9,16.1,16.3,16.5,16.7,16.9,17.1,NA,NA,NA,NA,NA,NA,NA,NA,NA,NA,NA,NA,NA,NA,NA,NA,NA,NA,NA,NA,NA,NA
"TWC 3 C_120.0_529.0",21.7,22.1444444444444,22.5888888888889,23.0333333333333,23.4777777777778,23.9222222222222,24.3666666666667,24.8111111111111,25.2555555555556,25.7,NA,NA,NA,NA,NA,NA,NA,NA,NA,NA,NA,NA,NA,NA,NA,NA,NA,NA,NA,NA,NA,NA
"TWC 3 C_120.0_530.0",19.1,19.5666666666667,20.0333333333333,20.5,20.9666666666667,21.4333333333333,21.9,22.3666666666667,22.8333333333333,23.3,NA,NA,NA,NA,NA,NA,NA,NA,NA,NA,NA,NA,NA,NA,NA,NA,NA,NA,NA,NA,NA,NA
"TWC 3 C_120.0_531.0",16.8,17.0111111111111,17.2222222222222,17.4333333333333,17.6444444444444,17.8555555555556,18.0666666666667,18.2777777777778,18.4888888888889,18.7,NA,NA,NA,NA,NA,NA,NA,NA,NA,NA,NA,NA,NA,NA,NA,NA,NA,NA,NA,NA,NA,NA
"TWC 3 C_120.0_532.0",20.2,20.5555555555556,20.9111111111111,21.2666666666667,21.6222222222222,21.9777777777778,22.3333333333333,22.6888888888889,23.0444444444444,23.4,NA,NA,NA,NA,NA,NA,NA,NA,NA,NA,NA,NA,NA,NA,NA,NA,NA,NA,NA,NA,NA,NA
"TWC 3 C_120.0_533.0",29.5,30.1,30.7,31.3,31.9,32.5,33.1,33.7,34.3,34.9,NA,NA,NA,NA,NA,NA,NA,NA,NA,NA,NA,NA,NA,NA,NA,NA,NA,NA,NA,NA,NA,NA
"TWC 3 C_120.0_534.0",39.3,39.7222222222222,40.1444444444444,40.5666666666667,40.9888888888889,41.4111111111111,41.8333333333333,42.2555555555556,42.6777777777778,43.1,NA,NA,NA,NA,NA,NA,NA,NA,NA,NA,NA,NA,NA,NA,NA,NA,NA,NA,NA,NA,NA,NA
"TWC 3 C_120.0_535.0",41.7,42.3888888888889,43.0777777777778,43.7666666666667,44.4555555555555,45.1444444444444,45.8333333333333,46.5222222222222,47.2111111111111,47.9,NA,NA,NA,NA,NA,NA,NA,NA,NA,NA,NA,NA,NA,NA,NA,NA,NA,NA,NA,NA,NA,NA
"TWC 3 C_120.0_537.0",42.3,42.6666666666667,43.0333333333333,43.4,43.7666666666667,44.1333333333333,44.5,44.8666666666667,45.2333333333333,45.6,NA,NA,NA,NA,NA,NA,NA,NA,NA,NA,NA,NA,NA,NA,NA,NA,NA,NA,NA,NA,NA,NA
"TWC 3 C_120.0_538.0",51.1,51.5111111111111,51.9222222222222,52.3333333333333,52.7444444444444,53.1555555555556,53.5666666666667,53.9777777777778,54.3888888888889,54.8,NA,NA,NA,NA,NA,NA,NA,NA,NA,NA,NA,NA,NA,NA,NA,NA,NA,NA,NA,NA,NA,NA
"TWC 3 C_120.0_539.0",25.7,26.0111111111111,26.3222222222222,26.6333333333333,26.9444444444444,27.2555555555556,27.5666666666667,27.8777777777778,28.1888888888889,28.5,NA,NA,NA,NA,NA,NA,NA,NA,NA,NA,NA,NA,NA,NA,NA,NA,NA,NA,NA,NA,NA,NA
"TWC 3 C_120.0_541.0",28.5,28.8333333333333,29.1666666666667,29.5,29.8333333333333,30.1666666666667,30.5,30.8333333333333,31.1666666666667,31.5,NA,NA,NA,NA,NA,NA,NA,NA,NA,NA,NA,NA,NA,NA,NA,NA,NA,NA,NA,NA,NA,NA
"TWC 3 C_120.0_542.0",50.3,50.8333333333333,51.3666666666667,51.9,52.4333333333333,52.9666666666667,53.5,54.0333333333333,54.5666666666667,55.1,NA,NA,NA,NA,NA,NA,NA,NA,NA,NA,NA,NA,NA,NA,NA,NA,NA,NA,NA,NA,NA,NA
"TWC 3 C_120.0_543.0",15.5,15.7333333333333,15.9666666666667,16.2,16.4333333333333,16.6666666666667,16.9,17.1333333333333,17.3666666666667,17.6,NA,NA,NA,NA,NA,NA,NA,NA,NA,NA,NA,NA,NA,NA,NA,NA,NA,NA,NA,NA,NA,NA
"TWC 3 C_120.0_544.0",51.3,51.8666666666667,52.4333333333333,53,53.5666666666667,54.1333333333333,54.7,55.2666666666667,55.8333333333333,56.4,NA,NA,NA,NA,NA,NA,NA,NA,NA,NA,NA,NA,NA,NA,NA,NA,NA,NA,NA,NA,NA,NA
"TWC 3 C_120.0_545.0",15.8,15.9666666666667,16.1333333333333,16.3,16.4666666666667,16.6333333333333,16.8,16.9666666666667,17.1333333333333,17.3,NA,NA,NA,NA,NA,NA,NA,NA,NA,NA,NA,NA,NA,NA,NA,NA,NA,NA,NA,NA,NA,NA
"TWC 3 C_120.0_546.0",33.6,34.0888888888889,34.5777777777778,35.0666666666667,35.5555555555556,36.0444444444445,36.5333333333333,37.0222222222222,37.5111111111111,38,NA,NA,NA,NA,NA,NA,NA,NA,NA,NA,NA,NA,NA,NA,NA,NA,NA,NA,NA,NA,NA,NA
"TWC 3 C_120.0_547.0",23.2,23.3666666666667,23.5333333333333,23.7,23.8666666666667,24.0333333333333,24.2,24.3666666666667,24.5333333333333,24.7,NA,NA,NA,NA,NA,NA,NA,NA,NA,NA,NA,NA,NA,NA,NA,NA,NA,NA,NA,NA,NA,NA
"TWC 3 C_120.0_548.0",39.2,39.7777777777778,40.3555555555556,40.9333333333333,41.5111111111111,42.0888888888889,42.6666666666667,43.2444444444444,43.8222222222222,44.4,NA,NA,NA,NA,NA,NA,NA,NA,NA,NA,NA,NA,NA,NA,NA,NA,NA,NA,NA,NA,NA,NA
"TWC 3 C_120.0_549.0",27.9,28.1,28.3,28.5,28.7,28.9,29.1,29.3,29.5,29.7,NA,NA,NA,NA,NA,NA,NA,NA,NA,NA,NA,NA,NA,NA,NA,NA,NA,NA,NA,NA,NA,NA
"TWC 3 C_120.0_550.0",22.2,22.4222222222222,22.6444444444444,22.8666666666667,23.0888888888889,23.3111111111111,23.5333333333333,23.7555555555556,23.9777777777778,24.2,NA,NA,NA,NA,NA,NA,NA,NA,NA,NA,NA,NA,NA,NA,NA,NA,NA,NA,NA,NA,NA,NA
"TWC 3 C_120.0_551.0",22.9,22.9,22.9,22.9,22.9,22.9,22.9,22.9,22.9,22.9,NA,NA,NA,NA,NA,NA,NA,NA,NA,NA,NA,NA,NA,NA,NA,NA,NA,NA,NA,NA,NA,NA
"TWC 3 C_120.0_552.0",25.1,25.4888888888889,25.8777777777778,26.2666666666667,26.6555555555556,27.0444444444444,27.4333333333333,27.8222222222222,28.2111111111111,28.6,NA,NA,NA,NA,NA,NA,NA,NA,NA,NA,NA,NA,NA,NA,NA,NA,NA,NA,NA,NA,NA,NA
"TWC 3 C_121.0_500.0",92.8,93.0333333333333,93.2666666666667,93.5,93.7333333333333,93.9666666666667,94.2,94.4333333333333,94.6666666666667,94.9,NA,NA,NA,NA,NA,NA,NA,NA,NA,NA,NA,NA,NA,NA,NA,NA,NA,NA,NA,NA,NA,NA
"TWC 3 C_121.0_553.0",44.8,45.1888888888889,45.5777777777778,45.9666666666667,46.3555555555556,46.7444444444444,47.1333333333333,47.5222222222222,47.9111111111111,48.3,NA,NA,NA,NA,NA,NA,NA,NA,NA,NA,NA,NA,NA,NA,NA,NA,NA,NA,NA,NA,NA,NA
"TWC 3 C_121.0_554.0",16.1,16.3222222222222,16.5444444444444,16.7666666666667,16.9888888888889,17.2111111111111,17.4333333333333,17.6555555555556,17.8777777777778,18.1,NA,NA,NA,NA,NA,NA,NA,NA,NA,NA,NA,NA,NA,NA,NA,NA,NA,NA,NA,NA,NA,NA
"TWC 3 C_121.0_555.0",94.1,94.4333333333333,94.7666666666667,95.1,95.4333333333333,95.7666666666667,96.1,96.4333333333333,96.7666666666667,97.1,NA,NA,NA,NA,NA,NA,NA,NA,NA,NA,NA,NA,NA,NA,NA,NA,NA,NA,NA,NA,NA,NA
"TWC 3 C_121.0_556.0",42.6,43.1555555555556,43.7111111111111,44.2666666666667,44.8222222222222,45.3777777777778,45.9333333333333,46.4888888888889,47.0444444444445,47.6,NA,NA,NA,NA,NA,NA,NA,NA,NA,NA,NA,NA,NA,NA,NA,NA,NA,NA,NA,NA,NA,NA
"TWC 3 C_121.0_557.0",34.1,34.5111111111111,34.9222222222222,35.3333333333333,35.7444444444444,36.1555555555556,36.5666666666667,36.9777777777778,37.3888888888889,37.8,NA,NA,NA,NA,NA,NA,NA,NA,NA,NA,NA,NA,NA,NA,NA,NA,NA,NA,NA,NA,NA,NA
"TWC 3 C_121.0_559.0",20.4,20.6111111111111,20.8222222222222,21.0333333333333,21.2444444444444,21.4555555555556,21.6666666666667,21.8777777777778,22.0888888888889,22.3,NA,NA,NA,NA,NA,NA,NA,NA,NA,NA,NA,NA,NA,NA,NA,NA,NA,NA,NA,NA,NA,NA
"TWC 3 C_121.0_560.0",19.7,19.9555555555556,20.2111111111111,20.4666666666667,20.7222222222222,20.9777777777778,21.2333333333333,21.4888888888889,21.7444444444444,22,NA,NA,NA,NA,NA,NA,NA,NA,NA,NA,NA,NA,NA,NA,NA,NA,NA,NA,NA,NA,NA,NA
"TWC 3 C_121.0_562.0",22.1,22.4777777777778,22.8555555555556,23.2333333333333,23.6111111111111,23.9888888888889,24.3666666666667,24.7444444444444,25.1222222222222,25.5,NA,NA,NA,NA,NA,NA,NA,NA,NA,NA,NA,NA,NA,NA,NA,NA,NA,NA,NA,NA,NA,NA
"TWC 3 C_121.0_563.0",28.9,29.3888888888889,29.8777777777778,30.3666666666667,30.8555555555556,31.3444444444444,31.8333333333333,32.3222222222222,32.8111111111111,33.3,NA,NA,NA,NA,NA,NA,NA,NA,NA,NA,NA,NA,NA,NA,NA,NA,NA,NA,NA,NA,NA,NA
"TWC 3 C_121.0_564.0",62.4,62.9333333333333,63.4666666666667,64,64.5333333333333,65.0666666666667,65.6,66.1333333333333,66.6666666666667,67.2,NA,NA,NA,NA,NA,NA,NA,NA,NA,NA,NA,NA,NA,NA,NA,NA,NA,NA,NA,NA,NA,NA
"TWC 3 C_121.0_565.0",79.9,80.2888888888889,80.6777777777778,81.0666666666667,81.4555555555556,81.8444444444444,82.2333333333333,82.6222222222222,83.0111111111111,83.4,NA,NA,NA,NA,NA,NA,NA,NA,NA,NA,NA,NA,NA,NA,NA,NA,NA,NA,NA,NA,NA,NA
"TWC 3 C_121.0_566.0",91.7,91.8888888888889,92.0777777777778,92.2666666666667,92.4555555555556,92.6444444444444,92.8333333333333,93.0222222222222,93.2111111111111,93.4,NA,NA,NA,NA,NA,NA,NA,NA,NA,NA,NA,NA,NA,NA,NA,NA,NA,NA,NA,NA,NA,NA
"TWC 3 C_121.0_568.0",23.5,24.0777777777778,24.6555555555556,25.2333333333333,25.8111111111111,26.3888888888889,26.9666666666667,27.5444444444444,28.1222222222222,28.7,NA,NA,NA,NA,NA,NA,NA,NA,NA,NA,NA,NA,NA,NA,NA,NA,NA,NA,NA,NA,NA,NA
"TWC 3 C_121.0_569.0",25,25.4777777777778,25.9555555555556,26.4333333333333,26.9111111111111,27.3888888888889,27.8666666666667,28.3444444444444,28.8222222222222,29.3,NA,NA,NA,NA,NA,NA,NA,NA,NA,NA,NA,NA,NA,NA,NA,NA,NA,NA,NA,NA,NA,NA
"TWC 3 C_121.0_571.0",16.6,17.0333333333333,17.4666666666667,17.9,18.3333333333333,18.7666666666667,19.2,19.6333333333333,20.0666666666667,20.5,NA,NA,NA,NA,NA,NA,NA,NA,NA,NA,NA,NA,NA,NA,NA,NA,NA,NA,NA,NA,NA,NA
"TWC 3 C_121.0_573.0",16.1,16.6111111111111,17.1222222222222,17.6333333333333,18.1444444444444,18.6555555555556,19.1666666666667,19.6777777777778,20.1888888888889,20.7,NA,NA,NA,NA,NA,NA,NA,NA,NA,NA,NA,NA,NA,NA,NA,NA,NA,NA,NA,NA,NA,NA
"TWC 3 C_121.0_574.0",66,66.6111111111111,67.2222222222222,67.8333333333333,68.4444444444444,69.0555555555556,69.6666666666667,70.2777777777778,70.8888888888889,71.5,NA,NA,NA,NA,NA,NA,NA,NA,NA,NA,NA,NA,NA,NA,NA,NA,NA,NA,NA,NA,NA,NA
"TWC 3 C_121.0_575.0",21,21.1555555555556,21.3111111111111,21.4666666666667,21.6222222222222,21.7777777777778,21.9333333333333,22.0888888888889,22.2444444444444,22.4,NA,NA,NA,NA,NA,NA,NA,NA,NA,NA,NA,NA,NA,NA,NA,NA,NA,NA,NA,NA,NA,NA
"TWC 3 C_121.0_577.0",23.7,23.9888888888889,24.2777777777778,24.5666666666667,24.8555555555556,25.1444444444444,25.4333333333333,25.7222222222222,26.0111111111111,26.3,NA,NA,NA,NA,NA,NA,NA,NA,NA,NA,NA,NA,NA,NA,NA,NA,NA,NA,NA,NA,NA,NA
"TWC 3 C_121.0_578.0",55.8,56.1777777777778,56.5555555555556,56.9333333333333,57.3111111111111,57.6888888888889,58.0666666666667,58.4444444444444,58.8222222222222,59.2,NA,NA,NA,NA,NA,NA,NA,NA,NA,NA,NA,NA,NA,NA,NA,NA,NA,NA,NA,NA,NA,NA
"TWC 3 C_121.0_579.0",55.5,55.9666666666667,56.4333333333333,56.9,57.3666666666667,57.8333333333333,58.3,58.7666666666667,59.2333333333333,59.7,NA,NA,NA,NA,NA,NA,NA,NA,NA,NA,NA,NA,NA,NA,NA,NA,NA,NA,NA,NA,NA,NA
"TWC 3 C_121.0_580.0",80.4,80.7222222222222,81.0444444444445,81.3666666666667,81.6888888888889,82.0111111111111,82.3333333333333,82.6555555555556,82.9777777777778,83.3,NA,NA,NA,NA,NA,NA,NA,NA,NA,NA,NA,NA,NA,NA,NA,NA,NA,NA,NA,NA,NA,NA
"TWC 3 C_121.0_581.0",18.4,18.8888888888889,19.3777777777778,19.8666666666667,20.3555555555556,20.8444444444444,21.3333333333333,21.8222222222222,22.3111111111111,22.8,NA,NA,NA,NA,NA,NA,NA,NA,NA,NA,NA,NA,NA,NA,NA,NA,NA,NA,NA,NA,NA,NA
"TWC 3 C_121.0_582.0",36.5,36.8111111111111,37.1222222222222,37.4333333333333,37.7444444444444,38.0555555555556,38.3666666666667,38.6777777777778,38.9888888888889,39.3,NA,NA,NA,NA,NA,NA,NA,NA,NA,NA,NA,NA,NA,NA,NA,NA,NA,NA,NA,NA,NA,NA
"TWC 3 C_121.0_583.0",100,100.488888888889,100.977777777778,101.466666666667,101.955555555556,102.444444444444,102.933333333333,103.422222222222,103.911111111111,104.4,NA,NA,NA,NA,NA,NA,NA,NA,NA,NA,NA,NA,NA,NA,NA,NA,NA,NA,NA,NA,NA,NA
"TWC 3 C_121.0_584.0",38.1,38.6777777777778,39.2555555555556,39.8333333333333,40.4111111111111,40.9888888888889,41.5666666666667,42.1444444444444,42.7222222222222,43.3,NA,NA,NA,NA,NA,NA,NA,NA,NA,NA,NA,NA,NA,NA,NA,NA,NA,NA,NA,NA,NA,NA
"TWC 3 C_121.0_585.0",42.4,43.4333333333333,44.4666666666667,45.5,46.5333333333333,47.5666666666667,48.6,49.6333333333333,50.6666666666667,51.7,NA,NA,NA,NA,NA,NA,NA,NA,NA,NA,NA,NA,NA,NA,NA,NA,NA,NA,NA,NA,NA,NA
"TWC 3 C_121.0_997.0",49.4,49.9555555555555,50.5111111111111,51.0666666666667,51.6222222222222,52.1777777777778,52.7333333333333,53.2888888888889,53.8444444444444,54.4,NA,NA,NA,NA,NA,NA,NA,NA,NA,NA,NA,NA,NA,NA,NA,NA,NA,NA,NA,NA,NA,NA
"TWC 3 C_121.0_999.0",95,95.4111111111111,95.8222222222222,96.2333333333333,96.6444444444444,97.0555555555556,97.4666666666667,97.8777777777778,98.2888888888889,98.7,NA,NA,NA,NA,NA,NA,NA,NA,NA,NA,NA,NA,NA,NA,NA,NA,NA,NA,NA,NA,NA,NA
"TWC 3 T_100.0_201.0",88.6,88.7333333333333,88.8666666666667,89,89.1333333333333,89.2666666666667,89.4,89.5333333333333,89.6666666666667,89.8,NA,NA,NA,NA,NA,NA,NA,NA,NA,NA,NA,NA,NA,NA,NA,NA,NA,NA,NA,NA,NA,NA
"TWC 3 T_100.0_202.0",89.1,89.1555555555556,89.2111111111111,89.2666666666667,89.3222222222222,89.3777777777778,89.4333333333333,89.4888888888889,89.5444444444444,89.6,NA,NA,NA,NA,NA,NA,NA,NA,NA,NA,NA,NA,NA,NA,NA,NA,NA,NA,NA,NA,NA,NA
"TWC 3 T_100.0_204.0",69.9,70.2666666666667,70.6333333333333,71,71.3666666666667,71.7333333333333,72.1,72.4666666666667,72.8333333333333,73.2,NA,NA,NA,NA,NA,NA,NA,NA,NA,NA,NA,NA,NA,NA,NA,NA,NA,NA,NA,NA,NA,NA
"TWC 3 T_100.0_212.0",38,38.6111111111111,39.2222222222222,39.8333333333333,40.4444444444444,41.0555555555556,41.6666666666667,42.2777777777778,42.8888888888889,43.5,NA,NA,NA,NA,NA,NA,NA,NA,NA,NA,NA,NA,NA,NA,NA,NA,NA,NA,NA,NA,NA,NA
"TWC 3 T_100.0_213.0",16.4,16.9333333333333,17.4666666666667,18,18.5333333333333,19.0666666666667,19.6,20.1333333333333,20.6666666666667,21.2,NA,NA,NA,NA,NA,NA,NA,NA,NA,NA,NA,NA,NA,NA,NA,NA,NA,NA,NA,NA,NA,NA
"TWC 3 T_100.0_214.0",119.2,119.166666666667,119.133333333333,119.1,119.066666666667,119.033333333333,119,118.966666666667,118.933333333333,118.9,NA,NA,NA,NA,NA,NA,NA,NA,NA,NA,NA,NA,NA,NA,NA,NA,NA,NA,NA,NA,NA,NA
"TWC 3 T_100.0_216.0",26.9,27.4888888888889,28.0777777777778,28.6666666666667,29.2555555555556,29.8444444444444,30.4333333333333,31.0222222222222,31.6111111111111,32.2,NA,NA,NA,NA,NA,NA,NA,NA,NA,NA,NA,NA,NA,NA,NA,NA,NA,NA,NA,NA,NA,NA
"TWC 3 T_100.0_222.0",41.1,41.9777777777778,42.8555555555556,43.7333333333333,44.6111111111111,45.4888888888889,46.3666666666667,47.2444444444444,48.1222222222222,49,NA,NA,NA,NA,NA,NA,NA,NA,NA,NA,NA,NA,NA,NA,NA,NA,NA,NA,NA,NA,NA,NA
"TWC 3 T_100.0_225.0",28.6,28.4888888888889,28.3777777777778,28.2666666666667,28.1555555555556,28.0444444444444,27.9333333333333,27.8222222222222,27.7111111111111,27.6,NA,NA,NA,NA,NA,NA,NA,NA,NA,NA,NA,NA,NA,NA,NA,NA,NA,NA,NA,NA,NA,NA
"TWC 3 T_100.0_228.0",23.2,23.6888888888889,24.1777777777778,24.6666666666667,25.1555555555556,25.6444444444444,26.1333333333333,26.6222222222222,27.1111111111111,27.6,NA,NA,NA,NA,NA,NA,NA,NA,NA,NA,NA,NA,NA,NA,NA,NA,NA,NA,NA,NA,NA,NA
"TWC 3 T_100.0_233.0",64.8,65.6444444444444,66.4888888888889,67.3333333333333,68.1777777777778,69.0222222222222,69.8666666666667,70.7111111111111,71.5555555555556,72.4,NA,NA,NA,NA,NA,NA,NA,NA,NA,NA,NA,NA,NA,NA,NA,NA,NA,NA,NA,NA,NA,NA
"TWC 3 T_102.0_408.0",34.8,35.0333333333333,35.2666666666667,35.5,35.7333333333333,35.9666666666667,36.2,36.4333333333333,36.6666666666667,36.9,NA,NA,NA,NA,NA,NA,NA,NA,NA,NA,NA,NA,NA,NA,NA,NA,NA,NA,NA,NA,NA,NA
"TWC 3 T_102.0_409.0",23.1,23.3777777777778,23.6555555555556,23.9333333333333,24.2111111111111,24.4888888888889,24.7666666666667,25.0444444444444,25.3222222222222,25.6,NA,NA,NA,NA,NA,NA,NA,NA,NA,NA,NA,NA,NA,NA,NA,NA,NA,NA,NA,NA,NA,NA
"TWC 3 T_102.0_410.0",42.7,43.3333333333333,43.9666666666667,44.6,45.2333333333333,45.8666666666667,46.5,47.1333333333333,47.7666666666667,48.4,NA,NA,NA,NA,NA,NA,NA,NA,NA,NA,NA,NA,NA,NA,NA,NA,NA,NA,NA,NA,NA,NA
"TWC 3 T_102.0_417.0",26,26.4444444444444,26.8888888888889,27.3333333333333,27.7777777777778,28.2222222222222,28.6666666666667,29.1111111111111,29.5555555555556,30,NA,NA,NA,NA,NA,NA,NA,NA,NA,NA,NA,NA,NA,NA,NA,NA,NA,NA,NA,NA,NA,NA
"TWC 3 T_102.0_419.0",28.5,29.1222222222222,29.7444444444444,30.3666666666667,30.9888888888889,31.6111111111111,32.2333333333333,32.8555555555556,33.4777777777778,34.1,NA,NA,NA,NA,NA,NA,NA,NA,NA,NA,NA,NA,NA,NA,NA,NA,NA,NA,NA,NA,NA,NA
"TWC 3 T_102.0_420.0",47.1,47.4333333333333,47.7666666666667,48.1,48.4333333333333,48.7666666666667,49.1,49.4333333333333,49.7666666666667,50.1,NA,NA,NA,NA,NA,NA,NA,NA,NA,NA,NA,NA,NA,NA,NA,NA,NA,NA,NA,NA,NA,NA
"TWC 3 T_102.0_423.0",31.7,32.0555555555556,32.4111111111111,32.7666666666667,33.1222222222222,33.4777777777778,33.8333333333333,34.1888888888889,34.5444444444444,34.9,NA,NA,NA,NA,NA,NA,NA,NA,NA,NA,NA,NA,NA,NA,NA,NA,NA,NA,NA,NA,NA,NA
"TWC 3 T_102.0_425.0",28.2,28.7555555555556,29.3111111111111,29.8666666666667,30.4222222222222,30.9777777777778,31.5333333333333,32.0888888888889,32.6444444444444,33.2,NA,NA,NA,NA,NA,NA,NA,NA,NA,NA,NA,NA,NA,NA,NA,NA,NA,NA,NA,NA,NA,NA
"TWC 3 T_102.0_427.0",51.5,51.9,52.3,52.7,53.1,53.5,53.9,54.3,54.7,55.1,NA,NA,NA,NA,NA,NA,NA,NA,NA,NA,NA,NA,NA,NA,NA,NA,NA,NA,NA,NA,NA,NA
"TWC 3 T_102.0_429.0",47.4,47.9333333333333,48.4666666666667,49,49.5333333333333,50.0666666666667,50.6,51.1333333333333,51.6666666666667,52.2,NA,NA,NA,NA,NA,NA,NA,NA,NA,NA,NA,NA,NA,NA,NA,NA,NA,NA,NA,NA,NA,NA
"TWC 3 T_102.0_432.0",17,17.4222222222222,17.8444444444444,18.2666666666667,18.6888888888889,19.1111111111111,19.5333333333333,19.9555555555556,20.3777777777778,20.8,NA,NA,NA,NA,NA,NA,NA,NA,NA,NA,NA,NA,NA,NA,NA,NA,NA,NA,NA,NA,NA,NA
"TWC 3 T_102.0_434.0",20.5,20.6555555555556,20.8111111111111,20.9666666666667,21.1222222222222,21.2777777777778,21.4333333333333,21.5888888888889,21.7444444444444,21.9,NA,NA,NA,NA,NA,NA,NA,NA,NA,NA,NA,NA,NA,NA,NA,NA,NA,NA,NA,NA,NA,NA
"TWC 3 T_102.0_437.0",18.3,18.9222222222222,19.5444444444444,20.1666666666667,20.7888888888889,21.4111111111111,22.0333333333333,22.6555555555556,23.2777777777778,23.9,NA,NA,NA,NA,NA,NA,NA,NA,NA,NA,NA,NA,NA,NA,NA,NA,NA,NA,NA,NA,NA,NA
"TWC 3 T_102.0_439.0",24.2,25.0111111111111,25.8222222222222,26.6333333333333,27.4444444444444,28.2555555555556,29.0666666666667,29.8777777777778,30.6888888888889,31.5,NA,NA,NA,NA,NA,NA,NA,NA,NA,NA,NA,NA,NA,NA,NA,NA,NA,NA,NA,NA,NA,NA
"TWC 3 T_102.0_442.0",25.5,26,26.5,27,27.5,28,28.5,29,29.5,30,NA,NA,NA,NA,NA,NA,NA,NA,NA,NA,NA,NA,NA,NA,NA,NA,NA,NA,NA,NA,NA,NA
"TWC 3 T_102.0_449.0",21.1,21.3444444444444,21.5888888888889,21.8333333333333,22.0777777777778,22.3222222222222,22.5666666666667,22.8111111111111,23.0555555555556,23.3,NA,NA,NA,NA,NA,NA,NA,NA,NA,NA,NA,NA,NA,NA,NA,NA,NA,NA,NA,NA,NA,NA
"TWC 3 T_102.0_451.0",23.9,24.5111111111111,25.1222222222222,25.7333333333333,26.3444444444444,26.9555555555556,27.5666666666667,28.1777777777778,28.7888888888889,29.4,NA,NA,NA,NA,NA,NA,NA,NA,NA,NA,NA,NA,NA,NA,NA,NA,NA,NA,NA,NA,NA,NA
"TWC 3 T_102.0_453.0",54.3,54.8888888888889,55.4777777777778,56.0666666666667,56.6555555555556,57.2444444444444,57.8333333333333,58.4222222222222,59.0111111111111,59.6,NA,NA,NA,NA,NA,NA,NA,NA,NA,NA,NA,NA,NA,NA,NA,NA,NA,NA,NA,NA,NA,NA
"TWC 3 T_102.0_455.0",37,37.7444444444444,38.4888888888889,39.2333333333333,39.9777777777778,40.7222222222222,41.4666666666667,42.2111111111111,42.9555555555555,43.7,NA,NA,NA,NA,NA,NA,NA,NA,NA,NA,NA,NA,NA,NA,NA,NA,NA,NA,NA,NA,NA,NA
"TWC 3 T_102.0_464.0",27.9,28.0777777777778,28.2555555555556,28.4333333333333,28.6111111111111,28.7888888888889,28.9666666666667,29.1444444444444,29.3222222222222,29.5,NA,NA,NA,NA,NA,NA,NA,NA,NA,NA,NA,NA,NA,NA,NA,NA,NA,NA,NA,NA,NA,NA
"TWC 3 T_104.0_337.0",48.8,49.0111111111111,49.2222222222222,49.4333333333333,49.6444444444444,49.8555555555556,50.0666666666667,50.2777777777778,50.4888888888889,50.7,NA,NA,NA,NA,NA,NA,NA,NA,NA,NA,NA,NA,NA,NA,NA,NA,NA,NA,NA,NA,NA,NA
"TWC 3 T_104.0_339.0",56.5,57.8888888888889,59.2777777777778,60.6666666666667,62.0555555555556,63.4444444444444,64.8333333333333,66.2222222222222,67.6111111111111,69,NA,NA,NA,NA,NA,NA,NA,NA,NA,NA,NA,NA,NA,NA,NA,NA,NA,NA,NA,NA,NA,NA
"TWC 3 T_104.0_341.0",53.8,53.9777777777778,54.1555555555556,54.3333333333333,54.5111111111111,54.6888888888889,54.8666666666667,55.0444444444445,55.2222222222222,55.4,NA,NA,NA,NA,NA,NA,NA,NA,NA,NA,NA,NA,NA,NA,NA,NA,NA,NA,NA,NA,NA,NA
"TWC 3 T_104.0_347.0",95.5,95.5333333333333,95.5666666666667,95.6,95.6333333333333,95.6666666666667,95.7,95.7333333333333,95.7666666666667,95.8,NA,NA,NA,NA,NA,NA,NA,NA,NA,NA,NA,NA,NA,NA,NA,NA,NA,NA,NA,NA,NA,NA
"TWC 3 T_104.0_349.0",52.5,52.2888888888889,52.0777777777778,51.8666666666667,51.6555555555556,51.4444444444444,51.2333333333333,51.0222222222222,50.8111111111111,50.6,NA,NA,NA,NA,NA,NA,NA,NA,NA,NA,NA,NA,NA,NA,NA,NA,NA,NA,NA,NA,NA,NA
"TWC 3 T_104.0_351.0",49.5,49.9666666666667,50.4333333333333,50.9,51.3666666666667,51.8333333333333,52.3,52.7666666666667,53.2333333333333,53.7,NA,NA,NA,NA,NA,NA,NA,NA,NA,NA,NA,NA,NA,NA,NA,NA,NA,NA,NA,NA,NA,NA
"TWC 3 T_104.0_359.0",45.4,45.5444444444445,45.6888888888889,45.8333333333333,45.9777777777778,46.1222222222222,46.2666666666667,46.4111111111111,46.5555555555556,46.7,NA,NA,NA,NA,NA,NA,NA,NA,NA,NA,NA,NA,NA,NA,NA,NA,NA,NA,NA,NA,NA,NA
"TWC 3 T_104.0_360.0",89.3,89.5111111111111,89.7222222222222,89.9333333333333,90.1444444444444,90.3555555555556,90.5666666666667,90.7777777777778,90.9888888888889,91.2,NA,NA,NA,NA,NA,NA,NA,NA,NA,NA,NA,NA,NA,NA,NA,NA,NA,NA,NA,NA,NA,NA
"TWC 3 T_104.0_361.0",66.8,67.6,68.4,69.2,70,70.8,71.6,72.4,73.2,74,NA,NA,NA,NA,NA,NA,NA,NA,NA,NA,NA,NA,NA,NA,NA,NA,NA,NA,NA,NA,NA,NA
"TWC 3 T_104.0_364.0",28.3,28.2777777777778,28.2555555555556,28.2333333333333,28.2111111111111,28.1888888888889,28.1666666666667,28.1444444444444,28.1222222222222,28.1,NA,NA,NA,NA,NA,NA,NA,NA,NA,NA,NA,NA,NA,NA,NA,NA,NA,NA,NA,NA,NA,NA
"TWC 3 T_104.0_369.0",20.2,20.7111111111111,21.2222222222222,21.7333333333333,22.2444444444444,22.7555555555556,23.2666666666667,23.7777777777778,24.2888888888889,24.8,NA,NA,NA,NA,NA,NA,NA,NA,NA,NA,NA,NA,NA,NA,NA,NA,NA,NA,NA,NA,NA,NA
"TWC 3 T_104.0_373.0",29.8,29.9777777777778,30.1555555555556,30.3333333333333,30.5111111111111,30.6888888888889,30.8666666666667,31.0444444444444,31.2222222222222,31.4,NA,NA,NA,NA,NA,NA,NA,NA,NA,NA,NA,NA,NA,NA,NA,NA,NA,NA,NA,NA,NA,NA
"TWC 3 T_104.0_381.0",26.6,27.1,27.6,28.1,28.6,29.1,29.6,30.1,30.6,31.1,NA,NA,NA,NA,NA,NA,NA,NA,NA,NA,NA,NA,NA,NA,NA,NA,NA,NA,NA,NA,NA,NA
"TWC 3 T_104.0_388.0",27.7,28.0222222222222,28.3444444444444,28.6666666666667,28.9888888888889,29.3111111111111,29.6333333333333,29.9555555555556,30.2777777777778,30.6,NA,NA,NA,NA,NA,NA,NA,NA,NA,NA,NA,NA,NA,NA,NA,NA,NA,NA,NA,NA,NA,NA
"TWC 3 T_104.0_389.0",40.7,41.0888888888889,41.4777777777778,41.8666666666667,42.2555555555556,42.6444444444444,43.0333333333333,43.4222222222222,43.8111111111111,44.2,NA,NA,NA,NA,NA,NA,NA,NA,NA,NA,NA,NA,NA,NA,NA,NA,NA,NA,NA,NA,NA,NA
"TWC 3 T_104.0_395.0",54.2,55.5777777777778,56.9555555555555,58.3333333333333,59.7111111111111,61.0888888888889,62.4666666666667,63.8444444444444,65.2222222222222,66.6,NA,NA,NA,NA,NA,NA,NA,NA,NA,NA,NA,NA,NA,NA,NA,NA,NA,NA,NA,NA,NA,NA
"TWC 3 T_104.0_398.0",20.3,20.8,21.3,21.8,22.3,22.8,23.3,23.8,24.3,24.8,NA,NA,NA,NA,NA,NA,NA,NA,NA,NA,NA,NA,NA,NA,NA,NA,NA,NA,NA,NA,NA,NA
"TWC 3 T_105.0_102.0",46.2,46.8444444444444,47.4888888888889,48.1333333333333,48.7777777777778,49.4222222222222,50.0666666666667,50.7111111111111,51.3555555555556,52,NA,NA,NA,NA,NA,NA,NA,NA,NA,NA,NA,NA,NA,NA,NA,NA,NA,NA,NA,NA,NA,NA
"TWC 3 T_105.0_103.0",16.7,17.3,17.9,18.5,19.1,19.7,20.3,20.9,21.5,22.1,NA,NA,NA,NA,NA,NA,NA,NA,NA,NA,NA,NA,NA,NA,NA,NA,NA,NA,NA,NA,NA,NA
"TWC 3 T_105.0_106.0",58.8,59.1,59.4,59.7,60,60.3,60.6,60.9,61.2,61.5,NA,NA,NA,NA,NA,NA,NA,NA,NA,NA,NA,NA,NA,NA,NA,NA,NA,NA,NA,NA,NA,NA
"TWC 3 T_105.0_109.0",39.8,40.3555555555556,40.9111111111111,41.4666666666667,42.0222222222222,42.5777777777778,43.1333333333333,43.6888888888889,44.2444444444444,44.8,NA,NA,NA,NA,NA,NA,NA,NA,NA,NA,NA,NA,NA,NA,NA,NA,NA,NA,NA,NA,NA,NA
"TWC 3 T_105.0_110.0",30.5,30.7,30.9,31.1,31.3,31.5,31.7,31.9,32.1,32.3,NA,NA,NA,NA,NA,NA,NA,NA,NA,NA,NA,NA,NA,NA,NA,NA,NA,NA,NA,NA,NA,NA
"TWC 3 T_105.0_111.0",38.1,38.5777777777778,39.0555555555556,39.5333333333333,40.0111111111111,40.4888888888889,40.9666666666667,41.4444444444444,41.9222222222222,42.4,NA,NA,NA,NA,NA,NA,NA,NA,NA,NA,NA,NA,NA,NA,NA,NA,NA,NA,NA,NA,NA,NA
"TWC 3 T_105.0_116.0",43.8,44.2666666666667,44.7333333333333,45.2,45.6666666666667,46.1333333333333,46.6,47.0666666666667,47.5333333333333,48,NA,NA,NA,NA,NA,NA,NA,NA,NA,NA,NA,NA,NA,NA,NA,NA,NA,NA,NA,NA,NA,NA
"TWC 3 T_105.0_119.0",40.4,40.8444444444444,41.2888888888889,41.7333333333333,42.1777777777778,42.6222222222222,43.0666666666667,43.5111111111111,43.9555555555555,44.4,NA,NA,NA,NA,NA,NA,NA,NA,NA,NA,NA,NA,NA,NA,NA,NA,NA,NA,NA,NA,NA,NA
"TWC 3 T_105.0_125.0",31.5,31.6444444444444,31.7888888888889,31.9333333333333,32.0777777777778,32.2222222222222,32.3666666666667,32.5111111111111,32.6555555555556,32.8,NA,NA,NA,NA,NA,NA,NA,NA,NA,NA,NA,NA,NA,NA,NA,NA,NA,NA,NA,NA,NA,NA
"TWC 3 T_105.0_128.0",60.5,60.5777777777778,60.6555555555556,60.7333333333333,60.8111111111111,60.8888888888889,60.9666666666667,61.0444444444445,61.1222222222222,61.2,NA,NA,NA,NA,NA,NA,NA,NA,NA,NA,NA,NA,NA,NA,NA,NA,NA,NA,NA,NA,NA,NA
"TWC 3 T_105.0_129.0",21.9,22.4444444444444,22.9888888888889,23.5333333333333,24.0777777777778,24.6222222222222,25.1666666666667,25.7111111111111,26.2555555555556,26.8,NA,NA,NA,NA,NA,NA,NA,NA,NA,NA,NA,NA,NA,NA,NA,NA,NA,NA,NA,NA,NA,NA
"TWC 3 T_105.0_133.0",39.1,39.9444444444444,40.7888888888889,41.6333333333333,42.4777777777778,43.3222222222222,44.1666666666667,45.0111111111111,45.8555555555556,46.7,NA,NA,NA,NA,NA,NA,NA,NA,NA,NA,NA,NA,NA,NA,NA,NA,NA,NA,NA,NA,NA,NA
"TWC 3 T_105.0_141.0",33.4,34.1888888888889,34.9777777777778,35.7666666666667,36.5555555555556,37.3444444444444,38.1333333333333,38.9222222222222,39.7111111111111,40.5,NA,NA,NA,NA,NA,NA,NA,NA,NA,NA,NA,NA,NA,NA,NA,NA,NA,NA,NA,NA,NA,NA
"TWC 3 T_105.0_142.0",82.5,82.8222222222222,83.1444444444444,83.4666666666667,83.7888888888889,84.1111111111111,84.4333333333333,84.7555555555556,85.0777777777778,85.4,NA,NA,NA,NA,NA,NA,NA,NA,NA,NA,NA,NA,NA,NA,NA,NA,NA,NA,NA,NA,NA,NA
"TWC 3 T_105.0_144.0",18.5,18.7777777777778,19.0555555555556,19.3333333333333,19.6111111111111,19.8888888888889,20.1666666666667,20.4444444444444,20.7222222222222,21,NA,NA,NA,NA,NA,NA,NA,NA,NA,NA,NA,NA,NA,NA,NA,NA,NA,NA,NA,NA,NA,NA
"TWC 3 T_105.0_145.0",26.7,26.7888888888889,26.8777777777778,26.9666666666667,27.0555555555556,27.1444444444444,27.2333333333333,27.3222222222222,27.4111111111111,27.5,NA,NA,NA,NA,NA,NA,NA,NA,NA,NA,NA,NA,NA,NA,NA,NA,NA,NA,NA,NA,NA,NA
"TWC 3 T_105.0_148.0",18,18.3666666666667,18.7333333333333,19.1,19.4666666666667,19.8333333333333,20.2,20.5666666666667,20.9333333333333,21.3,NA,NA,NA,NA,NA,NA,NA,NA,NA,NA,NA,NA,NA,NA,NA,NA,NA,NA,NA,NA,NA,NA
"TWC 3 T_105.0_149.0",57.6,58.0111111111111,58.4222222222222,58.8333333333333,59.2444444444444,59.6555555555556,60.0666666666667,60.4777777777778,60.8888888888889,61.3,NA,NA,NA,NA,NA,NA,NA,NA,NA,NA,NA,NA,NA,NA,NA,NA,NA,NA,NA,NA,NA,NA
"TWC 3 T_105.0_150.0",50.7,51.0444444444445,51.3888888888889,51.7333333333333,52.0777777777778,52.4222222222222,52.7666666666667,53.1111111111111,53.4555555555555,53.8,NA,NA,NA,NA,NA,NA,NA,NA,NA,NA,NA,NA,NA,NA,NA,NA,NA,NA,NA,NA,NA,NA
"TWC 3 T_105.0_151.0",61.3,61.5333333333333,61.7666666666667,62,62.2333333333333,62.4666666666667,62.7,62.9333333333333,63.1666666666667,63.4,NA,NA,NA,NA,NA,NA,NA,NA,NA,NA,NA,NA,NA,NA,NA,NA,NA,NA,NA,NA,NA,NA
"TWC 3 T_106.0_163.0",34.1,34.6777777777778,35.2555555555556,35.8333333333333,36.4111111111111,36.9888888888889,37.5666666666667,38.1444444444444,38.7222222222222,39.3,NA,NA,NA,NA,NA,NA,NA,NA,NA,NA,NA,NA,NA,NA,NA,NA,NA,NA,NA,NA,NA,NA
"TWC 3 T_106.0_165.0",69.4,69.5555555555556,69.7111111111111,69.8666666666667,70.0222222222222,70.1777777777778,70.3333333333333,70.4888888888889,70.6444444444444,70.8,NA,NA,NA,NA,NA,NA,NA,NA,NA,NA,NA,NA,NA,NA,NA,NA,NA,NA,NA,NA,NA,NA
"TWC 3 T_106.0_166.0",83.3,83.4777777777778,83.6555555555556,83.8333333333333,84.0111111111111,84.1888888888889,84.3666666666667,84.5444444444445,84.7222222222222,84.9,NA,NA,NA,NA,NA,NA,NA,NA,NA,NA,NA,NA,NA,NA,NA,NA,NA,NA,NA,NA,NA,NA
"TWC 3 T_106.0_169.0",56.9,57.3333333333333,57.7666666666667,58.2,58.6333333333333,59.0666666666667,59.5,59.9333333333333,60.3666666666667,60.8,NA,NA,NA,NA,NA,NA,NA,NA,NA,NA,NA,NA,NA,NA,NA,NA,NA,NA,NA,NA,NA,NA
"TWC 3 T_106.0_173.0",61.5,62.2555555555556,63.0111111111111,63.7666666666667,64.5222222222222,65.2777777777778,66.0333333333333,66.7888888888889,67.5444444444444,68.3,NA,NA,NA,NA,NA,NA,NA,NA,NA,NA,NA,NA,NA,NA,NA,NA,NA,NA,NA,NA,NA,NA
"TWC 3 T_106.0_175.0",44.8,45.3666666666667,45.9333333333333,46.5,47.0666666666667,47.6333333333333,48.2,48.7666666666667,49.3333333333333,49.9,NA,NA,NA,NA,NA,NA,NA,NA,NA,NA,NA,NA,NA,NA,NA,NA,NA,NA,NA,NA,NA,NA
"TWC 3 T_106.0_176.0",22.5,22.7666666666667,23.0333333333333,23.3,23.5666666666667,23.8333333333333,24.1,24.3666666666667,24.6333333333333,24.9,NA,NA,NA,NA,NA,NA,NA,NA,NA,NA,NA,NA,NA,NA,NA,NA,NA,NA,NA,NA,NA,NA
"TWC 3 T_106.0_177.0",72.7,72.1333333333333,71.5666666666667,71,70.4333333333333,69.8666666666667,69.3,68.7333333333333,68.1666666666667,67.6,NA,NA,NA,NA,NA,NA,NA,NA,NA,NA,NA,NA,NA,NA,NA,NA,NA,NA,NA,NA,NA,NA
"TWC 3 T_106.0_178.0",42.7,43.0555555555556,43.4111111111111,43.7666666666667,44.1222222222222,44.4777777777778,44.8333333333333,45.1888888888889,45.5444444444445,45.9,NA,NA,NA,NA,NA,NA,NA,NA,NA,NA,NA,NA,NA,NA,NA,NA,NA,NA,NA,NA,NA,NA
"TWC 3 T_106.0_182.0",42.8,43.9777777777778,45.1555555555556,46.3333333333333,47.5111111111111,48.6888888888889,49.8666666666667,51.0444444444445,52.2222222222222,53.4,NA,NA,NA,NA,NA,NA,NA,NA,NA,NA,NA,NA,NA,NA,NA,NA,NA,NA,NA,NA,NA,NA
"TWC 3 T_106.0_186.0",48.8,48.8555555555556,48.9111111111111,48.9666666666667,49.0222222222222,49.0777777777778,49.1333333333333,49.1888888888889,49.2444444444444,49.3,NA,NA,NA,NA,NA,NA,NA,NA,NA,NA,NA,NA,NA,NA,NA,NA,NA,NA,NA,NA,NA,NA
"TWC 3 T_106.0_190.0",105.2,105.755555555556,106.311111111111,106.866666666667,107.422222222222,107.977777777778,108.533333333333,109.088888888889,109.644444444444,110.2,NA,NA,NA,NA,NA,NA,NA,NA,NA,NA,NA,NA,NA,NA,NA,NA,NA,NA,NA,NA,NA,NA
"TWC 3 T_106.0_193.0",63.5,64.0888888888889,64.6777777777778,65.2666666666667,65.8555555555556,66.4444444444444,67.0333333333333,67.6222222222222,68.2111111111111,68.8,NA,NA,NA,NA,NA,NA,NA,NA,NA,NA,NA,NA,NA,NA,NA,NA,NA,NA,NA,NA,NA,NA
"TWC 3 T_106.0_195.0",44.1,44.4444444444444,44.7888888888889,45.1333333333333,45.4777777777778,45.8222222222222,46.1666666666667,46.5111111111111,46.8555555555556,47.2,NA,NA,NA,NA,NA,NA,NA,NA,NA,NA,NA,NA,NA,NA,NA,NA,NA,NA,NA,NA,NA,NA
"TWC 3 T_106.0_196.0",83.3,83.3222222222222,83.3444444444444,83.3666666666667,83.3888888888889,83.4111111111111,83.4333333333333,83.4555555555555,83.4777777777778,83.5,NA,NA,NA,NA,NA,NA,NA,NA,NA,NA,NA,NA,NA,NA,NA,NA,NA,NA,NA,NA,NA,NA
"TWC 3 T_106.0_197.0",40.3,40.8555555555556,41.4111111111111,41.9666666666667,42.5222222222222,43.0777777777778,43.6333333333333,44.1888888888889,44.7444444444444,45.3,NA,NA,NA,NA,NA,NA,NA,NA,NA,NA,NA,NA,NA,NA,NA,NA,NA,NA,NA,NA,NA,NA
"TWC 3 T_106.0_200.0",104,103.7,103.4,103.1,102.8,102.5,102.2,101.9,101.6,101.3,NA,NA,NA,NA,NA,NA,NA,NA,NA,NA,NA,NA,NA,NA,NA,NA,NA,NA,NA,NA,NA,NA
"TWC 3 T_106.0_693.0",80.9,81.2222222222222,81.5444444444445,81.8666666666667,82.1888888888889,82.5111111111111,82.8333333333333,83.1555555555556,83.4777777777778,83.8,NA,NA,NA,NA,NA,NA,NA,NA,NA,NA,NA,NA,NA,NA,NA,NA,NA,NA,NA,NA,NA,NA
"TWC 3 T_109.0_1.0",63.7,64.1333333333333,64.5666666666667,65,65.4333333333333,65.8666666666667,66.3,66.7333333333333,67.1666666666667,67.6,NA,NA,NA,NA,NA,NA,NA,NA,NA,NA,NA,NA,NA,NA,NA,NA,NA,NA,NA,NA,NA,NA
"TWC 3 T_109.0_11.0",39.2,39.7444444444444,40.2888888888889,40.8333333333333,41.3777777777778,41.9222222222222,42.4666666666667,43.0111111111111,43.5555555555556,44.1,NA,NA,NA,NA,NA,NA,NA,NA,NA,NA,NA,NA,NA,NA,NA,NA,NA,NA,NA,NA,NA,NA
"TWC 3 T_109.0_12.0",20.4,20.8,21.2,21.6,22,22.4,22.8,23.2,23.6,24,NA,NA,NA,NA,NA,NA,NA,NA,NA,NA,NA,NA,NA,NA,NA,NA,NA,NA,NA,NA,NA,NA
"TWC 3 T_109.0_18.0",92.7,93,93.3,93.6,93.9,94.2,94.5,94.8,95.1,95.4,NA,NA,NA,NA,NA,NA,NA,NA,NA,NA,NA,NA,NA,NA,NA,NA,NA,NA,NA,NA,NA,NA
"TWC 3 T_109.0_19.0",27.3,27.8444444444444,28.3888888888889,28.9333333333333,29.4777777777778,30.0222222222222,30.5666666666667,31.1111111111111,31.6555555555556,32.2,NA,NA,NA,NA,NA,NA,NA,NA,NA,NA,NA,NA,NA,NA,NA,NA,NA,NA,NA,NA,NA,NA
"TWC 3 T_109.0_20.0",35,35.0888888888889,35.1777777777778,35.2666666666667,35.3555555555556,35.4444444444444,35.5333333333333,35.6222222222222,35.7111111111111,35.8,NA,NA,NA,NA,NA,NA,NA,NA,NA,NA,NA,NA,NA,NA,NA,NA,NA,NA,NA,NA,NA,NA
"TWC 3 T_109.0_21.0",45.4,45.5222222222222,45.6444444444444,45.7666666666667,45.8888888888889,46.0111111111111,46.1333333333333,46.2555555555556,46.3777777777778,46.5,NA,NA,NA,NA,NA,NA,NA,NA,NA,NA,NA,NA,NA,NA,NA,NA,NA,NA,NA,NA,NA,NA
"TWC 3 T_109.0_24.0",25.4,26.0111111111111,26.6222222222222,27.2333333333333,27.8444444444444,28.4555555555556,29.0666666666667,29.6777777777778,30.2888888888889,30.9,NA,NA,NA,NA,NA,NA,NA,NA,NA,NA,NA,NA,NA,NA,NA,NA,NA,NA,NA,NA,NA,NA
"TWC 3 T_109.0_29.0",54.7,55.2777777777778,55.8555555555556,56.4333333333333,57.0111111111111,57.5888888888889,58.1666666666667,58.7444444444444,59.3222222222222,59.9,NA,NA,NA,NA,NA,NA,NA,NA,NA,NA,NA,NA,NA,NA,NA,NA,NA,NA,NA,NA,NA,NA
"TWC 3 T_109.0_30.0",45,45.6333333333333,46.2666666666667,46.9,47.5333333333333,48.1666666666667,48.8,49.4333333333333,50.0666666666667,50.7,NA,NA,NA,NA,NA,NA,NA,NA,NA,NA,NA,NA,NA,NA,NA,NA,NA,NA,NA,NA,NA,NA
"TWC 3 T_109.0_31.0",18.9,19.4555555555556,20.0111111111111,20.5666666666667,21.1222222222222,21.6777777777778,22.2333333333333,22.7888888888889,23.3444444444444,23.9,NA,NA,NA,NA,NA,NA,NA,NA,NA,NA,NA,NA,NA,NA,NA,NA,NA,NA,NA,NA,NA,NA
"TWC 3 T_109.0_35.0",26.6,27.0444444444444,27.4888888888889,27.9333333333333,28.3777777777778,28.8222222222222,29.2666666666667,29.7111111111111,30.1555555555556,30.6,NA,NA,NA,NA,NA,NA,NA,NA,NA,NA,NA,NA,NA,NA,NA,NA,NA,NA,NA,NA,NA,NA
"TWC 3 T_109.0_8.0",37.4,37.7111111111111,38.0222222222222,38.3333333333333,38.6444444444444,38.9555555555555,39.2666666666667,39.5777777777778,39.8888888888889,40.2,NA,NA,NA,NA,NA,NA,NA,NA,NA,NA,NA,NA,NA,NA,NA,NA,NA,NA,NA,NA,NA,NA
"TWC 3 T_111.0_62.0",49.8,50.6,51.4,52.2,53,53.8,54.6,55.4,56.2,57,NA,NA,NA,NA,NA,NA,NA,NA,NA,NA,NA,NA,NA,NA,NA,NA,NA,NA,NA,NA,NA,NA
"TWC 3 T_111.0_67.0",48.7,49.1444444444444,49.5888888888889,50.0333333333333,50.4777777777778,50.9222222222222,51.3666666666667,51.8111111111111,52.2555555555556,52.7,NA,NA,NA,NA,NA,NA,NA,NA,NA,NA,NA,NA,NA,NA,NA,NA,NA,NA,NA,NA,NA,NA
"TWC 3 T_111.0_72.0",63.5,64.1888888888889,64.8777777777778,65.5666666666667,66.2555555555556,66.9444444444444,67.6333333333333,68.3222222222222,69.0111111111111,69.7,NA,NA,NA,NA,NA,NA,NA,NA,NA,NA,NA,NA,NA,NA,NA,NA,NA,NA,NA,NA,NA,NA
"TWC 3 T_111.0_74.0",35.9,36.7111111111111,37.5222222222222,38.3333333333333,39.1444444444444,39.9555555555555,40.7666666666667,41.5777777777778,42.3888888888889,43.2,NA,NA,NA,NA,NA,NA,NA,NA,NA,NA,NA,NA,NA,NA,NA,NA,NA,NA,NA,NA,NA,NA
"TWC 3 T_111.0_76.0",18.7,19.3888888888889,20.0777777777778,20.7666666666667,21.4555555555556,22.1444444444444,22.8333333333333,23.5222222222222,24.2111111111111,24.9,NA,NA,NA,NA,NA,NA,NA,NA,NA,NA,NA,NA,NA,NA,NA,NA,NA,NA,NA,NA,NA,NA
"TWC 3 T_111.0_77.0",17.8,18.4555555555556,19.1111111111111,19.7666666666667,20.4222222222222,21.0777777777778,21.7333333333333,22.3888888888889,23.0444444444444,23.7,NA,NA,NA,NA,NA,NA,NA,NA,NA,NA,NA,NA,NA,NA,NA,NA,NA,NA,NA,NA,NA,NA
"TWC 3 T_111.0_78.0",109,109.244444444444,109.488888888889,109.733333333333,109.977777777778,110.222222222222,110.466666666667,110.711111111111,110.955555555556,111.2,NA,NA,NA,NA,NA,NA,NA,NA,NA,NA,NA,NA,NA,NA,NA,NA,NA,NA,NA,NA,NA,NA
"TWC 3 T_111.0_81.0",25.3,25.0888888888889,24.8777777777778,24.6666666666667,24.4555555555556,24.2444444444444,24.0333333333333,23.8222222222222,23.6111111111111,23.4,NA,NA,NA,NA,NA,NA,NA,NA,NA,NA,NA,NA,NA,NA,NA,NA,NA,NA,NA,NA,NA,NA
"TWC 3 T_111.0_91.0",33.5,34.5111111111111,35.5222222222222,36.5333333333333,37.5444444444445,38.5555555555556,39.5666666666667,40.5777777777778,41.5888888888889,42.6,NA,NA,NA,NA,NA,NA,NA,NA,NA,NA,NA,NA,NA,NA,NA,NA,NA,NA,NA,NA,NA,NA
"TWC 3 T_111.0_93.0",21.7,22.6777777777778,23.6555555555556,24.6333333333333,25.6111111111111,26.5888888888889,27.5666666666667,28.5444444444444,29.5222222222222,30.5,NA,NA,NA,NA,NA,NA,NA,NA,NA,NA,NA,NA,NA,NA,NA,NA,NA,NA,NA,NA,NA,NA
"WRD 20-16 C_42.0_366.0",36,36,36,36,36,36,36,36,36,36,NA,NA,NA,NA,NA,NA,NA,NA,NA,NA,NA,NA,NA,NA,NA,NA,NA,NA,NA,NA,NA,NA
"WRD 20-16 C_42.0_367.0",50,50.0555555555556,50.1111111111111,50.1666666666667,50.2222222222222,50.2777777777778,50.3333333333333,50.3888888888889,50.4444444444444,50.5,NA,NA,NA,NA,NA,NA,NA,NA,NA,NA,NA,NA,NA,NA,NA,NA,NA,NA,NA,NA,NA,NA
"WRD 20-16 C_42.0_368.0",40,40.4111111111111,40.8222222222222,41.2333333333333,41.6444444444444,42.0555555555556,42.4666666666667,42.8777777777778,43.2888888888889,43.7,NA,NA,NA,NA,NA,NA,NA,NA,NA,NA,NA,NA,NA,NA,NA,NA,NA,NA,NA,NA,NA,NA
"WRD 20-16 C_42.0_369.0",34,34.8444444444444,35.6888888888889,36.5333333333333,37.3777777777778,38.2222222222222,39.0666666666667,39.9111111111111,40.7555555555556,41.6,NA,NA,NA,NA,NA,NA,NA,NA,NA,NA,NA,NA,NA,NA,NA,NA,NA,NA,NA,NA,NA,NA
"WRD 20-16 C_42.0_370.0",40,40.1666666666667,40.3333333333333,40.5,40.6666666666667,40.8333333333333,41,41.1666666666667,41.3333333333333,41.5,NA,NA,NA,NA,NA,NA,NA,NA,NA,NA,NA,NA,NA,NA,NA,NA,NA,NA,NA,NA,NA,NA
"WRD 20-16 C_42.0_371.0",55,55.4222222222222,55.8444444444444,56.2666666666667,56.6888888888889,57.1111111111111,57.5333333333333,57.9555555555555,58.3777777777778,58.8,NA,NA,NA,NA,NA,NA,NA,NA,NA,NA,NA,NA,NA,NA,NA,NA,NA,NA,NA,NA,NA,NA
"WRD 20-16 C_42.0_372.0",26,26.6444444444444,27.2888888888889,27.9333333333333,28.5777777777778,29.2222222222222,29.8666666666667,30.5111111111111,31.1555555555556,31.8,NA,NA,NA,NA,NA,NA,NA,NA,NA,NA,NA,NA,NA,NA,NA,NA,NA,NA,NA,NA,NA,NA
"WRD 20-16 C_42.0_373.0",36,36.4333333333333,36.8666666666667,37.3,37.7333333333333,38.1666666666667,38.6,39.0333333333333,39.4666666666667,39.9,NA,NA,NA,NA,NA,NA,NA,NA,NA,NA,NA,NA,NA,NA,NA,NA,NA,NA,NA,NA,NA,NA
"WRD 20-16 C_42.0_374.0",44,44.2666666666667,44.5333333333333,44.8,45.0666666666667,45.3333333333333,45.6,45.8666666666667,46.1333333333333,46.4,NA,NA,NA,NA,NA,NA,NA,NA,NA,NA,NA,NA,NA,NA,NA,NA,NA,NA,NA,NA,NA,NA
"WRD 20-16 C_42.0_375.0",16,16.2777777777778,16.5555555555556,16.8333333333333,17.1111111111111,17.3888888888889,17.6666666666667,17.9444444444444,18.2222222222222,18.5,NA,NA,NA,NA,NA,NA,NA,NA,NA,NA,NA,NA,NA,NA,NA,NA,NA,NA,NA,NA,NA,NA
"WRD 20-16 C_42.0_376.0",34,34.6666666666667,35.3333333333333,36,36.6666666666667,37.3333333333333,38,38.6666666666667,39.3333333333333,40,NA,NA,NA,NA,NA,NA,NA,NA,NA,NA,NA,NA,NA,NA,NA,NA,NA,NA,NA,NA,NA,NA
"WRD 20-16 C_42.0_377.0",15,15.1777777777778,15.3555555555556,15.5333333333333,15.7111111111111,15.8888888888889,16.0666666666667,16.2444444444444,16.4222222222222,16.6,NA,NA,NA,NA,NA,NA,NA,NA,NA,NA,NA,NA,NA,NA,NA,NA,NA,NA,NA,NA,NA,NA
"WRD 20-16 C_42.0_378.0",20,20.1333333333333,20.2666666666667,20.4,20.5333333333333,20.6666666666667,20.8,20.9333333333333,21.0666666666667,21.2,NA,NA,NA,NA,NA,NA,NA,NA,NA,NA,NA,NA,NA,NA,NA,NA,NA,NA,NA,NA,NA,NA
"WRD 20-16 C_42.0_379.0",35,35.3,35.6,35.9,36.2,36.5,36.8,37.1,37.4,37.7,NA,NA,NA,NA,NA,NA,NA,NA,NA,NA,NA,NA,NA,NA,NA,NA,NA,NA,NA,NA,NA,NA
"WRD 20-16 C_42.0_380.0",45,45.7555555555556,46.5111111111111,47.2666666666667,48.0222222222222,48.7777777777778,49.5333333333333,50.2888888888889,51.0444444444445,51.8,NA,NA,NA,NA,NA,NA,NA,NA,NA,NA,NA,NA,NA,NA,NA,NA,NA,NA,NA,NA,NA,NA
"WRD 20-16 C_42.0_381.0",15,15.0444444444444,15.0888888888889,15.1333333333333,15.1777777777778,15.2222222222222,15.2666666666667,15.3111111111111,15.3555555555556,15.4,NA,NA,NA,NA,NA,NA,NA,NA,NA,NA,NA,NA,NA,NA,NA,NA,NA,NA,NA,NA,NA,NA
"WRD 20-16 C_42.0_382.0",58,58.1111111111111,58.2222222222222,58.3333333333333,58.4444444444444,58.5555555555556,58.6666666666667,58.7777777777778,58.8888888888889,59,NA,NA,NA,NA,NA,NA,NA,NA,NA,NA,NA,NA,NA,NA,NA,NA,NA,NA,NA,NA,NA,NA
"WRD 20-16 C_42.0_384.0",44,44.7666666666667,45.5333333333333,46.3,47.0666666666667,47.8333333333333,48.6,49.3666666666667,50.1333333333333,50.9,NA,NA,NA,NA,NA,NA,NA,NA,NA,NA,NA,NA,NA,NA,NA,NA,NA,NA,NA,NA,NA,NA
"WRD 20-16 C_42.0_385.0",30,30.5111111111111,31.0222222222222,31.5333333333333,32.0444444444444,32.5555555555556,33.0666666666667,33.5777777777778,34.0888888888889,34.6,NA,NA,NA,NA,NA,NA,NA,NA,NA,NA,NA,NA,NA,NA,NA,NA,NA,NA,NA,NA,NA,NA
"WRD 20-16 C_42.0_386.0",22,22.2888888888889,22.5777777777778,22.8666666666667,23.1555555555556,23.4444444444444,23.7333333333333,24.0222222222222,24.3111111111111,24.6,NA,NA,NA,NA,NA,NA,NA,NA,NA,NA,NA,NA,NA,NA,NA,NA,NA,NA,NA,NA,NA,NA
"WRD 20-16 C_42.0_388.0",16,16.2777777777778,16.5555555555556,16.8333333333333,17.1111111111111,17.3888888888889,17.6666666666667,17.9444444444444,18.2222222222222,18.5,NA,NA,NA,NA,NA,NA,NA,NA,NA,NA,NA,NA,NA,NA,NA,NA,NA,NA,NA,NA,NA,NA
"WRD 20-16 C_42.0_389.0",34,35.0666666666667,36.1333333333333,37.2,38.2666666666667,39.3333333333333,40.4,41.4666666666667,42.5333333333333,43.6,NA,NA,NA,NA,NA,NA,NA,NA,NA,NA,NA,NA,NA,NA,NA,NA,NA,NA,NA,NA,NA,NA
"WRD 20-16 C_42.0_390.0",38,38.9777777777778,39.9555555555555,40.9333333333333,41.9111111111111,42.8888888888889,43.8666666666667,44.8444444444444,45.8222222222222,46.8,NA,NA,NA,NA,NA,NA,NA,NA,NA,NA,NA,NA,NA,NA,NA,NA,NA,NA,NA,NA,NA,NA
"WRD 20-16 C_42.0_391.0",44,44.6444444444444,45.2888888888889,45.9333333333333,46.5777777777778,47.2222222222222,47.8666666666667,48.5111111111111,49.1555555555556,49.8,NA,NA,NA,NA,NA,NA,NA,NA,NA,NA,NA,NA,NA,NA,NA,NA,NA,NA,NA,NA,NA,NA
"WRD 20-16 C_42.0_392.0",63,63,63,63,63,63,63,63,63,63,NA,NA,NA,NA,NA,NA,NA,NA,NA,NA,NA,NA,NA,NA,NA,NA,NA,NA,NA,NA,NA,NA
"WRD 20-16 C_42.0_393.0",16,16.2888888888889,16.5777777777778,16.8666666666667,17.1555555555556,17.4444444444444,17.7333333333333,18.0222222222222,18.3111111111111,18.6,NA,NA,NA,NA,NA,NA,NA,NA,NA,NA,NA,NA,NA,NA,NA,NA,NA,NA,NA,NA,NA,NA
"WRD 20-16 C_42.0_394.0",32,32.6555555555556,33.3111111111111,33.9666666666667,34.6222222222222,35.2777777777778,35.9333333333333,36.5888888888889,37.2444444444444,37.9,NA,NA,NA,NA,NA,NA,NA,NA,NA,NA,NA,NA,NA,NA,NA,NA,NA,NA,NA,NA,NA,NA
"WRD 20-16 C_42.0_395.0",15.2,15.2,15.2,15.2,15.2,15.2,15.2,15.2,15.2,15.2,NA,NA,NA,NA,NA,NA,NA,NA,NA,NA,NA,NA,NA,NA,NA,NA,NA,NA,NA,NA,NA,NA
"WRD 20-16 C_42.0_401.0",22,22.2222222222222,22.4444444444444,22.6666666666667,22.8888888888889,23.1111111111111,23.3333333333333,23.5555555555556,23.7777777777778,24,NA,NA,NA,NA,NA,NA,NA,NA,NA,NA,NA,NA,NA,NA,NA,NA,NA,NA,NA,NA,NA,NA
"WRD 20-16 C_42.0_402.0",16,16.2555555555556,16.5111111111111,16.7666666666667,17.0222222222222,17.2777777777778,17.5333333333333,17.7888888888889,18.0444444444444,18.3,NA,NA,NA,NA,NA,NA,NA,NA,NA,NA,NA,NA,NA,NA,NA,NA,NA,NA,NA,NA,NA,NA
"WRD 20-16 C_42.0_403.0",111,111,111,111,111,111,111,111,111,111,NA,NA,NA,NA,NA,NA,NA,NA,NA,NA,NA,NA,NA,NA,NA,NA,NA,NA,NA,NA,NA,NA
"WRD 20-16 C_42.0_405.0",88.5,88.7777777777778,89.0555555555556,89.3333333333333,89.6111111111111,89.8888888888889,90.1666666666667,90.4444444444444,90.7222222222222,91,NA,NA,NA,NA,NA,NA,NA,NA,NA,NA,NA,NA,NA,NA,NA,NA,NA,NA,NA,NA,NA,NA
"WRD 20-16 C_42.0_407.0",77,77.0444444444445,77.0888888888889,77.1333333333333,77.1777777777778,77.2222222222222,77.2666666666667,77.3111111111111,77.3555555555556,77.4,NA,NA,NA,NA,NA,NA,NA,NA,NA,NA,NA,NA,NA,NA,NA,NA,NA,NA,NA,NA,NA,NA
"WRD 20-16 C_42.0_408.0",48,48.3333333333333,48.6666666666667,49,49.3333333333333,49.6666666666667,50,50.3333333333333,50.6666666666667,51,NA,NA,NA,NA,NA,NA,NA,NA,NA,NA,NA,NA,NA,NA,NA,NA,NA,NA,NA,NA,NA,NA
"WRD 20-16 C_42.0_409.0",42,42.4,42.8,43.2,43.6,44,44.4,44.8,45.2,45.6,NA,NA,NA,NA,NA,NA,NA,NA,NA,NA,NA,NA,NA,NA,NA,NA,NA,NA,NA,NA,NA,NA
"WRD 20-16 C_42.0_410.0",16,16.4888888888889,16.9777777777778,17.4666666666667,17.9555555555556,18.4444444444444,18.9333333333333,19.4222222222222,19.9111111111111,20.4,NA,NA,NA,NA,NA,NA,NA,NA,NA,NA,NA,NA,NA,NA,NA,NA,NA,NA,NA,NA,NA,NA
"WRD 20-16 C_42.0_411.0",46,46.7444444444444,47.4888888888889,48.2333333333333,48.9777777777778,49.7222222222222,50.4666666666667,51.2111111111111,51.9555555555555,52.7,NA,NA,NA,NA,NA,NA,NA,NA,NA,NA,NA,NA,NA,NA,NA,NA,NA,NA,NA,NA,NA,NA
"WRD 20-16 C_42.0_412.0",15.4,15.5666666666667,15.7333333333333,15.9,16.0666666666667,16.2333333333333,16.4,16.5666666666667,16.7333333333333,16.9,NA,NA,NA,NA,NA,NA,NA,NA,NA,NA,NA,NA,NA,NA,NA,NA,NA,NA,NA,NA,NA,NA
"WRD 20-16 C_42.0_413.0",15,15.0555555555556,15.1111111111111,15.1666666666667,15.2222222222222,15.2777777777778,15.3333333333333,15.3888888888889,15.4444444444444,15.5,NA,NA,NA,NA,NA,NA,NA,NA,NA,NA,NA,NA,NA,NA,NA,NA,NA,NA,NA,NA,NA,NA
"WRD 20-16 C_42.0_414.0",40,40.6777777777778,41.3555555555556,42.0333333333333,42.7111111111111,43.3888888888889,44.0666666666667,44.7444444444444,45.4222222222222,46.1,NA,NA,NA,NA,NA,NA,NA,NA,NA,NA,NA,NA,NA,NA,NA,NA,NA,NA,NA,NA,NA,NA
"WRD 20-16 C_42.0_415.0",32,32.7444444444444,33.4888888888889,34.2333333333333,34.9777777777778,35.7222222222222,36.4666666666667,37.2111111111111,37.9555555555555,38.7,NA,NA,NA,NA,NA,NA,NA,NA,NA,NA,NA,NA,NA,NA,NA,NA,NA,NA,NA,NA,NA,NA
"WRD 20-16 C_42.0_416.0",20,20.2777777777778,20.5555555555556,20.8333333333333,21.1111111111111,21.3888888888889,21.6666666666667,21.9444444444444,22.2222222222222,22.5,NA,NA,NA,NA,NA,NA,NA,NA,NA,NA,NA,NA,NA,NA,NA,NA,NA,NA,NA,NA,NA,NA
"WRD 20-16 C_42.0_417.0",20,20.3,20.6,20.9,21.2,21.5,21.8,22.1,22.4,22.7,NA,NA,NA,NA,NA,NA,NA,NA,NA,NA,NA,NA,NA,NA,NA,NA,NA,NA,NA,NA,NA,NA
"WRD 20-16 C_42.0_419.0",15,15.3,15.6,15.9,16.2,16.5,16.8,17.1,17.4,17.7,NA,NA,NA,NA,NA,NA,NA,NA,NA,NA,NA,NA,NA,NA,NA,NA,NA,NA,NA,NA,NA,NA
"WRD 20-16 C_42.0_420.0",22,22.6777777777778,23.3555555555556,24.0333333333333,24.7111111111111,25.3888888888889,26.0666666666667,26.7444444444444,27.4222222222222,28.1,NA,NA,NA,NA,NA,NA,NA,NA,NA,NA,NA,NA,NA,NA,NA,NA,NA,NA,NA,NA,NA,NA
"WRD 20-16 C_42.0_421.0",18,18.7444444444444,19.4888888888889,20.2333333333333,20.9777777777778,21.7222222222222,22.4666666666667,23.2111111111111,23.9555555555556,24.7,NA,NA,NA,NA,NA,NA,NA,NA,NA,NA,NA,NA,NA,NA,NA,NA,NA,NA,NA,NA,NA,NA
"WRD 20-16 C_42.0_422.0",50,50.3777777777778,50.7555555555556,51.1333333333333,51.5111111111111,51.8888888888889,52.2666666666667,52.6444444444444,53.0222222222222,53.4,NA,NA,NA,NA,NA,NA,NA,NA,NA,NA,NA,NA,NA,NA,NA,NA,NA,NA,NA,NA,NA,NA
"WRD 20-16 C_42.0_423.0",35,35.7333333333333,36.4666666666667,37.2,37.9333333333333,38.6666666666667,39.4,40.1333333333333,40.8666666666667,41.6,NA,NA,NA,NA,NA,NA,NA,NA,NA,NA,NA,NA,NA,NA,NA,NA,NA,NA,NA,NA,NA,NA
"WRD 20-16 C_42.0_424.0",24,23.8111111111111,23.6222222222222,23.4333333333333,23.2444444444444,23.0555555555556,22.8666666666667,22.6777777777778,22.4888888888889,22.3,NA,NA,NA,NA,NA,NA,NA,NA,NA,NA,NA,NA,NA,NA,NA,NA,NA,NA,NA,NA,NA,NA
"WRD 20-16 C_42.0_425.0",55,56.0888888888889,57.1777777777778,58.2666666666667,59.3555555555556,60.4444444444444,61.5333333333333,62.6222222222222,63.7111111111111,64.8,NA,NA,NA,NA,NA,NA,NA,NA,NA,NA,NA,NA,NA,NA,NA,NA,NA,NA,NA,NA,NA,NA
"WRD 20-16 C_43.0_1.0",49.1,49.1444444444444,49.1888888888889,49.2333333333333,49.2777777777778,49.3222222222222,49.3666666666667,49.4111111111111,49.4555555555555,49.5,NA,NA,NA,NA,NA,NA,NA,NA,NA,NA,NA,NA,NA,NA,NA,NA,NA,NA,NA,NA,NA,NA
"WRD 20-16 C_43.0_10.0",15.4,15.7222222222222,16.0444444444444,16.3666666666667,16.6888888888889,17.0111111111111,17.3333333333333,17.6555555555556,17.9777777777778,18.3,NA,NA,NA,NA,NA,NA,NA,NA,NA,NA,NA,NA,NA,NA,NA,NA,NA,NA,NA,NA,NA,NA
"WRD 20-16 C_43.0_11.0",18,18.3333333333333,18.6666666666667,19,19.3333333333333,19.6666666666667,20,20.3333333333333,20.6666666666667,21,NA,NA,NA,NA,NA,NA,NA,NA,NA,NA,NA,NA,NA,NA,NA,NA,NA,NA,NA,NA,NA,NA
"WRD 20-16 C_43.0_12.0",28,29.1222222222222,30.2444444444444,31.3666666666667,32.4888888888889,33.6111111111111,34.7333333333333,35.8555555555556,36.9777777777778,38.1,NA,NA,NA,NA,NA,NA,NA,NA,NA,NA,NA,NA,NA,NA,NA,NA,NA,NA,NA,NA,NA,NA
"WRD 20-16 C_43.0_14.0",24,24.7888888888889,25.5777777777778,26.3666666666667,27.1555555555556,27.9444444444444,28.7333333333333,29.5222222222222,30.3111111111111,31.1,NA,NA,NA,NA,NA,NA,NA,NA,NA,NA,NA,NA,NA,NA,NA,NA,NA,NA,NA,NA,NA,NA
"WRD 20-16 C_43.0_15.0",25,25.2777777777778,25.5555555555556,25.8333333333333,26.1111111111111,26.3888888888889,26.6666666666667,26.9444444444444,27.2222222222222,27.5,NA,NA,NA,NA,NA,NA,NA,NA,NA,NA,NA,NA,NA,NA,NA,NA,NA,NA,NA,NA,NA,NA
"WRD 20-16 C_43.0_16.0",19.5,20.2777777777778,21.0555555555556,21.8333333333333,22.6111111111111,23.3888888888889,24.1666666666667,24.9444444444444,25.7222222222222,26.5,NA,NA,NA,NA,NA,NA,NA,NA,NA,NA,NA,NA,NA,NA,NA,NA,NA,NA,NA,NA,NA,NA
"WRD 20-16 C_43.0_18.0",29.5,30.2777777777778,31.0555555555556,31.8333333333333,32.6111111111111,33.3888888888889,34.1666666666667,34.9444444444444,35.7222222222222,36.5,NA,NA,NA,NA,NA,NA,NA,NA,NA,NA,NA,NA,NA,NA,NA,NA,NA,NA,NA,NA,NA,NA
"WRD 20-16 C_43.0_19.0",28,29.3,30.6,31.9,33.2,34.5,35.8,37.1,38.4,39.7,NA,NA,NA,NA,NA,NA,NA,NA,NA,NA,NA,NA,NA,NA,NA,NA,NA,NA,NA,NA,NA,NA
"WRD 20-16 C_43.0_2.0",82.7,82.6444444444444,82.5888888888889,82.5333333333333,82.4777777777778,82.4222222222222,82.3666666666667,82.3111111111111,82.2555555555556,82.2,NA,NA,NA,NA,NA,NA,NA,NA,NA,NA,NA,NA,NA,NA,NA,NA,NA,NA,NA,NA,NA,NA
"WRD 20-16 C_43.0_21.0",33,34.1777777777778,35.3555555555556,36.5333333333333,37.7111111111111,38.8888888888889,40.0666666666667,41.2444444444444,42.4222222222222,43.6,NA,NA,NA,NA,NA,NA,NA,NA,NA,NA,NA,NA,NA,NA,NA,NA,NA,NA,NA,NA,NA,NA
"WRD 20-16 C_43.0_22.0",39,40.4111111111111,41.8222222222222,43.2333333333333,44.6444444444444,46.0555555555556,47.4666666666667,48.8777777777778,50.2888888888889,51.7,NA,NA,NA,NA,NA,NA,NA,NA,NA,NA,NA,NA,NA,NA,NA,NA,NA,NA,NA,NA,NA,NA
"WRD 20-16 C_43.0_23.0",15.4,15.5555555555556,15.7111111111111,15.8666666666667,16.0222222222222,16.1777777777778,16.3333333333333,16.4888888888889,16.6444444444444,16.8,NA,NA,NA,NA,NA,NA,NA,NA,NA,NA,NA,NA,NA,NA,NA,NA,NA,NA,NA,NA,NA,NA
"WRD 20-16 C_43.0_25.0",23,24.0222222222222,25.0444444444444,26.0666666666667,27.0888888888889,28.1111111111111,29.1333333333333,30.1555555555556,31.1777777777778,32.2,NA,NA,NA,NA,NA,NA,NA,NA,NA,NA,NA,NA,NA,NA,NA,NA,NA,NA,NA,NA,NA,NA
"WRD 20-16 C_43.0_27.0",17,17.1111111111111,17.2222222222222,17.3333333333333,17.4444444444444,17.5555555555556,17.6666666666667,17.7777777777778,17.8888888888889,18,NA,NA,NA,NA,NA,NA,NA,NA,NA,NA,NA,NA,NA,NA,NA,NA,NA,NA,NA,NA,NA,NA
"WRD 20-16 C_43.0_28.0",19,19.4444444444444,19.8888888888889,20.3333333333333,20.7777777777778,21.2222222222222,21.6666666666667,22.1111111111111,22.5555555555556,23,NA,NA,NA,NA,NA,NA,NA,NA,NA,NA,NA,NA,NA,NA,NA,NA,NA,NA,NA,NA,NA,NA
"WRD 20-16 C_43.0_29.0",24,24.6444444444444,25.2888888888889,25.9333333333333,26.5777777777778,27.2222222222222,27.8666666666667,28.5111111111111,29.1555555555556,29.8,NA,NA,NA,NA,NA,NA,NA,NA,NA,NA,NA,NA,NA,NA,NA,NA,NA,NA,NA,NA,NA,NA
"WRD 20-16 C_43.0_30.0",33,34.3555555555556,35.7111111111111,37.0666666666667,38.4222222222222,39.7777777777778,41.1333333333333,42.4888888888889,43.8444444444444,45.2,NA,NA,NA,NA,NA,NA,NA,NA,NA,NA,NA,NA,NA,NA,NA,NA,NA,NA,NA,NA,NA,NA
"WRD 20-16 C_43.0_31.0",17,17.2666666666667,17.5333333333333,17.8,18.0666666666667,18.3333333333333,18.6,18.8666666666667,19.1333333333333,19.4,NA,NA,NA,NA,NA,NA,NA,NA,NA,NA,NA,NA,NA,NA,NA,NA,NA,NA,NA,NA,NA,NA
"WRD 20-16 C_43.0_32.0",17,17.4111111111111,17.8222222222222,18.2333333333333,18.6444444444444,19.0555555555556,19.4666666666667,19.8777777777778,20.2888888888889,20.7,NA,NA,NA,NA,NA,NA,NA,NA,NA,NA,NA,NA,NA,NA,NA,NA,NA,NA,NA,NA,NA,NA
"WRD 20-16 C_43.0_33.0",16,16.6222222222222,17.2444444444444,17.8666666666667,18.4888888888889,19.1111111111111,19.7333333333333,20.3555555555556,20.9777777777778,21.6,NA,NA,NA,NA,NA,NA,NA,NA,NA,NA,NA,NA,NA,NA,NA,NA,NA,NA,NA,NA,NA,NA
"WRD 20-16 C_43.0_34.0",17,17.4555555555556,17.9111111111111,18.3666666666667,18.8222222222222,19.2777777777778,19.7333333333333,20.1888888888889,20.6444444444444,21.1,NA,NA,NA,NA,NA,NA,NA,NA,NA,NA,NA,NA,NA,NA,NA,NA,NA,NA,NA,NA,NA,NA
"WRD 20-16 C_43.0_35.0",32,33.2444444444444,34.4888888888889,35.7333333333333,36.9777777777778,38.2222222222222,39.4666666666667,40.7111111111111,41.9555555555555,43.2,NA,NA,NA,NA,NA,NA,NA,NA,NA,NA,NA,NA,NA,NA,NA,NA,NA,NA,NA,NA,NA,NA
"WRD 20-16 C_43.0_36.0",26,26.7222222222222,27.4444444444444,28.1666666666667,28.8888888888889,29.6111111111111,30.3333333333333,31.0555555555556,31.7777777777778,32.5,NA,NA,NA,NA,NA,NA,NA,NA,NA,NA,NA,NA,NA,NA,NA,NA,NA,NA,NA,NA,NA,NA
"WRD 20-16 C_43.0_37.0",35,36.2444444444444,37.4888888888889,38.7333333333333,39.9777777777778,41.2222222222222,42.4666666666667,43.7111111111111,44.9555555555555,46.2,NA,NA,NA,NA,NA,NA,NA,NA,NA,NA,NA,NA,NA,NA,NA,NA,NA,NA,NA,NA,NA,NA
"WRD 20-16 C_43.0_38.0",17,17.3777777777778,17.7555555555556,18.1333333333333,18.5111111111111,18.8888888888889,19.2666666666667,19.6444444444444,20.0222222222222,20.4,NA,NA,NA,NA,NA,NA,NA,NA,NA,NA,NA,NA,NA,NA,NA,NA,NA,NA,NA,NA,NA,NA
"WRD 20-16 C_43.0_4.0",16,16.0888888888889,16.1777777777778,16.2666666666667,16.3555555555556,16.4444444444444,16.5333333333333,16.6222222222222,16.7111111111111,16.8,NA,NA,NA,NA,NA,NA,NA,NA,NA,NA,NA,NA,NA,NA,NA,NA,NA,NA,NA,NA,NA,NA
"WRD 20-16 C_43.0_40.0",39,40.1888888888889,41.3777777777778,42.5666666666667,43.7555555555556,44.9444444444444,46.1333333333333,47.3222222222222,48.5111111111111,49.7,NA,NA,NA,NA,NA,NA,NA,NA,NA,NA,NA,NA,NA,NA,NA,NA,NA,NA,NA,NA,NA,NA
"WRD 20-16 C_43.0_41.0",24,24.3888888888889,24.7777777777778,25.1666666666667,25.5555555555556,25.9444444444444,26.3333333333333,26.7222222222222,27.1111111111111,27.5,NA,NA,NA,NA,NA,NA,NA,NA,NA,NA,NA,NA,NA,NA,NA,NA,NA,NA,NA,NA,NA,NA
"WRD 20-16 C_43.0_42.0",16,16.1333333333333,16.2666666666667,16.4,16.5333333333333,16.6666666666667,16.8,16.9333333333333,17.0666666666667,17.2,NA,NA,NA,NA,NA,NA,NA,NA,NA,NA,NA,NA,NA,NA,NA,NA,NA,NA,NA,NA,NA,NA
"WRD 20-16 C_43.0_43.0",34,34.9444444444444,35.8888888888889,36.8333333333333,37.7777777777778,38.7222222222222,39.6666666666667,40.6111111111111,41.5555555555556,42.5,NA,NA,NA,NA,NA,NA,NA,NA,NA,NA,NA,NA,NA,NA,NA,NA,NA,NA,NA,NA,NA,NA
"WRD 20-16 C_43.0_44.0",15,15.2111111111111,15.4222222222222,15.6333333333333,15.8444444444444,16.0555555555556,16.2666666666667,16.4777777777778,16.6888888888889,16.9,NA,NA,NA,NA,NA,NA,NA,NA,NA,NA,NA,NA,NA,NA,NA,NA,NA,NA,NA,NA,NA,NA
"WRD 20-16 C_43.0_45.0",16,16.4222222222222,16.8444444444444,17.2666666666667,17.6888888888889,18.1111111111111,18.5333333333333,18.9555555555556,19.3777777777778,19.8,NA,NA,NA,NA,NA,NA,NA,NA,NA,NA,NA,NA,NA,NA,NA,NA,NA,NA,NA,NA,NA,NA
"WRD 20-16 C_43.0_46.0",16,16.1555555555556,16.3111111111111,16.4666666666667,16.6222222222222,16.7777777777778,16.9333333333333,17.0888888888889,17.2444444444444,17.4,NA,NA,NA,NA,NA,NA,NA,NA,NA,NA,NA,NA,NA,NA,NA,NA,NA,NA,NA,NA,NA,NA
"WRD 20-16 C_43.0_47.0",21,21.7222222222222,22.4444444444444,23.1666666666667,23.8888888888889,24.6111111111111,25.3333333333333,26.0555555555556,26.7777777777778,27.5,NA,NA,NA,NA,NA,NA,NA,NA,NA,NA,NA,NA,NA,NA,NA,NA,NA,NA,NA,NA,NA,NA
"WRD 20-16 C_43.0_49.0",15,15.5111111111111,16.0222222222222,16.5333333333333,17.0444444444444,17.5555555555556,18.0666666666667,18.5777777777778,19.0888888888889,19.6,NA,NA,NA,NA,NA,NA,NA,NA,NA,NA,NA,NA,NA,NA,NA,NA,NA,NA,NA,NA,NA,NA
"WRD 20-16 C_43.0_5.0",15,15.5,16,16.5,17,17.5,18,18.5,19,19.5,NA,NA,NA,NA,NA,NA,NA,NA,NA,NA,NA,NA,NA,NA,NA,NA,NA,NA,NA,NA,NA,NA
"WRD 20-16 C_43.0_50.0",37,38.5,40,41.5,43,44.5,46,47.5,49,50.5,NA,NA,NA,NA,NA,NA,NA,NA,NA,NA,NA,NA,NA,NA,NA,NA,NA,NA,NA,NA,NA,NA
"WRD 20-16 C_43.0_51.0",23.7,23.7111111111111,23.7222222222222,23.7333333333333,23.7444444444444,23.7555555555556,23.7666666666667,23.7777777777778,23.7888888888889,23.8,NA,NA,NA,NA,NA,NA,NA,NA,NA,NA,NA,NA,NA,NA,NA,NA,NA,NA,NA,NA,NA,NA
"WRD 20-16 C_43.0_52.0",34.5,34.8222222222222,35.1444444444444,35.4666666666667,35.7888888888889,36.1111111111111,36.4333333333333,36.7555555555556,37.0777777777778,37.4,NA,NA,NA,NA,NA,NA,NA,NA,NA,NA,NA,NA,NA,NA,NA,NA,NA,NA,NA,NA,NA,NA
"WRD 20-16 C_43.0_53.0",33,33.9,34.8,35.7,36.6,37.5,38.4,39.3,40.2,41.1,NA,NA,NA,NA,NA,NA,NA,NA,NA,NA,NA,NA,NA,NA,NA,NA,NA,NA,NA,NA,NA,NA
"WRD 20-16 C_43.0_54.0",27,27.2777777777778,27.5555555555556,27.8333333333333,28.1111111111111,28.3888888888889,28.6666666666667,28.9444444444444,29.2222222222222,29.5,NA,NA,NA,NA,NA,NA,NA,NA,NA,NA,NA,NA,NA,NA,NA,NA,NA,NA,NA,NA,NA,NA
"WRD 20-16 C_43.0_56.0",74,74.0222222222222,74.0444444444445,74.0666666666667,74.0888888888889,74.1111111111111,74.1333333333333,74.1555555555556,74.1777777777778,74.2,NA,NA,NA,NA,NA,NA,NA,NA,NA,NA,NA,NA,NA,NA,NA,NA,NA,NA,NA,NA,NA,NA
"WRD 20-16 C_43.0_57.0",34,35.5,37,38.5,40,41.5,43,44.5,46,47.5,NA,NA,NA,NA,NA,NA,NA,NA,NA,NA,NA,NA,NA,NA,NA,NA,NA,NA,NA,NA,NA,NA
"WRD 20-16 C_43.0_58.0",49.9,50.1222222222222,50.3444444444444,50.5666666666667,50.7888888888889,51.0111111111111,51.2333333333333,51.4555555555555,51.6777777777778,51.9,NA,NA,NA,NA,NA,NA,NA,NA,NA,NA,NA,NA,NA,NA,NA,NA,NA,NA,NA,NA,NA,NA
"WRD 20-16 C_43.0_8.0",27,27.7888888888889,28.5777777777778,29.3666666666667,30.1555555555556,30.9444444444444,31.7333333333333,32.5222222222222,33.3111111111111,34.1,NA,NA,NA,NA,NA,NA,NA,NA,NA,NA,NA,NA,NA,NA,NA,NA,NA,NA,NA,NA,NA,NA
"WRD 20-16 C_44.0_383.0",52,52.6111111111111,53.2222222222222,53.8333333333333,54.4444444444444,55.0555555555556,55.6666666666667,56.2777777777778,56.8888888888889,57.5,NA,NA,NA,NA,NA,NA,NA,NA,NA,NA,NA,NA,NA,NA,NA,NA,NA,NA,NA,NA,NA,NA
"WRD 20-16 C_44.0_396.0",27,27.1,27.2,27.3,27.4,27.5,27.6,27.7,27.8,27.9,NA,NA,NA,NA,NA,NA,NA,NA,NA,NA,NA,NA,NA,NA,NA,NA,NA,NA,NA,NA,NA,NA
"WRD 20-16 C_44.0_397.0",44,44.7222222222222,45.4444444444444,46.1666666666667,46.8888888888889,47.6111111111111,48.3333333333333,49.0555555555556,49.7777777777778,50.5,NA,NA,NA,NA,NA,NA,NA,NA,NA,NA,NA,NA,NA,NA,NA,NA,NA,NA,NA,NA,NA,NA
"WRD 20-16 C_44.0_399.0",46,46.5555555555556,47.1111111111111,47.6666666666667,48.2222222222222,48.7777777777778,49.3333333333333,49.8888888888889,50.4444444444444,51,NA,NA,NA,NA,NA,NA,NA,NA,NA,NA,NA,NA,NA,NA,NA,NA,NA,NA,NA,NA,NA,NA
"WRD 20-16 C_44.0_400.0",19,19.1444444444444,19.2888888888889,19.4333333333333,19.5777777777778,19.7222222222222,19.8666666666667,20.0111111111111,20.1555555555556,20.3,NA,NA,NA,NA,NA,NA,NA,NA,NA,NA,NA,NA,NA,NA,NA,NA,NA,NA,NA,NA,NA,NA
"WRD 20-16 C_44.0_426.0",21,21,21,21,21,21,21,21,21,21,NA,NA,NA,NA,NA,NA,NA,NA,NA,NA,NA,NA,NA,NA,NA,NA,NA,NA,NA,NA,NA,NA
"WRD 20-16 C_44.0_427.0",43,42.9444444444444,42.8888888888889,42.8333333333333,42.7777777777778,42.7222222222222,42.6666666666667,42.6111111111111,42.5555555555556,42.5,NA,NA,NA,NA,NA,NA,NA,NA,NA,NA,NA,NA,NA,NA,NA,NA,NA,NA,NA,NA,NA,NA
"WRD 20-16 C_44.0_428.0",37,37,37,37,37,37,37,37,37,37,NA,NA,NA,NA,NA,NA,NA,NA,NA,NA,NA,NA,NA,NA,NA,NA,NA,NA,NA,NA,NA,NA
"WRD 20-16 C_44.0_429.0",44,44.5111111111111,45.0222222222222,45.5333333333333,46.0444444444445,46.5555555555556,47.0666666666667,47.5777777777778,48.0888888888889,48.6,NA,NA,NA,NA,NA,NA,NA,NA,NA,NA,NA,NA,NA,NA,NA,NA,NA,NA,NA,NA,NA,NA
"WRD 20-16 C_44.0_430.0",47,47.3,47.6,47.9,48.2,48.5,48.8,49.1,49.4,49.7,NA,NA,NA,NA,NA,NA,NA,NA,NA,NA,NA,NA,NA,NA,NA,NA,NA,NA,NA,NA,NA,NA
"WRD 20-16 C_44.0_431.0",41,41.5777777777778,42.1555555555556,42.7333333333333,43.3111111111111,43.8888888888889,44.4666666666667,45.0444444444445,45.6222222222222,46.2,NA,NA,NA,NA,NA,NA,NA,NA,NA,NA,NA,NA,NA,NA,NA,NA,NA,NA,NA,NA,NA,NA
"WRD 20-16 C_44.0_432.0",19,19.0555555555556,19.1111111111111,19.1666666666667,19.2222222222222,19.2777777777778,19.3333333333333,19.3888888888889,19.4444444444444,19.5,NA,NA,NA,NA,NA,NA,NA,NA,NA,NA,NA,NA,NA,NA,NA,NA,NA,NA,NA,NA,NA,NA
"WRD 20-16 C_44.0_433.0",32,32.0444444444444,32.0888888888889,32.1333333333333,32.1777777777778,32.2222222222222,32.2666666666667,32.3111111111111,32.3555555555556,32.4,NA,NA,NA,NA,NA,NA,NA,NA,NA,NA,NA,NA,NA,NA,NA,NA,NA,NA,NA,NA,NA,NA
"WRD 20-16 C_44.0_434.0",41,40.9666666666667,40.9333333333333,40.9,40.8666666666667,40.8333333333333,40.8,40.7666666666667,40.7333333333333,40.7,NA,NA,NA,NA,NA,NA,NA,NA,NA,NA,NA,NA,NA,NA,NA,NA,NA,NA,NA,NA,NA,NA
"WRD 20-16 C_44.0_435.0",51,51.3,51.6,51.9,52.2,52.5,52.8,53.1,53.4,53.7,NA,NA,NA,NA,NA,NA,NA,NA,NA,NA,NA,NA,NA,NA,NA,NA,NA,NA,NA,NA,NA,NA
"WRD 20-16 C_44.0_59.0",58,58.3222222222222,58.6444444444444,58.9666666666667,59.2888888888889,59.6111111111111,59.9333333333333,60.2555555555556,60.5777777777778,60.9,NA,NA,NA,NA,NA,NA,NA,NA,NA,NA,NA,NA,NA,NA,NA,NA,NA,NA,NA,NA,NA,NA
"WRD 20-16 C_44.0_60.0",16,16.0888888888889,16.1777777777778,16.2666666666667,16.3555555555556,16.4444444444444,16.5333333333333,16.6222222222222,16.7111111111111,16.8,NA,NA,NA,NA,NA,NA,NA,NA,NA,NA,NA,NA,NA,NA,NA,NA,NA,NA,NA,NA,NA,NA
"WRD 20-16 C_44.0_61.0",23,22.9888888888889,22.9777777777778,22.9666666666667,22.9555555555556,22.9444444444444,22.9333333333333,22.9222222222222,22.9111111111111,22.9,NA,NA,NA,NA,NA,NA,NA,NA,NA,NA,NA,NA,NA,NA,NA,NA,NA,NA,NA,NA,NA,NA
"WRD 20-16 C_44.0_62.0",22,22.1111111111111,22.2222222222222,22.3333333333333,22.4444444444444,22.5555555555556,22.6666666666667,22.7777777777778,22.8888888888889,23,NA,NA,NA,NA,NA,NA,NA,NA,NA,NA,NA,NA,NA,NA,NA,NA,NA,NA,NA,NA,NA,NA
"WRD 20-16 C_44.0_63.0",46,46.9333333333333,47.8666666666667,48.8,49.7333333333333,50.6666666666667,51.6,52.5333333333333,53.4666666666667,54.4,NA,NA,NA,NA,NA,NA,NA,NA,NA,NA,NA,NA,NA,NA,NA,NA,NA,NA,NA,NA,NA,NA
"WRD 20-16 C_44.0_64.0",56,56.0222222222222,56.0444444444445,56.0666666666667,56.0888888888889,56.1111111111111,56.1333333333333,56.1555555555556,56.1777777777778,56.2,NA,NA,NA,NA,NA,NA,NA,NA,NA,NA,NA,NA,NA,NA,NA,NA,NA,NA,NA,NA,NA,NA
"WRD 20-16 C_44.0_65.0",85,85.4666666666667,85.9333333333333,86.4,86.8666666666667,87.3333333333333,87.8,88.2666666666667,88.7333333333333,89.2,NA,NA,NA,NA,NA,NA,NA,NA,NA,NA,NA,NA,NA,NA,NA,NA,NA,NA,NA,NA,NA,NA
"WRD 20-16 C_44.0_67.0",17,17.1111111111111,17.2222222222222,17.3333333333333,17.4444444444444,17.5555555555556,17.6666666666667,17.7777777777778,17.8888888888889,18,NA,NA,NA,NA,NA,NA,NA,NA,NA,NA,NA,NA,NA,NA,NA,NA,NA,NA,NA,NA,NA,NA
"WRD 20-16 C_44.0_70.0",19,19.1222222222222,19.2444444444444,19.3666666666667,19.4888888888889,19.6111111111111,19.7333333333333,19.8555555555556,19.9777777777778,20.1,NA,NA,NA,NA,NA,NA,NA,NA,NA,NA,NA,NA,NA,NA,NA,NA,NA,NA,NA,NA,NA,NA
"WRD 20-16 C_44.0_71.0",31,31.0333333333333,31.0666666666667,31.1,31.1333333333333,31.1666666666667,31.2,31.2333333333333,31.2666666666667,31.3,NA,NA,NA,NA,NA,NA,NA,NA,NA,NA,NA,NA,NA,NA,NA,NA,NA,NA,NA,NA,NA,NA
"WRD 20-16 C_44.0_72.0",24,24.0444444444444,24.0888888888889,24.1333333333333,24.1777777777778,24.2222222222222,24.2666666666667,24.3111111111111,24.3555555555556,24.4,NA,NA,NA,NA,NA,NA,NA,NA,NA,NA,NA,NA,NA,NA,NA,NA,NA,NA,NA,NA,NA,NA
"WRD 20-16 C_44.0_73.0",31,30.7444444444444,30.4888888888889,30.2333333333333,29.9777777777778,29.7222222222222,29.4666666666667,29.2111111111111,28.9555555555556,28.7,NA,NA,NA,NA,NA,NA,NA,NA,NA,NA,NA,NA,NA,NA,NA,NA,NA,NA,NA,NA,NA,NA
"WRD 20-16 C_44.0_75.0",53,53.5444444444445,54.0888888888889,54.6333333333333,55.1777777777778,55.7222222222222,56.2666666666667,56.8111111111111,57.3555555555556,57.9,NA,NA,NA,NA,NA,NA,NA,NA,NA,NA,NA,NA,NA,NA,NA,NA,NA,NA,NA,NA,NA,NA
"WRD 20-16 C_44.0_76.0",17,17.0888888888889,17.1777777777778,17.2666666666667,17.3555555555556,17.4444444444444,17.5333333333333,17.6222222222222,17.7111111111111,17.8,NA,NA,NA,NA,NA,NA,NA,NA,NA,NA,NA,NA,NA,NA,NA,NA,NA,NA,NA,NA,NA,NA
"WRD 20-16 C_44.0_77.0",15,15.0444444444444,15.0888888888889,15.1333333333333,15.1777777777778,15.2222222222222,15.2666666666667,15.3111111111111,15.3555555555556,15.4,NA,NA,NA,NA,NA,NA,NA,NA,NA,NA,NA,NA,NA,NA,NA,NA,NA,NA,NA,NA,NA,NA
"WRD 20-16 C_44.0_78.0",44,44.2333333333333,44.4666666666667,44.7,44.9333333333333,45.1666666666667,45.4,45.6333333333333,45.8666666666667,46.1,NA,NA,NA,NA,NA,NA,NA,NA,NA,NA,NA,NA,NA,NA,NA,NA,NA,NA,NA,NA,NA,NA
"WRD 20-16 C_44.0_79.0",34,34.2,34.4,34.6,34.8,35,35.2,35.4,35.6,35.8,NA,NA,NA,NA,NA,NA,NA,NA,NA,NA,NA,NA,NA,NA,NA,NA,NA,NA,NA,NA,NA,NA
"WRD 20-16 C_44.0_80.0",16,16.1555555555556,16.3111111111111,16.4666666666667,16.6222222222222,16.7777777777778,16.9333333333333,17.0888888888889,17.2444444444444,17.4,NA,NA,NA,NA,NA,NA,NA,NA,NA,NA,NA,NA,NA,NA,NA,NA,NA,NA,NA,NA,NA,NA
"WRD 20-16 C_44.0_81.0",18,18.3,18.6,18.9,19.2,19.5,19.8,20.1,20.4,20.7,NA,NA,NA,NA,NA,NA,NA,NA,NA,NA,NA,NA,NA,NA,NA,NA,NA,NA,NA,NA,NA,NA
"WRD 20-16 C_44.0_82.0",32,32.0777777777778,32.1555555555556,32.2333333333333,32.3111111111111,32.3888888888889,32.4666666666667,32.5444444444444,32.6222222222222,32.7,NA,NA,NA,NA,NA,NA,NA,NA,NA,NA,NA,NA,NA,NA,NA,NA,NA,NA,NA,NA,NA,NA
"WRD 20-16 C_44.0_83.0",68,68.4222222222222,68.8444444444444,69.2666666666667,69.6888888888889,70.1111111111111,70.5333333333333,70.9555555555555,71.3777777777778,71.8,NA,NA,NA,NA,NA,NA,NA,NA,NA,NA,NA,NA,NA,NA,NA,NA,NA,NA,NA,NA,NA,NA
"WRD 20-16 C_44.0_84.0",37,36.6666666666667,36.3333333333333,36,35.6666666666667,35.3333333333333,35,34.6666666666667,34.3333333333333,34,NA,NA,NA,NA,NA,NA,NA,NA,NA,NA,NA,NA,NA,NA,NA,NA,NA,NA,NA,NA,NA,NA
"WRD 20-16 C_44.0_85.0",39,39.5222222222222,40.0444444444445,40.5666666666667,41.0888888888889,41.6111111111111,42.1333333333333,42.6555555555556,43.1777777777778,43.7,NA,NA,NA,NA,NA,NA,NA,NA,NA,NA,NA,NA,NA,NA,NA,NA,NA,NA,NA,NA,NA,NA
"WRD 20-16 C_44.0_86.0",48,48.3888888888889,48.7777777777778,49.1666666666667,49.5555555555556,49.9444444444444,50.3333333333333,50.7222222222222,51.1111111111111,51.5,NA,NA,NA,NA,NA,NA,NA,NA,NA,NA,NA,NA,NA,NA,NA,NA,NA,NA,NA,NA,NA,NA
"WRD 20-16 C_44.0_87.0",26,26.0333333333333,26.0666666666667,26.1,26.1333333333333,26.1666666666667,26.2,26.2333333333333,26.2666666666667,26.3,NA,NA,NA,NA,NA,NA,NA,NA,NA,NA,NA,NA,NA,NA,NA,NA,NA,NA,NA,NA,NA,NA
"WRD 20-16 C_44.0_88.0",34,34.3555555555556,34.7111111111111,35.0666666666667,35.4222222222222,35.7777777777778,36.1333333333333,36.4888888888889,36.8444444444444,37.2,NA,NA,NA,NA,NA,NA,NA,NA,NA,NA,NA,NA,NA,NA,NA,NA,NA,NA,NA,NA,NA,NA
"WRD 20-16 C_44.0_89.0",60,59.9555555555555,59.9111111111111,59.8666666666667,59.8222222222222,59.7777777777778,59.7333333333333,59.6888888888889,59.6444444444444,59.6,NA,NA,NA,NA,NA,NA,NA,NA,NA,NA,NA,NA,NA,NA,NA,NA,NA,NA,NA,NA,NA,NA
"WRD 20-16 C_44.0_90.0",62,62.2777777777778,62.5555555555556,62.8333333333333,63.1111111111111,63.3888888888889,63.6666666666667,63.9444444444444,64.2222222222222,64.5,NA,NA,NA,NA,NA,NA,NA,NA,NA,NA,NA,NA,NA,NA,NA,NA,NA,NA,NA,NA,NA,NA
"WRD 20-16 C_44.0_91.0",57,57.9333333333333,58.8666666666667,59.8,60.7333333333333,61.6666666666667,62.6,63.5333333333333,64.4666666666667,65.4,NA,NA,NA,NA,NA,NA,NA,NA,NA,NA,NA,NA,NA,NA,NA,NA,NA,NA,NA,NA,NA,NA
"WRD 20-16 C_44.0_93.0",23,23.5555555555556,24.1111111111111,24.6666666666667,25.2222222222222,25.7777777777778,26.3333333333333,26.8888888888889,27.4444444444444,28,NA,NA,NA,NA,NA,NA,NA,NA,NA,NA,NA,NA,NA,NA,NA,NA,NA,NA,NA,NA,NA,NA
"WRD 20-16 C_44.0_94.0",30,30.0333333333333,30.0666666666667,30.1,30.1333333333333,30.1666666666667,30.2,30.2333333333333,30.2666666666667,30.3,NA,NA,NA,NA,NA,NA,NA,NA,NA,NA,NA,NA,NA,NA,NA,NA,NA,NA,NA,NA,NA,NA
"WRD 20-16 C_44.0_95.0",22,22.2555555555556,22.5111111111111,22.7666666666667,23.0222222222222,23.2777777777778,23.5333333333333,23.7888888888889,24.0444444444444,24.3,NA,NA,NA,NA,NA,NA,NA,NA,NA,NA,NA,NA,NA,NA,NA,NA,NA,NA,NA,NA,NA,NA
"WRD 20-16 C_44.0_96.0",18,18.2666666666667,18.5333333333333,18.8,19.0666666666667,19.3333333333333,19.6,19.8666666666667,20.1333333333333,20.4,NA,NA,NA,NA,NA,NA,NA,NA,NA,NA,NA,NA,NA,NA,NA,NA,NA,NA,NA,NA,NA,NA
"WRD 20-16 C_44.0_97.0",36,36.5555555555556,37.1111111111111,37.6666666666667,38.2222222222222,38.7777777777778,39.3333333333333,39.8888888888889,40.4444444444444,41,NA,NA,NA,NA,NA,NA,NA,NA,NA,NA,NA,NA,NA,NA,NA,NA,NA,NA,NA,NA,NA,NA
"WRD 20-16 C_44.0_98.0",23,23.4333333333333,23.8666666666667,24.3,24.7333333333333,25.1666666666667,25.6,26.0333333333333,26.4666666666667,26.9,NA,NA,NA,NA,NA,NA,NA,NA,NA,NA,NA,NA,NA,NA,NA,NA,NA,NA,NA,NA,NA,NA
"WRD 20-16 C_44.0_99.0",27,27.0888888888889,27.1777777777778,27.2666666666667,27.3555555555556,27.4444444444444,27.5333333333333,27.6222222222222,27.7111111111111,27.8,NA,NA,NA,NA,NA,NA,NA,NA,NA,NA,NA,NA,NA,NA,NA,NA,NA,NA,NA,NA,NA,NA
"WRD 20-16 C_54.0_501.0",30,30.4222222222222,30.8444444444444,31.2666666666667,31.6888888888889,32.1111111111111,32.5333333333333,32.9555555555556,33.3777777777778,33.8,NA,NA,NA,NA,NA,NA,NA,NA,NA,NA,NA,NA,NA,NA,NA,NA,NA,NA,NA,NA,NA,NA
"WRD 20-16 C_54.0_502.0",27,27.4222222222222,27.8444444444444,28.2666666666667,28.6888888888889,29.1111111111111,29.5333333333333,29.9555555555556,30.3777777777778,30.8,NA,NA,NA,NA,NA,NA,NA,NA,NA,NA,NA,NA,NA,NA,NA,NA,NA,NA,NA,NA,NA,NA
"WRD 20-16 C_54.0_503.0",43,43.8888888888889,44.7777777777778,45.6666666666667,46.5555555555556,47.4444444444444,48.3333333333333,49.2222222222222,50.1111111111111,51,NA,NA,NA,NA,NA,NA,NA,NA,NA,NA,NA,NA,NA,NA,NA,NA,NA,NA,NA,NA,NA,NA
"WRD 20-16 C_54.0_505.0",32,32.1333333333333,32.2666666666667,32.4,32.5333333333333,32.6666666666667,32.8,32.9333333333333,33.0666666666667,33.2,NA,NA,NA,NA,NA,NA,NA,NA,NA,NA,NA,NA,NA,NA,NA,NA,NA,NA,NA,NA,NA,NA
"WRD 20-16 C_54.0_506.0",28,28.3666666666667,28.7333333333333,29.1,29.4666666666667,29.8333333333333,30.2,30.5666666666667,30.9333333333333,31.3,NA,NA,NA,NA,NA,NA,NA,NA,NA,NA,NA,NA,NA,NA,NA,NA,NA,NA,NA,NA,NA,NA
"WRD 20-16 C_54.0_507.0",18,18.2444444444444,18.4888888888889,18.7333333333333,18.9777777777778,19.2222222222222,19.4666666666667,19.7111111111111,19.9555555555556,20.2,NA,NA,NA,NA,NA,NA,NA,NA,NA,NA,NA,NA,NA,NA,NA,NA,NA,NA,NA,NA,NA,NA
"WRD 20-16 C_54.0_508.0",18,18.2555555555556,18.5111111111111,18.7666666666667,19.0222222222222,19.2777777777778,19.5333333333333,19.7888888888889,20.0444444444444,20.3,NA,NA,NA,NA,NA,NA,NA,NA,NA,NA,NA,NA,NA,NA,NA,NA,NA,NA,NA,NA,NA,NA
"WRD 20-16 C_54.0_511.0",38,38.8,39.6,40.4,41.2,42,42.8,43.6,44.4,45.2,NA,NA,NA,NA,NA,NA,NA,NA,NA,NA,NA,NA,NA,NA,NA,NA,NA,NA,NA,NA,NA,NA
"WRD 20-16 C_54.0_512.0",15,15.3222222222222,15.6444444444444,15.9666666666667,16.2888888888889,16.6111111111111,16.9333333333333,17.2555555555556,17.5777777777778,17.9,NA,NA,NA,NA,NA,NA,NA,NA,NA,NA,NA,NA,NA,NA,NA,NA,NA,NA,NA,NA,NA,NA
"WRD 20-16 C_54.0_513.0",15,15.0777777777778,15.1555555555556,15.2333333333333,15.3111111111111,15.3888888888889,15.4666666666667,15.5444444444444,15.6222222222222,15.7,NA,NA,NA,NA,NA,NA,NA,NA,NA,NA,NA,NA,NA,NA,NA,NA,NA,NA,NA,NA,NA,NA
"WRD 20-16 C_54.0_514.0",28,28.3777777777778,28.7555555555556,29.1333333333333,29.5111111111111,29.8888888888889,30.2666666666667,30.6444444444444,31.0222222222222,31.4,NA,NA,NA,NA,NA,NA,NA,NA,NA,NA,NA,NA,NA,NA,NA,NA,NA,NA,NA,NA,NA,NA
"WRD 20-16 C_54.0_515.0",25,25.3,25.6,25.9,26.2,26.5,26.8,27.1,27.4,27.7,NA,NA,NA,NA,NA,NA,NA,NA,NA,NA,NA,NA,NA,NA,NA,NA,NA,NA,NA,NA,NA,NA
"WRD 20-16 C_54.0_516.0",20,20.3888888888889,20.7777777777778,21.1666666666667,21.5555555555556,21.9444444444444,22.3333333333333,22.7222222222222,23.1111111111111,23.5,NA,NA,NA,NA,NA,NA,NA,NA,NA,NA,NA,NA,NA,NA,NA,NA,NA,NA,NA,NA,NA,NA
"WRD 20-16 C_54.0_517.0",20,20.3333333333333,20.6666666666667,21,21.3333333333333,21.6666666666667,22,22.3333333333333,22.6666666666667,23,NA,NA,NA,NA,NA,NA,NA,NA,NA,NA,NA,NA,NA,NA,NA,NA,NA,NA,NA,NA,NA,NA
"WRD 20-16 C_54.0_518.0",17,17.3888888888889,17.7777777777778,18.1666666666667,18.5555555555556,18.9444444444444,19.3333333333333,19.7222222222222,20.1111111111111,20.5,NA,NA,NA,NA,NA,NA,NA,NA,NA,NA,NA,NA,NA,NA,NA,NA,NA,NA,NA,NA,NA,NA
"WRD 20-16 C_54.0_519.0",58,58.7,59.4,60.1,60.8,61.5,62.2,62.9,63.6,64.3,NA,NA,NA,NA,NA,NA,NA,NA,NA,NA,NA,NA,NA,NA,NA,NA,NA,NA,NA,NA,NA,NA
"WRD 20-16 C_54.0_524.0",53,53.3222222222222,53.6444444444444,53.9666666666667,54.2888888888889,54.6111111111111,54.9333333333333,55.2555555555556,55.5777777777778,55.9,NA,NA,NA,NA,NA,NA,NA,NA,NA,NA,NA,NA,NA,NA,NA,NA,NA,NA,NA,NA,NA,NA
"WRD 20-16 C_54.0_525.0",41,41.1555555555556,41.3111111111111,41.4666666666667,41.6222222222222,41.7777777777778,41.9333333333333,42.0888888888889,42.2444444444444,42.4,NA,NA,NA,NA,NA,NA,NA,NA,NA,NA,NA,NA,NA,NA,NA,NA,NA,NA,NA,NA,NA,NA
"WRD 20-16 C_54.0_526.0",30,30.5777777777778,31.1555555555556,31.7333333333333,32.3111111111111,32.8888888888889,33.4666666666667,34.0444444444444,34.6222222222222,35.2,NA,NA,NA,NA,NA,NA,NA,NA,NA,NA,NA,NA,NA,NA,NA,NA,NA,NA,NA,NA,NA,NA
"WRD 20-16 C_54.0_528.0",40,40.1111111111111,40.2222222222222,40.3333333333333,40.4444444444444,40.5555555555556,40.6666666666667,40.7777777777778,40.8888888888889,41,NA,NA,NA,NA,NA,NA,NA,NA,NA,NA,NA,NA,NA,NA,NA,NA,NA,NA,NA,NA,NA,NA
"WRD 20-16 C_54.0_529.0",16,16.2111111111111,16.4222222222222,16.6333333333333,16.8444444444444,17.0555555555556,17.2666666666667,17.4777777777778,17.6888888888889,17.9,NA,NA,NA,NA,NA,NA,NA,NA,NA,NA,NA,NA,NA,NA,NA,NA,NA,NA,NA,NA,NA,NA
"WRD 20-16 C_54.0_530.0",59,59.5222222222222,60.0444444444445,60.5666666666667,61.0888888888889,61.6111111111111,62.1333333333333,62.6555555555556,63.1777777777778,63.7,NA,NA,NA,NA,NA,NA,NA,NA,NA,NA,NA,NA,NA,NA,NA,NA,NA,NA,NA,NA,NA,NA
"WRD 20-16 C_54.0_531.0",28,28.3,28.6,28.9,29.2,29.5,29.8,30.1,30.4,30.7,NA,NA,NA,NA,NA,NA,NA,NA,NA,NA,NA,NA,NA,NA,NA,NA,NA,NA,NA,NA,NA,NA
"WRD 20-16 C_54.0_532.0",38,37.7777777777778,37.5555555555556,37.3333333333333,37.1111111111111,36.8888888888889,36.6666666666667,36.4444444444444,36.2222222222222,36,NA,NA,NA,NA,NA,NA,NA,NA,NA,NA,NA,NA,NA,NA,NA,NA,NA,NA,NA,NA,NA,NA
"WRD 20-16 C_54.0_533.0",28,28.3111111111111,28.6222222222222,28.9333333333333,29.2444444444444,29.5555555555556,29.8666666666667,30.1777777777778,30.4888888888889,30.8,NA,NA,NA,NA,NA,NA,NA,NA,NA,NA,NA,NA,NA,NA,NA,NA,NA,NA,NA,NA,NA,NA
"WRD 20-16 C_54.0_535.0",19,19.4111111111111,19.8222222222222,20.2333333333333,20.6444444444444,21.0555555555556,21.4666666666667,21.8777777777778,22.2888888888889,22.7,NA,NA,NA,NA,NA,NA,NA,NA,NA,NA,NA,NA,NA,NA,NA,NA,NA,NA,NA,NA,NA,NA
"WRD 20-16 C_54.0_536.0",56.6,56.8,57,57.2,57.4,57.6,57.8,58,58.2,58.4,NA,NA,NA,NA,NA,NA,NA,NA,NA,NA,NA,NA,NA,NA,NA,NA,NA,NA,NA,NA,NA,NA
"WRD 20-16 C_54.0_538.0",38,38.3888888888889,38.7777777777778,39.1666666666667,39.5555555555556,39.9444444444444,40.3333333333333,40.7222222222222,41.1111111111111,41.5,NA,NA,NA,NA,NA,NA,NA,NA,NA,NA,NA,NA,NA,NA,NA,NA,NA,NA,NA,NA,NA,NA
"WRD 20-16 C_54.0_539.0",26,26.4888888888889,26.9777777777778,27.4666666666667,27.9555555555556,28.4444444444444,28.9333333333333,29.4222222222222,29.9111111111111,30.4,NA,NA,NA,NA,NA,NA,NA,NA,NA,NA,NA,NA,NA,NA,NA,NA,NA,NA,NA,NA,NA,NA
"WRD 20-16 C_54.0_541.0",32,32.2444444444444,32.4888888888889,32.7333333333333,32.9777777777778,33.2222222222222,33.4666666666667,33.7111111111111,33.9555555555556,34.2,NA,NA,NA,NA,NA,NA,NA,NA,NA,NA,NA,NA,NA,NA,NA,NA,NA,NA,NA,NA,NA,NA
"WRD 20-16 C_54.0_542.0",15,15.1111111111111,15.2222222222222,15.3333333333333,15.4444444444444,15.5555555555556,15.6666666666667,15.7777777777778,15.8888888888889,16,NA,NA,NA,NA,NA,NA,NA,NA,NA,NA,NA,NA,NA,NA,NA,NA,NA,NA,NA,NA,NA,NA
"WRD 20-16 C_54.0_543.0",38,38.2,38.4,38.6,38.8,39,39.2,39.4,39.6,39.8,NA,NA,NA,NA,NA,NA,NA,NA,NA,NA,NA,NA,NA,NA,NA,NA,NA,NA,NA,NA,NA,NA
"WRD 20-16 C_54.0_544.0",22,22.7333333333333,23.4666666666667,24.2,24.9333333333333,25.6666666666667,26.4,27.1333333333333,27.8666666666667,28.6,NA,NA,NA,NA,NA,NA,NA,NA,NA,NA,NA,NA,NA,NA,NA,NA,NA,NA,NA,NA,NA,NA
"WRD 20-16 C_54.0_545.0",17,17.3,17.6,17.9,18.2,18.5,18.8,19.1,19.4,19.7,NA,NA,NA,NA,NA,NA,NA,NA,NA,NA,NA,NA,NA,NA,NA,NA,NA,NA,NA,NA,NA,NA
"WRD 20-16 C_54.0_546.0",17,17.2333333333333,17.4666666666667,17.7,17.9333333333333,18.1666666666667,18.4,18.6333333333333,18.8666666666667,19.1,NA,NA,NA,NA,NA,NA,NA,NA,NA,NA,NA,NA,NA,NA,NA,NA,NA,NA,NA,NA,NA,NA
"WRD 20-16 C_54.0_548.0",83,83.3444444444444,83.6888888888889,84.0333333333333,84.3777777777778,84.7222222222222,85.0666666666667,85.4111111111111,85.7555555555555,86.1,NA,NA,NA,NA,NA,NA,NA,NA,NA,NA,NA,NA,NA,NA,NA,NA,NA,NA,NA,NA,NA,NA
"WRD 20-16 C_54.0_549.0",17,17.3444444444444,17.6888888888889,18.0333333333333,18.3777777777778,18.7222222222222,19.0666666666667,19.4111111111111,19.7555555555556,20.1,NA,NA,NA,NA,NA,NA,NA,NA,NA,NA,NA,NA,NA,NA,NA,NA,NA,NA,NA,NA,NA,NA
"WRD 20-16 C_54.0_550.0",98,98.2777777777778,98.5555555555556,98.8333333333333,99.1111111111111,99.3888888888889,99.6666666666667,99.9444444444444,100.222222222222,100.5,NA,NA,NA,NA,NA,NA,NA,NA,NA,NA,NA,NA,NA,NA,NA,NA,NA,NA,NA,NA,NA,NA
"WRD 20-16 C_54.0_551.0",85,85.4222222222222,85.8444444444444,86.2666666666667,86.6888888888889,87.1111111111111,87.5333333333333,87.9555555555555,88.3777777777778,88.8,NA,NA,NA,NA,NA,NA,NA,NA,NA,NA,NA,NA,NA,NA,NA,NA,NA,NA,NA,NA,NA,NA
"WRD 20-16 C_54.0_553.0",19,19.3888888888889,19.7777777777778,20.1666666666667,20.5555555555556,20.9444444444444,21.3333333333333,21.7222222222222,22.1111111111111,22.5,NA,NA,NA,NA,NA,NA,NA,NA,NA,NA,NA,NA,NA,NA,NA,NA,NA,NA,NA,NA,NA,NA
"WRD 20-16 C_54.0_555.0",34,34.5555555555556,35.1111111111111,35.6666666666667,36.2222222222222,36.7777777777778,37.3333333333333,37.8888888888889,38.4444444444444,39,NA,NA,NA,NA,NA,NA,NA,NA,NA,NA,NA,NA,NA,NA,NA,NA,NA,NA,NA,NA,NA,NA
"WRD 20-16 C_54.0_560.0",47,47.6666666666667,48.3333333333333,49,49.6666666666667,50.3333333333333,51,51.6666666666667,52.3333333333333,53,NA,NA,NA,NA,NA,NA,NA,NA,NA,NA,NA,NA,NA,NA,NA,NA,NA,NA,NA,NA,NA,NA
"WRD 20-16 C_54.0_562.0",45,45.3888888888889,45.7777777777778,46.1666666666667,46.5555555555556,46.9444444444444,47.3333333333333,47.7222222222222,48.1111111111111,48.5,NA,NA,NA,NA,NA,NA,NA,NA,NA,NA,NA,NA,NA,NA,NA,NA,NA,NA,NA,NA,NA,NA
"WRD 20-16 C_54.0_564.0",32,32,32,32,32,32,32,32,32,32,NA,NA,NA,NA,NA,NA,NA,NA,NA,NA,NA,NA,NA,NA,NA,NA,NA,NA,NA,NA,NA,NA
"WRD 20-16 T_38.0_278.0",50.5,50.8222222222222,51.1444444444444,51.4666666666667,51.7888888888889,52.1111111111111,52.4333333333333,52.7555555555556,53.0777777777778,53.4,NA,NA,NA,NA,NA,NA,NA,NA,NA,NA,NA,NA,NA,NA,NA,NA,NA,NA,NA,NA,NA,NA
"WRD 20-16 T_38.0_279.0",57.8,58,58.2,58.4,58.6,58.8,59,59.2,59.4,59.6,NA,NA,NA,NA,NA,NA,NA,NA,NA,NA,NA,NA,NA,NA,NA,NA,NA,NA,NA,NA,NA,NA
"WRD 20-16 T_38.0_280.0",48,48.1666666666667,48.3333333333333,48.5,48.6666666666667,48.8333333333333,49,49.1666666666667,49.3333333333333,49.5,NA,NA,NA,NA,NA,NA,NA,NA,NA,NA,NA,NA,NA,NA,NA,NA,NA,NA,NA,NA,NA,NA
"WRD 20-16 T_38.0_282.0",48.3,48.5888888888889,48.8777777777778,49.1666666666667,49.4555555555555,49.7444444444444,50.0333333333333,50.3222222222222,50.6111111111111,50.9,NA,NA,NA,NA,NA,NA,NA,NA,NA,NA,NA,NA,NA,NA,NA,NA,NA,NA,NA,NA,NA,NA
"WRD 20-16 T_38.0_283.0",56,56.1222222222222,56.2444444444444,56.3666666666667,56.4888888888889,56.6111111111111,56.7333333333333,56.8555555555556,56.9777777777778,57.1,NA,NA,NA,NA,NA,NA,NA,NA,NA,NA,NA,NA,NA,NA,NA,NA,NA,NA,NA,NA,NA,NA
"WRD 20-16 T_38.0_284.0",29.1,29.2666666666667,29.4333333333333,29.6,29.7666666666667,29.9333333333333,30.1,30.2666666666667,30.4333333333333,30.6,NA,NA,NA,NA,NA,NA,NA,NA,NA,NA,NA,NA,NA,NA,NA,NA,NA,NA,NA,NA,NA,NA
"WRD 20-16 T_38.0_285.0",36.9,37.1777777777778,37.4555555555555,37.7333333333333,38.0111111111111,38.2888888888889,38.5666666666667,38.8444444444444,39.1222222222222,39.4,NA,NA,NA,NA,NA,NA,NA,NA,NA,NA,NA,NA,NA,NA,NA,NA,NA,NA,NA,NA,NA,NA
"WRD 20-16 T_38.0_286.0",33,33.2777777777778,33.5555555555556,33.8333333333333,34.1111111111111,34.3888888888889,34.6666666666667,34.9444444444444,35.2222222222222,35.5,NA,NA,NA,NA,NA,NA,NA,NA,NA,NA,NA,NA,NA,NA,NA,NA,NA,NA,NA,NA,NA,NA
"WRD 20-16 T_38.0_287.0",34.6,35.0222222222222,35.4444444444444,35.8666666666667,36.2888888888889,36.7111111111111,37.1333333333333,37.5555555555556,37.9777777777778,38.4,NA,NA,NA,NA,NA,NA,NA,NA,NA,NA,NA,NA,NA,NA,NA,NA,NA,NA,NA,NA,NA,NA
"WRD 20-16 T_38.0_289.0",61.2,61.6555555555556,62.1111111111111,62.5666666666667,63.0222222222222,63.4777777777778,63.9333333333333,64.3888888888889,64.8444444444444,65.3,NA,NA,NA,NA,NA,NA,NA,NA,NA,NA,NA,NA,NA,NA,NA,NA,NA,NA,NA,NA,NA,NA
"WRD 20-16 T_38.0_290.0",29.9,30.1333333333333,30.3666666666667,30.6,30.8333333333333,31.0666666666667,31.3,31.5333333333333,31.7666666666667,32,NA,NA,NA,NA,NA,NA,NA,NA,NA,NA,NA,NA,NA,NA,NA,NA,NA,NA,NA,NA,NA,NA
"WRD 20-16 T_38.0_291.0",52,52.6222222222222,53.2444444444444,53.8666666666667,54.4888888888889,55.1111111111111,55.7333333333333,56.3555555555556,56.9777777777778,57.6,NA,NA,NA,NA,NA,NA,NA,NA,NA,NA,NA,NA,NA,NA,NA,NA,NA,NA,NA,NA,NA,NA
"WRD 20-16 T_38.0_292.0",57.4,57.8555555555556,58.3111111111111,58.7666666666667,59.2222222222222,59.6777777777778,60.1333333333333,60.5888888888889,61.0444444444445,61.5,NA,NA,NA,NA,NA,NA,NA,NA,NA,NA,NA,NA,NA,NA,NA,NA,NA,NA,NA,NA,NA,NA
"WRD 20-16 T_38.0_294.0",39,39.5,40,40.5,41,41.5,42,42.5,43,43.5,NA,NA,NA,NA,NA,NA,NA,NA,NA,NA,NA,NA,NA,NA,NA,NA,NA,NA,NA,NA,NA,NA
"WRD 20-16 T_38.0_295.0",63.5,63.7666666666667,64.0333333333333,64.3,64.5666666666667,64.8333333333333,65.1,65.3666666666667,65.6333333333333,65.9,NA,NA,NA,NA,NA,NA,NA,NA,NA,NA,NA,NA,NA,NA,NA,NA,NA,NA,NA,NA,NA,NA
"WRD 20-16 T_38.0_297.0",38.5,39.1555555555556,39.8111111111111,40.4666666666667,41.1222222222222,41.7777777777778,42.4333333333333,43.0888888888889,43.7444444444444,44.4,NA,NA,NA,NA,NA,NA,NA,NA,NA,NA,NA,NA,NA,NA,NA,NA,NA,NA,NA,NA,NA,NA
"WRD 20-16 T_38.0_299.0",29.9,29.9777777777778,30.0555555555556,30.1333333333333,30.2111111111111,30.2888888888889,30.3666666666667,30.4444444444444,30.5222222222222,30.6,NA,NA,NA,NA,NA,NA,NA,NA,NA,NA,NA,NA,NA,NA,NA,NA,NA,NA,NA,NA,NA,NA
"WRD 20-16 T_38.0_300.0",63.5,64.2333333333333,64.9666666666667,65.7,66.4333333333333,67.1666666666667,67.9,68.6333333333333,69.3666666666667,70.1,NA,NA,NA,NA,NA,NA,NA,NA,NA,NA,NA,NA,NA,NA,NA,NA,NA,NA,NA,NA,NA,NA
"WRD 20-16 T_38.0_601.0",35.8,36.2777777777778,36.7555555555556,37.2333333333333,37.7111111111111,38.1888888888889,38.6666666666667,39.1444444444444,39.6222222222222,40.1,NA,NA,NA,NA,NA,NA,NA,NA,NA,NA,NA,NA,NA,NA,NA,NA,NA,NA,NA,NA,NA,NA
"WRD 20-16 T_38.0_604.0",51.3,51.2888888888889,51.2777777777778,51.2666666666667,51.2555555555556,51.2444444444444,51.2333333333333,51.2222222222222,51.2111111111111,51.2,NA,NA,NA,NA,NA,NA,NA,NA,NA,NA,NA,NA,NA,NA,NA,NA,NA,NA,NA,NA,NA,NA
"WRD 20-16 T_38.0_605.0",41.5,41.9111111111111,42.3222222222222,42.7333333333333,43.1444444444444,43.5555555555556,43.9666666666667,44.3777777777778,44.7888888888889,45.2,NA,NA,NA,NA,NA,NA,NA,NA,NA,NA,NA,NA,NA,NA,NA,NA,NA,NA,NA,NA,NA,NA
"WRD 20-16 T_38.0_606.0",41.8,42.2222222222222,42.6444444444444,43.0666666666667,43.4888888888889,43.9111111111111,44.3333333333333,44.7555555555556,45.1777777777778,45.6,NA,NA,NA,NA,NA,NA,NA,NA,NA,NA,NA,NA,NA,NA,NA,NA,NA,NA,NA,NA,NA,NA
"WRD 20-16 T_38.0_608.0",28.5,30.0333333333333,31.5666666666667,33.1,34.6333333333333,36.1666666666667,37.7,39.2333333333333,40.7666666666667,42.3,NA,NA,NA,NA,NA,NA,NA,NA,NA,NA,NA,NA,NA,NA,NA,NA,NA,NA,NA,NA,NA,NA
"WRD 20-16 T_38.0_609.0",25.3,25.3555555555556,25.4111111111111,25.4666666666667,25.5222222222222,25.5777777777778,25.6333333333333,25.6888888888889,25.7444444444444,25.8,NA,NA,NA,NA,NA,NA,NA,NA,NA,NA,NA,NA,NA,NA,NA,NA,NA,NA,NA,NA,NA,NA
"WRD 20-16 T_38.0_611.0",62,62.4,62.8,63.2,63.6,64,64.4,64.8,65.2,65.6,NA,NA,NA,NA,NA,NA,NA,NA,NA,NA,NA,NA,NA,NA,NA,NA,NA,NA,NA,NA,NA,NA
"WRD 20-16 T_38.0_613.0",67.2,67.5111111111111,67.8222222222222,68.1333333333333,68.4444444444444,68.7555555555556,69.0666666666667,69.3777777777778,69.6888888888889,70,NA,NA,NA,NA,NA,NA,NA,NA,NA,NA,NA,NA,NA,NA,NA,NA,NA,NA,NA,NA,NA,NA
"WRD 20-16 T_38.0_615.0",44,44.2555555555556,44.5111111111111,44.7666666666667,45.0222222222222,45.2777777777778,45.5333333333333,45.7888888888889,46.0444444444445,46.3,NA,NA,NA,NA,NA,NA,NA,NA,NA,NA,NA,NA,NA,NA,NA,NA,NA,NA,NA,NA,NA,NA
"WRD 20-16 T_38.0_616.0",30.1,30.1222222222222,30.1444444444444,30.1666666666667,30.1888888888889,30.2111111111111,30.2333333333333,30.2555555555556,30.2777777777778,30.3,NA,NA,NA,NA,NA,NA,NA,NA,NA,NA,NA,NA,NA,NA,NA,NA,NA,NA,NA,NA,NA,NA
"WRD 20-16 T_38.0_617.0",29.8,29.8444444444444,29.8888888888889,29.9333333333333,29.9777777777778,30.0222222222222,30.0666666666667,30.1111111111111,30.1555555555556,30.2,NA,NA,NA,NA,NA,NA,NA,NA,NA,NA,NA,NA,NA,NA,NA,NA,NA,NA,NA,NA,NA,NA
"WRD 20-16 T_38.0_620.0",41.9,42.2,42.5,42.8,43.1,43.4,43.7,44,44.3,44.6,NA,NA,NA,NA,NA,NA,NA,NA,NA,NA,NA,NA,NA,NA,NA,NA,NA,NA,NA,NA,NA,NA
"WRD 20-16 T_38.0_621.0",39.1,39.2888888888889,39.4777777777778,39.6666666666667,39.8555555555556,40.0444444444445,40.2333333333333,40.4222222222222,40.6111111111111,40.8,NA,NA,NA,NA,NA,NA,NA,NA,NA,NA,NA,NA,NA,NA,NA,NA,NA,NA,NA,NA,NA,NA
"WRD 20-16 T_38.0_623.0",38.7,38.8444444444444,38.9888888888889,39.1333333333333,39.2777777777778,39.4222222222222,39.5666666666667,39.7111111111111,39.8555555555556,40,NA,NA,NA,NA,NA,NA,NA,NA,NA,NA,NA,NA,NA,NA,NA,NA,NA,NA,NA,NA,NA,NA
"WRD 20-16 T_38.0_624.0",46.1,46.3444444444444,46.5888888888889,46.8333333333333,47.0777777777778,47.3222222222222,47.5666666666667,47.8111111111111,48.0555555555556,48.3,NA,NA,NA,NA,NA,NA,NA,NA,NA,NA,NA,NA,NA,NA,NA,NA,NA,NA,NA,NA,NA,NA
"WRD 20-16 T_38.0_625.0",43.7,43.9888888888889,44.2777777777778,44.5666666666667,44.8555555555556,45.1444444444444,45.4333333333333,45.7222222222222,46.0111111111111,46.3,NA,NA,NA,NA,NA,NA,NA,NA,NA,NA,NA,NA,NA,NA,NA,NA,NA,NA,NA,NA,NA,NA
"WRD 20-16 T_38.0_627.0",48,48.2444444444444,48.4888888888889,48.7333333333333,48.9777777777778,49.2222222222222,49.4666666666667,49.7111111111111,49.9555555555555,50.2,NA,NA,NA,NA,NA,NA,NA,NA,NA,NA,NA,NA,NA,NA,NA,NA,NA,NA,NA,NA,NA,NA
"WRD 20-16 T_38.0_629.0",48.6,49.1222222222222,49.6444444444444,50.1666666666667,50.6888888888889,51.2111111111111,51.7333333333333,52.2555555555556,52.7777777777778,53.3,NA,NA,NA,NA,NA,NA,NA,NA,NA,NA,NA,NA,NA,NA,NA,NA,NA,NA,NA,NA,NA,NA
"WRD 20-16 T_38.0_630.0",71.9,71.6222222222222,71.3444444444444,71.0666666666667,70.7888888888889,70.5111111111111,70.2333333333333,69.9555555555556,69.6777777777778,69.4,NA,NA,NA,NA,NA,NA,NA,NA,NA,NA,NA,NA,NA,NA,NA,NA,NA,NA,NA,NA,NA,NA
"WRD 20-16 T_38.0_631.0",61.2,61.2444444444444,61.2888888888889,61.3333333333333,61.3777777777778,61.4222222222222,61.4666666666667,61.5111111111111,61.5555555555556,61.6,NA,NA,NA,NA,NA,NA,NA,NA,NA,NA,NA,NA,NA,NA,NA,NA,NA,NA,NA,NA,NA,NA
"WRD 20-16 T_40.0_102.0",46,46.9111111111111,47.8222222222222,48.7333333333333,49.6444444444444,50.5555555555556,51.4666666666667,52.3777777777778,53.2888888888889,54.2,NA,NA,NA,NA,NA,NA,NA,NA,NA,NA,NA,NA,NA,NA,NA,NA,NA,NA,NA,NA,NA,NA
"WRD 20-16 T_40.0_105.0",36,36.8777777777778,37.7555555555556,38.6333333333333,39.5111111111111,40.3888888888889,41.2666666666667,42.1444444444444,43.0222222222222,43.9,NA,NA,NA,NA,NA,NA,NA,NA,NA,NA,NA,NA,NA,NA,NA,NA,NA,NA,NA,NA,NA,NA
"WRD 20-16 T_40.0_107.0",30,30.7444444444444,31.4888888888889,32.2333333333333,32.9777777777778,33.7222222222222,34.4666666666667,35.2111111111111,35.9555555555556,36.7,NA,NA,NA,NA,NA,NA,NA,NA,NA,NA,NA,NA,NA,NA,NA,NA,NA,NA,NA,NA,NA,NA
"WRD 20-16 T_40.0_108.0",54,54.0111111111111,54.0222222222222,54.0333333333333,54.0444444444445,54.0555555555556,54.0666666666667,54.0777777777778,54.0888888888889,54.1,NA,NA,NA,NA,NA,NA,NA,NA,NA,NA,NA,NA,NA,NA,NA,NA,NA,NA,NA,NA,NA,NA
"WRD 20-16 T_40.0_111.0",35,35.3666666666667,35.7333333333333,36.1,36.4666666666667,36.8333333333333,37.2,37.5666666666667,37.9333333333333,38.3,NA,NA,NA,NA,NA,NA,NA,NA,NA,NA,NA,NA,NA,NA,NA,NA,NA,NA,NA,NA,NA,NA
"WRD 20-16 T_40.0_112.0",52,52.2777777777778,52.5555555555556,52.8333333333333,53.1111111111111,53.3888888888889,53.6666666666667,53.9444444444444,54.2222222222222,54.5,NA,NA,NA,NA,NA,NA,NA,NA,NA,NA,NA,NA,NA,NA,NA,NA,NA,NA,NA,NA,NA,NA
"WRD 20-16 T_40.0_113.0",26,26.4888888888889,26.9777777777778,27.4666666666667,27.9555555555556,28.4444444444444,28.9333333333333,29.4222222222222,29.9111111111111,30.4,NA,NA,NA,NA,NA,NA,NA,NA,NA,NA,NA,NA,NA,NA,NA,NA,NA,NA,NA,NA,NA,NA
"WRD 20-16 T_40.0_115.0",30,30.2777777777778,30.5555555555556,30.8333333333333,31.1111111111111,31.3888888888889,31.6666666666667,31.9444444444444,32.2222222222222,32.5,NA,NA,NA,NA,NA,NA,NA,NA,NA,NA,NA,NA,NA,NA,NA,NA,NA,NA,NA,NA,NA,NA
"WRD 20-16 T_40.0_117.0",31,31.8444444444444,32.6888888888889,33.5333333333333,34.3777777777778,35.2222222222222,36.0666666666667,36.9111111111111,37.7555555555556,38.6,NA,NA,NA,NA,NA,NA,NA,NA,NA,NA,NA,NA,NA,NA,NA,NA,NA,NA,NA,NA,NA,NA
"WRD 20-16 T_40.0_118.0",48,48.2111111111111,48.4222222222222,48.6333333333333,48.8444444444444,49.0555555555556,49.2666666666667,49.4777777777778,49.6888888888889,49.9,NA,NA,NA,NA,NA,NA,NA,NA,NA,NA,NA,NA,NA,NA,NA,NA,NA,NA,NA,NA,NA,NA
"WRD 20-16 T_40.0_119.0",36,36.9777777777778,37.9555555555555,38.9333333333333,39.9111111111111,40.8888888888889,41.8666666666667,42.8444444444444,43.8222222222222,44.8,NA,NA,NA,NA,NA,NA,NA,NA,NA,NA,NA,NA,NA,NA,NA,NA,NA,NA,NA,NA,NA,NA
"WRD 20-16 T_40.0_120.0",98,97.7222222222222,97.4444444444444,97.1666666666667,96.8888888888889,96.6111111111111,96.3333333333333,96.0555555555556,95.7777777777778,95.5,NA,NA,NA,NA,NA,NA,NA,NA,NA,NA,NA,NA,NA,NA,NA,NA,NA,NA,NA,NA,NA,NA
"WRD 20-16 T_40.0_122.0",45,45.5888888888889,46.1777777777778,46.7666666666667,47.3555555555556,47.9444444444444,48.5333333333333,49.1222222222222,49.7111111111111,50.3,NA,NA,NA,NA,NA,NA,NA,NA,NA,NA,NA,NA,NA,NA,NA,NA,NA,NA,NA,NA,NA,NA
"WRD 20-16 T_40.0_125.0",44,43.7888888888889,43.5777777777778,43.3666666666667,43.1555555555556,42.9444444444444,42.7333333333333,42.5222222222222,42.3111111111111,42.1,NA,NA,NA,NA,NA,NA,NA,NA,NA,NA,NA,NA,NA,NA,NA,NA,NA,NA,NA,NA,NA,NA
"WRD 20-16 T_40.0_126.0",45,45.4,45.8,46.2,46.6,47,47.4,47.8,48.2,48.6,NA,NA,NA,NA,NA,NA,NA,NA,NA,NA,NA,NA,NA,NA,NA,NA,NA,NA,NA,NA,NA,NA
"WRD 20-16 T_40.0_127.0",56,55.9444444444444,55.8888888888889,55.8333333333333,55.7777777777778,55.7222222222222,55.6666666666667,55.6111111111111,55.5555555555556,55.5,NA,NA,NA,NA,NA,NA,NA,NA,NA,NA,NA,NA,NA,NA,NA,NA,NA,NA,NA,NA,NA,NA
"WRD 20-16 T_40.0_128.0",60,60.3666666666667,60.7333333333333,61.1,61.4666666666667,61.8333333333333,62.2,62.5666666666667,62.9333333333333,63.3,NA,NA,NA,NA,NA,NA,NA,NA,NA,NA,NA,NA,NA,NA,NA,NA,NA,NA,NA,NA,NA,NA
"WRD 20-16 T_40.0_129.0",56,56.4333333333333,56.8666666666667,57.3,57.7333333333333,58.1666666666667,58.6,59.0333333333333,59.4666666666667,59.9,NA,NA,NA,NA,NA,NA,NA,NA,NA,NA,NA,NA,NA,NA,NA,NA,NA,NA,NA,NA,NA,NA
"WRD 20-16 T_40.0_132.0",46,47.0111111111111,48.0222222222222,49.0333333333333,50.0444444444445,51.0555555555556,52.0666666666667,53.0777777777778,54.0888888888889,55.1,NA,NA,NA,NA,NA,NA,NA,NA,NA,NA,NA,NA,NA,NA,NA,NA,NA,NA,NA,NA,NA,NA
"WRD 20-16 T_40.0_133.0",50,50,50,50,50,50,50,50,50,50,NA,NA,NA,NA,NA,NA,NA,NA,NA,NA,NA,NA,NA,NA,NA,NA,NA,NA,NA,NA,NA,NA
"WRD 20-16 T_40.0_134.0",40,40,40,40,40,40,40,40,40,40,NA,NA,NA,NA,NA,NA,NA,NA,NA,NA,NA,NA,NA,NA,NA,NA,NA,NA,NA,NA,NA,NA
"WRD 20-16 T_40.0_135.0",48,48.1,48.2,48.3,48.4,48.5,48.6,48.7,48.8,48.9,NA,NA,NA,NA,NA,NA,NA,NA,NA,NA,NA,NA,NA,NA,NA,NA,NA,NA,NA,NA,NA,NA
"WRD 20-16 T_40.0_137.0",42,42.5111111111111,43.0222222222222,43.5333333333333,44.0444444444445,44.5555555555556,45.0666666666667,45.5777777777778,46.0888888888889,46.6,NA,NA,NA,NA,NA,NA,NA,NA,NA,NA,NA,NA,NA,NA,NA,NA,NA,NA,NA,NA,NA,NA
"WRD 20-16 T_40.0_138.0",42,42,42,42,42,42,42,42,42,42,NA,NA,NA,NA,NA,NA,NA,NA,NA,NA,NA,NA,NA,NA,NA,NA,NA,NA,NA,NA,NA,NA
"WRD 20-16 T_40.0_139.0",26,26.6888888888889,27.3777777777778,28.0666666666667,28.7555555555556,29.4444444444444,30.1333333333333,30.8222222222222,31.5111111111111,32.2,NA,NA,NA,NA,NA,NA,NA,NA,NA,NA,NA,NA,NA,NA,NA,NA,NA,NA,NA,NA,NA,NA
"WRD 20-16 T_40.0_141.0",36,36.6,37.2,37.8,38.4,39,39.6,40.2,40.8,41.4,NA,NA,NA,NA,NA,NA,NA,NA,NA,NA,NA,NA,NA,NA,NA,NA,NA,NA,NA,NA,NA,NA
"WRD 20-16 T_40.0_142.0",90,90.1,90.2,90.3,90.4,90.5,90.6,90.7,90.8,90.9,NA,NA,NA,NA,NA,NA,NA,NA,NA,NA,NA,NA,NA,NA,NA,NA,NA,NA,NA,NA,NA,NA
"WRD 20-16 T_40.0_143.0",62,62.0888888888889,62.1777777777778,62.2666666666667,62.3555555555556,62.4444444444444,62.5333333333333,62.6222222222222,62.7111111111111,62.8,NA,NA,NA,NA,NA,NA,NA,NA,NA,NA,NA,NA,NA,NA,NA,NA,NA,NA,NA,NA,NA,NA
"WRD 20-16 T_40.0_684.0",54,54,54,54,54,54,54,54,54,54,NA,NA,NA,NA,NA,NA,NA,NA,NA,NA,NA,NA,NA,NA,NA,NA,NA,NA,NA,NA,NA,NA
"WRD 20-16 T_40.0_685.0",62,62.5666666666667,63.1333333333333,63.7,64.2666666666667,64.8333333333333,65.4,65.9666666666667,66.5333333333333,67.1,NA,NA,NA,NA,NA,NA,NA,NA,NA,NA,NA,NA,NA,NA,NA,NA,NA,NA,NA,NA,NA,NA
"WRD 20-16 T_40.0_686.0",64,65.1222222222222,66.2444444444444,67.3666666666667,68.4888888888889,69.6111111111111,70.7333333333333,71.8555555555556,72.9777777777778,74.1,NA,NA,NA,NA,NA,NA,NA,NA,NA,NA,NA,NA,NA,NA,NA,NA,NA,NA,NA,NA,NA,NA
"WRD 20-16 T_40.0_687.0",60,60.4444444444444,60.8888888888889,61.3333333333333,61.7777777777778,62.2222222222222,62.6666666666667,63.1111111111111,63.5555555555556,64,NA,NA,NA,NA,NA,NA,NA,NA,NA,NA,NA,NA,NA,NA,NA,NA,NA,NA,NA,NA,NA,NA
"WRD 20-16 T_40.0_688.0",60,60.1888888888889,60.3777777777778,60.5666666666667,60.7555555555556,60.9444444444444,61.1333333333333,61.3222222222222,61.5111111111111,61.7,NA,NA,NA,NA,NA,NA,NA,NA,NA,NA,NA,NA,NA,NA,NA,NA,NA,NA,NA,NA,NA,NA
"WRD 20-16 T_40.0_689.0",30,30.2444444444444,30.4888888888889,30.7333333333333,30.9777777777778,31.2222222222222,31.4666666666667,31.7111111111111,31.9555555555556,32.2,NA,NA,NA,NA,NA,NA,NA,NA,NA,NA,NA,NA,NA,NA,NA,NA,NA,NA,NA,NA,NA,NA
"WRD 20-16 T_40.0_691.0",45,45.5,46,46.5,47,47.5,48,48.5,49,49.5,NA,NA,NA,NA,NA,NA,NA,NA,NA,NA,NA,NA,NA,NA,NA,NA,NA,NA,NA,NA,NA,NA
"WRD 20-16 T_40.0_692.0",34,34.3111111111111,34.6222222222222,34.9333333333333,35.2444444444444,35.5555555555556,35.8666666666667,36.1777777777778,36.4888888888889,36.8,NA,NA,NA,NA,NA,NA,NA,NA,NA,NA,NA,NA,NA,NA,NA,NA,NA,NA,NA,NA,NA,NA
"WRD 20-16 T_40.0_694.0",35,35.1333333333333,35.2666666666667,35.4,35.5333333333333,35.6666666666667,35.8,35.9333333333333,36.0666666666667,36.2,NA,NA,NA,NA,NA,NA,NA,NA,NA,NA,NA,NA,NA,NA,NA,NA,NA,NA,NA,NA,NA,NA
"WRD 20-16 T_40.0_696.0",56,56.4666666666667,56.9333333333333,57.4,57.8666666666667,58.3333333333333,58.8,59.2666666666667,59.7333333333333,60.2,NA,NA,NA,NA,NA,NA,NA,NA,NA,NA,NA,NA,NA,NA,NA,NA,NA,NA,NA,NA,NA,NA
"WRD 20-16 T_40.0_698.0",55,55.3555555555556,55.7111111111111,56.0666666666667,56.4222222222222,56.7777777777778,57.1333333333333,57.4888888888889,57.8444444444444,58.2,NA,NA,NA,NA,NA,NA,NA,NA,NA,NA,NA,NA,NA,NA,NA,NA,NA,NA,NA,NA,NA,NA
"WRD 20-16 T_41.0_303.0",72,72.6111111111111,73.2222222222222,73.8333333333333,74.4444444444444,75.0555555555556,75.6666666666667,76.2777777777778,76.8888888888889,77.5,NA,NA,NA,NA,NA,NA,NA,NA,NA,NA,NA,NA,NA,NA,NA,NA,NA,NA,NA,NA,NA,NA
"WRD 20-16 T_41.0_307.0",41,41.8111111111111,42.6222222222222,43.4333333333333,44.2444444444444,45.0555555555556,45.8666666666667,46.6777777777778,47.4888888888889,48.3,NA,NA,NA,NA,NA,NA,NA,NA,NA,NA,NA,NA,NA,NA,NA,NA,NA,NA,NA,NA,NA,NA
"WRD 20-16 T_41.0_308.0",68,68.1555555555556,68.3111111111111,68.4666666666667,68.6222222222222,68.7777777777778,68.9333333333333,69.0888888888889,69.2444444444445,69.4,NA,NA,NA,NA,NA,NA,NA,NA,NA,NA,NA,NA,NA,NA,NA,NA,NA,NA,NA,NA,NA,NA
"WRD 20-16 T_41.0_309.0",34,34.2666666666667,34.5333333333333,34.8,35.0666666666667,35.3333333333333,35.6,35.8666666666667,36.1333333333333,36.4,NA,NA,NA,NA,NA,NA,NA,NA,NA,NA,NA,NA,NA,NA,NA,NA,NA,NA,NA,NA,NA,NA
"WRD 20-16 T_41.0_313.0",40,40.3333333333333,40.6666666666667,41,41.3333333333333,41.6666666666667,42,42.3333333333333,42.6666666666667,43,NA,NA,NA,NA,NA,NA,NA,NA,NA,NA,NA,NA,NA,NA,NA,NA,NA,NA,NA,NA,NA,NA
"WRD 20-16 T_41.0_314.0",35,35.8777777777778,36.7555555555556,37.6333333333333,38.5111111111111,39.3888888888889,40.2666666666667,41.1444444444444,42.0222222222222,42.9,NA,NA,NA,NA,NA,NA,NA,NA,NA,NA,NA,NA,NA,NA,NA,NA,NA,NA,NA,NA,NA,NA
"WRD 20-16 T_41.0_320.0",50,50.6,51.2,51.8,52.4,53,53.6,54.2,54.8,55.4,NA,NA,NA,NA,NA,NA,NA,NA,NA,NA,NA,NA,NA,NA,NA,NA,NA,NA,NA,NA,NA,NA
"WRD 20-16 T_41.0_326.0",41,42.1777777777778,43.3555555555556,44.5333333333333,45.7111111111111,46.8888888888889,48.0666666666667,49.2444444444444,50.4222222222222,51.6,NA,NA,NA,NA,NA,NA,NA,NA,NA,NA,NA,NA,NA,NA,NA,NA,NA,NA,NA,NA,NA,NA
"WRD 20-16 T_41.0_329.0",39,39.8666666666667,40.7333333333333,41.6,42.4666666666667,43.3333333333333,44.2,45.0666666666667,45.9333333333333,46.8,NA,NA,NA,NA,NA,NA,NA,NA,NA,NA,NA,NA,NA,NA,NA,NA,NA,NA,NA,NA,NA,NA
"WRD 20-16 T_41.0_331.0",30,30.5222222222222,31.0444444444444,31.5666666666667,32.0888888888889,32.6111111111111,33.1333333333333,33.6555555555556,34.1777777777778,34.7,NA,NA,NA,NA,NA,NA,NA,NA,NA,NA,NA,NA,NA,NA,NA,NA,NA,NA,NA,NA,NA,NA
"WRD 20-16 T_41.0_332.0",26,26.5222222222222,27.0444444444444,27.5666666666667,28.0888888888889,28.6111111111111,29.1333333333333,29.6555555555556,30.1777777777778,30.7,NA,NA,NA,NA,NA,NA,NA,NA,NA,NA,NA,NA,NA,NA,NA,NA,NA,NA,NA,NA,NA,NA
"WRD 20-16 T_41.0_334.0",40,40.4444444444444,40.8888888888889,41.3333333333333,41.7777777777778,42.2222222222222,42.6666666666667,43.1111111111111,43.5555555555556,44,NA,NA,NA,NA,NA,NA,NA,NA,NA,NA,NA,NA,NA,NA,NA,NA,NA,NA,NA,NA,NA,NA
"WRD 20-16 T_41.0_336.0",25,25.5777777777778,26.1555555555556,26.7333333333333,27.3111111111111,27.8888888888889,28.4666666666667,29.0444444444444,29.6222222222222,30.2,NA,NA,NA,NA,NA,NA,NA,NA,NA,NA,NA,NA,NA,NA,NA,NA,NA,NA,NA,NA,NA,NA
"WRD 20-16 T_41.0_338.0",46,46,46,46,46,46,46,46,46,46,NA,NA,NA,NA,NA,NA,NA,NA,NA,NA,NA,NA,NA,NA,NA,NA,NA,NA,NA,NA,NA,NA
"WRD 20-16 T_41.0_340.0",47,47.8777777777778,48.7555555555556,49.6333333333333,50.5111111111111,51.3888888888889,52.2666666666667,53.1444444444444,54.0222222222222,54.9,NA,NA,NA,NA,NA,NA,NA,NA,NA,NA,NA,NA,NA,NA,NA,NA,NA,NA,NA,NA,NA,NA
"WRD 20-16 T_41.0_342.0",37,37.6333333333333,38.2666666666667,38.9,39.5333333333333,40.1666666666667,40.8,41.4333333333333,42.0666666666667,42.7,NA,NA,NA,NA,NA,NA,NA,NA,NA,NA,NA,NA,NA,NA,NA,NA,NA,NA,NA,NA,NA,NA
"WRD 20-16 T_41.0_344.0",31,31.7222222222222,32.4444444444444,33.1666666666667,33.8888888888889,34.6111111111111,35.3333333333333,36.0555555555556,36.7777777777778,37.5,NA,NA,NA,NA,NA,NA,NA,NA,NA,NA,NA,NA,NA,NA,NA,NA,NA,NA,NA,NA,NA,NA
"WRD 20-16 T_41.0_345.0",58,58.3888888888889,58.7777777777778,59.1666666666667,59.5555555555556,59.9444444444444,60.3333333333333,60.7222222222222,61.1111111111111,61.5,NA,NA,NA,NA,NA,NA,NA,NA,NA,NA,NA,NA,NA,NA,NA,NA,NA,NA,NA,NA,NA,NA
"WRD 20-16 T_41.0_346.0",35,35.7111111111111,36.4222222222222,37.1333333333333,37.8444444444444,38.5555555555556,39.2666666666667,39.9777777777778,40.6888888888889,41.4,NA,NA,NA,NA,NA,NA,NA,NA,NA,NA,NA,NA,NA,NA,NA,NA,NA,NA,NA,NA,NA,NA
"WRD 20-16 T_41.0_348.0",33,33.7444444444444,34.4888888888889,35.2333333333333,35.9777777777778,36.7222222222222,37.4666666666667,38.2111111111111,38.9555555555555,39.7,NA,NA,NA,NA,NA,NA,NA,NA,NA,NA,NA,NA,NA,NA,NA,NA,NA,NA,NA,NA,NA,NA
"WRD 20-16 T_41.0_349.0",66,66.9333333333333,67.8666666666667,68.8,69.7333333333333,70.6666666666667,71.6,72.5333333333333,73.4666666666667,74.4,NA,NA,NA,NA,NA,NA,NA,NA,NA,NA,NA,NA,NA,NA,NA,NA,NA,NA,NA,NA,NA,NA
"WRD 20-16 T_41.0_352.0",32,32.9111111111111,33.8222222222222,34.7333333333333,35.6444444444444,36.5555555555556,37.4666666666667,38.3777777777778,39.2888888888889,40.2,NA,NA,NA,NA,NA,NA,NA,NA,NA,NA,NA,NA,NA,NA,NA,NA,NA,NA,NA,NA,NA,NA
"WRD 20-16 T_41.0_353.0",40,40.8888888888889,41.7777777777778,42.6666666666667,43.5555555555556,44.4444444444444,45.3333333333333,46.2222222222222,47.1111111111111,48,NA,NA,NA,NA,NA,NA,NA,NA,NA,NA,NA,NA,NA,NA,NA,NA,NA,NA,NA,NA,NA,NA
"WRD 20-16 T_41.0_355.0",37,37.8111111111111,38.6222222222222,39.4333333333333,40.2444444444444,41.0555555555556,41.8666666666667,42.6777777777778,43.4888888888889,44.3,NA,NA,NA,NA,NA,NA,NA,NA,NA,NA,NA,NA,NA,NA,NA,NA,NA,NA,NA,NA,NA,NA
"WRD 20-16 T_41.0_356.0",40,41.0222222222222,42.0444444444445,43.0666666666667,44.0888888888889,45.1111111111111,46.1333333333333,47.1555555555556,48.1777777777778,49.2,NA,NA,NA,NA,NA,NA,NA,NA,NA,NA,NA,NA,NA,NA,NA,NA,NA,NA,NA,NA,NA,NA
"WRD 20-16 T_41.0_357.0",53,54.2,55.4,56.6,57.8,59,60.2,61.4,62.6,63.8,NA,NA,NA,NA,NA,NA,NA,NA,NA,NA,NA,NA,NA,NA,NA,NA,NA,NA,NA,NA,NA,NA
"WRD 20-16 T_41.0_360.0",29,29.2111111111111,29.4222222222222,29.6333333333333,29.8444444444444,30.0555555555556,30.2666666666667,30.4777777777778,30.6888888888889,30.9,NA,NA,NA,NA,NA,NA,NA,NA,NA,NA,NA,NA,NA,NA,NA,NA,NA,NA,NA,NA,NA,NA
"WRD 20-16 T_41.0_362.0",36,37.0555555555556,38.1111111111111,39.1666666666667,40.2222222222222,41.2777777777778,42.3333333333333,43.3888888888889,44.4444444444444,45.5,NA,NA,NA,NA,NA,NA,NA,NA,NA,NA,NA,NA,NA,NA,NA,NA,NA,NA,NA,NA,NA,NA
"WRD 20-16 T_41.0_363.0",42,41.7222222222222,41.4444444444444,41.1666666666667,40.8888888888889,40.6111111111111,40.3333333333333,40.0555555555556,39.7777777777778,39.5,NA,NA,NA,NA,NA,NA,NA,NA,NA,NA,NA,NA,NA,NA,NA,NA,NA,NA,NA,NA,NA,NA
"WRD 20-16 T_41.0_364.0",42,43.3111111111111,44.6222222222222,45.9333333333333,47.2444444444444,48.5555555555556,49.8666666666667,51.1777777777778,52.4888888888889,53.8,NA,NA,NA,NA,NA,NA,NA,NA,NA,NA,NA,NA,NA,NA,NA,NA,NA,NA,NA,NA,NA,NA
"WRD 20-16 T_41.0_365.0",27,27.4,27.8,28.2,28.6,29,29.4,29.8,30.2,30.6,NA,NA,NA,NA,NA,NA,NA,NA,NA,NA,NA,NA,NA,NA,NA,NA,NA,NA,NA,NA,NA,NA
"WRD 20-16 T_58.0_937.0",34.7,35.3,35.9,36.5,37.1,37.7,38.3,38.9,39.5,40.1,NA,NA,NA,NA,NA,NA,NA,NA,NA,NA,NA,NA,NA,NA,NA,NA,NA,NA,NA,NA,NA,NA
"WRD 20-16 T_58.0_938.0",84.2,84.5888888888889,84.9777777777778,85.3666666666667,85.7555555555556,86.1444444444444,86.5333333333333,86.9222222222222,87.3111111111111,87.7,NA,NA,NA,NA,NA,NA,NA,NA,NA,NA,NA,NA,NA,NA,NA,NA,NA,NA,NA,NA,NA,NA
"WRD 20-16 T_58.0_941.0",32.4,32.8888888888889,33.3777777777778,33.8666666666667,34.3555555555556,34.8444444444444,35.3333333333333,35.8222222222222,36.3111111111111,36.8,NA,NA,NA,NA,NA,NA,NA,NA,NA,NA,NA,NA,NA,NA,NA,NA,NA,NA,NA,NA,NA,NA
"WRD 20-16 T_58.0_942.0",100.4,100.555555555556,100.711111111111,100.866666666667,101.022222222222,101.177777777778,101.333333333333,101.488888888889,101.644444444444,101.8,NA,NA,NA,NA,NA,NA,NA,NA,NA,NA,NA,NA,NA,NA,NA,NA,NA,NA,NA,NA,NA,NA
"WRD 20-16 T_58.0_945.0",47.1,47.7,48.3,48.9,49.5,50.1,50.7,51.3,51.9,52.5,NA,NA,NA,NA,NA,NA,NA,NA,NA,NA,NA,NA,NA,NA,NA,NA,NA,NA,NA,NA,NA,NA
"WRD 20-16 T_58.0_946.0",43,43.4222222222222,43.8444444444444,44.2666666666667,44.6888888888889,45.1111111111111,45.5333333333333,45.9555555555555,46.3777777777778,46.8,NA,NA,NA,NA,NA,NA,NA,NA,NA,NA,NA,NA,NA,NA,NA,NA,NA,NA,NA,NA,NA,NA
"WRD 20-16 T_58.0_947.0",62.2,62.4666666666667,62.7333333333333,63,63.2666666666667,63.5333333333333,63.8,64.0666666666667,64.3333333333333,64.6,NA,NA,NA,NA,NA,NA,NA,NA,NA,NA,NA,NA,NA,NA,NA,NA,NA,NA,NA,NA,NA,NA
"WRD 20-16 T_58.0_948.0",50.5,50.5444444444445,50.5888888888889,50.6333333333333,50.6777777777778,50.7222222222222,50.7666666666667,50.8111111111111,50.8555555555556,50.9,NA,NA,NA,NA,NA,NA,NA,NA,NA,NA,NA,NA,NA,NA,NA,NA,NA,NA,NA,NA,NA,NA
"WRD 20-16 T_58.0_950.0",50.7,51.1,51.5,51.9,52.3,52.7,53.1,53.5,53.9,54.3,NA,NA,NA,NA,NA,NA,NA,NA,NA,NA,NA,NA,NA,NA,NA,NA,NA,NA,NA,NA,NA,NA
"WRD 20-16 T_58.0_958.0",78.5,78.8444444444444,79.1888888888889,79.5333333333333,79.8777777777778,80.2222222222222,80.5666666666667,80.9111111111111,81.2555555555555,81.6,NA,NA,NA,NA,NA,NA,NA,NA,NA,NA,NA,NA,NA,NA,NA,NA,NA,NA,NA,NA,NA,NA
"WRD 20-16 T_58.0_959.0",71.8,72.2555555555556,72.7111111111111,73.1666666666667,73.6222222222222,74.0777777777778,74.5333333333333,74.9888888888889,75.4444444444444,75.9,NA,NA,NA,NA,NA,NA,NA,NA,NA,NA,NA,NA,NA,NA,NA,NA,NA,NA,NA,NA,NA,NA
"WRD 20-16 T_58.0_962.0",69,69.3,69.6,69.9,70.2,70.5,70.8,71.1,71.4,71.7,NA,NA,NA,NA,NA,NA,NA,NA,NA,NA,NA,NA,NA,NA,NA,NA,NA,NA,NA,NA,NA,NA
"WRD 20-16 T_58.0_963.0",62.2,62.5222222222222,62.8444444444444,63.1666666666667,63.4888888888889,63.8111111111111,64.1333333333333,64.4555555555555,64.7777777777778,65.1,NA,NA,NA,NA,NA,NA,NA,NA,NA,NA,NA,NA,NA,NA,NA,NA,NA,NA,NA,NA,NA,NA
"WRD 20-16 T_58.0_965.0",32.9,32.9777777777778,33.0555555555556,33.1333333333333,33.2111111111111,33.2888888888889,33.3666666666667,33.4444444444444,33.5222222222222,33.6,NA,NA,NA,NA,NA,NA,NA,NA,NA,NA,NA,NA,NA,NA,NA,NA,NA,NA,NA,NA,NA,NA
"WRD 20-16 T_58.0_966.0",58.3,58.3,58.3,58.3,58.3,58.3,58.3,58.3,58.3,58.3,NA,NA,NA,NA,NA,NA,NA,NA,NA,NA,NA,NA,NA,NA,NA,NA,NA,NA,NA,NA,NA,NA
"WRD 20-16 T_58.0_967.0",38.3,38.3777777777778,38.4555555555555,38.5333333333333,38.6111111111111,38.6888888888889,38.7666666666667,38.8444444444444,38.9222222222222,39,NA,NA,NA,NA,NA,NA,NA,NA,NA,NA,NA,NA,NA,NA,NA,NA,NA,NA,NA,NA,NA,NA
"WRD 20-16 T_58.0_968.0",49.1,49.3333333333333,49.5666666666667,49.8,50.0333333333333,50.2666666666667,50.5,50.7333333333333,50.9666666666667,51.2,NA,NA,NA,NA,NA,NA,NA,NA,NA,NA,NA,NA,NA,NA,NA,NA,NA,NA,NA,NA,NA,NA
"WRD 20-16 T_58.0_970.0",89.2,88.6444444444444,88.0888888888889,87.5333333333333,86.9777777777778,86.4222222222222,85.8666666666667,85.3111111111111,84.7555555555556,84.2,NA,NA,NA,NA,NA,NA,NA,NA,NA,NA,NA,NA,NA,NA,NA,NA,NA,NA,NA,NA,NA,NA
"WRD 20-16 T_58.0_971.0",43.5,43.8333333333333,44.1666666666667,44.5,44.8333333333333,45.1666666666667,45.5,45.8333333333333,46.1666666666667,46.5,NA,NA,NA,NA,NA,NA,NA,NA,NA,NA,NA,NA,NA,NA,NA,NA,NA,NA,NA,NA,NA,NA
"WRD 20-16 T_58.0_974.0",48,47.5,47,46.5,46,45.5,45,44.5,44,43.5,NA,NA,NA,NA,NA,NA,NA,NA,NA,NA,NA,NA,NA,NA,NA,NA,NA,NA,NA,NA,NA,NA
"WRD 20-16 T_58.0_976.0",50.7,51.2666666666667,51.8333333333333,52.4,52.9666666666667,53.5333333333333,54.1,54.6666666666667,55.2333333333333,55.8,NA,NA,NA,NA,NA,NA,NA,NA,NA,NA,NA,NA,NA,NA,NA,NA,NA,NA,NA,NA,NA,NA
"WRD 20-16 T_58.0_978.0",36,36.3,36.6,36.9,37.2,37.5,37.8,38.1,38.4,38.7,NA,NA,NA,NA,NA,NA,NA,NA,NA,NA,NA,NA,NA,NA,NA,NA,NA,NA,NA,NA,NA,NA
"WRD 20-16 T_58.0_983.0",52,53.2555555555556,54.5111111111111,55.7666666666667,57.0222222222222,58.2777777777778,59.5333333333333,60.7888888888889,62.0444444444445,63.3,NA,NA,NA,NA,NA,NA,NA,NA,NA,NA,NA,NA,NA,NA,NA,NA,NA,NA,NA,NA,NA,NA
"WRD 20-9 C_25.0_301.0",20.3,20.4,20.5,20.6,20.7,20.8,20.9,21,21.1,21.2,NA,NA,NA,NA,NA,NA,NA,NA,NA,NA,NA,NA,NA,NA,NA,NA,NA,NA,NA,NA,NA,NA
"WRD 20-9 C_25.0_303.0",52,52.1666666666667,52.3333333333333,52.5,52.6666666666667,52.8333333333333,53,53.1666666666667,53.3333333333333,53.5,NA,NA,NA,NA,NA,NA,NA,NA,NA,NA,NA,NA,NA,NA,NA,NA,NA,NA,NA,NA,NA,NA
"WRD 20-9 C_25.0_305.0",26.4,26.7444444444444,27.0888888888889,27.4333333333333,27.7777777777778,28.1222222222222,28.4666666666667,28.8111111111111,29.1555555555556,29.5,NA,NA,NA,NA,NA,NA,NA,NA,NA,NA,NA,NA,NA,NA,NA,NA,NA,NA,NA,NA,NA,NA
"WRD 20-9 C_25.0_307.0",30.3,30.4888888888889,30.6777777777778,30.8666666666667,31.0555555555556,31.2444444444444,31.4333333333333,31.6222222222222,31.8111111111111,32,NA,NA,NA,NA,NA,NA,NA,NA,NA,NA,NA,NA,NA,NA,NA,NA,NA,NA,NA,NA,NA,NA
"WRD 20-9 C_25.0_308.0",40.9,41.2,41.5,41.8,42.1,42.4,42.7,43,43.3,43.6,NA,NA,NA,NA,NA,NA,NA,NA,NA,NA,NA,NA,NA,NA,NA,NA,NA,NA,NA,NA,NA,NA
"WRD 20-9 C_25.0_309.0",31.2,31.4333333333333,31.6666666666667,31.9,32.1333333333333,32.3666666666667,32.6,32.8333333333333,33.0666666666667,33.3,NA,NA,NA,NA,NA,NA,NA,NA,NA,NA,NA,NA,NA,NA,NA,NA,NA,NA,NA,NA,NA,NA
"WRD 20-9 C_25.0_310.0",18.5,18.4444444444444,18.3888888888889,18.3333333333333,18.2777777777778,18.2222222222222,18.1666666666667,18.1111111111111,18.0555555555556,18,NA,NA,NA,NA,NA,NA,NA,NA,NA,NA,NA,NA,NA,NA,NA,NA,NA,NA,NA,NA,NA,NA
"WRD 20-9 C_25.0_312.0",23.1,23.2222222222222,23.3444444444444,23.4666666666667,23.5888888888889,23.7111111111111,23.8333333333333,23.9555555555556,24.0777777777778,24.2,NA,NA,NA,NA,NA,NA,NA,NA,NA,NA,NA,NA,NA,NA,NA,NA,NA,NA,NA,NA,NA,NA
"WRD 20-9 C_25.0_313.0",18.1,18.3111111111111,18.5222222222222,18.7333333333333,18.9444444444444,19.1555555555556,19.3666666666667,19.5777777777778,19.7888888888889,20,NA,NA,NA,NA,NA,NA,NA,NA,NA,NA,NA,NA,NA,NA,NA,NA,NA,NA,NA,NA,NA,NA
"WRD 20-9 C_25.0_314.0",45.3,45.3,45.3,45.3,45.3,45.3,45.3,45.3,45.3,45.3,NA,NA,NA,NA,NA,NA,NA,NA,NA,NA,NA,NA,NA,NA,NA,NA,NA,NA,NA,NA,NA,NA
"WRD 20-9 C_25.0_316.0",42.6,42.9222222222222,43.2444444444444,43.5666666666667,43.8888888888889,44.2111111111111,44.5333333333333,44.8555555555556,45.1777777777778,45.5,NA,NA,NA,NA,NA,NA,NA,NA,NA,NA,NA,NA,NA,NA,NA,NA,NA,NA,NA,NA,NA,NA
"WRD 20-9 C_25.0_317.0",97.3,97.8,98.3,98.8,99.3,99.8,100.3,100.8,101.3,101.8,NA,NA,NA,NA,NA,NA,NA,NA,NA,NA,NA,NA,NA,NA,NA,NA,NA,NA,NA,NA,NA,NA
"WRD 20-9 C_25.0_322.0",17.4,17.4666666666667,17.5333333333333,17.6,17.6666666666667,17.7333333333333,17.8,17.8666666666667,17.9333333333333,18,NA,NA,NA,NA,NA,NA,NA,NA,NA,NA,NA,NA,NA,NA,NA,NA,NA,NA,NA,NA,NA,NA
"WRD 20-9 C_25.0_324.0",39.2,39.5444444444445,39.8888888888889,40.2333333333333,40.5777777777778,40.9222222222222,41.2666666666667,41.6111111111111,41.9555555555555,42.3,NA,NA,NA,NA,NA,NA,NA,NA,NA,NA,NA,NA,NA,NA,NA,NA,NA,NA,NA,NA,NA,NA
"WRD 20-9 C_25.0_325.0",34.5,34.9333333333333,35.3666666666667,35.8,36.2333333333333,36.6666666666667,37.1,37.5333333333333,37.9666666666667,38.4,NA,NA,NA,NA,NA,NA,NA,NA,NA,NA,NA,NA,NA,NA,NA,NA,NA,NA,NA,NA,NA,NA
"WRD 20-9 C_25.0_326.0",15.1,15.2555555555556,15.4111111111111,15.5666666666667,15.7222222222222,15.8777777777778,16.0333333333333,16.1888888888889,16.3444444444444,16.5,NA,NA,NA,NA,NA,NA,NA,NA,NA,NA,NA,NA,NA,NA,NA,NA,NA,NA,NA,NA,NA,NA
"WRD 20-9 C_25.0_327.0",24.6,24.6777777777778,24.7555555555556,24.8333333333333,24.9111111111111,24.9888888888889,25.0666666666667,25.1444444444444,25.2222222222222,25.3,NA,NA,NA,NA,NA,NA,NA,NA,NA,NA,NA,NA,NA,NA,NA,NA,NA,NA,NA,NA,NA,NA
"WRD 20-9 C_25.0_329.0",39.1,39.5111111111111,39.9222222222222,40.3333333333333,40.7444444444444,41.1555555555556,41.5666666666667,41.9777777777778,42.3888888888889,42.8,NA,NA,NA,NA,NA,NA,NA,NA,NA,NA,NA,NA,NA,NA,NA,NA,NA,NA,NA,NA,NA,NA
"WRD 20-9 C_25.0_330.0",46.3,46.8222222222222,47.3444444444444,47.8666666666667,48.3888888888889,48.9111111111111,49.4333333333333,49.9555555555555,50.4777777777778,51,NA,NA,NA,NA,NA,NA,NA,NA,NA,NA,NA,NA,NA,NA,NA,NA,NA,NA,NA,NA,NA,NA
"WRD 20-9 C_25.0_331.0",41.6,41.8,42,42.2,42.4,42.6,42.8,43,43.2,43.4,NA,NA,NA,NA,NA,NA,NA,NA,NA,NA,NA,NA,NA,NA,NA,NA,NA,NA,NA,NA,NA,NA
"WRD 20-9 C_25.0_334.0",25,25.1,25.2,25.3,25.4,25.5,25.6,25.7,25.8,25.9,NA,NA,NA,NA,NA,NA,NA,NA,NA,NA,NA,NA,NA,NA,NA,NA,NA,NA,NA,NA,NA,NA
"WRD 20-9 C_25.0_335.0",52,52.1888888888889,52.3777777777778,52.5666666666667,52.7555555555556,52.9444444444444,53.1333333333333,53.3222222222222,53.5111111111111,53.7,NA,NA,NA,NA,NA,NA,NA,NA,NA,NA,NA,NA,NA,NA,NA,NA,NA,NA,NA,NA,NA,NA
"WRD 20-9 C_25.0_336.0",36,36.1333333333333,36.2666666666667,36.4,36.5333333333333,36.6666666666667,36.8,36.9333333333333,37.0666666666667,37.2,NA,NA,NA,NA,NA,NA,NA,NA,NA,NA,NA,NA,NA,NA,NA,NA,NA,NA,NA,NA,NA,NA
"WRD 20-9 C_25.0_337.0",30.1,30.6777777777778,31.2555555555556,31.8333333333333,32.4111111111111,32.9888888888889,33.5666666666667,34.1444444444444,34.7222222222222,35.3,NA,NA,NA,NA,NA,NA,NA,NA,NA,NA,NA,NA,NA,NA,NA,NA,NA,NA,NA,NA,NA,NA
"WRD 20-9 C_25.0_339.0",20.2,20.5,20.8,21.1,21.4,21.7,22,22.3,22.6,22.9,NA,NA,NA,NA,NA,NA,NA,NA,NA,NA,NA,NA,NA,NA,NA,NA,NA,NA,NA,NA,NA,NA
"WRD 20-9 C_25.0_341.0",41.3,41.4222222222222,41.5444444444445,41.6666666666667,41.7888888888889,41.9111111111111,42.0333333333333,42.1555555555556,42.2777777777778,42.4,NA,NA,NA,NA,NA,NA,NA,NA,NA,NA,NA,NA,NA,NA,NA,NA,NA,NA,NA,NA,NA,NA
"WRD 20-9 C_25.0_342.0",44.9,45.3,45.7,46.1,46.5,46.9,47.3,47.7,48.1,48.5,NA,NA,NA,NA,NA,NA,NA,NA,NA,NA,NA,NA,NA,NA,NA,NA,NA,NA,NA,NA,NA,NA
"WRD 20-9 C_25.0_343.0",42.6,42.7333333333333,42.8666666666667,43,43.1333333333333,43.2666666666667,43.4,43.5333333333333,43.6666666666667,43.8,NA,NA,NA,NA,NA,NA,NA,NA,NA,NA,NA,NA,NA,NA,NA,NA,NA,NA,NA,NA,NA,NA
"WRD 20-9 C_25.0_344.0",24.5,24.7,24.9,25.1,25.3,25.5,25.7,25.9,26.1,26.3,NA,NA,NA,NA,NA,NA,NA,NA,NA,NA,NA,NA,NA,NA,NA,NA,NA,NA,NA,NA,NA,NA
"WRD 20-9 C_25.0_346.0",58.3,58.8666666666667,59.4333333333333,60,60.5666666666667,61.1333333333333,61.7,62.2666666666667,62.8333333333333,63.4,NA,NA,NA,NA,NA,NA,NA,NA,NA,NA,NA,NA,NA,NA,NA,NA,NA,NA,NA,NA,NA,NA
"WRD 20-9 C_25.0_347.0",23.9,23.9666666666667,24.0333333333333,24.1,24.1666666666667,24.2333333333333,24.3,24.3666666666667,24.4333333333333,24.5,NA,NA,NA,NA,NA,NA,NA,NA,NA,NA,NA,NA,NA,NA,NA,NA,NA,NA,NA,NA,NA,NA
"WRD 20-9 C_25.0_348.0",56.6,57.3666666666667,58.1333333333333,58.9,59.6666666666667,60.4333333333333,61.2,61.9666666666667,62.7333333333333,63.5,NA,NA,NA,NA,NA,NA,NA,NA,NA,NA,NA,NA,NA,NA,NA,NA,NA,NA,NA,NA,NA,NA
"WRD 20-9 C_25.0_349.0",30.2,30.3333333333333,30.4666666666667,30.6,30.7333333333333,30.8666666666667,31,31.1333333333333,31.2666666666667,31.4,NA,NA,NA,NA,NA,NA,NA,NA,NA,NA,NA,NA,NA,NA,NA,NA,NA,NA,NA,NA,NA,NA
"WRD 20-9 C_25.0_351.0",20.8,21.0222222222222,21.2444444444444,21.4666666666667,21.6888888888889,21.9111111111111,22.1333333333333,22.3555555555556,22.5777777777778,22.8,NA,NA,NA,NA,NA,NA,NA,NA,NA,NA,NA,NA,NA,NA,NA,NA,NA,NA,NA,NA,NA,NA
"WRD 20-9 C_25.0_352.0",49.5,49.9222222222222,50.3444444444444,50.7666666666667,51.1888888888889,51.6111111111111,52.0333333333333,52.4555555555555,52.8777777777778,53.3,NA,NA,NA,NA,NA,NA,NA,NA,NA,NA,NA,NA,NA,NA,NA,NA,NA,NA,NA,NA,NA,NA
"WRD 20-9 C_25.0_353.0",23.3,23.2444444444444,23.1888888888889,23.1333333333333,23.0777777777778,23.0222222222222,22.9666666666667,22.9111111111111,22.8555555555556,22.8,NA,NA,NA,NA,NA,NA,NA,NA,NA,NA,NA,NA,NA,NA,NA,NA,NA,NA,NA,NA,NA,NA
"WRD 20-9 C_25.0_355.0",15.3,15.3555555555556,15.4111111111111,15.4666666666667,15.5222222222222,15.5777777777778,15.6333333333333,15.6888888888889,15.7444444444444,15.8,NA,NA,NA,NA,NA,NA,NA,NA,NA,NA,NA,NA,NA,NA,NA,NA,NA,NA,NA,NA,NA,NA
"WRD 20-9 C_25.0_356.0",18.2,18.4,18.6,18.8,19,19.2,19.4,19.6,19.8,20,NA,NA,NA,NA,NA,NA,NA,NA,NA,NA,NA,NA,NA,NA,NA,NA,NA,NA,NA,NA,NA,NA
"WRD 20-9 C_25.0_357.0",38.5,38.9333333333333,39.3666666666667,39.8,40.2333333333333,40.6666666666667,41.1,41.5333333333333,41.9666666666667,42.4,NA,NA,NA,NA,NA,NA,NA,NA,NA,NA,NA,NA,NA,NA,NA,NA,NA,NA,NA,NA,NA,NA
"WRD 20-9 C_25.0_359.0",28.8,29.0444444444444,29.2888888888889,29.5333333333333,29.7777777777778,30.0222222222222,30.2666666666667,30.5111111111111,30.7555555555556,31,NA,NA,NA,NA,NA,NA,NA,NA,NA,NA,NA,NA,NA,NA,NA,NA,NA,NA,NA,NA,NA,NA
"WRD 20-9 C_25.0_360.0",15.6,15.7555555555556,15.9111111111111,16.0666666666667,16.2222222222222,16.3777777777778,16.5333333333333,16.6888888888889,16.8444444444444,17,NA,NA,NA,NA,NA,NA,NA,NA,NA,NA,NA,NA,NA,NA,NA,NA,NA,NA,NA,NA,NA,NA
"WRD 20-9 C_25.0_361.0",25.2,25.4444444444444,25.6888888888889,25.9333333333333,26.1777777777778,26.4222222222222,26.6666666666667,26.9111111111111,27.1555555555556,27.4,NA,NA,NA,NA,NA,NA,NA,NA,NA,NA,NA,NA,NA,NA,NA,NA,NA,NA,NA,NA,NA,NA
"WRD 20-9 C_25.0_362.0",64.8,65.8777777777778,66.9555555555555,68.0333333333333,69.1111111111111,70.1888888888889,71.2666666666667,72.3444444444444,73.4222222222222,74.5,NA,NA,NA,NA,NA,NA,NA,NA,NA,NA,NA,NA,NA,NA,NA,NA,NA,NA,NA,NA,NA,NA
"WRD 20-9 C_25.0_363.0",16.8,16.8,16.8,16.8,16.8,16.8,16.8,16.8,16.8,16.8,NA,NA,NA,NA,NA,NA,NA,NA,NA,NA,NA,NA,NA,NA,NA,NA,NA,NA,NA,NA,NA,NA
"WRD 20-9 C_25.0_364.0",57.4,57.7333333333333,58.0666666666667,58.4,58.7333333333333,59.0666666666667,59.4,59.7333333333333,60.0666666666667,60.4,NA,NA,NA,NA,NA,NA,NA,NA,NA,NA,NA,NA,NA,NA,NA,NA,NA,NA,NA,NA,NA,NA
"WRD 20-9 C_25.0_365.0",66.2,66.9,67.6,68.3,69,69.7,70.4,71.1,71.8,72.5,NA,NA,NA,NA,NA,NA,NA,NA,NA,NA,NA,NA,NA,NA,NA,NA,NA,NA,NA,NA,NA,NA
"WRD 20-9 C_25.0_366.0",16.1,16.0888888888889,16.0777777777778,16.0666666666667,16.0555555555556,16.0444444444444,16.0333333333333,16.0222222222222,16.0111111111111,16,NA,NA,NA,NA,NA,NA,NA,NA,NA,NA,NA,NA,NA,NA,NA,NA,NA,NA,NA,NA,NA,NA
"WRD 20-9 C_25.0_367.0",50,49.9444444444444,49.8888888888889,49.8333333333333,49.7777777777778,49.7222222222222,49.6666666666667,49.6111111111111,49.5555555555556,49.5,NA,NA,NA,NA,NA,NA,NA,NA,NA,NA,NA,NA,NA,NA,NA,NA,NA,NA,NA,NA,NA,NA
"WRD 20-9 C_25.0_368.0",23.3,23.4888888888889,23.6777777777778,23.8666666666667,24.0555555555556,24.2444444444444,24.4333333333333,24.6222222222222,24.8111111111111,25,NA,NA,NA,NA,NA,NA,NA,NA,NA,NA,NA,NA,NA,NA,NA,NA,NA,NA,NA,NA,NA,NA
"WRD 20-9 C_25.0_369.0",31.2,31.4888888888889,31.7777777777778,32.0666666666667,32.3555555555556,32.6444444444444,32.9333333333333,33.2222222222222,33.5111111111111,33.8,NA,NA,NA,NA,NA,NA,NA,NA,NA,NA,NA,NA,NA,NA,NA,NA,NA,NA,NA,NA,NA,NA
"WRD 20-9 C_25.0_370.0",60,60.6666666666667,61.3333333333333,62,62.6666666666667,63.3333333333333,64,64.6666666666667,65.3333333333333,66,NA,NA,NA,NA,NA,NA,NA,NA,NA,NA,NA,NA,NA,NA,NA,NA,NA,NA,NA,NA,NA,NA
"WRD 20-9 C_25.0_371.0",43.5,44.0666666666667,44.6333333333333,45.2,45.7666666666667,46.3333333333333,46.9,47.4666666666667,48.0333333333333,48.6,NA,NA,NA,NA,NA,NA,NA,NA,NA,NA,NA,NA,NA,NA,NA,NA,NA,NA,NA,NA,NA,NA
"WRD 20-9 C_26.0_180.0",31.7,31.8,31.9,32,32.1,32.2,32.3,32.4,32.5,32.6,NA,NA,NA,NA,NA,NA,NA,NA,NA,NA,NA,NA,NA,NA,NA,NA,NA,NA,NA,NA,NA,NA
"WRD 20-9 C_26.0_183.0",19.5,19.4444444444444,19.3888888888889,19.3333333333333,19.2777777777778,19.2222222222222,19.1666666666667,19.1111111111111,19.0555555555556,19,NA,NA,NA,NA,NA,NA,NA,NA,NA,NA,NA,NA,NA,NA,NA,NA,NA,NA,NA,NA,NA,NA
"WRD 20-9 C_26.0_184.0",27,27.5777777777778,28.1555555555556,28.7333333333333,29.3111111111111,29.8888888888889,30.4666666666667,31.0444444444444,31.6222222222222,32.2,NA,NA,NA,NA,NA,NA,NA,NA,NA,NA,NA,NA,NA,NA,NA,NA,NA,NA,NA,NA,NA,NA
"WRD 20-9 C_26.0_185.0",37.5,38.0333333333333,38.5666666666667,39.1,39.6333333333333,40.1666666666667,40.7,41.2333333333333,41.7666666666667,42.3,NA,NA,NA,NA,NA,NA,NA,NA,NA,NA,NA,NA,NA,NA,NA,NA,NA,NA,NA,NA,NA,NA
"WRD 20-9 C_26.0_186.0",16.5,16.5666666666667,16.6333333333333,16.7,16.7666666666667,16.8333333333333,16.9,16.9666666666667,17.0333333333333,17.1,NA,NA,NA,NA,NA,NA,NA,NA,NA,NA,NA,NA,NA,NA,NA,NA,NA,NA,NA,NA,NA,NA
"WRD 20-9 C_26.0_188.0",32,32.5666666666667,33.1333333333333,33.7,34.2666666666667,34.8333333333333,35.4,35.9666666666667,36.5333333333333,37.1,NA,NA,NA,NA,NA,NA,NA,NA,NA,NA,NA,NA,NA,NA,NA,NA,NA,NA,NA,NA,NA,NA
"WRD 20-9 C_26.0_189.0",23.7,23.6333333333333,23.5666666666667,23.5,23.4333333333333,23.3666666666667,23.3,23.2333333333333,23.1666666666667,23.1,NA,NA,NA,NA,NA,NA,NA,NA,NA,NA,NA,NA,NA,NA,NA,NA,NA,NA,NA,NA,NA,NA
"WRD 20-9 C_26.0_190.0",23,23.1444444444444,23.2888888888889,23.4333333333333,23.5777777777778,23.7222222222222,23.8666666666667,24.0111111111111,24.1555555555556,24.3,NA,NA,NA,NA,NA,NA,NA,NA,NA,NA,NA,NA,NA,NA,NA,NA,NA,NA,NA,NA,NA,NA
"WRD 20-9 C_26.0_191.0",44.7,44.8777777777778,45.0555555555556,45.2333333333333,45.4111111111111,45.5888888888889,45.7666666666667,45.9444444444444,46.1222222222222,46.3,NA,NA,NA,NA,NA,NA,NA,NA,NA,NA,NA,NA,NA,NA,NA,NA,NA,NA,NA,NA,NA,NA
"WRD 20-9 C_26.0_192.0",29.9,30.2,30.5,30.8,31.1,31.4,31.7,32,32.3,32.6,NA,NA,NA,NA,NA,NA,NA,NA,NA,NA,NA,NA,NA,NA,NA,NA,NA,NA,NA,NA,NA,NA
"WRD 20-9 C_26.0_193.0",47.6,47.9444444444444,48.2888888888889,48.6333333333333,48.9777777777778,49.3222222222222,49.6666666666667,50.0111111111111,50.3555555555556,50.7,NA,NA,NA,NA,NA,NA,NA,NA,NA,NA,NA,NA,NA,NA,NA,NA,NA,NA,NA,NA,NA,NA
"WRD 20-9 C_26.0_194.0",24.2,24.5111111111111,24.8222222222222,25.1333333333333,25.4444444444444,25.7555555555556,26.0666666666667,26.3777777777778,26.6888888888889,27,NA,NA,NA,NA,NA,NA,NA,NA,NA,NA,NA,NA,NA,NA,NA,NA,NA,NA,NA,NA,NA,NA
"WRD 20-9 C_26.0_196.0",63.5,63.4555555555555,63.4111111111111,63.3666666666667,63.3222222222222,63.2777777777778,63.2333333333333,63.1888888888889,63.1444444444444,63.1,NA,NA,NA,NA,NA,NA,NA,NA,NA,NA,NA,NA,NA,NA,NA,NA,NA,NA,NA,NA,NA,NA
"WRD 20-9 C_26.0_197.0",49,49.3666666666667,49.7333333333333,50.1,50.4666666666667,50.8333333333333,51.2,51.5666666666667,51.9333333333333,52.3,NA,NA,NA,NA,NA,NA,NA,NA,NA,NA,NA,NA,NA,NA,NA,NA,NA,NA,NA,NA,NA,NA
"WRD 20-9 C_26.0_199.0",28.5,27.6777777777778,26.8555555555556,26.0333333333333,25.2111111111111,24.3888888888889,23.5666666666667,22.7444444444444,21.9222222222222,21.1,NA,NA,NA,NA,NA,NA,NA,NA,NA,NA,NA,NA,NA,NA,NA,NA,NA,NA,NA,NA,NA,NA
"WRD 20-9 C_26.0_200.0",25,24.4666666666667,23.9333333333333,23.4,22.8666666666667,22.3333333333333,21.8,21.2666666666667,20.7333333333333,20.2,NA,NA,NA,NA,NA,NA,NA,NA,NA,NA,NA,NA,NA,NA,NA,NA,NA,NA,NA,NA,NA,NA
"WRD 20-9 C_26.0_374.0",42,42.5444444444445,43.0888888888889,43.6333333333333,44.1777777777778,44.7222222222222,45.2666666666667,45.8111111111111,46.3555555555556,46.9,NA,NA,NA,NA,NA,NA,NA,NA,NA,NA,NA,NA,NA,NA,NA,NA,NA,NA,NA,NA,NA,NA
"WRD 20-9 C_26.0_375.0",36,36.8555555555556,37.7111111111111,38.5666666666667,39.4222222222222,40.2777777777778,41.1333333333333,41.9888888888889,42.8444444444444,43.7,NA,NA,NA,NA,NA,NA,NA,NA,NA,NA,NA,NA,NA,NA,NA,NA,NA,NA,NA,NA,NA,NA
"WRD 20-9 C_26.0_376.0",54,54.5666666666667,55.1333333333333,55.7,56.2666666666667,56.8333333333333,57.4,57.9666666666667,58.5333333333333,59.1,NA,NA,NA,NA,NA,NA,NA,NA,NA,NA,NA,NA,NA,NA,NA,NA,NA,NA,NA,NA,NA,NA
"WRD 20-9 C_26.0_377.0",46,46.0444444444445,46.0888888888889,46.1333333333333,46.1777777777778,46.2222222222222,46.2666666666667,46.3111111111111,46.3555555555556,46.4,NA,NA,NA,NA,NA,NA,NA,NA,NA,NA,NA,NA,NA,NA,NA,NA,NA,NA,NA,NA,NA,NA
"WRD 20-9 C_26.0_378.0",19.4,19.6666666666667,19.9333333333333,20.2,20.4666666666667,20.7333333333333,21,21.2666666666667,21.5333333333333,21.8,NA,NA,NA,NA,NA,NA,NA,NA,NA,NA,NA,NA,NA,NA,NA,NA,NA,NA,NA,NA,NA,NA
"WRD 20-9 C_26.0_381.0",37,38.1666666666667,39.3333333333333,40.5,41.6666666666667,42.8333333333333,44,45.1666666666667,46.3333333333333,47.5,NA,NA,NA,NA,NA,NA,NA,NA,NA,NA,NA,NA,NA,NA,NA,NA,NA,NA,NA,NA,NA,NA
"WRD 20-9 C_26.0_382.0",23,23.9222222222222,24.8444444444444,25.7666666666667,26.6888888888889,27.6111111111111,28.5333333333333,29.4555555555556,30.3777777777778,31.3,NA,NA,NA,NA,NA,NA,NA,NA,NA,NA,NA,NA,NA,NA,NA,NA,NA,NA,NA,NA,NA,NA
"WRD 20-9 C_26.0_384.0",28.8,28.8666666666667,28.9333333333333,29,29.0666666666667,29.1333333333333,29.2,29.2666666666667,29.3333333333333,29.4,NA,NA,NA,NA,NA,NA,NA,NA,NA,NA,NA,NA,NA,NA,NA,NA,NA,NA,NA,NA,NA,NA
"WRD 20-9 C_26.0_385.0",15.5,15.5,15.5,15.5,15.5,15.5,15.5,15.5,15.5,15.5,NA,NA,NA,NA,NA,NA,NA,NA,NA,NA,NA,NA,NA,NA,NA,NA,NA,NA,NA,NA,NA,NA
"WRD 20-9 C_26.0_387.0",51,51.4888888888889,51.9777777777778,52.4666666666667,52.9555555555555,53.4444444444444,53.9333333333333,54.4222222222222,54.9111111111111,55.4,NA,NA,NA,NA,NA,NA,NA,NA,NA,NA,NA,NA,NA,NA,NA,NA,NA,NA,NA,NA,NA,NA
"WRD 20-9 C_26.0_388.0",19.4,19.5,19.6,19.7,19.8,19.9,20,20.1,20.2,20.3,NA,NA,NA,NA,NA,NA,NA,NA,NA,NA,NA,NA,NA,NA,NA,NA,NA,NA,NA,NA,NA,NA
"WRD 20-9 C_26.0_389.0",25,24.7222222222222,24.4444444444444,24.1666666666667,23.8888888888889,23.6111111111111,23.3333333333333,23.0555555555556,22.7777777777778,22.5,NA,NA,NA,NA,NA,NA,NA,NA,NA,NA,NA,NA,NA,NA,NA,NA,NA,NA,NA,NA,NA,NA
"WRD 20-9 C_26.0_390.0",50.5,50.5,50.5,50.5,50.5,50.5,50.5,50.5,50.5,50.5,NA,NA,NA,NA,NA,NA,NA,NA,NA,NA,NA,NA,NA,NA,NA,NA,NA,NA,NA,NA,NA,NA
"WRD 20-9 C_26.0_391.0",35,35.3111111111111,35.6222222222222,35.9333333333333,36.2444444444444,36.5555555555556,36.8666666666667,37.1777777777778,37.4888888888889,37.8,NA,NA,NA,NA,NA,NA,NA,NA,NA,NA,NA,NA,NA,NA,NA,NA,NA,NA,NA,NA,NA,NA
"WRD 20-9 C_26.0_392.0",51,51.3666666666667,51.7333333333333,52.1,52.4666666666667,52.8333333333333,53.2,53.5666666666667,53.9333333333333,54.3,NA,NA,NA,NA,NA,NA,NA,NA,NA,NA,NA,NA,NA,NA,NA,NA,NA,NA,NA,NA,NA,NA
"WRD 20-9 C_26.0_393.0",16,16.3333333333333,16.6666666666667,17,17.3333333333333,17.6666666666667,18,18.3333333333333,18.6666666666667,19,NA,NA,NA,NA,NA,NA,NA,NA,NA,NA,NA,NA,NA,NA,NA,NA,NA,NA,NA,NA,NA,NA
"WRD 20-9 C_26.0_394.0",35.3,35.5777777777778,35.8555555555556,36.1333333333333,36.4111111111111,36.6888888888889,36.9666666666667,37.2444444444444,37.5222222222222,37.8,NA,NA,NA,NA,NA,NA,NA,NA,NA,NA,NA,NA,NA,NA,NA,NA,NA,NA,NA,NA,NA,NA
"WRD 20-9 C_26.0_395.0",49,49.0444444444445,49.0888888888889,49.1333333333333,49.1777777777778,49.2222222222222,49.2666666666667,49.3111111111111,49.3555555555556,49.4,NA,NA,NA,NA,NA,NA,NA,NA,NA,NA,NA,NA,NA,NA,NA,NA,NA,NA,NA,NA,NA,NA
"WRD 20-9 C_26.0_396.0",59,58.9222222222222,58.8444444444444,58.7666666666667,58.6888888888889,58.6111111111111,58.5333333333333,58.4555555555555,58.3777777777778,58.3,NA,NA,NA,NA,NA,NA,NA,NA,NA,NA,NA,NA,NA,NA,NA,NA,NA,NA,NA,NA,NA,NA
"WRD 20-9 C_26.0_397.0",35,35.0111111111111,35.0222222222222,35.0333333333333,35.0444444444444,35.0555555555556,35.0666666666667,35.0777777777778,35.0888888888889,35.1,NA,NA,NA,NA,NA,NA,NA,NA,NA,NA,NA,NA,NA,NA,NA,NA,NA,NA,NA,NA,NA,NA
"WRD 20-9 C_26.0_398.0",18.8,18.7777777777778,18.7555555555556,18.7333333333333,18.7111111111111,18.6888888888889,18.6666666666667,18.6444444444444,18.6222222222222,18.6,NA,NA,NA,NA,NA,NA,NA,NA,NA,NA,NA,NA,NA,NA,NA,NA,NA,NA,NA,NA,NA,NA
"WRD 20-9 C_26.0_399.0",51.6,51.3222222222222,51.0444444444445,50.7666666666667,50.4888888888889,50.2111111111111,49.9333333333333,49.6555555555556,49.3777777777778,49.1,NA,NA,NA,NA,NA,NA,NA,NA,NA,NA,NA,NA,NA,NA,NA,NA,NA,NA,NA,NA,NA,NA
"WRD 20-9 C_26.0_501.0",19.8,19.8777777777778,19.9555555555556,20.0333333333333,20.1111111111111,20.1888888888889,20.2666666666667,20.3444444444444,20.4222222222222,20.5,NA,NA,NA,NA,NA,NA,NA,NA,NA,NA,NA,NA,NA,NA,NA,NA,NA,NA,NA,NA,NA,NA
"WRD 20-9 C_26.0_502.0",58.1,58.7111111111111,59.3222222222222,59.9333333333333,60.5444444444445,61.1555555555556,61.7666666666667,62.3777777777778,62.9888888888889,63.6,NA,NA,NA,NA,NA,NA,NA,NA,NA,NA,NA,NA,NA,NA,NA,NA,NA,NA,NA,NA,NA,NA
"WRD 20-9 C_26.0_503.0",32.5,33.0333333333333,33.5666666666667,34.1,34.6333333333333,35.1666666666667,35.7,36.2333333333333,36.7666666666667,37.3,NA,NA,NA,NA,NA,NA,NA,NA,NA,NA,NA,NA,NA,NA,NA,NA,NA,NA,NA,NA,NA,NA
"WRD 20-9 C_26.0_504.0",28.1,28.5111111111111,28.9222222222222,29.3333333333333,29.7444444444444,30.1555555555556,30.5666666666667,30.9777777777778,31.3888888888889,31.8,NA,NA,NA,NA,NA,NA,NA,NA,NA,NA,NA,NA,NA,NA,NA,NA,NA,NA,NA,NA,NA,NA
"WRD 20-9 C_26.0_505.0",70.1,70.4,70.7,71,71.3,71.6,71.9,72.2,72.5,72.8,NA,NA,NA,NA,NA,NA,NA,NA,NA,NA,NA,NA,NA,NA,NA,NA,NA,NA,NA,NA,NA,NA
"WRD 20-9 C_26.0_506.0",15.7,15.8777777777778,16.0555555555556,16.2333333333333,16.4111111111111,16.5888888888889,16.7666666666667,16.9444444444444,17.1222222222222,17.3,NA,NA,NA,NA,NA,NA,NA,NA,NA,NA,NA,NA,NA,NA,NA,NA,NA,NA,NA,NA,NA,NA
"WRD 20-9 C_27.0_512.0",37,37.6888888888889,38.3777777777778,39.0666666666667,39.7555555555556,40.4444444444444,41.1333333333333,41.8222222222222,42.5111111111111,43.2,NA,NA,NA,NA,NA,NA,NA,NA,NA,NA,NA,NA,NA,NA,NA,NA,NA,NA,NA,NA,NA,NA
"WRD 20-9 C_27.0_513.0",37.5,37.5888888888889,37.6777777777778,37.7666666666667,37.8555555555556,37.9444444444444,38.0333333333333,38.1222222222222,38.2111111111111,38.3,NA,NA,NA,NA,NA,NA,NA,NA,NA,NA,NA,NA,NA,NA,NA,NA,NA,NA,NA,NA,NA,NA
"WRD 20-9 C_27.0_514.0",56,56.4111111111111,56.8222222222222,57.2333333333333,57.6444444444444,58.0555555555556,58.4666666666667,58.8777777777778,59.2888888888889,59.7,NA,NA,NA,NA,NA,NA,NA,NA,NA,NA,NA,NA,NA,NA,NA,NA,NA,NA,NA,NA,NA,NA
"WRD 20-9 C_27.0_516.0",34,34.3111111111111,34.6222222222222,34.9333333333333,35.2444444444444,35.5555555555556,35.8666666666667,36.1777777777778,36.4888888888889,36.8,NA,NA,NA,NA,NA,NA,NA,NA,NA,NA,NA,NA,NA,NA,NA,NA,NA,NA,NA,NA,NA,NA
"WRD 20-9 C_27.0_519.0",21,21.0777777777778,21.1555555555556,21.2333333333333,21.3111111111111,21.3888888888889,21.4666666666667,21.5444444444444,21.6222222222222,21.7,NA,NA,NA,NA,NA,NA,NA,NA,NA,NA,NA,NA,NA,NA,NA,NA,NA,NA,NA,NA,NA,NA
"WRD 20-9 C_27.0_520.0",40.5,40.9444444444444,41.3888888888889,41.8333333333333,42.2777777777778,42.7222222222222,43.1666666666667,43.6111111111111,44.0555555555556,44.5,NA,NA,NA,NA,NA,NA,NA,NA,NA,NA,NA,NA,NA,NA,NA,NA,NA,NA,NA,NA,NA,NA
"WRD 20-9 C_27.0_521.0",15,15.0111111111111,15.0222222222222,15.0333333333333,15.0444444444444,15.0555555555556,15.0666666666667,15.0777777777778,15.0888888888889,15.1,NA,NA,NA,NA,NA,NA,NA,NA,NA,NA,NA,NA,NA,NA,NA,NA,NA,NA,NA,NA,NA,NA
"WRD 20-9 C_27.0_522.0",57.5,57.5777777777778,57.6555555555556,57.7333333333333,57.8111111111111,57.8888888888889,57.9666666666667,58.0444444444445,58.1222222222222,58.2,NA,NA,NA,NA,NA,NA,NA,NA,NA,NA,NA,NA,NA,NA,NA,NA,NA,NA,NA,NA,NA,NA
"WRD 20-9 C_27.0_523.0",29,29.6333333333333,30.2666666666667,30.9,31.5333333333333,32.1666666666667,32.8,33.4333333333333,34.0666666666667,34.7,NA,NA,NA,NA,NA,NA,NA,NA,NA,NA,NA,NA,NA,NA,NA,NA,NA,NA,NA,NA,NA,NA
"WRD 20-9 C_27.0_524.0",27,27.2222222222222,27.4444444444444,27.6666666666667,27.8888888888889,28.1111111111111,28.3333333333333,28.5555555555556,28.7777777777778,29,NA,NA,NA,NA,NA,NA,NA,NA,NA,NA,NA,NA,NA,NA,NA,NA,NA,NA,NA,NA,NA,NA
"WRD 20-9 C_27.0_525.0",30,30.3,30.6,30.9,31.2,31.5,31.8,32.1,32.4,32.7,NA,NA,NA,NA,NA,NA,NA,NA,NA,NA,NA,NA,NA,NA,NA,NA,NA,NA,NA,NA,NA,NA
"WRD 20-9 C_27.0_526.0",37,37.4333333333333,37.8666666666667,38.3,38.7333333333333,39.1666666666667,39.6,40.0333333333333,40.4666666666667,40.9,NA,NA,NA,NA,NA,NA,NA,NA,NA,NA,NA,NA,NA,NA,NA,NA,NA,NA,NA,NA,NA,NA
"WRD 20-9 C_27.0_527.0",27.5,27.9333333333333,28.3666666666667,28.8,29.2333333333333,29.6666666666667,30.1,30.5333333333333,30.9666666666667,31.4,NA,NA,NA,NA,NA,NA,NA,NA,NA,NA,NA,NA,NA,NA,NA,NA,NA,NA,NA,NA,NA,NA
"WRD 20-9 C_27.0_528.0",27,27.3777777777778,27.7555555555556,28.1333333333333,28.5111111111111,28.8888888888889,29.2666666666667,29.6444444444444,30.0222222222222,30.4,NA,NA,NA,NA,NA,NA,NA,NA,NA,NA,NA,NA,NA,NA,NA,NA,NA,NA,NA,NA,NA,NA
"WRD 20-9 C_27.0_530.0",54,54.6,55.2,55.8,56.4,57,57.6,58.2,58.8,59.4,NA,NA,NA,NA,NA,NA,NA,NA,NA,NA,NA,NA,NA,NA,NA,NA,NA,NA,NA,NA,NA,NA
"WRD 20-9 C_27.0_531.0",73,73.0222222222222,73.0444444444445,73.0666666666667,73.0888888888889,73.1111111111111,73.1333333333333,73.1555555555556,73.1777777777778,73.2,NA,NA,NA,NA,NA,NA,NA,NA,NA,NA,NA,NA,NA,NA,NA,NA,NA,NA,NA,NA,NA,NA
"WRD 20-9 C_27.0_532.0",65,65.3333333333333,65.6666666666667,66,66.3333333333333,66.6666666666667,67,67.3333333333333,67.6666666666667,68,NA,NA,NA,NA,NA,NA,NA,NA,NA,NA,NA,NA,NA,NA,NA,NA,NA,NA,NA,NA,NA,NA
"WRD 20-9 C_27.0_533.0",25.5,25.7222222222222,25.9444444444444,26.1666666666667,26.3888888888889,26.6111111111111,26.8333333333333,27.0555555555556,27.2777777777778,27.5,NA,NA,NA,NA,NA,NA,NA,NA,NA,NA,NA,NA,NA,NA,NA,NA,NA,NA,NA,NA,NA,NA
"WRD 20-9 C_27.0_534.0",34,34.2222222222222,34.4444444444444,34.6666666666667,34.8888888888889,35.1111111111111,35.3333333333333,35.5555555555556,35.7777777777778,36,NA,NA,NA,NA,NA,NA,NA,NA,NA,NA,NA,NA,NA,NA,NA,NA,NA,NA,NA,NA,NA,NA
"WRD 20-9 C_27.0_536.0",46.5,46.5,46.5,46.5,46.5,46.5,46.5,46.5,46.5,46.5,NA,NA,NA,NA,NA,NA,NA,NA,NA,NA,NA,NA,NA,NA,NA,NA,NA,NA,NA,NA,NA,NA
"WRD 20-9 C_27.0_802.0",30.6,30.8555555555556,31.1111111111111,31.3666666666667,31.6222222222222,31.8777777777778,32.1333333333333,32.3888888888889,32.6444444444444,32.9,NA,NA,NA,NA,NA,NA,NA,NA,NA,NA,NA,NA,NA,NA,NA,NA,NA,NA,NA,NA,NA,NA
"WRD 20-9 C_27.0_803.0",20.2,20.4444444444444,20.6888888888889,20.9333333333333,21.1777777777778,21.4222222222222,21.6666666666667,21.9111111111111,22.1555555555556,22.4,NA,NA,NA,NA,NA,NA,NA,NA,NA,NA,NA,NA,NA,NA,NA,NA,NA,NA,NA,NA,NA,NA
"WRD 20-9 C_27.0_804.0",32.5,33.1777777777778,33.8555555555556,34.5333333333333,35.2111111111111,35.8888888888889,36.5666666666667,37.2444444444444,37.9222222222222,38.6,NA,NA,NA,NA,NA,NA,NA,NA,NA,NA,NA,NA,NA,NA,NA,NA,NA,NA,NA,NA,NA,NA
"WRD 20-9 C_27.0_805.0",40.9,40.9222222222222,40.9444444444444,40.9666666666667,40.9888888888889,41.0111111111111,41.0333333333333,41.0555555555556,41.0777777777778,41.1,NA,NA,NA,NA,NA,NA,NA,NA,NA,NA,NA,NA,NA,NA,NA,NA,NA,NA,NA,NA,NA,NA
"WRD 20-9 C_27.0_806.0",50.4,51.7888888888889,53.1777777777778,54.5666666666667,55.9555555555555,57.3444444444444,58.7333333333333,60.1222222222222,61.5111111111111,62.9,NA,NA,NA,NA,NA,NA,NA,NA,NA,NA,NA,NA,NA,NA,NA,NA,NA,NA,NA,NA,NA,NA
"WRD 20-9 C_27.0_807.0",39.5,39.7666666666667,40.0333333333333,40.3,40.5666666666667,40.8333333333333,41.1,41.3666666666667,41.6333333333333,41.9,NA,NA,NA,NA,NA,NA,NA,NA,NA,NA,NA,NA,NA,NA,NA,NA,NA,NA,NA,NA,NA,NA
"WRD 20-9 C_27.0_808.0",32.5,32.6444444444444,32.7888888888889,32.9333333333333,33.0777777777778,33.2222222222222,33.3666666666667,33.5111111111111,33.6555555555556,33.8,NA,NA,NA,NA,NA,NA,NA,NA,NA,NA,NA,NA,NA,NA,NA,NA,NA,NA,NA,NA,NA,NA
"WRD 20-9 C_27.0_809.0",27.5,27.5666666666667,27.6333333333333,27.7,27.7666666666667,27.8333333333333,27.9,27.9666666666667,28.0333333333333,28.1,NA,NA,NA,NA,NA,NA,NA,NA,NA,NA,NA,NA,NA,NA,NA,NA,NA,NA,NA,NA,NA,NA
"WRD 20-9 C_27.0_810.0",15.1,15.6222222222222,16.1444444444444,16.6666666666667,17.1888888888889,17.7111111111111,18.2333333333333,18.7555555555556,19.2777777777778,19.8,NA,NA,NA,NA,NA,NA,NA,NA,NA,NA,NA,NA,NA,NA,NA,NA,NA,NA,NA,NA,NA,NA
"WRD 20-9 C_27.0_812.0",20.9,21.8222222222222,22.7444444444444,23.6666666666667,24.5888888888889,25.5111111111111,26.4333333333333,27.3555555555556,28.2777777777778,29.2,NA,NA,NA,NA,NA,NA,NA,NA,NA,NA,NA,NA,NA,NA,NA,NA,NA,NA,NA,NA,NA,NA
"WRD 20-9 C_27.0_814.0",71.2,72.1,73,73.9,74.8,75.7,76.6,77.5,78.4,79.3,NA,NA,NA,NA,NA,NA,NA,NA,NA,NA,NA,NA,NA,NA,NA,NA,NA,NA,NA,NA,NA,NA
"WRD 20-9 C_27.0_816.0",24.4,24.4111111111111,24.4222222222222,24.4333333333333,24.4444444444444,24.4555555555556,24.4666666666667,24.4777777777778,24.4888888888889,24.5,NA,NA,NA,NA,NA,NA,NA,NA,NA,NA,NA,NA,NA,NA,NA,NA,NA,NA,NA,NA,NA,NA
"WRD 20-9 C_27.0_817.0",41,41.3777777777778,41.7555555555556,42.1333333333333,42.5111111111111,42.8888888888889,43.2666666666667,43.6444444444444,44.0222222222222,44.4,NA,NA,NA,NA,NA,NA,NA,NA,NA,NA,NA,NA,NA,NA,NA,NA,NA,NA,NA,NA,NA,NA
"WRD 20-9 C_27.0_818.0",51.2,51.6888888888889,52.1777777777778,52.6666666666667,53.1555555555556,53.6444444444444,54.1333333333333,54.6222222222222,55.1111111111111,55.6,NA,NA,NA,NA,NA,NA,NA,NA,NA,NA,NA,NA,NA,NA,NA,NA,NA,NA,NA,NA,NA,NA
"WRD 20-9 C_27.0_819.0",24.3,24.6888888888889,25.0777777777778,25.4666666666667,25.8555555555556,26.2444444444444,26.6333333333333,27.0222222222222,27.4111111111111,27.8,NA,NA,NA,NA,NA,NA,NA,NA,NA,NA,NA,NA,NA,NA,NA,NA,NA,NA,NA,NA,NA,NA
"WRD 20-9 C_27.0_821.0",65.4,65.9444444444444,66.4888888888889,67.0333333333333,67.5777777777778,68.1222222222222,68.6666666666667,69.2111111111111,69.7555555555556,70.3,NA,NA,NA,NA,NA,NA,NA,NA,NA,NA,NA,NA,NA,NA,NA,NA,NA,NA,NA,NA,NA,NA
"WRD 20-9 C_27.0_825.0",30.2,30.6888888888889,31.1777777777778,31.6666666666667,32.1555555555556,32.6444444444444,33.1333333333333,33.6222222222222,34.1111111111111,34.6,NA,NA,NA,NA,NA,NA,NA,NA,NA,NA,NA,NA,NA,NA,NA,NA,NA,NA,NA,NA,NA,NA
"WRD 20-9 C_27.0_826.0",19,19.2777777777778,19.5555555555556,19.8333333333333,20.1111111111111,20.3888888888889,20.6666666666667,20.9444444444444,21.2222222222222,21.5,NA,NA,NA,NA,NA,NA,NA,NA,NA,NA,NA,NA,NA,NA,NA,NA,NA,NA,NA,NA,NA,NA
"WRD 20-9 C_27.0_827.0",43.3,43.9111111111111,44.5222222222222,45.1333333333333,45.7444444444444,46.3555555555556,46.9666666666667,47.5777777777778,48.1888888888889,48.8,NA,NA,NA,NA,NA,NA,NA,NA,NA,NA,NA,NA,NA,NA,NA,NA,NA,NA,NA,NA,NA,NA
"WRD 20-9 C_27.0_828.0",21.1,21.3555555555556,21.6111111111111,21.8666666666667,22.1222222222222,22.3777777777778,22.6333333333333,22.8888888888889,23.1444444444444,23.4,NA,NA,NA,NA,NA,NA,NA,NA,NA,NA,NA,NA,NA,NA,NA,NA,NA,NA,NA,NA,NA,NA
"WRD 20-9 C_28.0_830.0",30,30.7555555555556,31.5111111111111,32.2666666666667,33.0222222222222,33.7777777777778,34.5333333333333,35.2888888888889,36.0444444444445,36.8,NA,NA,NA,NA,NA,NA,NA,NA,NA,NA,NA,NA,NA,NA,NA,NA,NA,NA,NA,NA,NA,NA
"WRD 20-9 C_28.0_831.0",25.2,25.4222222222222,25.6444444444444,25.8666666666667,26.0888888888889,26.3111111111111,26.5333333333333,26.7555555555556,26.9777777777778,27.2,NA,NA,NA,NA,NA,NA,NA,NA,NA,NA,NA,NA,NA,NA,NA,NA,NA,NA,NA,NA,NA,NA
"WRD 20-9 C_28.0_833.0",40,40.1111111111111,40.2222222222222,40.3333333333333,40.4444444444444,40.5555555555556,40.6666666666667,40.7777777777778,40.8888888888889,41,NA,NA,NA,NA,NA,NA,NA,NA,NA,NA,NA,NA,NA,NA,NA,NA,NA,NA,NA,NA,NA,NA
"WRD 20-9 C_28.0_836.0",31.9,32.1888888888889,32.4777777777778,32.7666666666667,33.0555555555556,33.3444444444444,33.6333333333333,33.9222222222222,34.2111111111111,34.5,NA,NA,NA,NA,NA,NA,NA,NA,NA,NA,NA,NA,NA,NA,NA,NA,NA,NA,NA,NA,NA,NA
"WRD 20-9 C_28.0_837.0",25,25.2333333333333,25.4666666666667,25.7,25.9333333333333,26.1666666666667,26.4,26.6333333333333,26.8666666666667,27.1,NA,NA,NA,NA,NA,NA,NA,NA,NA,NA,NA,NA,NA,NA,NA,NA,NA,NA,NA,NA,NA,NA
"WRD 20-9 C_28.0_838.0",49,49.6777777777778,50.3555555555556,51.0333333333333,51.7111111111111,52.3888888888889,53.0666666666667,53.7444444444444,54.4222222222222,55.1,NA,NA,NA,NA,NA,NA,NA,NA,NA,NA,NA,NA,NA,NA,NA,NA,NA,NA,NA,NA,NA,NA
"WRD 20-9 C_28.0_839.0",43.2,44.0777777777778,44.9555555555555,45.8333333333333,46.7111111111111,47.5888888888889,48.4666666666667,49.3444444444444,50.2222222222222,51.1,NA,NA,NA,NA,NA,NA,NA,NA,NA,NA,NA,NA,NA,NA,NA,NA,NA,NA,NA,NA,NA,NA
"WRD 20-9 C_28.0_840.0",22.5,22.6222222222222,22.7444444444444,22.8666666666667,22.9888888888889,23.1111111111111,23.2333333333333,23.3555555555556,23.4777777777778,23.6,NA,NA,NA,NA,NA,NA,NA,NA,NA,NA,NA,NA,NA,NA,NA,NA,NA,NA,NA,NA,NA,NA
"WRD 20-9 C_28.0_841.0",70,70.3888888888889,70.7777777777778,71.1666666666667,71.5555555555556,71.9444444444444,72.3333333333333,72.7222222222222,73.1111111111111,73.5,NA,NA,NA,NA,NA,NA,NA,NA,NA,NA,NA,NA,NA,NA,NA,NA,NA,NA,NA,NA,NA,NA
"WRD 20-9 C_28.0_843.0",45,45.3555555555556,45.7111111111111,46.0666666666667,46.4222222222222,46.7777777777778,47.1333333333333,47.4888888888889,47.8444444444444,48.2,NA,NA,NA,NA,NA,NA,NA,NA,NA,NA,NA,NA,NA,NA,NA,NA,NA,NA,NA,NA,NA,NA
"WRD 20-9 C_28.0_844.0",21.8,22.2555555555556,22.7111111111111,23.1666666666667,23.6222222222222,24.0777777777778,24.5333333333333,24.9888888888889,25.4444444444444,25.9,NA,NA,NA,NA,NA,NA,NA,NA,NA,NA,NA,NA,NA,NA,NA,NA,NA,NA,NA,NA,NA,NA
"WRD 20-9 C_28.0_845.0",38.7,38.7888888888889,38.8777777777778,38.9666666666667,39.0555555555556,39.1444444444444,39.2333333333333,39.3222222222222,39.4111111111111,39.5,NA,NA,NA,NA,NA,NA,NA,NA,NA,NA,NA,NA,NA,NA,NA,NA,NA,NA,NA,NA,NA,NA
"WRD 20-9 C_28.0_846.0",54.9,55.6222222222222,56.3444444444444,57.0666666666667,57.7888888888889,58.5111111111111,59.2333333333333,59.9555555555555,60.6777777777778,61.4,NA,NA,NA,NA,NA,NA,NA,NA,NA,NA,NA,NA,NA,NA,NA,NA,NA,NA,NA,NA,NA,NA
"WRD 20-9 C_28.0_849.0",41.1,41.6111111111111,42.1222222222222,42.6333333333333,43.1444444444444,43.6555555555556,44.1666666666667,44.6777777777778,45.1888888888889,45.7,NA,NA,NA,NA,NA,NA,NA,NA,NA,NA,NA,NA,NA,NA,NA,NA,NA,NA,NA,NA,NA,NA
"WRD 20-9 C_28.0_850.0",35.8,36.3,36.8,37.3,37.8,38.3,38.8,39.3,39.8,40.3,NA,NA,NA,NA,NA,NA,NA,NA,NA,NA,NA,NA,NA,NA,NA,NA,NA,NA,NA,NA,NA,NA
"WRD 20-9 C_28.0_851.0",17.3,17.6222222222222,17.9444444444444,18.2666666666667,18.5888888888889,18.9111111111111,19.2333333333333,19.5555555555556,19.8777777777778,20.2,NA,NA,NA,NA,NA,NA,NA,NA,NA,NA,NA,NA,NA,NA,NA,NA,NA,NA,NA,NA,NA,NA
"WRD 20-9 C_28.0_852.0",57.7,58.2,58.7,59.2,59.7,60.2,60.7,61.2,61.7,62.2,NA,NA,NA,NA,NA,NA,NA,NA,NA,NA,NA,NA,NA,NA,NA,NA,NA,NA,NA,NA,NA,NA
"WRD 20-9 C_28.0_853.0",51.5,51.7888888888889,52.0777777777778,52.3666666666667,52.6555555555556,52.9444444444444,53.2333333333333,53.5222222222222,53.8111111111111,54.1,NA,NA,NA,NA,NA,NA,NA,NA,NA,NA,NA,NA,NA,NA,NA,NA,NA,NA,NA,NA,NA,NA
"WRD 20-9 C_28.0_856.0",22.2,22.6444444444444,23.0888888888889,23.5333333333333,23.9777777777778,24.4222222222222,24.8666666666667,25.3111111111111,25.7555555555556,26.2,NA,NA,NA,NA,NA,NA,NA,NA,NA,NA,NA,NA,NA,NA,NA,NA,NA,NA,NA,NA,NA,NA
"WRD 20-9 C_28.0_857.0",21.7,22.1111111111111,22.5222222222222,22.9333333333333,23.3444444444444,23.7555555555556,24.1666666666667,24.5777777777778,24.9888888888889,25.4,NA,NA,NA,NA,NA,NA,NA,NA,NA,NA,NA,NA,NA,NA,NA,NA,NA,NA,NA,NA,NA,NA
"WRD 20-9 C_28.0_859.0",25.5,25.8222222222222,26.1444444444444,26.4666666666667,26.7888888888889,27.1111111111111,27.4333333333333,27.7555555555556,28.0777777777778,28.4,NA,NA,NA,NA,NA,NA,NA,NA,NA,NA,NA,NA,NA,NA,NA,NA,NA,NA,NA,NA,NA,NA
"WRD 20-9 C_28.0_860.0",30.9,31.2333333333333,31.5666666666667,31.9,32.2333333333333,32.5666666666667,32.9,33.2333333333333,33.5666666666667,33.9,NA,NA,NA,NA,NA,NA,NA,NA,NA,NA,NA,NA,NA,NA,NA,NA,NA,NA,NA,NA,NA,NA
"WRD 20-9 C_28.0_861.0",21.9,22.1222222222222,22.3444444444444,22.5666666666667,22.7888888888889,23.0111111111111,23.2333333333333,23.4555555555556,23.6777777777778,23.9,NA,NA,NA,NA,NA,NA,NA,NA,NA,NA,NA,NA,NA,NA,NA,NA,NA,NA,NA,NA,NA,NA
"WRD 20-9 C_28.0_862.0",47.5,47.9444444444444,48.3888888888889,48.8333333333333,49.2777777777778,49.7222222222222,50.1666666666667,50.6111111111111,51.0555555555556,51.5,NA,NA,NA,NA,NA,NA,NA,NA,NA,NA,NA,NA,NA,NA,NA,NA,NA,NA,NA,NA,NA,NA
"WRD 20-9 C_28.0_864.0",42,43.0666666666667,44.1333333333333,45.2,46.2666666666667,47.3333333333333,48.4,49.4666666666667,50.5333333333333,51.6,NA,NA,NA,NA,NA,NA,NA,NA,NA,NA,NA,NA,NA,NA,NA,NA,NA,NA,NA,NA,NA,NA
"WRD 20-9 C_28.0_866.0",28.2,29.0222222222222,29.8444444444444,30.6666666666667,31.4888888888889,32.3111111111111,33.1333333333333,33.9555555555556,34.7777777777778,35.6,NA,NA,NA,NA,NA,NA,NA,NA,NA,NA,NA,NA,NA,NA,NA,NA,NA,NA,NA,NA,NA,NA
"WRD 20-9 C_28.0_867.0",16,16.4222222222222,16.8444444444444,17.2666666666667,17.6888888888889,18.1111111111111,18.5333333333333,18.9555555555556,19.3777777777778,19.8,NA,NA,NA,NA,NA,NA,NA,NA,NA,NA,NA,NA,NA,NA,NA,NA,NA,NA,NA,NA,NA,NA
"WRD 20-9 C_28.0_868.0",38,38.6,39.2,39.8,40.4,41,41.6,42.2,42.8,43.4,NA,NA,NA,NA,NA,NA,NA,NA,NA,NA,NA,NA,NA,NA,NA,NA,NA,NA,NA,NA,NA,NA
"WRD 20-9 C_29.0_869.0",38.2,39.0111111111111,39.8222222222222,40.6333333333333,41.4444444444444,42.2555555555556,43.0666666666667,43.8777777777778,44.6888888888889,45.5,NA,NA,NA,NA,NA,NA,NA,NA,NA,NA,NA,NA,NA,NA,NA,NA,NA,NA,NA,NA,NA,NA
"WRD 20-9 C_29.0_870.0",30.2,30.4888888888889,30.7777777777778,31.0666666666667,31.3555555555556,31.6444444444444,31.9333333333333,32.2222222222222,32.5111111111111,32.8,NA,NA,NA,NA,NA,NA,NA,NA,NA,NA,NA,NA,NA,NA,NA,NA,NA,NA,NA,NA,NA,NA
"WRD 20-9 C_29.0_871.0",21.8,21.9111111111111,22.0222222222222,22.1333333333333,22.2444444444444,22.3555555555556,22.4666666666667,22.5777777777778,22.6888888888889,22.8,NA,NA,NA,NA,NA,NA,NA,NA,NA,NA,NA,NA,NA,NA,NA,NA,NA,NA,NA,NA,NA,NA
"WRD 20-9 C_29.0_872.0",15.2,15.4222222222222,15.6444444444444,15.8666666666667,16.0888888888889,16.3111111111111,16.5333333333333,16.7555555555556,16.9777777777778,17.2,NA,NA,NA,NA,NA,NA,NA,NA,NA,NA,NA,NA,NA,NA,NA,NA,NA,NA,NA,NA,NA,NA
"WRD 20-9 C_29.0_873.0",24.4,25.0666666666667,25.7333333333333,26.4,27.0666666666667,27.7333333333333,28.4,29.0666666666667,29.7333333333333,30.4,NA,NA,NA,NA,NA,NA,NA,NA,NA,NA,NA,NA,NA,NA,NA,NA,NA,NA,NA,NA,NA,NA
"WRD 20-9 C_29.0_875.0",22.2,22.6,23,23.4,23.8,24.2,24.6,25,25.4,25.8,NA,NA,NA,NA,NA,NA,NA,NA,NA,NA,NA,NA,NA,NA,NA,NA,NA,NA,NA,NA,NA,NA
"WRD 20-9 C_29.0_876.0",76.5,76.6222222222222,76.7444444444444,76.8666666666667,76.9888888888889,77.1111111111111,77.2333333333333,77.3555555555556,77.4777777777778,77.6,NA,NA,NA,NA,NA,NA,NA,NA,NA,NA,NA,NA,NA,NA,NA,NA,NA,NA,NA,NA,NA,NA
"WRD 20-9 C_29.0_877.0",35.9,36.4111111111111,36.9222222222222,37.4333333333333,37.9444444444444,38.4555555555555,38.9666666666667,39.4777777777778,39.9888888888889,40.5,NA,NA,NA,NA,NA,NA,NA,NA,NA,NA,NA,NA,NA,NA,NA,NA,NA,NA,NA,NA,NA,NA
"WRD 20-9 C_29.0_879.0",22.3,22.6111111111111,22.9222222222222,23.2333333333333,23.5444444444444,23.8555555555556,24.1666666666667,24.4777777777778,24.7888888888889,25.1,NA,NA,NA,NA,NA,NA,NA,NA,NA,NA,NA,NA,NA,NA,NA,NA,NA,NA,NA,NA,NA,NA
"WRD 20-9 C_29.0_880.0",17.8,17.8,17.8,17.8,17.8,17.8,17.8,17.8,17.8,17.8,NA,NA,NA,NA,NA,NA,NA,NA,NA,NA,NA,NA,NA,NA,NA,NA,NA,NA,NA,NA,NA,NA
"WRD 20-9 C_29.0_881.0",38.5,39.1444444444444,39.7888888888889,40.4333333333333,41.0777777777778,41.7222222222222,42.3666666666667,43.0111111111111,43.6555555555556,44.3,NA,NA,NA,NA,NA,NA,NA,NA,NA,NA,NA,NA,NA,NA,NA,NA,NA,NA,NA,NA,NA,NA
"WRD 20-9 C_29.0_883.0",92.6,92.8555555555556,93.1111111111111,93.3666666666667,93.6222222222222,93.8777777777778,94.1333333333333,94.3888888888889,94.6444444444444,94.9,NA,NA,NA,NA,NA,NA,NA,NA,NA,NA,NA,NA,NA,NA,NA,NA,NA,NA,NA,NA,NA,NA
"WRD 20-9 C_29.0_884.0",61.3,61.7222222222222,62.1444444444444,62.5666666666667,62.9888888888889,63.4111111111111,63.8333333333333,64.2555555555555,64.6777777777778,65.1,NA,NA,NA,NA,NA,NA,NA,NA,NA,NA,NA,NA,NA,NA,NA,NA,NA,NA,NA,NA,NA,NA
"WRD 20-9 C_29.0_885.0",72,72.5333333333333,73.0666666666667,73.6,74.1333333333333,74.6666666666667,75.2,75.7333333333333,76.2666666666667,76.8,NA,NA,NA,NA,NA,NA,NA,NA,NA,NA,NA,NA,NA,NA,NA,NA,NA,NA,NA,NA,NA,NA
"WRD 20-9 C_29.0_886.0",53,53.2111111111111,53.4222222222222,53.6333333333333,53.8444444444444,54.0555555555556,54.2666666666667,54.4777777777778,54.6888888888889,54.9,NA,NA,NA,NA,NA,NA,NA,NA,NA,NA,NA,NA,NA,NA,NA,NA,NA,NA,NA,NA,NA,NA
"WRD 20-9 C_29.0_888.0",17.2,17.0666666666667,16.9333333333333,16.8,16.6666666666667,16.5333333333333,16.4,16.2666666666667,16.1333333333333,16,NA,NA,NA,NA,NA,NA,NA,NA,NA,NA,NA,NA,NA,NA,NA,NA,NA,NA,NA,NA,NA,NA
"WRD 20-9 C_29.0_889.0",49.8,50.2777777777778,50.7555555555556,51.2333333333333,51.7111111111111,52.1888888888889,52.6666666666667,53.1444444444444,53.6222222222222,54.1,NA,NA,NA,NA,NA,NA,NA,NA,NA,NA,NA,NA,NA,NA,NA,NA,NA,NA,NA,NA,NA,NA
"WRD 20-9 C_29.0_890.0",41.4,41.8666666666667,42.3333333333333,42.8,43.2666666666667,43.7333333333333,44.2,44.6666666666667,45.1333333333333,45.6,NA,NA,NA,NA,NA,NA,NA,NA,NA,NA,NA,NA,NA,NA,NA,NA,NA,NA,NA,NA,NA,NA
"WRD 20-9 C_29.0_892.0",23.4,23.7333333333333,24.0666666666667,24.4,24.7333333333333,25.0666666666667,25.4,25.7333333333333,26.0666666666667,26.4,NA,NA,NA,NA,NA,NA,NA,NA,NA,NA,NA,NA,NA,NA,NA,NA,NA,NA,NA,NA,NA,NA
"WRD 20-9 C_29.0_893.0",36.8,37.4222222222222,38.0444444444445,38.6666666666667,39.2888888888889,39.9111111111111,40.5333333333333,41.1555555555556,41.7777777777778,42.4,NA,NA,NA,NA,NA,NA,NA,NA,NA,NA,NA,NA,NA,NA,NA,NA,NA,NA,NA,NA,NA,NA
"WRD 20-9 C_29.0_894.0",60.3,60.9,61.5,62.1,62.7,63.3,63.9,64.5,65.1,65.7,NA,NA,NA,NA,NA,NA,NA,NA,NA,NA,NA,NA,NA,NA,NA,NA,NA,NA,NA,NA,NA,NA
"WRD 20-9 C_29.0_895.0",36.8,37.1444444444444,37.4888888888889,37.8333333333333,38.1777777777778,38.5222222222222,38.8666666666667,39.2111111111111,39.5555555555556,39.9,NA,NA,NA,NA,NA,NA,NA,NA,NA,NA,NA,NA,NA,NA,NA,NA,NA,NA,NA,NA,NA,NA
"WRD 20-9 C_29.0_896.0",55,55.8222222222222,56.6444444444444,57.4666666666667,58.2888888888889,59.1111111111111,59.9333333333333,60.7555555555556,61.5777777777778,62.4,NA,NA,NA,NA,NA,NA,NA,NA,NA,NA,NA,NA,NA,NA,NA,NA,NA,NA,NA,NA,NA,NA
"WRD 20-9 C_29.0_897.0",37.5,37.9777777777778,38.4555555555555,38.9333333333333,39.4111111111111,39.8888888888889,40.3666666666667,40.8444444444444,41.3222222222222,41.8,NA,NA,NA,NA,NA,NA,NA,NA,NA,NA,NA,NA,NA,NA,NA,NA,NA,NA,NA,NA,NA,NA
"WRD 20-9 C_29.0_898.0",36.6,36.9555555555555,37.3111111111111,37.6666666666667,38.0222222222222,38.3777777777778,38.7333333333333,39.0888888888889,39.4444444444444,39.8,NA,NA,NA,NA,NA,NA,NA,NA,NA,NA,NA,NA,NA,NA,NA,NA,NA,NA,NA,NA,NA,NA
"WRD 20-9 C_30.0_905.0",20.2,21.1222222222222,22.0444444444444,22.9666666666667,23.8888888888889,24.8111111111111,25.7333333333333,26.6555555555556,27.5777777777778,28.5,NA,NA,NA,NA,NA,NA,NA,NA,NA,NA,NA,NA,NA,NA,NA,NA,NA,NA,NA,NA,NA,NA
"WRD 20-9 C_30.0_906.0",24.9,25.0555555555556,25.2111111111111,25.3666666666667,25.5222222222222,25.6777777777778,25.8333333333333,25.9888888888889,26.1444444444444,26.3,NA,NA,NA,NA,NA,NA,NA,NA,NA,NA,NA,NA,NA,NA,NA,NA,NA,NA,NA,NA,NA,NA
"WRD 20-9 C_30.0_908.0",54.9,55.6444444444444,56.3888888888889,57.1333333333333,57.8777777777778,58.6222222222222,59.3666666666667,60.1111111111111,60.8555555555556,61.6,NA,NA,NA,NA,NA,NA,NA,NA,NA,NA,NA,NA,NA,NA,NA,NA,NA,NA,NA,NA,NA,NA
"WRD 20-9 C_30.0_909.0",69.3,69.7666666666667,70.2333333333333,70.7,71.1666666666667,71.6333333333333,72.1,72.5666666666667,73.0333333333333,73.5,NA,NA,NA,NA,NA,NA,NA,NA,NA,NA,NA,NA,NA,NA,NA,NA,NA,NA,NA,NA,NA,NA
"WRD 20-9 C_30.0_910.0",48,48.4,48.8,49.2,49.6,50,50.4,50.8,51.2,51.6,NA,NA,NA,NA,NA,NA,NA,NA,NA,NA,NA,NA,NA,NA,NA,NA,NA,NA,NA,NA,NA,NA
"WRD 20-9 C_30.0_911.0",30.8,31.3333333333333,31.8666666666667,32.4,32.9333333333333,33.4666666666667,34,34.5333333333333,35.0666666666667,35.6,NA,NA,NA,NA,NA,NA,NA,NA,NA,NA,NA,NA,NA,NA,NA,NA,NA,NA,NA,NA,NA,NA
"WRD 20-9 C_30.0_913.0",15.6,16.0888888888889,16.5777777777778,17.0666666666667,17.5555555555556,18.0444444444444,18.5333333333333,19.0222222222222,19.5111111111111,20,NA,NA,NA,NA,NA,NA,NA,NA,NA,NA,NA,NA,NA,NA,NA,NA,NA,NA,NA,NA,NA,NA
"WRD 20-9 C_30.0_914.0",55.9,56.8333333333333,57.7666666666667,58.7,59.6333333333333,60.5666666666667,61.5,62.4333333333333,63.3666666666667,64.3,NA,NA,NA,NA,NA,NA,NA,NA,NA,NA,NA,NA,NA,NA,NA,NA,NA,NA,NA,NA,NA,NA
"WRD 20-9 C_30.0_915.0",20,20.5888888888889,21.1777777777778,21.7666666666667,22.3555555555556,22.9444444444444,23.5333333333333,24.1222222222222,24.7111111111111,25.3,NA,NA,NA,NA,NA,NA,NA,NA,NA,NA,NA,NA,NA,NA,NA,NA,NA,NA,NA,NA,NA,NA
"WRD 20-9 C_30.0_916.0",37,37.8222222222222,38.6444444444444,39.4666666666667,40.2888888888889,41.1111111111111,41.9333333333333,42.7555555555556,43.5777777777778,44.4,NA,NA,NA,NA,NA,NA,NA,NA,NA,NA,NA,NA,NA,NA,NA,NA,NA,NA,NA,NA,NA,NA
"WRD 20-9 C_30.0_917.0",19.7,20.2888888888889,20.8777777777778,21.4666666666667,22.0555555555556,22.6444444444444,23.2333333333333,23.8222222222222,24.4111111111111,25,NA,NA,NA,NA,NA,NA,NA,NA,NA,NA,NA,NA,NA,NA,NA,NA,NA,NA,NA,NA,NA,NA
"WRD 20-9 C_30.0_918.0",72.7,73.7555555555556,74.8111111111111,75.8666666666667,76.9222222222222,77.9777777777778,79.0333333333333,80.0888888888889,81.1444444444444,82.2,NA,NA,NA,NA,NA,NA,NA,NA,NA,NA,NA,NA,NA,NA,NA,NA,NA,NA,NA,NA,NA,NA
"WRD 20-9 C_30.0_919.0",26.4,26.6555555555556,26.9111111111111,27.1666666666667,27.4222222222222,27.6777777777778,27.9333333333333,28.1888888888889,28.4444444444444,28.7,NA,NA,NA,NA,NA,NA,NA,NA,NA,NA,NA,NA,NA,NA,NA,NA,NA,NA,NA,NA,NA,NA
"WRD 20-9 C_30.0_920.0",70,70.2777777777778,70.5555555555556,70.8333333333333,71.1111111111111,71.3888888888889,71.6666666666667,71.9444444444444,72.2222222222222,72.5,NA,NA,NA,NA,NA,NA,NA,NA,NA,NA,NA,NA,NA,NA,NA,NA,NA,NA,NA,NA,NA,NA
"WRD 20-9 C_30.0_921.0",56,56.6888888888889,57.3777777777778,58.0666666666667,58.7555555555556,59.4444444444444,60.1333333333333,60.8222222222222,61.5111111111111,62.2,NA,NA,NA,NA,NA,NA,NA,NA,NA,NA,NA,NA,NA,NA,NA,NA,NA,NA,NA,NA,NA,NA
"WRD 20-9 C_30.0_922.0",47.5,48.5666666666667,49.6333333333333,50.7,51.7666666666667,52.8333333333333,53.9,54.9666666666667,56.0333333333333,57.1,NA,NA,NA,NA,NA,NA,NA,NA,NA,NA,NA,NA,NA,NA,NA,NA,NA,NA,NA,NA,NA,NA
"WRD 20-9 C_30.0_923.0",22,22.4666666666667,22.9333333333333,23.4,23.8666666666667,24.3333333333333,24.8,25.2666666666667,25.7333333333333,26.2,NA,NA,NA,NA,NA,NA,NA,NA,NA,NA,NA,NA,NA,NA,NA,NA,NA,NA,NA,NA,NA,NA
"WRD 20-9 C_30.0_924.0",17.9,18.1444444444444,18.3888888888889,18.6333333333333,18.8777777777778,19.1222222222222,19.3666666666667,19.6111111111111,19.8555555555556,20.1,NA,NA,NA,NA,NA,NA,NA,NA,NA,NA,NA,NA,NA,NA,NA,NA,NA,NA,NA,NA,NA,NA
"WRD 20-9 C_31.0_926.0",61,61.5666666666667,62.1333333333333,62.7,63.2666666666667,63.8333333333333,64.4,64.9666666666667,65.5333333333333,66.1,NA,NA,NA,NA,NA,NA,NA,NA,NA,NA,NA,NA,NA,NA,NA,NA,NA,NA,NA,NA,NA,NA
"WRD 20-9 C_31.0_927.0",51.8,52.9,54,55.1,56.2,57.3,58.4,59.5,60.6,61.7,NA,NA,NA,NA,NA,NA,NA,NA,NA,NA,NA,NA,NA,NA,NA,NA,NA,NA,NA,NA,NA,NA
"WRD 20-9 C_31.0_928.0",17.9,18.2,18.5,18.8,19.1,19.4,19.7,20,20.3,20.6,NA,NA,NA,NA,NA,NA,NA,NA,NA,NA,NA,NA,NA,NA,NA,NA,NA,NA,NA,NA,NA,NA
"WRD 20-9 C_31.0_929.0",28.9,29.2111111111111,29.5222222222222,29.8333333333333,30.1444444444444,30.4555555555556,30.7666666666667,31.0777777777778,31.3888888888889,31.7,NA,NA,NA,NA,NA,NA,NA,NA,NA,NA,NA,NA,NA,NA,NA,NA,NA,NA,NA,NA,NA,NA
"WRD 20-9 C_31.0_930.0",35.9,36.5777777777778,37.2555555555556,37.9333333333333,38.6111111111111,39.2888888888889,39.9666666666667,40.6444444444444,41.3222222222222,42,NA,NA,NA,NA,NA,NA,NA,NA,NA,NA,NA,NA,NA,NA,NA,NA,NA,NA,NA,NA,NA,NA
"WRD 20-9 C_31.0_931.0",31.6,31.8222222222222,32.0444444444444,32.2666666666667,32.4888888888889,32.7111111111111,32.9333333333333,33.1555555555556,33.3777777777778,33.6,NA,NA,NA,NA,NA,NA,NA,NA,NA,NA,NA,NA,NA,NA,NA,NA,NA,NA,NA,NA,NA,NA
"WRD 20-9 C_31.0_932.0",57,57.2444444444444,57.4888888888889,57.7333333333333,57.9777777777778,58.2222222222222,58.4666666666667,58.7111111111111,58.9555555555555,59.2,NA,NA,NA,NA,NA,NA,NA,NA,NA,NA,NA,NA,NA,NA,NA,NA,NA,NA,NA,NA,NA,NA
"WRD 20-9 C_31.0_933.0",68.7,69.2111111111111,69.7222222222222,70.2333333333333,70.7444444444444,71.2555555555556,71.7666666666667,72.2777777777778,72.7888888888889,73.3,NA,NA,NA,NA,NA,NA,NA,NA,NA,NA,NA,NA,NA,NA,NA,NA,NA,NA,NA,NA,NA,NA
"WRD 20-9 C_31.0_934.0",61.5,61.7111111111111,61.9222222222222,62.1333333333333,62.3444444444444,62.5555555555556,62.7666666666667,62.9777777777778,63.1888888888889,63.4,NA,NA,NA,NA,NA,NA,NA,NA,NA,NA,NA,NA,NA,NA,NA,NA,NA,NA,NA,NA,NA,NA
"WRD 20-9 C_31.0_935.0",15,15.2666666666667,15.5333333333333,15.8,16.0666666666667,16.3333333333333,16.6,16.8666666666667,17.1333333333333,17.4,NA,NA,NA,NA,NA,NA,NA,NA,NA,NA,NA,NA,NA,NA,NA,NA,NA,NA,NA,NA,NA,NA
"WRD 20-9 C_31.0_936.0",61.5,62.3888888888889,63.2777777777778,64.1666666666667,65.0555555555556,65.9444444444444,66.8333333333333,67.7222222222222,68.6111111111111,69.5,NA,NA,NA,NA,NA,NA,NA,NA,NA,NA,NA,NA,NA,NA,NA,NA,NA,NA,NA,NA,NA,NA
"WRD 20-9 C_31.0_937.0",49,49.9333333333333,50.8666666666667,51.8,52.7333333333333,53.6666666666667,54.6,55.5333333333333,56.4666666666667,57.4,NA,NA,NA,NA,NA,NA,NA,NA,NA,NA,NA,NA,NA,NA,NA,NA,NA,NA,NA,NA,NA,NA
"WRD 20-9 C_31.0_938.0",17,17.5111111111111,18.0222222222222,18.5333333333333,19.0444444444444,19.5555555555556,20.0666666666667,20.5777777777778,21.0888888888889,21.6,NA,NA,NA,NA,NA,NA,NA,NA,NA,NA,NA,NA,NA,NA,NA,NA,NA,NA,NA,NA,NA,NA
"WRD 20-9 C_31.0_939.0",15.8,15.9555555555556,16.1111111111111,16.2666666666667,16.4222222222222,16.5777777777778,16.7333333333333,16.8888888888889,17.0444444444444,17.2,NA,NA,NA,NA,NA,NA,NA,NA,NA,NA,NA,NA,NA,NA,NA,NA,NA,NA,NA,NA,NA,NA
"WRD 20-9 C_31.0_940.0",28.8,29.5222222222222,30.2444444444444,30.9666666666667,31.6888888888889,32.4111111111111,33.1333333333333,33.8555555555556,34.5777777777778,35.3,NA,NA,NA,NA,NA,NA,NA,NA,NA,NA,NA,NA,NA,NA,NA,NA,NA,NA,NA,NA,NA,NA
"WRD 20-9 C_31.0_941.0",15,15.1222222222222,15.2444444444444,15.3666666666667,15.4888888888889,15.6111111111111,15.7333333333333,15.8555555555556,15.9777777777778,16.1,NA,NA,NA,NA,NA,NA,NA,NA,NA,NA,NA,NA,NA,NA,NA,NA,NA,NA,NA,NA,NA,NA
"WRD 20-9 C_31.0_942.0",17.5,17.9222222222222,18.3444444444444,18.7666666666667,19.1888888888889,19.6111111111111,20.0333333333333,20.4555555555556,20.8777777777778,21.3,NA,NA,NA,NA,NA,NA,NA,NA,NA,NA,NA,NA,NA,NA,NA,NA,NA,NA,NA,NA,NA,NA
"WRD 20-9 C_31.0_943.0",24.6,25.2333333333333,25.8666666666667,26.5,27.1333333333333,27.7666666666667,28.4,29.0333333333333,29.6666666666667,30.3,NA,NA,NA,NA,NA,NA,NA,NA,NA,NA,NA,NA,NA,NA,NA,NA,NA,NA,NA,NA,NA,NA
"WRD 20-9 C_31.0_944.0",45.4,46.2555555555556,47.1111111111111,47.9666666666667,48.8222222222222,49.6777777777778,50.5333333333333,51.3888888888889,52.2444444444444,53.1,NA,NA,NA,NA,NA,NA,NA,NA,NA,NA,NA,NA,NA,NA,NA,NA,NA,NA,NA,NA,NA,NA
"WRD 20-9 C_31.0_945.0",64.1,64.0333333333333,63.9666666666667,63.9,63.8333333333333,63.7666666666667,63.7,63.6333333333333,63.5666666666667,63.5,NA,NA,NA,NA,NA,NA,NA,NA,NA,NA,NA,NA,NA,NA,NA,NA,NA,NA,NA,NA,NA,NA
"WRD 20-9 C_31.0_946.0",30.9,31.5444444444444,32.1888888888889,32.8333333333333,33.4777777777778,34.1222222222222,34.7666666666667,35.4111111111111,36.0555555555556,36.7,NA,NA,NA,NA,NA,NA,NA,NA,NA,NA,NA,NA,NA,NA,NA,NA,NA,NA,NA,NA,NA,NA
"WRD 20-9 C_31.0_948.0",18.8,19.1555555555556,19.5111111111111,19.8666666666667,20.2222222222222,20.5777777777778,20.9333333333333,21.2888888888889,21.6444444444444,22,NA,NA,NA,NA,NA,NA,NA,NA,NA,NA,NA,NA,NA,NA,NA,NA,NA,NA,NA,NA,NA,NA
"WRD 20-9 C_31.0_949.0",23.2,23.7,24.2,24.7,25.2,25.7,26.2,26.7,27.2,27.7,NA,NA,NA,NA,NA,NA,NA,NA,NA,NA,NA,NA,NA,NA,NA,NA,NA,NA,NA,NA,NA,NA
"WRD 20-9 C_31.0_950.0",38,38.1333333333333,38.2666666666667,38.4,38.5333333333333,38.6666666666667,38.8,38.9333333333333,39.0666666666667,39.2,NA,NA,NA,NA,NA,NA,NA,NA,NA,NA,NA,NA,NA,NA,NA,NA,NA,NA,NA,NA,NA,NA
"WRD 20-9 C_31.0_951.0",25.4,26.1444444444444,26.8888888888889,27.6333333333333,28.3777777777778,29.1222222222222,29.8666666666667,30.6111111111111,31.3555555555556,32.1,NA,NA,NA,NA,NA,NA,NA,NA,NA,NA,NA,NA,NA,NA,NA,NA,NA,NA,NA,NA,NA,NA
"WRD 20-9 C_31.0_952.0",57.4,57.3444444444444,57.2888888888889,57.2333333333333,57.1777777777778,57.1222222222222,57.0666666666667,57.0111111111111,56.9555555555555,56.9,NA,NA,NA,NA,NA,NA,NA,NA,NA,NA,NA,NA,NA,NA,NA,NA,NA,NA,NA,NA,NA,NA
"WRD 20-9 C_31.0_953.0",65.2,66.1,67,67.9,68.8,69.7,70.6,71.5,72.4,73.3,NA,NA,NA,NA,NA,NA,NA,NA,NA,NA,NA,NA,NA,NA,NA,NA,NA,NA,NA,NA,NA,NA
"WRD 20-9 C_31.0_954.0",74,74.0777777777778,74.1555555555556,74.2333333333333,74.3111111111111,74.3888888888889,74.4666666666667,74.5444444444445,74.6222222222222,74.7,NA,NA,NA,NA,NA,NA,NA,NA,NA,NA,NA,NA,NA,NA,NA,NA,NA,NA,NA,NA,NA,NA
"WRD 20-9 C_31.0_955.0",32.8,33.5888888888889,34.3777777777778,35.1666666666667,35.9555555555556,36.7444444444444,37.5333333333333,38.3222222222222,39.1111111111111,39.9,NA,NA,NA,NA,NA,NA,NA,NA,NA,NA,NA,NA,NA,NA,NA,NA,NA,NA,NA,NA,NA,NA
"WRD 20-9 C_31.0_956.0",46.5,47.3333333333333,48.1666666666667,49,49.8333333333333,50.6666666666667,51.5,52.3333333333333,53.1666666666667,54,NA,NA,NA,NA,NA,NA,NA,NA,NA,NA,NA,NA,NA,NA,NA,NA,NA,NA,NA,NA,NA,NA
"WRD 20-9 C_31.0_957.0",20.5,20.7555555555556,21.0111111111111,21.2666666666667,21.5222222222222,21.7777777777778,22.0333333333333,22.2888888888889,22.5444444444444,22.8,NA,NA,NA,NA,NA,NA,NA,NA,NA,NA,NA,NA,NA,NA,NA,NA,NA,NA,NA,NA,NA,NA
"WRD 20-9 C_31.0_958.0",37.6,38.6,39.6,40.6,41.6,42.6,43.6,44.6,45.6,46.6,NA,NA,NA,NA,NA,NA,NA,NA,NA,NA,NA,NA,NA,NA,NA,NA,NA,NA,NA,NA,NA,NA
"WRD 20-9 C_31.0_959.0",17.4,17.8111111111111,18.2222222222222,18.6333333333333,19.0444444444444,19.4555555555556,19.8666666666667,20.2777777777778,20.6888888888889,21.1,NA,NA,NA,NA,NA,NA,NA,NA,NA,NA,NA,NA,NA,NA,NA,NA,NA,NA,NA,NA,NA,NA
"WRD 20-9 C_31.0_960.0",35.4,36.0777777777778,36.7555555555556,37.4333333333333,38.1111111111111,38.7888888888889,39.4666666666667,40.1444444444444,40.8222222222222,41.5,NA,NA,NA,NA,NA,NA,NA,NA,NA,NA,NA,NA,NA,NA,NA,NA,NA,NA,NA,NA,NA,NA
"WRD 20-9 C_31.0_961.0",55,55.8777777777778,56.7555555555556,57.6333333333333,58.5111111111111,59.3888888888889,60.2666666666667,61.1444444444444,62.0222222222222,62.9,NA,NA,NA,NA,NA,NA,NA,NA,NA,NA,NA,NA,NA,NA,NA,NA,NA,NA,NA,NA,NA,NA
"WRD 20-9 C_31.0_962.0",54.5,55.3111111111111,56.1222222222222,56.9333333333333,57.7444444444444,58.5555555555556,59.3666666666667,60.1777777777778,60.9888888888889,61.8,NA,NA,NA,NA,NA,NA,NA,NA,NA,NA,NA,NA,NA,NA,NA,NA,NA,NA,NA,NA,NA,NA
"WRD 20-9 C_62.0_703.0",24,24.1222222222222,24.2444444444444,24.3666666666667,24.4888888888889,24.6111111111111,24.7333333333333,24.8555555555556,24.9777777777778,25.1,NA,NA,NA,NA,NA,NA,NA,NA,NA,NA,NA,NA,NA,NA,NA,NA,NA,NA,NA,NA,NA,NA
"WRD 20-9 C_62.0_704.0",24,24.2888888888889,24.5777777777778,24.8666666666667,25.1555555555556,25.4444444444444,25.7333333333333,26.0222222222222,26.3111111111111,26.6,NA,NA,NA,NA,NA,NA,NA,NA,NA,NA,NA,NA,NA,NA,NA,NA,NA,NA,NA,NA,NA,NA
"WRD 20-9 C_62.0_705.0",18,18.0666666666667,18.1333333333333,18.2,18.2666666666667,18.3333333333333,18.4,18.4666666666667,18.5333333333333,18.6,NA,NA,NA,NA,NA,NA,NA,NA,NA,NA,NA,NA,NA,NA,NA,NA,NA,NA,NA,NA,NA,NA
"WRD 20-9 C_62.0_706.0",28,28.4222222222222,28.8444444444444,29.2666666666667,29.6888888888889,30.1111111111111,30.5333333333333,30.9555555555556,31.3777777777778,31.8,NA,NA,NA,NA,NA,NA,NA,NA,NA,NA,NA,NA,NA,NA,NA,NA,NA,NA,NA,NA,NA,NA
"WRD 20-9 C_62.0_707.0",15,15.1111111111111,15.2222222222222,15.3333333333333,15.4444444444444,15.5555555555556,15.6666666666667,15.7777777777778,15.8888888888889,16,NA,NA,NA,NA,NA,NA,NA,NA,NA,NA,NA,NA,NA,NA,NA,NA,NA,NA,NA,NA,NA,NA
"WRD 20-9 C_62.0_708.0",91,91.0888888888889,91.1777777777778,91.2666666666667,91.3555555555556,91.4444444444444,91.5333333333333,91.6222222222222,91.7111111111111,91.8,NA,NA,NA,NA,NA,NA,NA,NA,NA,NA,NA,NA,NA,NA,NA,NA,NA,NA,NA,NA,NA,NA
"WRD 20-9 C_62.0_709.0",26,26.4222222222222,26.8444444444444,27.2666666666667,27.6888888888889,28.1111111111111,28.5333333333333,28.9555555555556,29.3777777777778,29.8,NA,NA,NA,NA,NA,NA,NA,NA,NA,NA,NA,NA,NA,NA,NA,NA,NA,NA,NA,NA,NA,NA
"WRD 20-9 C_62.0_710.0",52,52.2555555555556,52.5111111111111,52.7666666666667,53.0222222222222,53.2777777777778,53.5333333333333,53.7888888888889,54.0444444444445,54.3,NA,NA,NA,NA,NA,NA,NA,NA,NA,NA,NA,NA,NA,NA,NA,NA,NA,NA,NA,NA,NA,NA
"WRD 20-9 C_62.0_711.0",15,15.0888888888889,15.1777777777778,15.2666666666667,15.3555555555556,15.4444444444444,15.5333333333333,15.6222222222222,15.7111111111111,15.8,NA,NA,NA,NA,NA,NA,NA,NA,NA,NA,NA,NA,NA,NA,NA,NA,NA,NA,NA,NA,NA,NA
"WRD 20-9 C_62.0_712.0",56,56.6888888888889,57.3777777777778,58.0666666666667,58.7555555555556,59.4444444444444,60.1333333333333,60.8222222222222,61.5111111111111,62.2,NA,NA,NA,NA,NA,NA,NA,NA,NA,NA,NA,NA,NA,NA,NA,NA,NA,NA,NA,NA,NA,NA
"WRD 20-9 C_62.0_713.0",28,28.1666666666667,28.3333333333333,28.5,28.6666666666667,28.8333333333333,29,29.1666666666667,29.3333333333333,29.5,NA,NA,NA,NA,NA,NA,NA,NA,NA,NA,NA,NA,NA,NA,NA,NA,NA,NA,NA,NA,NA,NA
"WRD 20-9 C_62.0_714.0",23,23.3777777777778,23.7555555555556,24.1333333333333,24.5111111111111,24.8888888888889,25.2666666666667,25.6444444444444,26.0222222222222,26.4,NA,NA,NA,NA,NA,NA,NA,NA,NA,NA,NA,NA,NA,NA,NA,NA,NA,NA,NA,NA,NA,NA
"WRD 20-9 C_62.0_715.0",36,36.1444444444444,36.2888888888889,36.4333333333333,36.5777777777778,36.7222222222222,36.8666666666667,37.0111111111111,37.1555555555556,37.3,NA,NA,NA,NA,NA,NA,NA,NA,NA,NA,NA,NA,NA,NA,NA,NA,NA,NA,NA,NA,NA,NA
"WRD 20-9 C_62.0_716.0",39,39.1777777777778,39.3555555555556,39.5333333333333,39.7111111111111,39.8888888888889,40.0666666666667,40.2444444444444,40.4222222222222,40.6,NA,NA,NA,NA,NA,NA,NA,NA,NA,NA,NA,NA,NA,NA,NA,NA,NA,NA,NA,NA,NA,NA
"WRD 20-9 C_62.0_718.0",56,56.5333333333333,57.0666666666667,57.6,58.1333333333333,58.6666666666667,59.2,59.7333333333333,60.2666666666667,60.8,NA,NA,NA,NA,NA,NA,NA,NA,NA,NA,NA,NA,NA,NA,NA,NA,NA,NA,NA,NA,NA,NA
"WRD 20-9 C_62.0_719.0",24,24.2555555555556,24.5111111111111,24.7666666666667,25.0222222222222,25.2777777777778,25.5333333333333,25.7888888888889,26.0444444444444,26.3,NA,NA,NA,NA,NA,NA,NA,NA,NA,NA,NA,NA,NA,NA,NA,NA,NA,NA,NA,NA,NA,NA
"WRD 20-9 C_62.0_720.0",15,15.0777777777778,15.1555555555556,15.2333333333333,15.3111111111111,15.3888888888889,15.4666666666667,15.5444444444444,15.6222222222222,15.7,NA,NA,NA,NA,NA,NA,NA,NA,NA,NA,NA,NA,NA,NA,NA,NA,NA,NA,NA,NA,NA,NA
"WRD 20-9 C_62.0_722.0",22,22,22,22,22,22,22,22,22,22,NA,NA,NA,NA,NA,NA,NA,NA,NA,NA,NA,NA,NA,NA,NA,NA,NA,NA,NA,NA,NA,NA
"WRD 20-9 C_62.0_729.0",22,22.3888888888889,22.7777777777778,23.1666666666667,23.5555555555556,23.9444444444444,24.3333333333333,24.7222222222222,25.1111111111111,25.5,NA,NA,NA,NA,NA,NA,NA,NA,NA,NA,NA,NA,NA,NA,NA,NA,NA,NA,NA,NA,NA,NA
"WRD 20-9 C_62.0_730.0",29,29.1222222222222,29.2444444444444,29.3666666666667,29.4888888888889,29.6111111111111,29.7333333333333,29.8555555555556,29.9777777777778,30.1,NA,NA,NA,NA,NA,NA,NA,NA,NA,NA,NA,NA,NA,NA,NA,NA,NA,NA,NA,NA,NA,NA
"WRD 20-9 C_62.0_731.0",17,17.2444444444444,17.4888888888889,17.7333333333333,17.9777777777778,18.2222222222222,18.4666666666667,18.7111111111111,18.9555555555556,19.2,NA,NA,NA,NA,NA,NA,NA,NA,NA,NA,NA,NA,NA,NA,NA,NA,NA,NA,NA,NA,NA,NA
"WRD 20-9 C_62.0_732.0",38,38.1444444444444,38.2888888888889,38.4333333333333,38.5777777777778,38.7222222222222,38.8666666666667,39.0111111111111,39.1555555555556,39.3,NA,NA,NA,NA,NA,NA,NA,NA,NA,NA,NA,NA,NA,NA,NA,NA,NA,NA,NA,NA,NA,NA
"WRD 20-9 C_62.0_733.0",25,25.2888888888889,25.5777777777778,25.8666666666667,26.1555555555556,26.4444444444444,26.7333333333333,27.0222222222222,27.3111111111111,27.6,NA,NA,NA,NA,NA,NA,NA,NA,NA,NA,NA,NA,NA,NA,NA,NA,NA,NA,NA,NA,NA,NA
"WRD 20-9 C_62.0_734.0",29,29.4333333333333,29.8666666666667,30.3,30.7333333333333,31.1666666666667,31.6,32.0333333333333,32.4666666666667,32.9,NA,NA,NA,NA,NA,NA,NA,NA,NA,NA,NA,NA,NA,NA,NA,NA,NA,NA,NA,NA,NA,NA
"WRD 20-9 C_62.0_735.0",21,21.0777777777778,21.1555555555556,21.2333333333333,21.3111111111111,21.3888888888889,21.4666666666667,21.5444444444444,21.6222222222222,21.7,NA,NA,NA,NA,NA,NA,NA,NA,NA,NA,NA,NA,NA,NA,NA,NA,NA,NA,NA,NA,NA,NA
"WRD 20-9 C_62.0_736.0",39,39.5555555555556,40.1111111111111,40.6666666666667,41.2222222222222,41.7777777777778,42.3333333333333,42.8888888888889,43.4444444444444,44,NA,NA,NA,NA,NA,NA,NA,NA,NA,NA,NA,NA,NA,NA,NA,NA,NA,NA,NA,NA,NA,NA
"WRD 20-9 C_62.0_737.0",21,21.1222222222222,21.2444444444444,21.3666666666667,21.4888888888889,21.6111111111111,21.7333333333333,21.8555555555556,21.9777777777778,22.1,NA,NA,NA,NA,NA,NA,NA,NA,NA,NA,NA,NA,NA,NA,NA,NA,NA,NA,NA,NA,NA,NA
"WRD 20-9 C_62.0_738.0",38,38.4333333333333,38.8666666666667,39.3,39.7333333333333,40.1666666666667,40.6,41.0333333333333,41.4666666666667,41.9,NA,NA,NA,NA,NA,NA,NA,NA,NA,NA,NA,NA,NA,NA,NA,NA,NA,NA,NA,NA,NA,NA
"WRD 20-9 C_62.0_739.0",19,19.1222222222222,19.2444444444444,19.3666666666667,19.4888888888889,19.6111111111111,19.7333333333333,19.8555555555556,19.9777777777778,20.1,NA,NA,NA,NA,NA,NA,NA,NA,NA,NA,NA,NA,NA,NA,NA,NA,NA,NA,NA,NA,NA,NA
"WRD 20-9 C_62.0_740.0",35,35.3777777777778,35.7555555555556,36.1333333333333,36.5111111111111,36.8888888888889,37.2666666666667,37.6444444444444,38.0222222222222,38.4,NA,NA,NA,NA,NA,NA,NA,NA,NA,NA,NA,NA,NA,NA,NA,NA,NA,NA,NA,NA,NA,NA
"WRD 20-9 C_62.0_741.0",32,32.4555555555556,32.9111111111111,33.3666666666667,33.8222222222222,34.2777777777778,34.7333333333333,35.1888888888889,35.6444444444444,36.1,NA,NA,NA,NA,NA,NA,NA,NA,NA,NA,NA,NA,NA,NA,NA,NA,NA,NA,NA,NA,NA,NA
"WRD 20-9 C_62.0_742.0",33,33.3333333333333,33.6666666666667,34,34.3333333333333,34.6666666666667,35,35.3333333333333,35.6666666666667,36,NA,NA,NA,NA,NA,NA,NA,NA,NA,NA,NA,NA,NA,NA,NA,NA,NA,NA,NA,NA,NA,NA
"WRD 20-9 C_62.0_743.0",18,18.0888888888889,18.1777777777778,18.2666666666667,18.3555555555556,18.4444444444444,18.5333333333333,18.6222222222222,18.7111111111111,18.8,NA,NA,NA,NA,NA,NA,NA,NA,NA,NA,NA,NA,NA,NA,NA,NA,NA,NA,NA,NA,NA,NA
"WRD 20-9 C_62.0_744.0",31,31.0444444444444,31.0888888888889,31.1333333333333,31.1777777777778,31.2222222222222,31.2666666666667,31.3111111111111,31.3555555555556,31.4,NA,NA,NA,NA,NA,NA,NA,NA,NA,NA,NA,NA,NA,NA,NA,NA,NA,NA,NA,NA,NA,NA
"WRD 20-9 C_62.0_745.0",40,40.3777777777778,40.7555555555556,41.1333333333333,41.5111111111111,41.8888888888889,42.2666666666667,42.6444444444444,43.0222222222222,43.4,NA,NA,NA,NA,NA,NA,NA,NA,NA,NA,NA,NA,NA,NA,NA,NA,NA,NA,NA,NA,NA,NA
"WRD 20-9 C_62.0_746.0",44,44.4888888888889,44.9777777777778,45.4666666666667,45.9555555555555,46.4444444444444,46.9333333333333,47.4222222222222,47.9111111111111,48.4,NA,NA,NA,NA,NA,NA,NA,NA,NA,NA,NA,NA,NA,NA,NA,NA,NA,NA,NA,NA,NA,NA
"WRD 20-9 C_62.0_747.0",16,16.0777777777778,16.1555555555556,16.2333333333333,16.3111111111111,16.3888888888889,16.4666666666667,16.5444444444444,16.6222222222222,16.7,NA,NA,NA,NA,NA,NA,NA,NA,NA,NA,NA,NA,NA,NA,NA,NA,NA,NA,NA,NA,NA,NA
"WRD 20-9 C_62.0_748.0",48,48.6,49.2,49.8,50.4,51,51.6,52.2,52.8,53.4,NA,NA,NA,NA,NA,NA,NA,NA,NA,NA,NA,NA,NA,NA,NA,NA,NA,NA,NA,NA,NA,NA
"WRD 20-9 C_62.0_749.0",31,31.4,31.8,32.2,32.6,33,33.4,33.8,34.2,34.6,NA,NA,NA,NA,NA,NA,NA,NA,NA,NA,NA,NA,NA,NA,NA,NA,NA,NA,NA,NA,NA,NA
"WRD 20-9 C_62.0_750.0",33,33.3555555555556,33.7111111111111,34.0666666666667,34.4222222222222,34.7777777777778,35.1333333333333,35.4888888888889,35.8444444444444,36.2,NA,NA,NA,NA,NA,NA,NA,NA,NA,NA,NA,NA,NA,NA,NA,NA,NA,NA,NA,NA,NA,NA
"WRD 20-9 C_62.0_751.0",47,47.1333333333333,47.2666666666667,47.4,47.5333333333333,47.6666666666667,47.8,47.9333333333333,48.0666666666667,48.2,NA,NA,NA,NA,NA,NA,NA,NA,NA,NA,NA,NA,NA,NA,NA,NA,NA,NA,NA,NA,NA,NA
"WRD 20-9 C_62.0_752.0",42,42.4333333333333,42.8666666666667,43.3,43.7333333333333,44.1666666666667,44.6,45.0333333333333,45.4666666666667,45.9,NA,NA,NA,NA,NA,NA,NA,NA,NA,NA,NA,NA,NA,NA,NA,NA,NA,NA,NA,NA,NA,NA
"WRD 20-9 C_62.0_753.0",53,53.3777777777778,53.7555555555556,54.1333333333333,54.5111111111111,54.8888888888889,55.2666666666667,55.6444444444444,56.0222222222222,56.4,NA,NA,NA,NA,NA,NA,NA,NA,NA,NA,NA,NA,NA,NA,NA,NA,NA,NA,NA,NA,NA,NA
"WRD 20-9 C_62.0_754.0",26,26.4333333333333,26.8666666666667,27.3,27.7333333333333,28.1666666666667,28.6,29.0333333333333,29.4666666666667,29.9,NA,NA,NA,NA,NA,NA,NA,NA,NA,NA,NA,NA,NA,NA,NA,NA,NA,NA,NA,NA,NA,NA
"WRD 20-9 C_62.0_755.0",29,29.3777777777778,29.7555555555556,30.1333333333333,30.5111111111111,30.8888888888889,31.2666666666667,31.6444444444444,32.0222222222222,32.4,NA,NA,NA,NA,NA,NA,NA,NA,NA,NA,NA,NA,NA,NA,NA,NA,NA,NA,NA,NA,NA,NA
"WRD 20-9 C_62.0_756.0",36,36.6777777777778,37.3555555555556,38.0333333333333,38.7111111111111,39.3888888888889,40.0666666666667,40.7444444444444,41.4222222222222,42.1,NA,NA,NA,NA,NA,NA,NA,NA,NA,NA,NA,NA,NA,NA,NA,NA,NA,NA,NA,NA,NA,NA
"WRD 20-9 C_62.0_757.0",69,69.5777777777778,70.1555555555556,70.7333333333333,71.3111111111111,71.8888888888889,72.4666666666667,73.0444444444445,73.6222222222222,74.2,NA,NA,NA,NA,NA,NA,NA,NA,NA,NA,NA,NA,NA,NA,NA,NA,NA,NA,NA,NA,NA,NA
"WRD 20-9 C_62.0_758.0",49,49.6333333333333,50.2666666666667,50.9,51.5333333333333,52.1666666666667,52.8,53.4333333333333,54.0666666666667,54.7,NA,NA,NA,NA,NA,NA,NA,NA,NA,NA,NA,NA,NA,NA,NA,NA,NA,NA,NA,NA,NA,NA
"WRD 20-9 C_62.0_759.0",38,38.5666666666667,39.1333333333333,39.7,40.2666666666667,40.8333333333333,41.4,41.9666666666667,42.5333333333333,43.1,NA,NA,NA,NA,NA,NA,NA,NA,NA,NA,NA,NA,NA,NA,NA,NA,NA,NA,NA,NA,NA,NA
"WRD 20-9 C_62.0_760.0",17,17.1888888888889,17.3777777777778,17.5666666666667,17.7555555555556,17.9444444444444,18.1333333333333,18.3222222222222,18.5111111111111,18.7,NA,NA,NA,NA,NA,NA,NA,NA,NA,NA,NA,NA,NA,NA,NA,NA,NA,NA,NA,NA,NA,NA
"WRD 20-9 C_62.0_761.0",17,17.2555555555556,17.5111111111111,17.7666666666667,18.0222222222222,18.2777777777778,18.5333333333333,18.7888888888889,19.0444444444444,19.3,NA,NA,NA,NA,NA,NA,NA,NA,NA,NA,NA,NA,NA,NA,NA,NA,NA,NA,NA,NA,NA,NA
"WRD 20-9 C_62.0_878.0",62,62.3111111111111,62.6222222222222,62.9333333333333,63.2444444444444,63.5555555555556,63.8666666666667,64.1777777777778,64.4888888888889,64.8,NA,NA,NA,NA,NA,NA,NA,NA,NA,NA,NA,NA,NA,NA,NA,NA,NA,NA,NA,NA,NA,NA
"WRD 20-9 C_62.0_879.0",53,53.0222222222222,53.0444444444445,53.0666666666667,53.0888888888889,53.1111111111111,53.1333333333333,53.1555555555556,53.1777777777778,53.2,NA,NA,NA,NA,NA,NA,NA,NA,NA,NA,NA,NA,NA,NA,NA,NA,NA,NA,NA,NA,NA,NA
"WRD 20-9 C_62.0_880.0",46,46.3777777777778,46.7555555555556,47.1333333333333,47.5111111111111,47.8888888888889,48.2666666666667,48.6444444444444,49.0222222222222,49.4,NA,NA,NA,NA,NA,NA,NA,NA,NA,NA,NA,NA,NA,NA,NA,NA,NA,NA,NA,NA,NA,NA
"WRD 20-9 C_62.0_881.0",22,22.2666666666667,22.5333333333333,22.8,23.0666666666667,23.3333333333333,23.6,23.8666666666667,24.1333333333333,24.4,NA,NA,NA,NA,NA,NA,NA,NA,NA,NA,NA,NA,NA,NA,NA,NA,NA,NA,NA,NA,NA,NA
"WRD 20-9 C_62.0_883.0",23,23.2777777777778,23.5555555555556,23.8333333333333,24.1111111111111,24.3888888888889,24.6666666666667,24.9444444444444,25.2222222222222,25.5,NA,NA,NA,NA,NA,NA,NA,NA,NA,NA,NA,NA,NA,NA,NA,NA,NA,NA,NA,NA,NA,NA
"WRD 20-9 C_62.0_884.0",32,32.7111111111111,33.4222222222222,34.1333333333333,34.8444444444444,35.5555555555556,36.2666666666667,36.9777777777778,37.6888888888889,38.4,NA,NA,NA,NA,NA,NA,NA,NA,NA,NA,NA,NA,NA,NA,NA,NA,NA,NA,NA,NA,NA,NA
"WRD 20-9 C_62.0_885.0",37,37.3222222222222,37.6444444444444,37.9666666666667,38.2888888888889,38.6111111111111,38.9333333333333,39.2555555555556,39.5777777777778,39.9,NA,NA,NA,NA,NA,NA,NA,NA,NA,NA,NA,NA,NA,NA,NA,NA,NA,NA,NA,NA,NA,NA
"WRD 20-9 C_62.0_886.0",57,57.5222222222222,58.0444444444445,58.5666666666667,59.0888888888889,59.6111111111111,60.1333333333333,60.6555555555556,61.1777777777778,61.7,NA,NA,NA,NA,NA,NA,NA,NA,NA,NA,NA,NA,NA,NA,NA,NA,NA,NA,NA,NA,NA,NA
"WRD 20-9 C_62.0_887.0",42,42.6444444444444,43.2888888888889,43.9333333333333,44.5777777777778,45.2222222222222,45.8666666666667,46.5111111111111,47.1555555555556,47.8,NA,NA,NA,NA,NA,NA,NA,NA,NA,NA,NA,NA,NA,NA,NA,NA,NA,NA,NA,NA,NA,NA
"WRD 20-9 C_62.0_888.0",22,22.0333333333333,22.0666666666667,22.1,22.1333333333333,22.1666666666667,22.2,22.2333333333333,22.2666666666667,22.3,NA,NA,NA,NA,NA,NA,NA,NA,NA,NA,NA,NA,NA,NA,NA,NA,NA,NA,NA,NA,NA,NA
"WRD 20-9 C_62.0_889.0",21,21.0555555555556,21.1111111111111,21.1666666666667,21.2222222222222,21.2777777777778,21.3333333333333,21.3888888888889,21.4444444444444,21.5,NA,NA,NA,NA,NA,NA,NA,NA,NA,NA,NA,NA,NA,NA,NA,NA,NA,NA,NA,NA,NA,NA
"WRD 20-9 C_62.0_890.0",36,36.4777777777778,36.9555555555555,37.4333333333333,37.9111111111111,38.3888888888889,38.8666666666667,39.3444444444444,39.8222222222222,40.3,NA,NA,NA,NA,NA,NA,NA,NA,NA,NA,NA,NA,NA,NA,NA,NA,NA,NA,NA,NA,NA,NA
"WRD 20-9 C_62.0_891.0",24,24.3222222222222,24.6444444444444,24.9666666666667,25.2888888888889,25.6111111111111,25.9333333333333,26.2555555555556,26.5777777777778,26.9,NA,NA,NA,NA,NA,NA,NA,NA,NA,NA,NA,NA,NA,NA,NA,NA,NA,NA,NA,NA,NA,NA
"WRD 20-9 C_62.0_893.0",72,72.4111111111111,72.8222222222222,73.2333333333333,73.6444444444444,74.0555555555556,74.4666666666667,74.8777777777778,75.2888888888889,75.7,NA,NA,NA,NA,NA,NA,NA,NA,NA,NA,NA,NA,NA,NA,NA,NA,NA,NA,NA,NA,NA,NA
"WRD 20-9 C_62.0_894.0",19,19.0555555555556,19.1111111111111,19.1666666666667,19.2222222222222,19.2777777777778,19.3333333333333,19.3888888888889,19.4444444444444,19.5,NA,NA,NA,NA,NA,NA,NA,NA,NA,NA,NA,NA,NA,NA,NA,NA,NA,NA,NA,NA,NA,NA
"WRD 20-9 C_62.0_895.0",33,33.3444444444444,33.6888888888889,34.0333333333333,34.3777777777778,34.7222222222222,35.0666666666667,35.4111111111111,35.7555555555556,36.1,NA,NA,NA,NA,NA,NA,NA,NA,NA,NA,NA,NA,NA,NA,NA,NA,NA,NA,NA,NA,NA,NA
"WRD 20-9 C_62.0_896.0",61,61.2333333333333,61.4666666666667,61.7,61.9333333333333,62.1666666666667,62.4,62.6333333333333,62.8666666666667,63.1,NA,NA,NA,NA,NA,NA,NA,NA,NA,NA,NA,NA,NA,NA,NA,NA,NA,NA,NA,NA,NA,NA
"WRD 20-9 C_62.0_897.0",25,25.3666666666667,25.7333333333333,26.1,26.4666666666667,26.8333333333333,27.2,27.5666666666667,27.9333333333333,28.3,NA,NA,NA,NA,NA,NA,NA,NA,NA,NA,NA,NA,NA,NA,NA,NA,NA,NA,NA,NA,NA,NA
"WRD 20-9 C_62.0_898.0",73,73.3555555555556,73.7111111111111,74.0666666666667,74.4222222222222,74.7777777777778,75.1333333333333,75.4888888888889,75.8444444444444,76.2,NA,NA,NA,NA,NA,NA,NA,NA,NA,NA,NA,NA,NA,NA,NA,NA,NA,NA,NA,NA,NA,NA
"WRD 20-9 C_62.0_899.0",36,36,36,36,36,36,36,36,36,36,NA,NA,NA,NA,NA,NA,NA,NA,NA,NA,NA,NA,NA,NA,NA,NA,NA,NA,NA,NA,NA,NA
"WRD 20-9 C_62.0_900.0",54,54.6111111111111,55.2222222222222,55.8333333333333,56.4444444444444,57.0555555555556,57.6666666666667,58.2777777777778,58.8888888888889,59.5,NA,NA,NA,NA,NA,NA,NA,NA,NA,NA,NA,NA,NA,NA,NA,NA,NA,NA,NA,NA,NA,NA
"WRD 20-9 C_66.0_303.0",29,29.1555555555556,29.3111111111111,29.4666666666667,29.6222222222222,29.7777777777778,29.9333333333333,30.0888888888889,30.2444444444444,30.4,NA,NA,NA,NA,NA,NA,NA,NA,NA,NA,NA,NA,NA,NA,NA,NA,NA,NA,NA,NA,NA,NA
"WRD 20-9 C_66.0_304.0",35,35.2111111111111,35.4222222222222,35.6333333333333,35.8444444444444,36.0555555555556,36.2666666666667,36.4777777777778,36.6888888888889,36.9,NA,NA,NA,NA,NA,NA,NA,NA,NA,NA,NA,NA,NA,NA,NA,NA,NA,NA,NA,NA,NA,NA
"WRD 20-9 C_66.0_305.0",33,33.2,33.4,33.6,33.8,34,34.2,34.4,34.6,34.8,NA,NA,NA,NA,NA,NA,NA,NA,NA,NA,NA,NA,NA,NA,NA,NA,NA,NA,NA,NA,NA,NA
"WRD 20-9 C_66.0_306.0",18,18.1777777777778,18.3555555555556,18.5333333333333,18.7111111111111,18.8888888888889,19.0666666666667,19.2444444444444,19.4222222222222,19.6,NA,NA,NA,NA,NA,NA,NA,NA,NA,NA,NA,NA,NA,NA,NA,NA,NA,NA,NA,NA,NA,NA
"WRD 20-9 C_66.0_307.0",27,27.1,27.2,27.3,27.4,27.5,27.6,27.7,27.8,27.9,NA,NA,NA,NA,NA,NA,NA,NA,NA,NA,NA,NA,NA,NA,NA,NA,NA,NA,NA,NA,NA,NA
"WRD 20-9 C_66.0_308.0",31,31.2888888888889,31.5777777777778,31.8666666666667,32.1555555555556,32.4444444444444,32.7333333333333,33.0222222222222,33.3111111111111,33.6,NA,NA,NA,NA,NA,NA,NA,NA,NA,NA,NA,NA,NA,NA,NA,NA,NA,NA,NA,NA,NA,NA
"WRD 20-9 C_66.0_309.0",23,23.4444444444444,23.8888888888889,24.3333333333333,24.7777777777778,25.2222222222222,25.6666666666667,26.1111111111111,26.5555555555556,27,NA,NA,NA,NA,NA,NA,NA,NA,NA,NA,NA,NA,NA,NA,NA,NA,NA,NA,NA,NA,NA,NA
"WRD 20-9 C_66.0_310.0",22,22,22,22,22,22,22,22,22,22,NA,NA,NA,NA,NA,NA,NA,NA,NA,NA,NA,NA,NA,NA,NA,NA,NA,NA,NA,NA,NA,NA
"WRD 20-9 C_66.0_312.0",21,21.0444444444444,21.0888888888889,21.1333333333333,21.1777777777778,21.2222222222222,21.2666666666667,21.3111111111111,21.3555555555556,21.4,NA,NA,NA,NA,NA,NA,NA,NA,NA,NA,NA,NA,NA,NA,NA,NA,NA,NA,NA,NA,NA,NA
"WRD 20-9 C_66.0_313.0",25,25.2111111111111,25.4222222222222,25.6333333333333,25.8444444444444,26.0555555555556,26.2666666666667,26.4777777777778,26.6888888888889,26.9,NA,NA,NA,NA,NA,NA,NA,NA,NA,NA,NA,NA,NA,NA,NA,NA,NA,NA,NA,NA,NA,NA
"WRD 20-9 C_66.0_314.0",21,21.1777777777778,21.3555555555556,21.5333333333333,21.7111111111111,21.8888888888889,22.0666666666667,22.2444444444444,22.4222222222222,22.6,NA,NA,NA,NA,NA,NA,NA,NA,NA,NA,NA,NA,NA,NA,NA,NA,NA,NA,NA,NA,NA,NA
"WRD 20-9 C_66.0_315.0",22,22.0555555555556,22.1111111111111,22.1666666666667,22.2222222222222,22.2777777777778,22.3333333333333,22.3888888888889,22.4444444444444,22.5,NA,NA,NA,NA,NA,NA,NA,NA,NA,NA,NA,NA,NA,NA,NA,NA,NA,NA,NA,NA,NA,NA
"WRD 20-9 C_66.0_316.0",19,19.0777777777778,19.1555555555556,19.2333333333333,19.3111111111111,19.3888888888889,19.4666666666667,19.5444444444444,19.6222222222222,19.7,NA,NA,NA,NA,NA,NA,NA,NA,NA,NA,NA,NA,NA,NA,NA,NA,NA,NA,NA,NA,NA,NA
"WRD 20-9 C_66.0_318.0",34,34.2666666666667,34.5333333333333,34.8,35.0666666666667,35.3333333333333,35.6,35.8666666666667,36.1333333333333,36.4,NA,NA,NA,NA,NA,NA,NA,NA,NA,NA,NA,NA,NA,NA,NA,NA,NA,NA,NA,NA,NA,NA
"WRD 20-9 C_66.0_319.0",50,50.7444444444444,51.4888888888889,52.2333333333333,52.9777777777778,53.7222222222222,54.4666666666667,55.2111111111111,55.9555555555555,56.7,NA,NA,NA,NA,NA,NA,NA,NA,NA,NA,NA,NA,NA,NA,NA,NA,NA,NA,NA,NA,NA,NA
"WRD 20-9 C_66.0_320.0",30,30.3111111111111,30.6222222222222,30.9333333333333,31.2444444444444,31.5555555555556,31.8666666666667,32.1777777777778,32.4888888888889,32.8,NA,NA,NA,NA,NA,NA,NA,NA,NA,NA,NA,NA,NA,NA,NA,NA,NA,NA,NA,NA,NA,NA
"WRD 20-9 C_66.0_321.0",35,35.3333333333333,35.6666666666667,36,36.3333333333333,36.6666666666667,37,37.3333333333333,37.6666666666667,38,NA,NA,NA,NA,NA,NA,NA,NA,NA,NA,NA,NA,NA,NA,NA,NA,NA,NA,NA,NA,NA,NA
"WRD 20-9 C_66.0_323.0",19,19.0555555555556,19.1111111111111,19.1666666666667,19.2222222222222,19.2777777777778,19.3333333333333,19.3888888888889,19.4444444444444,19.5,NA,NA,NA,NA,NA,NA,NA,NA,NA,NA,NA,NA,NA,NA,NA,NA,NA,NA,NA,NA,NA,NA
"WRD 20-9 C_66.0_692.0",47,47.4777777777778,47.9555555555555,48.4333333333333,48.9111111111111,49.3888888888889,49.8666666666667,50.3444444444444,50.8222222222222,51.3,NA,NA,NA,NA,NA,NA,NA,NA,NA,NA,NA,NA,NA,NA,NA,NA,NA,NA,NA,NA,NA,NA
"WRD 20-9 C_66.0_696.0",23,23.0777777777778,23.1555555555556,23.2333333333333,23.3111111111111,23.3888888888889,23.4666666666667,23.5444444444444,23.6222222222222,23.7,NA,NA,NA,NA,NA,NA,NA,NA,NA,NA,NA,NA,NA,NA,NA,NA,NA,NA,NA,NA,NA,NA
"WRD 20-9 C_66.0_699.0",25,25.1666666666667,25.3333333333333,25.5,25.6666666666667,25.8333333333333,26,26.1666666666667,26.3333333333333,26.5,NA,NA,NA,NA,NA,NA,NA,NA,NA,NA,NA,NA,NA,NA,NA,NA,NA,NA,NA,NA,NA,NA
"WRD 20-9 C_66.0_700.0",57,57.0888888888889,57.1777777777778,57.2666666666667,57.3555555555556,57.4444444444444,57.5333333333333,57.6222222222222,57.7111111111111,57.8,NA,NA,NA,NA,NA,NA,NA,NA,NA,NA,NA,NA,NA,NA,NA,NA,NA,NA,NA,NA,NA,NA
"WRD 20-9 C_66.0_763.0",18,18.2555555555556,18.5111111111111,18.7666666666667,19.0222222222222,19.2777777777778,19.5333333333333,19.7888888888889,20.0444444444444,20.3,NA,NA,NA,NA,NA,NA,NA,NA,NA,NA,NA,NA,NA,NA,NA,NA,NA,NA,NA,NA,NA,NA
"WRD 20-9 C_66.0_764.0",22,22.4444444444444,22.8888888888889,23.3333333333333,23.7777777777778,24.2222222222222,24.6666666666667,25.1111111111111,25.5555555555556,26,NA,NA,NA,NA,NA,NA,NA,NA,NA,NA,NA,NA,NA,NA,NA,NA,NA,NA,NA,NA,NA,NA
"WRD 20-9 C_66.0_765.0",44,44.4111111111111,44.8222222222222,45.2333333333333,45.6444444444444,46.0555555555556,46.4666666666667,46.8777777777778,47.2888888888889,47.7,NA,NA,NA,NA,NA,NA,NA,NA,NA,NA,NA,NA,NA,NA,NA,NA,NA,NA,NA,NA,NA,NA
"WRD 20-9 C_66.0_766.0",42,42.5,43,43.5,44,44.5,45,45.5,46,46.5,NA,NA,NA,NA,NA,NA,NA,NA,NA,NA,NA,NA,NA,NA,NA,NA,NA,NA,NA,NA,NA,NA
"WRD 20-9 C_66.0_767.0",23,23.4222222222222,23.8444444444444,24.2666666666667,24.6888888888889,25.1111111111111,25.5333333333333,25.9555555555556,26.3777777777778,26.8,NA,NA,NA,NA,NA,NA,NA,NA,NA,NA,NA,NA,NA,NA,NA,NA,NA,NA,NA,NA,NA,NA
"WRD 20-9 C_66.0_768.0",33,33.6333333333333,34.2666666666667,34.9,35.5333333333333,36.1666666666667,36.8,37.4333333333333,38.0666666666667,38.7,NA,NA,NA,NA,NA,NA,NA,NA,NA,NA,NA,NA,NA,NA,NA,NA,NA,NA,NA,NA,NA,NA
"WRD 20-9 C_66.0_770.0",29,29.1888888888889,29.3777777777778,29.5666666666667,29.7555555555556,29.9444444444444,30.1333333333333,30.3222222222222,30.5111111111111,30.7,NA,NA,NA,NA,NA,NA,NA,NA,NA,NA,NA,NA,NA,NA,NA,NA,NA,NA,NA,NA,NA,NA
"WRD 20-9 C_66.0_771.0",36,36.5666666666667,37.1333333333333,37.7,38.2666666666667,38.8333333333333,39.4,39.9666666666667,40.5333333333333,41.1,NA,NA,NA,NA,NA,NA,NA,NA,NA,NA,NA,NA,NA,NA,NA,NA,NA,NA,NA,NA,NA,NA
"WRD 20-9 C_66.0_772.0",26,26.5555555555556,27.1111111111111,27.6666666666667,28.2222222222222,28.7777777777778,29.3333333333333,29.8888888888889,30.4444444444444,31,NA,NA,NA,NA,NA,NA,NA,NA,NA,NA,NA,NA,NA,NA,NA,NA,NA,NA,NA,NA,NA,NA
"WRD 20-9 C_66.0_773.0",31,31.3888888888889,31.7777777777778,32.1666666666667,32.5555555555556,32.9444444444444,33.3333333333333,33.7222222222222,34.1111111111111,34.5,NA,NA,NA,NA,NA,NA,NA,NA,NA,NA,NA,NA,NA,NA,NA,NA,NA,NA,NA,NA,NA,NA
"WRD 20-9 C_66.0_774.0",19,19.3777777777778,19.7555555555556,20.1333333333333,20.5111111111111,20.8888888888889,21.2666666666667,21.6444444444444,22.0222222222222,22.4,NA,NA,NA,NA,NA,NA,NA,NA,NA,NA,NA,NA,NA,NA,NA,NA,NA,NA,NA,NA,NA,NA
"WRD 20-9 C_66.0_775.0",30,30.7777777777778,31.5555555555556,32.3333333333333,33.1111111111111,33.8888888888889,34.6666666666667,35.4444444444444,36.2222222222222,37,NA,NA,NA,NA,NA,NA,NA,NA,NA,NA,NA,NA,NA,NA,NA,NA,NA,NA,NA,NA,NA,NA
"WRD 20-9 C_66.0_776.0",52,52.2333333333333,52.4666666666667,52.7,52.9333333333333,53.1666666666667,53.4,53.6333333333333,53.8666666666667,54.1,NA,NA,NA,NA,NA,NA,NA,NA,NA,NA,NA,NA,NA,NA,NA,NA,NA,NA,NA,NA,NA,NA
"WRD 20-9 C_66.0_777.0",39,39.7222222222222,40.4444444444444,41.1666666666667,41.8888888888889,42.6111111111111,43.3333333333333,44.0555555555556,44.7777777777778,45.5,NA,NA,NA,NA,NA,NA,NA,NA,NA,NA,NA,NA,NA,NA,NA,NA,NA,NA,NA,NA,NA,NA
"WRD 20-9 C_66.0_778.0",23,23.0777777777778,23.1555555555556,23.2333333333333,23.3111111111111,23.3888888888889,23.4666666666667,23.5444444444444,23.6222222222222,23.7,NA,NA,NA,NA,NA,NA,NA,NA,NA,NA,NA,NA,NA,NA,NA,NA,NA,NA,NA,NA,NA,NA
"WRD 20-9 C_66.0_779.0",26,26.3333333333333,26.6666666666667,27,27.3333333333333,27.6666666666667,28,28.3333333333333,28.6666666666667,29,NA,NA,NA,NA,NA,NA,NA,NA,NA,NA,NA,NA,NA,NA,NA,NA,NA,NA,NA,NA,NA,NA
"WRD 20-9 C_66.0_781.0",32,32,32,32,32,32,32,32,32,32,NA,NA,NA,NA,NA,NA,NA,NA,NA,NA,NA,NA,NA,NA,NA,NA,NA,NA,NA,NA,NA,NA
"WRD 20-9 C_66.0_782.0",52,52.1555555555556,52.3111111111111,52.4666666666667,52.6222222222222,52.7777777777778,52.9333333333333,53.0888888888889,53.2444444444444,53.4,NA,NA,NA,NA,NA,NA,NA,NA,NA,NA,NA,NA,NA,NA,NA,NA,NA,NA,NA,NA,NA,NA
"WRD 20-9 C_66.0_783.0",19,19.5555555555556,20.1111111111111,20.6666666666667,21.2222222222222,21.7777777777778,22.3333333333333,22.8888888888889,23.4444444444444,24,NA,NA,NA,NA,NA,NA,NA,NA,NA,NA,NA,NA,NA,NA,NA,NA,NA,NA,NA,NA,NA,NA
"WRD 20-9 C_66.0_784.0",20,20.1444444444444,20.2888888888889,20.4333333333333,20.5777777777778,20.7222222222222,20.8666666666667,21.0111111111111,21.1555555555556,21.3,NA,NA,NA,NA,NA,NA,NA,NA,NA,NA,NA,NA,NA,NA,NA,NA,NA,NA,NA,NA,NA,NA
"WRD 20-9 C_66.0_787.0",22,22.6333333333333,23.2666666666667,23.9,24.5333333333333,25.1666666666667,25.8,26.4333333333333,27.0666666666667,27.7,NA,NA,NA,NA,NA,NA,NA,NA,NA,NA,NA,NA,NA,NA,NA,NA,NA,NA,NA,NA,NA,NA
"WRD 20-9 C_66.0_788.0",37,37.4,37.8,38.2,38.6,39,39.4,39.8,40.2,40.6,NA,NA,NA,NA,NA,NA,NA,NA,NA,NA,NA,NA,NA,NA,NA,NA,NA,NA,NA,NA,NA,NA
"WRD 20-9 C_66.0_790.0",30,30.3888888888889,30.7777777777778,31.1666666666667,31.5555555555556,31.9444444444444,32.3333333333333,32.7222222222222,33.1111111111111,33.5,NA,NA,NA,NA,NA,NA,NA,NA,NA,NA,NA,NA,NA,NA,NA,NA,NA,NA,NA,NA,NA,NA
"WRD 20-9 C_66.0_792.0",31,31.1555555555556,31.3111111111111,31.4666666666667,31.6222222222222,31.7777777777778,31.9333333333333,32.0888888888889,32.2444444444444,32.4,NA,NA,NA,NA,NA,NA,NA,NA,NA,NA,NA,NA,NA,NA,NA,NA,NA,NA,NA,NA,NA,NA
"WRD 20-9 C_66.0_793.0",19,19.2666666666667,19.5333333333333,19.8,20.0666666666667,20.3333333333333,20.6,20.8666666666667,21.1333333333333,21.4,NA,NA,NA,NA,NA,NA,NA,NA,NA,NA,NA,NA,NA,NA,NA,NA,NA,NA,NA,NA,NA,NA
"WRD 20-9 C_66.0_794.0",30,30.3888888888889,30.7777777777778,31.1666666666667,31.5555555555556,31.9444444444444,32.3333333333333,32.7222222222222,33.1111111111111,33.5,NA,NA,NA,NA,NA,NA,NA,NA,NA,NA,NA,NA,NA,NA,NA,NA,NA,NA,NA,NA,NA,NA
"WRD 20-9 C_66.0_795.0",57,57.1111111111111,57.2222222222222,57.3333333333333,57.4444444444444,57.5555555555556,57.6666666666667,57.7777777777778,57.8888888888889,58,NA,NA,NA,NA,NA,NA,NA,NA,NA,NA,NA,NA,NA,NA,NA,NA,NA,NA,NA,NA,NA,NA
"WRD 20-9 C_66.0_796.0",26,26.4777777777778,26.9555555555556,27.4333333333333,27.9111111111111,28.3888888888889,28.8666666666667,29.3444444444444,29.8222222222222,30.3,NA,NA,NA,NA,NA,NA,NA,NA,NA,NA,NA,NA,NA,NA,NA,NA,NA,NA,NA,NA,NA,NA
"WRD 20-9 C_66.0_797.0",15,15.3666666666667,15.7333333333333,16.1,16.4666666666667,16.8333333333333,17.2,17.5666666666667,17.9333333333333,18.3,NA,NA,NA,NA,NA,NA,NA,NA,NA,NA,NA,NA,NA,NA,NA,NA,NA,NA,NA,NA,NA,NA
"WRD 20-9 C_66.0_798.0",36,36.2777777777778,36.5555555555556,36.8333333333333,37.1111111111111,37.3888888888889,37.6666666666667,37.9444444444444,38.2222222222222,38.5,NA,NA,NA,NA,NA,NA,NA,NA,NA,NA,NA,NA,NA,NA,NA,NA,NA,NA,NA,NA,NA,NA
"WRD 20-9 C_66.0_800.0",32,32.5111111111111,33.0222222222222,33.5333333333333,34.0444444444444,34.5555555555556,35.0666666666667,35.5777777777778,36.0888888888889,36.6,NA,NA,NA,NA,NA,NA,NA,NA,NA,NA,NA,NA,NA,NA,NA,NA,NA,NA,NA,NA,NA,NA
"WRD 20-9 T_18.0_388.0",33.8,34.4777777777778,35.1555555555556,35.8333333333333,36.5111111111111,37.1888888888889,37.8666666666667,38.5444444444445,39.2222222222222,39.9,NA,NA,NA,NA,NA,NA,NA,NA,NA,NA,NA,NA,NA,NA,NA,NA,NA,NA,NA,NA,NA,NA
"WRD 20-9 T_18.0_390.0",37.7,38.5111111111111,39.3222222222222,40.1333333333333,40.9444444444444,41.7555555555556,42.5666666666667,43.3777777777778,44.1888888888889,45,NA,NA,NA,NA,NA,NA,NA,NA,NA,NA,NA,NA,NA,NA,NA,NA,NA,NA,NA,NA,NA,NA
"WRD 20-9 T_18.0_402.0",72.9,73.3888888888889,73.8777777777778,74.3666666666667,74.8555555555556,75.3444444444444,75.8333333333333,76.3222222222222,76.8111111111111,77.3,NA,NA,NA,NA,NA,NA,NA,NA,NA,NA,NA,NA,NA,NA,NA,NA,NA,NA,NA,NA,NA,NA
"WRD 20-9 T_18.0_413.0",45.8,45.9,46,46.1,46.2,46.3,46.4,46.5,46.6,46.7,NA,NA,NA,NA,NA,NA,NA,NA,NA,NA,NA,NA,NA,NA,NA,NA,NA,NA,NA,NA,NA,NA
"WRD 20-9 T_18.0_416.0",63.7,64.4111111111111,65.1222222222222,65.8333333333333,66.5444444444444,67.2555555555556,67.9666666666667,68.6777777777778,69.3888888888889,70.1,NA,NA,NA,NA,NA,NA,NA,NA,NA,NA,NA,NA,NA,NA,NA,NA,NA,NA,NA,NA,NA,NA
"WRD 20-9 T_18.0_418.0",51.5,52.3888888888889,53.2777777777778,54.1666666666667,55.0555555555556,55.9444444444444,56.8333333333333,57.7222222222222,58.6111111111111,59.5,NA,NA,NA,NA,NA,NA,NA,NA,NA,NA,NA,NA,NA,NA,NA,NA,NA,NA,NA,NA,NA,NA
"WRD 20-9 T_18.0_422.0",33.8,35.0555555555556,36.3111111111111,37.5666666666667,38.8222222222222,40.0777777777778,41.3333333333333,42.5888888888889,43.8444444444444,45.1,NA,NA,NA,NA,NA,NA,NA,NA,NA,NA,NA,NA,NA,NA,NA,NA,NA,NA,NA,NA,NA,NA
"WRD 20-9 T_18.0_425.0",57.7,58.2,58.7,59.2,59.7,60.2,60.7,61.2,61.7,62.2,NA,NA,NA,NA,NA,NA,NA,NA,NA,NA,NA,NA,NA,NA,NA,NA,NA,NA,NA,NA,NA,NA
"WRD 20-9 T_18.0_443.0",35.2,36.1222222222222,37.0444444444445,37.9666666666667,38.8888888888889,39.8111111111111,40.7333333333333,41.6555555555556,42.5777777777778,43.5,NA,NA,NA,NA,NA,NA,NA,NA,NA,NA,NA,NA,NA,NA,NA,NA,NA,NA,NA,NA,NA,NA
"WRD 20-9 T_18.0_446.0",55.5,56.0888888888889,56.6777777777778,57.2666666666667,57.8555555555556,58.4444444444444,59.0333333333333,59.6222222222222,60.2111111111111,60.8,NA,NA,NA,NA,NA,NA,NA,NA,NA,NA,NA,NA,NA,NA,NA,NA,NA,NA,NA,NA,NA,NA
"WRD 20-9 T_19.0_450.0",32.3,32.7222222222222,33.1444444444444,33.5666666666667,33.9888888888889,34.4111111111111,34.8333333333333,35.2555555555556,35.6777777777778,36.1,NA,NA,NA,NA,NA,NA,NA,NA,NA,NA,NA,NA,NA,NA,NA,NA,NA,NA,NA,NA,NA,NA
"WRD 20-9 T_19.0_452.0",28.5,29.2,29.9,30.6,31.3,32,32.7,33.4,34.1,34.8,NA,NA,NA,NA,NA,NA,NA,NA,NA,NA,NA,NA,NA,NA,NA,NA,NA,NA,NA,NA,NA,NA
"WRD 20-9 T_19.0_455.0",66.4,66.8555555555556,67.3111111111111,67.7666666666667,68.2222222222222,68.6777777777778,69.1333333333333,69.5888888888889,70.0444444444445,70.5,NA,NA,NA,NA,NA,NA,NA,NA,NA,NA,NA,NA,NA,NA,NA,NA,NA,NA,NA,NA,NA,NA
"WRD 20-9 T_19.0_461.0",58.7,58.4888888888889,58.2777777777778,58.0666666666667,57.8555555555556,57.6444444444444,57.4333333333333,57.2222222222222,57.0111111111111,56.8,NA,NA,NA,NA,NA,NA,NA,NA,NA,NA,NA,NA,NA,NA,NA,NA,NA,NA,NA,NA,NA,NA
"WRD 20-9 T_19.0_464.0",51.1,51.9111111111111,52.7222222222222,53.5333333333333,54.3444444444444,55.1555555555556,55.9666666666667,56.7777777777778,57.5888888888889,58.4,NA,NA,NA,NA,NA,NA,NA,NA,NA,NA,NA,NA,NA,NA,NA,NA,NA,NA,NA,NA,NA,NA
"WRD 20-9 T_19.0_469.0",45.5,46.5444444444445,47.5888888888889,48.6333333333333,49.6777777777778,50.7222222222222,51.7666666666667,52.8111111111111,53.8555555555556,54.9,NA,NA,NA,NA,NA,NA,NA,NA,NA,NA,NA,NA,NA,NA,NA,NA,NA,NA,NA,NA,NA,NA
"WRD 20-9 T_19.0_471.0",56,56.9666666666667,57.9333333333333,58.9,59.8666666666667,60.8333333333333,61.8,62.7666666666667,63.7333333333333,64.7,NA,NA,NA,NA,NA,NA,NA,NA,NA,NA,NA,NA,NA,NA,NA,NA,NA,NA,NA,NA,NA,NA
"WRD 20-9 T_19.0_472.0",58.6,58.9,59.2,59.5,59.8,60.1,60.4,60.7,61,61.3,NA,NA,NA,NA,NA,NA,NA,NA,NA,NA,NA,NA,NA,NA,NA,NA,NA,NA,NA,NA,NA,NA
"WRD 20-9 T_19.0_480.0",71.3,72.0222222222222,72.7444444444444,73.4666666666667,74.1888888888889,74.9111111111111,75.6333333333333,76.3555555555556,77.0777777777778,77.8,NA,NA,NA,NA,NA,NA,NA,NA,NA,NA,NA,NA,NA,NA,NA,NA,NA,NA,NA,NA,NA,NA
"WRD 20-9 T_19.0_481.0",49.8,50.4666666666667,51.1333333333333,51.8,52.4666666666667,53.1333333333333,53.8,54.4666666666667,55.1333333333333,55.8,NA,NA,NA,NA,NA,NA,NA,NA,NA,NA,NA,NA,NA,NA,NA,NA,NA,NA,NA,NA,NA,NA
"WRD 20-9 T_19.0_484.0",60,60.8333333333333,61.6666666666667,62.5,63.3333333333333,64.1666666666667,65,65.8333333333333,66.6666666666667,67.5,NA,NA,NA,NA,NA,NA,NA,NA,NA,NA,NA,NA,NA,NA,NA,NA,NA,NA,NA,NA,NA,NA
"WRD 20-9 T_19.0_92.0",64,64.6444444444444,65.2888888888889,65.9333333333333,66.5777777777778,67.2222222222222,67.8666666666667,68.5111111111111,69.1555555555556,69.8,NA,NA,NA,NA,NA,NA,NA,NA,NA,NA,NA,NA,NA,NA,NA,NA,NA,NA,NA,NA,NA,NA
"WRD 20-9 T_20.0_2.0",79,79.3777777777778,79.7555555555556,80.1333333333333,80.5111111111111,80.8888888888889,81.2666666666667,81.6444444444444,82.0222222222222,82.4,NA,NA,NA,NA,NA,NA,NA,NA,NA,NA,NA,NA,NA,NA,NA,NA,NA,NA,NA,NA,NA,NA
"WRD 20-9 T_20.0_4.0",37.7,38.9111111111111,40.1222222222222,41.3333333333333,42.5444444444445,43.7555555555556,44.9666666666667,46.1777777777778,47.3888888888889,48.6,NA,NA,NA,NA,NA,NA,NA,NA,NA,NA,NA,NA,NA,NA,NA,NA,NA,NA,NA,NA,NA,NA
"WRD 20-9 T_20.0_486.0",64,64.4666666666667,64.9333333333333,65.4,65.8666666666667,66.3333333333333,66.8,67.2666666666667,67.7333333333333,68.2,NA,NA,NA,NA,NA,NA,NA,NA,NA,NA,NA,NA,NA,NA,NA,NA,NA,NA,NA,NA,NA,NA
"WRD 20-9 T_20.0_487.0",24.4,24.8444444444444,25.2888888888889,25.7333333333333,26.1777777777778,26.6222222222222,27.0666666666667,27.5111111111111,27.9555555555556,28.4,NA,NA,NA,NA,NA,NA,NA,NA,NA,NA,NA,NA,NA,NA,NA,NA,NA,NA,NA,NA,NA,NA
"WRD 20-9 T_20.0_490.0",18,18.5222222222222,19.0444444444444,19.5666666666667,20.0888888888889,20.6111111111111,21.1333333333333,21.6555555555556,22.1777777777778,22.7,NA,NA,NA,NA,NA,NA,NA,NA,NA,NA,NA,NA,NA,NA,NA,NA,NA,NA,NA,NA,NA,NA
"WRD 20-9 T_20.0_493.0",25.5,26.4111111111111,27.3222222222222,28.2333333333333,29.1444444444444,30.0555555555556,30.9666666666667,31.8777777777778,32.7888888888889,33.7,NA,NA,NA,NA,NA,NA,NA,NA,NA,NA,NA,NA,NA,NA,NA,NA,NA,NA,NA,NA,NA,NA
"WRD 20-9 T_20.0_497.0",25.5,26.5777777777778,27.6555555555556,28.7333333333333,29.8111111111111,30.8888888888889,31.9666666666667,33.0444444444444,34.1222222222222,35.2,NA,NA,NA,NA,NA,NA,NA,NA,NA,NA,NA,NA,NA,NA,NA,NA,NA,NA,NA,NA,NA,NA
"WRD 20-9 T_20.0_825.0",83.6,84.1666666666667,84.7333333333333,85.3,85.8666666666667,86.4333333333333,87,87.5666666666667,88.1333333333333,88.7,NA,NA,NA,NA,NA,NA,NA,NA,NA,NA,NA,NA,NA,NA,NA,NA,NA,NA,NA,NA,NA,NA
"WRD 20-9 T_20.0_827.0",63,63.6222222222222,64.2444444444444,64.8666666666667,65.4888888888889,66.1111111111111,66.7333333333333,67.3555555555556,67.9777777777778,68.6,NA,NA,NA,NA,NA,NA,NA,NA,NA,NA,NA,NA,NA,NA,NA,NA,NA,NA,NA,NA,NA,NA
"WRD 20-9 T_20.0_832.0",56.2,56.7111111111111,57.2222222222222,57.7333333333333,58.2444444444444,58.7555555555556,59.2666666666667,59.7777777777778,60.2888888888889,60.8,NA,NA,NA,NA,NA,NA,NA,NA,NA,NA,NA,NA,NA,NA,NA,NA,NA,NA,NA,NA,NA,NA
"WRD 20-9 T_20.0_833.0",55.9,55.8666666666667,55.8333333333333,55.8,55.7666666666667,55.7333333333333,55.7,55.6666666666667,55.6333333333333,55.6,NA,NA,NA,NA,NA,NA,NA,NA,NA,NA,NA,NA,NA,NA,NA,NA,NA,NA,NA,NA,NA,NA
"WRD 20-9 T_20.0_843.0",45.2,45.7333333333333,46.2666666666667,46.8,47.3333333333333,47.8666666666667,48.4,48.9333333333333,49.4666666666667,50,NA,NA,NA,NA,NA,NA,NA,NA,NA,NA,NA,NA,NA,NA,NA,NA,NA,NA,NA,NA,NA,NA
"WRD 20-9 T_20.0_844.0",75,75.1555555555556,75.3111111111111,75.4666666666667,75.6222222222222,75.7777777777778,75.9333333333333,76.0888888888889,76.2444444444445,76.4,NA,NA,NA,NA,NA,NA,NA,NA,NA,NA,NA,NA,NA,NA,NA,NA,NA,NA,NA,NA,NA,NA
"WRD 20-9 T_20.0_845.0",53.8,54.1666666666667,54.5333333333333,54.9,55.2666666666667,55.6333333333333,56,56.3666666666667,56.7333333333333,57.1,NA,NA,NA,NA,NA,NA,NA,NA,NA,NA,NA,NA,NA,NA,NA,NA,NA,NA,NA,NA,NA,NA
"WRD 20-9 T_21.0_10.0",46,46.1666666666667,46.3333333333333,46.5,46.6666666666667,46.8333333333333,47,47.1666666666667,47.3333333333333,47.5,NA,NA,NA,NA,NA,NA,NA,NA,NA,NA,NA,NA,NA,NA,NA,NA,NA,NA,NA,NA,NA,NA
"WRD 20-9 T_21.0_13.0",71,71.1333333333333,71.2666666666667,71.4,71.5333333333333,71.6666666666667,71.8,71.9333333333333,72.0666666666667,72.2,NA,NA,NA,NA,NA,NA,NA,NA,NA,NA,NA,NA,NA,NA,NA,NA,NA,NA,NA,NA,NA,NA
"WRD 20-9 T_21.0_17.0",53,53.3111111111111,53.6222222222222,53.9333333333333,54.2444444444444,54.5555555555556,54.8666666666667,55.1777777777778,55.4888888888889,55.8,NA,NA,NA,NA,NA,NA,NA,NA,NA,NA,NA,NA,NA,NA,NA,NA,NA,NA,NA,NA,NA,NA
"WRD 20-9 T_21.0_18.0",45,45.8888888888889,46.7777777777778,47.6666666666667,48.5555555555556,49.4444444444444,50.3333333333333,51.2222222222222,52.1111111111111,53,NA,NA,NA,NA,NA,NA,NA,NA,NA,NA,NA,NA,NA,NA,NA,NA,NA,NA,NA,NA,NA,NA
"WRD 20-9 T_21.0_23.0",54,54.3333333333333,54.6666666666667,55,55.3333333333333,55.6666666666667,56,56.3333333333333,56.6666666666667,57,NA,NA,NA,NA,NA,NA,NA,NA,NA,NA,NA,NA,NA,NA,NA,NA,NA,NA,NA,NA,NA,NA
"WRD 20-9 T_21.0_24.0",57,57.7222222222222,58.4444444444444,59.1666666666667,59.8888888888889,60.6111111111111,61.3333333333333,62.0555555555556,62.7777777777778,63.5,NA,NA,NA,NA,NA,NA,NA,NA,NA,NA,NA,NA,NA,NA,NA,NA,NA,NA,NA,NA,NA,NA
"WRD 20-9 T_21.0_26.0",70.5,70.7888888888889,71.0777777777778,71.3666666666667,71.6555555555556,71.9444444444444,72.2333333333333,72.5222222222222,72.8111111111111,73.1,NA,NA,NA,NA,NA,NA,NA,NA,NA,NA,NA,NA,NA,NA,NA,NA,NA,NA,NA,NA,NA,NA
"WRD 20-9 T_21.0_27.0",55.5,55.7888888888889,56.0777777777778,56.3666666666667,56.6555555555556,56.9444444444444,57.2333333333333,57.5222222222222,57.8111111111111,58.1,NA,NA,NA,NA,NA,NA,NA,NA,NA,NA,NA,NA,NA,NA,NA,NA,NA,NA,NA,NA,NA,NA
"WRD 20-9 T_21.0_31.0",54,54.3888888888889,54.7777777777778,55.1666666666667,55.5555555555556,55.9444444444444,56.3333333333333,56.7222222222222,57.1111111111111,57.5,NA,NA,NA,NA,NA,NA,NA,NA,NA,NA,NA,NA,NA,NA,NA,NA,NA,NA,NA,NA,NA,NA
"WRD 20-9 T_21.0_42.0",86,86.7222222222222,87.4444444444444,88.1666666666667,88.8888888888889,89.6111111111111,90.3333333333333,91.0555555555556,91.7777777777778,92.5,NA,NA,NA,NA,NA,NA,NA,NA,NA,NA,NA,NA,NA,NA,NA,NA,NA,NA,NA,NA,NA,NA
"WRD 20-9 T_21.0_57.0",65.5,66.3444444444444,67.1888888888889,68.0333333333333,68.8777777777778,69.7222222222222,70.5666666666667,71.4111111111111,72.2555555555555,73.1,NA,NA,NA,NA,NA,NA,NA,NA,NA,NA,NA,NA,NA,NA,NA,NA,NA,NA,NA,NA,NA,NA
"WRD 20-9 T_21.0_60.0",65.5,65.9,66.3,66.7,67.1,67.5,67.9,68.3,68.7,69.1,NA,NA,NA,NA,NA,NA,NA,NA,NA,NA,NA,NA,NA,NA,NA,NA,NA,NA,NA,NA,NA,NA
"WRD 20-9 T_21.0_63.0",53,53.7777777777778,54.5555555555556,55.3333333333333,56.1111111111111,56.8888888888889,57.6666666666667,58.4444444444444,59.2222222222222,60,NA,NA,NA,NA,NA,NA,NA,NA,NA,NA,NA,NA,NA,NA,NA,NA,NA,NA,NA,NA,NA,NA
"WRD 20-9 T_21.0_8.0",56.5,56.8888888888889,57.2777777777778,57.6666666666667,58.0555555555556,58.4444444444444,58.8333333333333,59.2222222222222,59.6111111111111,60,NA,NA,NA,NA,NA,NA,NA,NA,NA,NA,NA,NA,NA,NA,NA,NA,NA,NA,NA,NA,NA,NA
"WRD 20-9 T_22.0_102.0",29,30.1111111111111,31.2222222222222,32.3333333333333,33.4444444444444,34.5555555555556,35.6666666666667,36.7777777777778,37.8888888888889,39,NA,NA,NA,NA,NA,NA,NA,NA,NA,NA,NA,NA,NA,NA,NA,NA,NA,NA,NA,NA,NA,NA
"WRD 20-9 T_22.0_103.0",33,33.4888888888889,33.9777777777778,34.4666666666667,34.9555555555556,35.4444444444444,35.9333333333333,36.4222222222222,36.9111111111111,37.4,NA,NA,NA,NA,NA,NA,NA,NA,NA,NA,NA,NA,NA,NA,NA,NA,NA,NA,NA,NA,NA,NA
"WRD 20-9 T_22.0_111.0",33.4,34.2666666666667,35.1333333333333,36,36.8666666666667,37.7333333333333,38.6,39.4666666666667,40.3333333333333,41.2,NA,NA,NA,NA,NA,NA,NA,NA,NA,NA,NA,NA,NA,NA,NA,NA,NA,NA,NA,NA,NA,NA
"WRD 20-9 T_22.0_115.0",46.6,47.3444444444444,48.0888888888889,48.8333333333333,49.5777777777778,50.3222222222222,51.0666666666667,51.8111111111111,52.5555555555556,53.3,NA,NA,NA,NA,NA,NA,NA,NA,NA,NA,NA,NA,NA,NA,NA,NA,NA,NA,NA,NA,NA,NA
"WRD 20-9 T_22.0_65.0",21.8,22.1888888888889,22.5777777777778,22.9666666666667,23.3555555555556,23.7444444444444,24.1333333333333,24.5222222222222,24.9111111111111,25.3,NA,NA,NA,NA,NA,NA,NA,NA,NA,NA,NA,NA,NA,NA,NA,NA,NA,NA,NA,NA,NA,NA
"WRD 20-9 T_22.0_66.0",16,16.7111111111111,17.4222222222222,18.1333333333333,18.8444444444444,19.5555555555556,20.2666666666667,20.9777777777778,21.6888888888889,22.4,NA,NA,NA,NA,NA,NA,NA,NA,NA,NA,NA,NA,NA,NA,NA,NA,NA,NA,NA,NA,NA,NA
"WRD 20-9 T_22.0_67.0",56.2,56.5,56.8,57.1,57.4,57.7,58,58.3,58.6,58.9,NA,NA,NA,NA,NA,NA,NA,NA,NA,NA,NA,NA,NA,NA,NA,NA,NA,NA,NA,NA,NA,NA
"WRD 20-9 T_22.0_78.0",37,37.8666666666667,38.7333333333333,39.6,40.4666666666667,41.3333333333333,42.2,43.0666666666667,43.9333333333333,44.8,NA,NA,NA,NA,NA,NA,NA,NA,NA,NA,NA,NA,NA,NA,NA,NA,NA,NA,NA,NA,NA,NA
"WRD 20-9 T_22.0_81.0",16.3,17,17.7,18.4,19.1,19.8,20.5,21.2,21.9,22.6,NA,NA,NA,NA,NA,NA,NA,NA,NA,NA,NA,NA,NA,NA,NA,NA,NA,NA,NA,NA,NA,NA
"WRD 20-9 T_22.0_87.0",81,81.3222222222222,81.6444444444444,81.9666666666667,82.2888888888889,82.6111111111111,82.9333333333333,83.2555555555556,83.5777777777778,83.9,NA,NA,NA,NA,NA,NA,NA,NA,NA,NA,NA,NA,NA,NA,NA,NA,NA,NA,NA,NA,NA,NA
"WRD 20-9 T_22.0_95.0",28.8,29.4333333333333,30.0666666666667,30.7,31.3333333333333,31.9666666666667,32.6,33.2333333333333,33.8666666666667,34.5,NA,NA,NA,NA,NA,NA,NA,NA,NA,NA,NA,NA,NA,NA,NA,NA,NA,NA,NA,NA,NA,NA
"WRD 20-9 T_22.0_96.0",29.7,30.4555555555556,31.2111111111111,31.9666666666667,32.7222222222222,33.4777777777778,34.2333333333333,34.9888888888889,35.7444444444444,36.5,NA,NA,NA,NA,NA,NA,NA,NA,NA,NA,NA,NA,NA,NA,NA,NA,NA,NA,NA,NA,NA,NA
"WRD 20-9 T_22.0_98.0",18.8,19.4888888888889,20.1777777777778,20.8666666666667,21.5555555555556,22.2444444444444,22.9333333333333,23.6222222222222,24.3111111111111,25,NA,NA,NA,NA,NA,NA,NA,NA,NA,NA,NA,NA,NA,NA,NA,NA,NA,NA,NA,NA,NA,NA
"WRD 20-9 T_23.0_124.0",42,42.1555555555556,42.3111111111111,42.4666666666667,42.6222222222222,42.7777777777778,42.9333333333333,43.0888888888889,43.2444444444444,43.4,NA,NA,NA,NA,NA,NA,NA,NA,NA,NA,NA,NA,NA,NA,NA,NA,NA,NA,NA,NA,NA,NA
"WRD 20-9 T_23.0_125.0",40,40.3555555555556,40.7111111111111,41.0666666666667,41.4222222222222,41.7777777777778,42.1333333333333,42.4888888888889,42.8444444444444,43.2,NA,NA,NA,NA,NA,NA,NA,NA,NA,NA,NA,NA,NA,NA,NA,NA,NA,NA,NA,NA,NA,NA
"WRD 20-9 T_23.0_127.0",41,41.6,42.2,42.8,43.4,44,44.6,45.2,45.8,46.4,NA,NA,NA,NA,NA,NA,NA,NA,NA,NA,NA,NA,NA,NA,NA,NA,NA,NA,NA,NA,NA,NA
"WRD 20-9 T_23.0_131.0",66,66.2555555555556,66.5111111111111,66.7666666666667,67.0222222222222,67.2777777777778,67.5333333333333,67.7888888888889,68.0444444444444,68.3,NA,NA,NA,NA,NA,NA,NA,NA,NA,NA,NA,NA,NA,NA,NA,NA,NA,NA,NA,NA,NA,NA
"WRD 20-9 T_23.0_134.0",56.6,57.5222222222222,58.4444444444444,59.3666666666667,60.2888888888889,61.2111111111111,62.1333333333333,63.0555555555556,63.9777777777778,64.9,NA,NA,NA,NA,NA,NA,NA,NA,NA,NA,NA,NA,NA,NA,NA,NA,NA,NA,NA,NA,NA,NA
"WRD 20-9 T_23.0_138.0",47,47.0555555555556,47.1111111111111,47.1666666666667,47.2222222222222,47.2777777777778,47.3333333333333,47.3888888888889,47.4444444444444,47.5,NA,NA,NA,NA,NA,NA,NA,NA,NA,NA,NA,NA,NA,NA,NA,NA,NA,NA,NA,NA,NA,NA
"WRD 20-9 T_23.0_143.0",46,46.6,47.2,47.8,48.4,49,49.6,50.2,50.8,51.4,NA,NA,NA,NA,NA,NA,NA,NA,NA,NA,NA,NA,NA,NA,NA,NA,NA,NA,NA,NA,NA,NA
"WRD 20-9 T_23.0_146.0",53,53.9,54.8,55.7,56.6,57.5,58.4,59.3,60.2,61.1,NA,NA,NA,NA,NA,NA,NA,NA,NA,NA,NA,NA,NA,NA,NA,NA,NA,NA,NA,NA,NA,NA
"WRD 20-9 T_24.0_150.0",34,34.6333333333333,35.2666666666667,35.9,36.5333333333333,37.1666666666667,37.8,38.4333333333333,39.0666666666667,39.7,NA,NA,NA,NA,NA,NA,NA,NA,NA,NA,NA,NA,NA,NA,NA,NA,NA,NA,NA,NA,NA,NA
"WRD 20-9 T_24.0_156.0",26,27.3666666666667,28.7333333333333,30.1,31.4666666666667,32.8333333333333,34.2,35.5666666666667,36.9333333333333,38.3,NA,NA,NA,NA,NA,NA,NA,NA,NA,NA,NA,NA,NA,NA,NA,NA,NA,NA,NA,NA,NA,NA
"WRD 20-9 T_24.0_157.0",25,25.6888888888889,26.3777777777778,27.0666666666667,27.7555555555556,28.4444444444444,29.1333333333333,29.8222222222222,30.5111111111111,31.2,NA,NA,NA,NA,NA,NA,NA,NA,NA,NA,NA,NA,NA,NA,NA,NA,NA,NA,NA,NA,NA,NA
"WRD 20-9 T_24.0_158.0",26,26.6555555555556,27.3111111111111,27.9666666666667,28.6222222222222,29.2777777777778,29.9333333333333,30.5888888888889,31.2444444444444,31.9,NA,NA,NA,NA,NA,NA,NA,NA,NA,NA,NA,NA,NA,NA,NA,NA,NA,NA,NA,NA,NA,NA
"WRD 20-9 T_24.0_159.0",17,17.6222222222222,18.2444444444444,18.8666666666667,19.4888888888889,20.1111111111111,20.7333333333333,21.3555555555556,21.9777777777778,22.6,NA,NA,NA,NA,NA,NA,NA,NA,NA,NA,NA,NA,NA,NA,NA,NA,NA,NA,NA,NA,NA,NA
"WRD 20-9 T_24.0_160.0",21,21.7444444444444,22.4888888888889,23.2333333333333,23.9777777777778,24.7222222222222,25.4666666666667,26.2111111111111,26.9555555555556,27.7,NA,NA,NA,NA,NA,NA,NA,NA,NA,NA,NA,NA,NA,NA,NA,NA,NA,NA,NA,NA,NA,NA
"WRD 20-9 T_24.0_161.0",16,16.7333333333333,17.4666666666667,18.2,18.9333333333333,19.6666666666667,20.4,21.1333333333333,21.8666666666667,22.6,NA,NA,NA,NA,NA,NA,NA,NA,NA,NA,NA,NA,NA,NA,NA,NA,NA,NA,NA,NA,NA,NA
"WRD 20-9 T_24.0_162.0",45,45.1666666666667,45.3333333333333,45.5,45.6666666666667,45.8333333333333,46,46.1666666666667,46.3333333333333,46.5,NA,NA,NA,NA,NA,NA,NA,NA,NA,NA,NA,NA,NA,NA,NA,NA,NA,NA,NA,NA,NA,NA
"WRD 20-9 T_24.0_164.0",73,73.1111111111111,73.2222222222222,73.3333333333333,73.4444444444444,73.5555555555556,73.6666666666667,73.7777777777778,73.8888888888889,74,NA,NA,NA,NA,NA,NA,NA,NA,NA,NA,NA,NA,NA,NA,NA,NA,NA,NA,NA,NA,NA,NA
"WRD 20-9 T_24.0_165.0",63,63.0555555555556,63.1111111111111,63.1666666666667,63.2222222222222,63.2777777777778,63.3333333333333,63.3888888888889,63.4444444444444,63.5,NA,NA,NA,NA,NA,NA,NA,NA,NA,NA,NA,NA,NA,NA,NA,NA,NA,NA,NA,NA,NA,NA
"WRD 20-9 T_24.0_168.0",73,73.0666666666667,73.1333333333333,73.2,73.2666666666667,73.3333333333333,73.4,73.4666666666667,73.5333333333333,73.6,NA,NA,NA,NA,NA,NA,NA,NA,NA,NA,NA,NA,NA,NA,NA,NA,NA,NA,NA,NA,NA,NA
"WRD 20-9 T_24.0_170.0",53,53.5666666666667,54.1333333333333,54.7,55.2666666666667,55.8333333333333,56.4,56.9666666666667,57.5333333333333,58.1,NA,NA,NA,NA,NA,NA,NA,NA,NA,NA,NA,NA,NA,NA,NA,NA,NA,NA,NA,NA,NA,NA
"WRD 20-9 T_24.0_171.0",32,32.5,33,33.5,34,34.5,35,35.5,36,36.5,NA,NA,NA,NA,NA,NA,NA,NA,NA,NA,NA,NA,NA,NA,NA,NA,NA,NA,NA,NA,NA,NA
"WRD 20-9 T_24.0_173.0",35,35.5333333333333,36.0666666666667,36.6,37.1333333333333,37.6666666666667,38.2,38.7333333333333,39.2666666666667,39.8,NA,NA,NA,NA,NA,NA,NA,NA,NA,NA,NA,NA,NA,NA,NA,NA,NA,NA,NA,NA,NA,NA
"WRD 20-9 T_60.0_758.0",45.5,45.5777777777778,45.6555555555556,45.7333333333333,45.8111111111111,45.8888888888889,45.9666666666667,46.0444444444445,46.1222222222222,46.2,NA,NA,NA,NA,NA,NA,NA,NA,NA,NA,NA,NA,NA,NA,NA,NA,NA,NA,NA,NA,NA,NA
"WRD 20-9 T_60.0_759.0",44.5,44.6555555555556,44.8111111111111,44.9666666666667,45.1222222222222,45.2777777777778,45.4333333333333,45.5888888888889,45.7444444444444,45.9,NA,NA,NA,NA,NA,NA,NA,NA,NA,NA,NA,NA,NA,NA,NA,NA,NA,NA,NA,NA,NA,NA
"WRD 20-9 T_60.0_764.0",83.5,84.4444444444444,85.3888888888889,86.3333333333333,87.2777777777778,88.2222222222222,89.1666666666667,90.1111111111111,91.0555555555556,92,NA,NA,NA,NA,NA,NA,NA,NA,NA,NA,NA,NA,NA,NA,NA,NA,NA,NA,NA,NA,NA,NA
"WRD 20-9 T_60.0_765.0",18,18.3888888888889,18.7777777777778,19.1666666666667,19.5555555555556,19.9444444444444,20.3333333333333,20.7222222222222,21.1111111111111,21.5,NA,NA,NA,NA,NA,NA,NA,NA,NA,NA,NA,NA,NA,NA,NA,NA,NA,NA,NA,NA,NA,NA
"WRD 20-9 T_60.0_772.0",59,59.5666666666667,60.1333333333333,60.7,61.2666666666667,61.8333333333333,62.4,62.9666666666667,63.5333333333333,64.1,NA,NA,NA,NA,NA,NA,NA,NA,NA,NA,NA,NA,NA,NA,NA,NA,NA,NA,NA,NA,NA,NA
"WRD 20-9 T_60.0_773.0",55.5,56.1333333333333,56.7666666666667,57.4,58.0333333333333,58.6666666666667,59.3,59.9333333333333,60.5666666666667,61.2,NA,NA,NA,NA,NA,NA,NA,NA,NA,NA,NA,NA,NA,NA,NA,NA,NA,NA,NA,NA,NA,NA
"WRD 20-9 T_60.0_774.0",69,69.7888888888889,70.5777777777778,71.3666666666667,72.1555555555556,72.9444444444444,73.7333333333333,74.5222222222222,75.3111111111111,76.1,NA,NA,NA,NA,NA,NA,NA,NA,NA,NA,NA,NA,NA,NA,NA,NA,NA,NA,NA,NA,NA,NA
"WRD 20-9 T_60.0_776.0",45.5,46.4111111111111,47.3222222222222,48.2333333333333,49.1444444444444,50.0555555555556,50.9666666666667,51.8777777777778,52.7888888888889,53.7,NA,NA,NA,NA,NA,NA,NA,NA,NA,NA,NA,NA,NA,NA,NA,NA,NA,NA,NA,NA,NA,NA
"WRD 20-9 T_60.0_788.0",45.5,45.8333333333333,46.1666666666667,46.5,46.8333333333333,47.1666666666667,47.5,47.8333333333333,48.1666666666667,48.5,NA,NA,NA,NA,NA,NA,NA,NA,NA,NA,NA,NA,NA,NA,NA,NA,NA,NA,NA,NA,NA,NA
"WRD 20-9 T_60.0_789.0",57.5,57.7444444444444,57.9888888888889,58.2333333333333,58.4777777777778,58.7222222222222,58.9666666666667,59.2111111111111,59.4555555555555,59.7,NA,NA,NA,NA,NA,NA,NA,NA,NA,NA,NA,NA,NA,NA,NA,NA,NA,NA,NA,NA,NA,NA
"WRD 20-9 T_60.0_800.0",23,23.8,24.6,25.4,26.2,27,27.8,28.6,29.4,30.2,NA,NA,NA,NA,NA,NA,NA,NA,NA,NA,NA,NA,NA,NA,NA,NA,NA,NA,NA,NA,NA,NA
"WRD 20-9 T_60.0_802.0",65,65.6666666666667,66.3333333333333,67,67.6666666666667,68.3333333333333,69,69.6666666666667,70.3333333333333,71,NA,NA,NA,NA,NA,NA,NA,NA,NA,NA,NA,NA,NA,NA,NA,NA,NA,NA,NA,NA,NA,NA
"WRD 20-9 T_60.0_810.0",38,39.2555555555556,40.5111111111111,41.7666666666667,43.0222222222222,44.2777777777778,45.5333333333333,46.7888888888889,48.0444444444445,49.3,NA,NA,NA,NA,NA,NA,NA,NA,NA,NA,NA,NA,NA,NA,NA,NA,NA,NA,NA,NA,NA,NA
"WRD 20-9 T_60.0_993.0",28,28.6222222222222,29.2444444444444,29.8666666666667,30.4888888888889,31.1111111111111,31.7333333333333,32.3555555555556,32.9777777777778,33.6,NA,NA,NA,NA,NA,NA,NA,NA,NA,NA,NA,NA,NA,NA,NA,NA,NA,NA,NA,NA,NA,NA
"WRD 20-9 T_60.0_994.0",48,48.2666666666667,48.5333333333333,48.8,49.0666666666667,49.3333333333333,49.6,49.8666666666667,50.1333333333333,50.4,NA,NA,NA,NA,NA,NA,NA,NA,NA,NA,NA,NA,NA,NA,NA,NA,NA,NA,NA,NA,NA,NA
"WRD 20-9 T_60.0_999.0",54,54.5888888888889,55.1777777777778,55.7666666666667,56.3555555555556,56.9444444444444,57.5333333333333,58.1222222222222,58.7111111111111,59.3,NA,NA,NA,NA,NA,NA,NA,NA,NA,NA,NA,NA,NA,NA,NA,NA,NA,NA,NA,NA,NA,NA
"WRD 20-9 T_61.0_826.0",65,65.2222222222222,65.4444444444444,65.6666666666667,65.8888888888889,66.1111111111111,66.3333333333333,66.5555555555556,66.7777777777778,67,NA,NA,NA,NA,NA,NA,NA,NA,NA,NA,NA,NA,NA,NA,NA,NA,NA,NA,NA,NA,NA,NA
"WRD 20-9 T_61.0_827.0",70,70.6666666666667,71.3333333333333,72,72.6666666666667,73.3333333333333,74,74.6666666666667,75.3333333333333,76,NA,NA,NA,NA,NA,NA,NA,NA,NA,NA,NA,NA,NA,NA,NA,NA,NA,NA,NA,NA,NA,NA
"WRD 20-9 T_61.0_828.0",85.5,86.2111111111111,86.9222222222222,87.6333333333333,88.3444444444444,89.0555555555556,89.7666666666667,90.4777777777778,91.1888888888889,91.9,NA,NA,NA,NA,NA,NA,NA,NA,NA,NA,NA,NA,NA,NA,NA,NA,NA,NA,NA,NA,NA,NA
"WRD 20-9 T_61.0_832.0",38,38.6,39.2,39.8,40.4,41,41.6,42.2,42.8,43.4,NA,NA,NA,NA,NA,NA,NA,NA,NA,NA,NA,NA,NA,NA,NA,NA,NA,NA,NA,NA,NA,NA
"WRD 20-9 T_61.0_836.0",30,30.6777777777778,31.3555555555556,32.0333333333333,32.7111111111111,33.3888888888889,34.0666666666667,34.7444444444444,35.4222222222222,36.1,NA,NA,NA,NA,NA,NA,NA,NA,NA,NA,NA,NA,NA,NA,NA,NA,NA,NA,NA,NA,NA,NA
"WRD 20-9 T_61.0_839.0",76.5,77.5666666666667,78.6333333333333,79.7,80.7666666666667,81.8333333333333,82.9,83.9666666666667,85.0333333333333,86.1,NA,NA,NA,NA,NA,NA,NA,NA,NA,NA,NA,NA,NA,NA,NA,NA,NA,NA,NA,NA,NA,NA
"WRD 20-9 T_61.0_843.0",28,28.9,29.8,30.7,31.6,32.5,33.4,34.3,35.2,36.1,NA,NA,NA,NA,NA,NA,NA,NA,NA,NA,NA,NA,NA,NA,NA,NA,NA,NA,NA,NA,NA,NA
"WRD 20-9 T_61.0_847.0",38,38.8444444444444,39.6888888888889,40.5333333333333,41.3777777777778,42.2222222222222,43.0666666666667,43.9111111111111,44.7555555555556,45.6,NA,NA,NA,NA,NA,NA,NA,NA,NA,NA,NA,NA,NA,NA,NA,NA,NA,NA,NA,NA,NA,NA
"WRD 20-9 T_61.0_853.0",33,33.6444444444444,34.2888888888889,34.9333333333333,35.5777777777778,36.2222222222222,36.8666666666667,37.5111111111111,38.1555555555556,38.8,NA,NA,NA,NA,NA,NA,NA,NA,NA,NA,NA,NA,NA,NA,NA,NA,NA,NA,NA,NA,NA,NA
"WRD 20-9 T_61.0_854.0",18,19.1555555555556,20.3111111111111,21.4666666666667,22.6222222222222,23.7777777777778,24.9333333333333,26.0888888888889,27.2444444444444,28.4,NA,NA,NA,NA,NA,NA,NA,NA,NA,NA,NA,NA,NA,NA,NA,NA,NA,NA,NA,NA,NA,NA
"WRD 20-9 T_61.0_855.0",85,85.5444444444445,86.0888888888889,86.6333333333333,87.1777777777778,87.7222222222222,88.2666666666667,88.8111111111111,89.3555555555556,89.9,NA,NA,NA,NA,NA,NA,NA,NA,NA,NA,NA,NA,NA,NA,NA,NA,NA,NA,NA,NA,NA,NA
"WRD 20-9 T_61.0_858.0",71.5,71.7111111111111,71.9222222222222,72.1333333333333,72.3444444444444,72.5555555555556,72.7666666666667,72.9777777777778,73.1888888888889,73.4,NA,NA,NA,NA,NA,NA,NA,NA,NA,NA,NA,NA,NA,NA,NA,NA,NA,NA,NA,NA,NA,NA
"WRD 20-9 T_61.0_859.0",72,72.7666666666667,73.5333333333333,74.3,75.0666666666667,75.8333333333333,76.6,77.3666666666667,78.1333333333333,78.9,NA,NA,NA,NA,NA,NA,NA,NA,NA,NA,NA,NA,NA,NA,NA,NA,NA,NA,NA,NA,NA,NA
"WRD 20-9 T_61.0_861.0",48,48.7333333333333,49.4666666666667,50.2,50.9333333333333,51.6666666666667,52.4,53.1333333333333,53.8666666666667,54.6,NA,NA,NA,NA,NA,NA,NA,NA,NA,NA,NA,NA,NA,NA,NA,NA,NA,NA,NA,NA,NA,NA
"WRD 20-9 T_61.0_866.0",47.5,47.9111111111111,48.3222222222222,48.7333333333333,49.1444444444444,49.5555555555556,49.9666666666667,50.3777777777778,50.7888888888889,51.2,NA,NA,NA,NA,NA,NA,NA,NA,NA,NA,NA,NA,NA,NA,NA,NA,NA,NA,NA,NA,NA,NA
"WRD 20-9 T_61.0_876.0",44.5,45.2555555555556,46.0111111111111,46.7666666666667,47.5222222222222,48.2777777777778,49.0333333333333,49.7888888888889,50.5444444444445,51.3,NA,NA,NA,NA,NA,NA,NA,NA,NA,NA,NA,NA,NA,NA,NA,NA,NA,NA,NA,NA,NA,NA
"WRD 20-9 T_61.0_877.0",62.5,63.4444444444444,64.3888888888889,65.3333333333333,66.2777777777778,67.2222222222222,68.1666666666667,69.1111111111111,70.0555555555556,71,NA,NA,NA,NA,NA,NA,NA,NA,NA,NA,NA,NA,NA,NA,NA,NA,NA,NA,NA,NA,NA,NA
