"comppct.r","compname","majcompflag","mukey","cokey","ksat","cec","awc","total_depth","musym","muname","muacres"
4,"McCarthy","No",459921,26882415,NA,NA,NA,NA,"AaB","Aiken loam_2 to 9 percent slopes_low ffd",8954
3,"Guenoc","No",459921,26882416,NA,NA,NA,NA,"AaB","Aiken loam_2 to 9 percent slopes_low ffd",8954
8,"Cohasset","No",459921,26882417,NA,NA,NA,NA,"AaB","Aiken loam_2 to 9 percent slopes_low ffd",8954
85,"Aiken","Yes",459921,26882418,10.66,11.49,0.17,230,"AaB","Aiken loam_2 to 9 percent slopes_low ffd",8954
85,"Aiken","Yes",459922,26882419,9,22.5,0.16,229,"AaC","Aiken loam_8 to 15 percent slopes",6321
8,"Cohasset","No",459922,26882420,NA,NA,NA,NA,"AaC","Aiken loam_8 to 15 percent slopes",6321
3,"Guenoc","No",459922,26882421,NA,NA,NA,NA,"AaC","Aiken loam_8 to 15 percent slopes",6321
4,"McCarthy","No",459922,26882422,NA,NA,NA,NA,"AaC","Aiken loam_8 to 15 percent slopes",6321
8,"Cohasset","No",459923,26882423,NA,NA,NA,NA,"AaD","Aiken loam_15 to 30 percent slopes_low ffd",2716
4,"McCarthy","No",459923,26882424,NA,NA,NA,NA,"AaD","Aiken loam_15 to 30 percent slopes_low ffd",2716
3,"Guenoc","No",459923,26882425,NA,NA,NA,NA,"AaD","Aiken loam_15 to 30 percent slopes_low ffd",2716
85,"Aiken","Yes",459923,26882426,10.66,11.49,0.17,230,"AaD","Aiken loam_15 to 30 percent slopes_low ffd",2716
85,"Aiken","Yes",459924,26882427,9,22.5,0.16,229,"AbB","Aiken stony loam_0 to 8 percent slopes",6924
8,"Cohasset","No",459924,26882428,NA,NA,NA,NA,"AbB","Aiken stony loam_0 to 8 percent slopes",6924
3,"Guenoc","No",459924,26882429,NA,NA,NA,NA,"AbB","Aiken stony loam_0 to 8 percent slopes",6924
4,"McCarthy","No",459924,26882430,NA,NA,NA,NA,"AbB","Aiken stony loam_0 to 8 percent slopes",6924
85,"Aiken","Yes",459925,26882431,9,22.5,0.16,229,"AbC","Aiken stony loam_8 to 15 percent slopes",6621
8,"Cohasset","No",459925,26882432,NA,NA,NA,NA,"AbC","Aiken stony loam_8 to 15 percent slopes",6621
3,"Guenoc","No",459925,26882433,NA,NA,NA,NA,"AbC","Aiken stony loam_8 to 15 percent slopes",6621
4,"McCarthy","No",459925,26882434,NA,NA,NA,NA,"AbC","Aiken stony loam_8 to 15 percent slopes",6621
85,"Aiken","Yes",459926,26882435,9,22.5,0.16,229,"AbD","Aiken stony loam_15 to 30 percent",11502
8,"Cohasset","No",459926,26882436,NA,NA,NA,NA,"AbD","Aiken stony loam_15 to 30 percent",11502
3,"Guenoc","No",459926,26882437,NA,NA,NA,NA,"AbD","Aiken stony loam_15 to 30 percent",11502
4,"McCarthy","No",459926,26882438,NA,NA,NA,NA,"AbD","Aiken stony loam_15 to 30 percent",11502
85,"Aiken","Yes",459927,26882439,9,22.5,0.16,229,"AcE","Aiken very stony loam_30 to 50 percent slopes",825
5,"Cohasset","No",459927,26882440,NA,NA,NA,NA,"AcE","Aiken very stony loam_30 to 50 percent slopes",825
5,"Guenoc","No",459927,26882441,NA,NA,NA,NA,"AcE","Aiken very stony loam_30 to 50 percent slopes",825
5,"McCarthy","No",459927,26882442,NA,NA,NA,NA,"AcE","Aiken very stony loam_30 to 50 percent slopes",825
85,"Anderson","Yes",459928,26882443,28,7.5,0.09,152,"Ad","Anderson gravelly sandy loam",4344
2,"Cobbly alluvial land","No",459928,26882444,NA,NA,NA,NA,"Ad","Anderson gravelly sandy loam",4344
5,"Honcut","No",459928,26882445,NA,NA,NA,NA,"Ad","Anderson gravelly sandy loam",4344
5,"Tujunga","No",459928,26882446,NA,NA,NA,NA,"Ad","Anderson gravelly sandy loam",4344
3,"Unnamed","No",459928,26882447,NA,NA,NA,NA,"Ad","Anderson gravelly sandy loam",4344
85,"Anderson","Yes",459929,26882448,28,7.5,0.09,152,"Ae","Anderson gravelly sandy loam_moderately deep",871
2,"Cobbly alluvial land","No",459929,26882449,NA,NA,NA,NA,"Ae","Anderson gravelly sandy loam_moderately deep",871
7,"Honcut","No",459929,26882450,NA,NA,NA,NA,"Ae","Anderson gravelly sandy loam_moderately deep",871
6,"Perkins","No",459929,26882451,NA,NA,NA,NA,"Ae","Anderson gravelly sandy loam_moderately deep",871
85,"Anita","Yes",459930,26882452,0.91,37.5,0.15,66,"AhB","Anita clay_0 to 8 percent slopes",63
10,"Unnamed","No",459930,26882453,NA,NA,NA,NA,"AhB","Anita clay_0 to 8 percent slopes",63
5,"Unnamed","No",459930,26882454,NA,NA,NA,NA,"AhB","Anita clay_0 to 8 percent slopes",63
85,"Anita","Yes",459931,26882455,0.91,37.5,0.12,66,"AkB","Anita very cobbly clay_0 to 8 percent slopes",365
1,"Unnamed","No",459931,26882456,NA,NA,NA,NA,"AkB","Anita very cobbly clay_0 to 8 percent slopes",365
5,"Unnamed","No",459931,26882457,NA,NA,NA,NA,"AkB","Anita very cobbly clay_0 to 8 percent slopes",365
3,"Guenoc","No",459931,26882458,NA,NA,NA,NA,"AkB","Anita very cobbly clay_0 to 8 percent slopes",365
6,"Toomes","No",459931,26882459,NA,NA,NA,NA,"AkB","Anita very cobbly clay_0 to 8 percent slopes",365
85,"Auberry","Yes",459932,26882460,17.74,10.2,0.14,79,"AlB","Auberry fine sandy loam_0 to 8 percent slopes",237
7,"Auburn","No",459932,26882461,NA,NA,NA,NA,"AlB","Auberry fine sandy loam_0 to 8 percent slopes",237
8,"Kanaka","No",459932,26882462,NA,NA,NA,NA,"AlB","Auberry fine sandy loam_0 to 8 percent slopes",237
85,"Auberry","Yes",459933,26882463,17.74,10.2,0.14,79,"AlD","Auberry fine sandy loam_8 to 30 percent slopes",854
4,"Unnamed","No",459933,26882464,NA,NA,NA,NA,"AlD","Auberry fine sandy loam_8 to 30 percent slopes",854
3,"Goulding","No",459933,26882465,NA,NA,NA,NA,"AlD","Auberry fine sandy loam_8 to 30 percent slopes",854
8,"Sierra","No",459933,26882466,NA,NA,NA,NA,"AlD","Auberry fine sandy loam_8 to 30 percent slopes",854
85,"Auberry","Yes",459934,26882467,17.74,10.2,0.14,79,"AlF","Auberry fine sandy loam_30 to 70 percent slopes",251
5,"Unnamed","No",459934,26882468,NA,NA,NA,NA,"AlF","Auberry fine sandy loam_30 to 70 percent slopes",251
5,"Goulding","No",459934,26882469,NA,NA,NA,NA,"AlF","Auberry fine sandy loam_30 to 70 percent slopes",251
5,"Sierra","No",459934,26882470,NA,NA,NA,NA,"AlF","Auberry fine sandy loam_30 to 70 percent slopes",251
85,"Auburn","Yes",459935,26882471,9,17.5,0.14,71,"AnB","Auburn loam_0 to 8 percent slopes",2744
10,"Unnamed","No",459935,26882472,NA,NA,NA,NA,"AnB","Auburn loam_0 to 8 percent slopes",2744
5,"Auberry","No",459935,26882473,NA,NA,NA,NA,"AnB","Auburn loam_0 to 8 percent slopes",2744
85,"Auburn","Yes",459936,26882474,9,16,0.14,71,"AnD","Auburn loam_8 to 30 percent slopes",2455
5,"Auberry","No",459936,26882475,NA,NA,NA,NA,"AnD","Auburn loam_8 to 30 percent slopes",2455
10,"Tailings and placer diggings","No",459936,26882476,NA,NA,NA,NA,"AnD","Auburn loam_8 to 30 percent slopes",2455
85,"Auburn","Yes",459937,26882477,9,17.5,0.13,61,"ArD","Auburn very stony loam_8 to 30 percent slopes",4513
10,"Unnamed","No",459937,26882478,NA,NA,NA,NA,"ArD","Auburn very stony loam_8 to 30 percent slopes",4513
5,"Tailings and placer diggings","No",459937,26882479,NA,NA,NA,NA,"ArD","Auburn very stony loam_8 to 30 percent slopes",4513
85,"Auburn","Yes",459938,26882480,9,23.7,0.14,79,"AsD2","Auburn clay loam_8 to 30 percent slopes_eroded",7631
4,"Boomer","No",459938,26882481,NA,NA,NA,NA,"AsD2","Auburn clay loam_8 to 30 percent slopes_eroded",7631
4,"Goulding","No",459938,26882482,NA,NA,NA,NA,"AsD2","Auburn clay loam_8 to 30 percent slopes_eroded",7631
3,"Maymen","No",459938,26882483,NA,NA,NA,NA,"AsD2","Auburn clay loam_8 to 30 percent slopes_eroded",7631
4,"Tailings and placer diggings","No",459938,26882484,NA,NA,NA,NA,"AsD2","Auburn clay loam_8 to 30 percent slopes_eroded",7631
85,"Auburn","Yes",459939,26882485,9,23.7,0.13,79,"AtE2","Auburn very stony clay loam_30 to 50 percent slopes_eroded",7456
8,"Stonyford","No",459939,26882486,NA,NA,NA,NA,"AtE2","Auburn very stony clay loam_30 to 50 percent slopes_eroded",7456
7,"Unnamed","No",459939,26882487,NA,NA,NA,NA,"AtE2","Auburn very stony clay loam_30 to 50 percent slopes_eroded",7456
75,"Auburn","Yes",459940,26882488,9,25,0.14,61,"AuF2","Auburn very rocky clay loam_50 to 70 percent slopes_eroded",4631
5,"Stonyford","No",459940,26882489,NA,NA,NA,NA,"AuF2","Auburn very rocky clay loam_50 to 70 percent slopes_eroded",4631
5,"Unnamed","No",459940,26882490,NA,NA,NA,NA,"AuF2","Auburn very rocky clay loam_50 to 70 percent slopes_eroded",4631
15,"Rock outcrop","Yes",459940,26882491,71,NA,0,10,"AuF2","Auburn very rocky clay loam_50 to 70 percent slopes_eroded",4631
85,"Behemotosh","Yes",459941,26882492,7.87,12.5,0.12,71,"BeD","Behemotosh very stony loam_8 to 30 percent slopes",719
8,"Kidd","No",459941,26882493,NA,NA,NA,NA,"BeD","Behemotosh very stony loam_8 to 30 percent slopes",719
4,"Boomer","No",459941,26882494,NA,NA,NA,NA,"BeD","Behemotosh very stony loam_8 to 30 percent slopes",719
3,"Neuns","No",459941,26882495,NA,NA,NA,NA,"BeD","Behemotosh very stony loam_8 to 30 percent slopes",719
85,"Behemotosh","Yes",459942,26882496,7.87,12.5,0.12,71,"BeE2","Behemotosh very stony loam_30 to 50 percent slopes_eroded",1648
4,"Boomer","No",459942,26882497,NA,NA,NA,NA,"BeE2","Behemotosh very stony loam_30 to 50 percent slopes_eroded",1648
8,"Kidd","No",459942,26882498,NA,NA,NA,NA,"BeE2","Behemotosh very stony loam_30 to 50 percent slopes_eroded",1648
3,"Neuns","No",459942,26882499,NA,NA,NA,NA,"BeE2","Behemotosh very stony loam_30 to 50 percent slopes_eroded",1648
65,"Behemotosh","Yes",459943,26882500,7.87,12.5,0.12,71,"BhF2","Behemotosh very rocky loam_50 to 70 percent slopes_eroded",4901
5,"Boomer","No",459943,26882501,NA,NA,NA,NA,"BhF2","Behemotosh very rocky loam_50 to 70 percent slopes_eroded",4901
10,"Kidd","No",459943,26882502,NA,NA,NA,NA,"BhF2","Behemotosh very rocky loam_50 to 70 percent slopes_eroded",4901
5,"Neuns","No",459943,26882503,NA,NA,NA,NA,"BhF2","Behemotosh very rocky loam_50 to 70 percent slopes_eroded",4901
15,"Rock outcrop","Yes",459943,26882504,71,NA,0,10,"BhF2","Behemotosh very rocky loam_50 to 70 percent slopes_eroded",4901
85,"Boomer","Yes",459944,26882505,3.71,25.9,0.14,124,"BkC","Boomer gravelly loam_0 to 15 percent slopes",1027
5,"Goulding","No",459944,26882506,NA,NA,NA,NA,"BkC","Boomer gravelly loam_0 to 15 percent slopes",1027
5,"Neuns","No",459944,26882507,NA,NA,NA,NA,"BkC","Boomer gravelly loam_0 to 15 percent slopes",1027
5,"Stonyford","No",459944,26882508,NA,NA,NA,NA,"BkC","Boomer gravelly loam_0 to 15 percent slopes",1027
85,"Boomer","Yes",459945,26882509,3.71,25.9,0.14,124,"BkD","Boomer gravelly loam_15 to 30 percent slopes",2547
5,"Goulding","No",459945,26882510,NA,NA,NA,NA,"BkD","Boomer gravelly loam_15 to 30 percent slopes",2547
5,"Neuns","No",459945,26882511,NA,NA,NA,NA,"BkD","Boomer gravelly loam_15 to 30 percent slopes",2547
5,"Stonyford","No",459945,26882512,NA,NA,NA,NA,"BkD","Boomer gravelly loam_15 to 30 percent slopes",2547
5,"Goulding","No",459946,26882513,NA,NA,NA,NA,"BkE","Boomer gravelly loam_13 to 52 percent slopes_MLRA 15",4746
5,"Neuns","No",459946,26882514,NA,NA,NA,NA,"BkE","Boomer gravelly loam_13 to 52 percent slopes_MLRA 15",4746
5,"Stonyford","No",459946,26882515,NA,NA,NA,NA,"BkE","Boomer gravelly loam_13 to 52 percent slopes_MLRA 15",4746
85,"Boomer","Yes",459946,26882516,12.62,19.17,0.14,188,"BkE","Boomer gravelly loam_13 to 52 percent slopes_MLRA 15",4746
85,"Boomer","Yes",459947,26882517,3.71,15,0.14,124,"BlF","Boomer very stony loam_50 to 70 percent slopes",3239
5,"Goulding","No",459947,26882518,NA,NA,NA,NA,"BlF","Boomer very stony loam_50 to 70 percent slopes",3239
5,"Neuns","No",459947,26882519,NA,NA,NA,NA,"BlF","Boomer very stony loam_50 to 70 percent slopes",3239
5,"Stonyford","No",459947,26882520,NA,NA,NA,NA,"BlF","Boomer very stony loam_50 to 70 percent slopes",3239
85,"Boomer","Yes",459948,26882521,2.7,26.9,0.14,86,"BoE3","Boomer very stony clay loam_30 to 50 percent slopes_severely eroded",1374
5,"Goulding","No",459948,26882522,NA,NA,NA,NA,"BoE3","Boomer very stony clay loam_30 to 50 percent slopes_severely eroded",1374
5,"Neuns","No",459948,26882523,NA,NA,NA,NA,"BoE3","Boomer very stony clay loam_30 to 50 percent slopes_severely eroded",1374
5,"Stonyford","No",459948,26882524,NA,NA,NA,NA,"BoE3","Boomer very stony clay loam_30 to 50 percent slopes_severely eroded",1374
85,"Boomer","Yes",459949,26882525,2.7,26.9,0.14,102,"BoF3","Boomer very stony clay loam_50 to 70 percent slopes_severely eroded",600
5,"Goulding","No",459949,26882526,NA,NA,NA,NA,"BoF3","Boomer very stony clay loam_50 to 70 percent slopes_severely eroded",600
5,"Neuns","No",459949,26882527,NA,NA,NA,NA,"BoF3","Boomer very stony clay loam_50 to 70 percent slopes_severely eroded",600
5,"Stonyford","No",459949,26882528,NA,NA,NA,NA,"BoF3","Boomer very stony clay loam_50 to 70 percent slopes_severely eroded",600
85,"Chaix","Yes",459950,26882529,28,12.5,0.12,76,"CaE3","Chaix coarse sandy loam_30 to 50 percent slopes_severely eroded",4305
6,"Holland","No",459950,26882530,NA,NA,NA,NA,"CaE3","Chaix coarse sandy loam_30 to 50 percent slopes_severely eroded",4305
6,"Kanaka","No",459950,26882531,NA,NA,NA,NA,"CaE3","Chaix coarse sandy loam_30 to 50 percent slopes_severely eroded",4305
3,"Sierra","No",459950,26882532,NA,NA,NA,NA,"CaE3","Chaix coarse sandy loam_30 to 50 percent slopes_severely eroded",4305
85,"Chaix","Yes",459951,26882533,28,12.5,0.12,76,"CaF3","Chaix coarse sandy loam_50 to 70 percent slopes_severely eroded",10100
6,"Holland","No",459951,26882534,NA,NA,NA,NA,"CaF3","Chaix coarse sandy loam_50 to 70 percent slopes_severely eroded",10100
6,"Kanaka","No",459951,26882535,NA,NA,NA,NA,"CaF3","Chaix coarse sandy loam_50 to 70 percent slopes_severely eroded",10100
3,"Sierra","No",459951,26882536,NA,NA,NA,NA,"CaF3","Chaix coarse sandy loam_50 to 70 percent slopes_severely eroded",10100
85,"Chaix","Yes",459952,26882537,28,12.5,0.12,76,"CbD2","Chaix sandy loam_5 to 30 percent slopes_eroded",1445
6,"Holland","No",459952,26882538,NA,NA,NA,NA,"CbD2","Chaix sandy loam_5 to 30 percent slopes_eroded",1445
6,"Kanaka","No",459952,26882539,NA,NA,NA,NA,"CbD2","Chaix sandy loam_5 to 30 percent slopes_eroded",1445
3,"Sierra","No",459952,26882540,NA,NA,NA,NA,"CbD2","Chaix sandy loam_5 to 30 percent slopes_eroded",1445
85,"Chaix","Yes",459953,26882541,28,12.5,0.12,76,"CbE","Chaix sandy loam_30 to 50 percent slopes",4332
6,"Holland","No",459953,26882542,NA,NA,NA,NA,"CbE","Chaix sandy loam_30 to 50 percent slopes",4332
6,"Kanaka","No",459953,26882543,NA,NA,NA,NA,"CbE","Chaix sandy loam_30 to 50 percent slopes",4332
3,"Sierra","No",459953,26882544,NA,NA,NA,NA,"CbE","Chaix sandy loam_30 to 50 percent slopes",4332
85,"Chaix","Yes",459954,26882545,28,12.5,0.12,76,"CbF","Chaix sandy loam_50 to 70 percent",13189
6,"Holland","No",459954,26882546,NA,NA,NA,NA,"CbF","Chaix sandy loam_50 to 70 percent",13189
6,"Kanaka","No",459954,26882547,NA,NA,NA,NA,"CbF","Chaix sandy loam_50 to 70 percent",13189
3,"Sierra","No",459954,26882548,NA,NA,NA,NA,"CbF","Chaix sandy loam_50 to 70 percent",13189
85,"Churn","Yes",459955,26882549,6.86,16.7,0.16,152,"CcA","Churn loam_0 to 3 percent",1719
5,"Honcut","No",459955,26882550,NA,NA,NA,NA,"CcA","Churn loam_0 to 3 percent",1719
5,"Perkins","No",459955,26882551,NA,NA,NA,NA,"CcA","Churn loam_0 to 3 percent",1719
5,"Tehama","No",459955,26882552,NA,NA,NA,NA,"CcA","Churn loam_0 to 3 percent",1719
85,"Churn","Yes",459956,26882553,6.86,16.7,0.16,152,"CcB","Churn loam_3 to 8 percent slopes",173
1,"Cobbly alluvial land","No",459956,26882554,NA,NA,NA,NA,"CcB","Churn loam_3 to 8 percent slopes",173
5,"Honcut","No",459956,26882555,NA,NA,NA,NA,"CcB","Churn loam_3 to 8 percent slopes",173
5,"Perkins","No",459956,26882556,NA,NA,NA,NA,"CcB","Churn loam_3 to 8 percent slopes",173
4,"Tehama","No",459956,26882557,NA,NA,NA,NA,"CcB","Churn loam_3 to 8 percent slopes",173
85,"Churn","Yes",459957,26882558,6.86,16.7,0.16,152,"CdA","Churn loam_slightly wet_0 to 3 percent slopes",1217
5,"Cobbly alluvial land","No",459957,26882559,NA,NA,NA,NA,"CdA","Churn loam_slightly wet_0 to 3 percent slopes",1217
4,"Honcut","No",459957,26882560,NA,NA,NA,NA,"CdA","Churn loam_slightly wet_0 to 3 percent slopes",1217
3,"Perkins","No",459957,26882561,NA,NA,NA,NA,"CdA","Churn loam_slightly wet_0 to 3 percent slopes",1217
3,"Tehama","No",459957,26882562,NA,NA,NA,NA,"CdA","Churn loam_slightly wet_0 to 3 percent slopes",1217
85,"Churn","Yes",459958,26882563,6.86,16.7,0.13,152,"CeA","Churn gravelly loam_0 to 3 percent slopes",8567
5,"Cobbly alluvial land","No",459958,26882564,NA,NA,NA,NA,"CeA","Churn gravelly loam_0 to 3 percent slopes",8567
4,"Honcut","No",459958,26882565,NA,NA,NA,NA,"CeA","Churn gravelly loam_0 to 3 percent slopes",8567
3,"Perkins","No",459958,26882566,NA,NA,NA,NA,"CeA","Churn gravelly loam_0 to 3 percent slopes",8567
3,"Tehama","No",459958,26882567,NA,NA,NA,NA,"CeA","Churn gravelly loam_0 to 3 percent slopes",8567
85,"Churn","Yes",459959,26882568,6.86,16.7,0.13,152,"CeB","Churn gravelly loam_3 to 8 percent slopes",1800
5,"Cobbly alluvial land","No",459959,26882569,NA,NA,NA,NA,"CeB","Churn gravelly loam_3 to 8 percent slopes",1800
4,"Honcut","No",459959,26882570,NA,NA,NA,NA,"CeB","Churn gravelly loam_3 to 8 percent slopes",1800
3,"Perkins","No",459959,26882571,NA,NA,NA,NA,"CeB","Churn gravelly loam_3 to 8 percent slopes",1800
3,"Tehama","No",459959,26882572,NA,NA,NA,NA,"CeB","Churn gravelly loam_3 to 8 percent slopes",1800
85,"Churn","Yes",459960,26882573,6.86,16.7,0.13,152,"CfA","Churn gravelly loam_deep_0 to 3 percent slopes",6356
5,"Cobbly alluvial land","No",459960,26882574,NA,NA,NA,NA,"CfA","Churn gravelly loam_deep_0 to 3 percent slopes",6356
4,"Honcut","No",459960,26882575,NA,NA,NA,NA,"CfA","Churn gravelly loam_deep_0 to 3 percent slopes",6356
3,"Perkins","No",459960,26882576,NA,NA,NA,NA,"CfA","Churn gravelly loam_deep_0 to 3 percent slopes",6356
3,"Tehama","No",459960,26882577,NA,NA,NA,NA,"CfA","Churn gravelly loam_deep_0 to 3 percent slopes",6356
85,"Churn","Yes",459961,26882578,6.86,16.7,0.13,152,"CfB","Churn gravelly loam_deep_3 to 8 percent slopes",1111
5,"Cobbly alluvial land","No",459961,26882579,NA,NA,NA,NA,"CfB","Churn gravelly loam_deep_3 to 8 percent slopes",1111
4,"Honcut","No",459961,26882580,NA,NA,NA,NA,"CfB","Churn gravelly loam_deep_3 to 8 percent slopes",1111
3,"Perkins","No",459961,26882581,NA,NA,NA,NA,"CfB","Churn gravelly loam_deep_3 to 8 percent slopes",1111
3,"Tehama","No",459961,26882582,NA,NA,NA,NA,"CfB","Churn gravelly loam_deep_3 to 8 percent slopes",1111
85,"Clough","Yes",459962,26882583,8.3,15,0.13,152,"CgB","Clough gravelly loam_3 to 8 percent slopes",2843
8,"Newtown","No",459962,26882584,NA,NA,NA,NA,"CgB","Clough gravelly loam_3 to 8 percent slopes",2843
7,"Red Bluff","No",459962,26882585,NA,NA,NA,NA,"CgB","Clough gravelly loam_3 to 8 percent slopes",2843
90,"Cobbly alluvial land","Yes",459963,26882586,92,NA,0.04,152,"Ch","Cobbly alluvial land",2167
10,"Cobbly alluvial land","No",459963,26882587,NA,NA,NA,NA,"Ch","Cobbly alluvial land",2167
90,"Cobbly alluvial land","Yes",459965,26882588,92,NA,0.04,152,"Ck","Cobbly alluvial land_frequently flooded",4144
10,"Unnamed","No",459965,26882589,NA,NA,NA,NA,"Ck","Cobbly alluvial land_frequently flooded",4144
85,"Cohasset","Yes",459966,26882590,9,24.4,0.16,183,"ClD","Cohasset loam_0 to 30 percent slopes",19864
6,"Aiken","No",459966,26882591,NA,NA,NA,NA,"ClD","Cohasset loam_0 to 30 percent slopes",19864
3,"Lyonsville","No",459966,26882592,NA,NA,NA,NA,"ClD","Cohasset loam_0 to 30 percent slopes",19864
4,"McCarthy","No",459966,26882593,NA,NA,NA,NA,"ClD","Cohasset loam_0 to 30 percent slopes",19864
2,"Nanny","No",459966,26882594,NA,NA,NA,NA,"ClD","Cohasset loam_0 to 30 percent slopes",19864
85,"Cohasset","Yes",459967,26882595,9,25,0.13,200,"CmD","Cohasset stony loam_0 to 30 percent slopes",52088
6,"Aiken","No",459967,26882596,NA,NA,NA,NA,"CmD","Cohasset stony loam_0 to 30 percent slopes",52088
3,"Lyonsville","No",459967,26882597,NA,NA,NA,NA,"CmD","Cohasset stony loam_0 to 30 percent slopes",52088
4,"McCarthy","No",459967,26882598,NA,NA,NA,NA,"CmD","Cohasset stony loam_0 to 30 percent slopes",52088
2,"Nanny","No",459967,26882599,NA,NA,NA,NA,"CmD","Cohasset stony loam_0 to 30 percent slopes",52088
1,"Nanny","No",459968,26882600,NA,NA,NA,NA,"CmE","Cohasset stony loam_10 to 50 percent slopes_MLRA 22B",24822
5,"Aiken","No",459968,26882601,NA,NA,NA,NA,"CmE","Cohasset stony loam_10 to 50 percent slopes_MLRA 22B",24822
5,"McCarthy","No",459968,26882602,NA,NA,NA,NA,"CmE","Cohasset stony loam_10 to 50 percent slopes_MLRA 22B",24822
4,"Lyonsville","No",459968,26882603,NA,NA,NA,NA,"CmE","Cohasset stony loam_10 to 50 percent slopes_MLRA 22B",24822
85,"Cohasset","Yes",459968,26882604,19.61,16.17,0.18,160,"CmE","Cohasset stony loam_10 to 50 percent slopes_MLRA 22B",24822
85,"Cohasset","Yes",459969,26882605,9,25,0.11,150,"CnF","Cohasset very stony loam_50 to 70 percent slopes",1485
4,"Unnamed","No",459969,26882606,NA,NA,NA,NA,"CnF","Cohasset very stony loam_50 to 70 percent slopes",1485
1,"Aiken","No",459969,26882607,NA,NA,NA,NA,"CnF","Cohasset very stony loam_50 to 70 percent slopes",1485
1,"Lyonsville","No",459969,26882608,NA,NA,NA,NA,"CnF","Cohasset very stony loam_50 to 70 percent slopes",1485
6,"McCarthy","No",459969,26882609,NA,NA,NA,NA,"CnF","Cohasset very stony loam_50 to 70 percent slopes",1485
3,"Nanny","No",459969,26882610,NA,NA,NA,NA,"CnF","Cohasset very stony loam_50 to 70 percent slopes",1485
85,"Cohasset","Yes",459970,26882611,9,23.65,0.12,102,"CoE","Cohasset very stony loam_moderaterately deep_8 to 50 percent slopes",4052
5,"Aiken","No",459970,26882612,NA,NA,NA,NA,"CoE","Cohasset very stony loam_moderaterately deep_8 to 50 percent slopes",4052
5,"Lyonsville","No",459970,26882613,NA,NA,NA,NA,"CoE","Cohasset very stony loam_moderaterately deep_8 to 50 percent slopes",4052
5,"McCarthy","No",459970,26882614,NA,NA,NA,NA,"CoE","Cohasset very stony loam_moderaterately deep_8 to 50 percent slopes",4052
60,"Cohasset","Yes",459971,26882615,9,25,0.13,163,"CpD","Cohasset-Aiken stony loams_0 to 30 percent slopes",3166
40,"Aiken","Yes",459971,26882616,9,22.5,0.16,152,"CpD","Cohasset-Aiken stony loams_0 to 30 percent slopes",3166
60,"Cohasset","Yes",459972,26882617,9,25,0.13,163,"CrD","Cohasset-McCarthy complex_0 to 30 percent slopes",2004
40,"McCarthy","Yes",459972,26882618,28,25,0.08,122,"CrD","Cohasset-McCarthy complex_0 to 30 percent slopes",2004
60,"Cohasset","Yes",459973,26882619,9,25,0.13,163,"CrE","Cohasset-McCarthy complex_30 to 50 percent slopes",2228
40,"McCarthy","Yes",459973,26882620,28,25,0.08,122,"CrE","Cohasset-McCarthy complex_30 to 50 percent slopes",2228
60,"Cohasset","Yes",459974,26882621,9,25,0.11,150,"CrG","Cohasset-McCarthy complex_50 to 70 percent slopes",953
40,"McCarthy","Yes",459974,26882622,28,25,0.07,122,"CrG","Cohasset-McCarthy complex_50 to 70 percent slopes",953
90,"Colluvial land","Yes",459975,26882623,28,NA,0.02,152,"CsF","Colluvial land",17198
10,"Unnamed","No",459975,26882624,NA,NA,NA,NA,"CsF","Colluvial land",17198
85,"Cone","Yes",459976,26882625,92,25,0.08,157,"CtC","Cone gravelly loam_3 to 15 percent slopes",1360
10,"Cohasset","No",459976,26882626,NA,NA,NA,NA,"CtC","Cone gravelly loam_3 to 15 percent slopes",1360
3,"Guenoc","No",459976,26882627,NA,NA,NA,NA,"CtC","Cone gravelly loam_3 to 15 percent slopes",1360
2,"Toomes","No",459976,26882628,NA,NA,NA,NA,"CtC","Cone gravelly loam_3 to 15 percent slopes",1360
85,"Cone","Yes",459977,26882629,92,25,0.08,157,"CtD","Cone gravelly loam_15 to 30 percent slopes",122
10,"Cohasset","No",459977,26882630,NA,NA,NA,NA,"CtD","Cone gravelly loam_15 to 30 percent slopes",122
3,"Guenoc","No",459977,26882631,NA,NA,NA,NA,"CtD","Cone gravelly loam_15 to 30 percent slopes",122
2,"Toomes","No",459977,26882632,NA,NA,NA,NA,"CtD","Cone gravelly loam_15 to 30 percent slopes",122
85,"Cone","Yes",459978,26882633,92,25,0.07,157,"CuD","Cone stony loam_3 to 30 percent slopes",839
10,"Cohasset","No",459978,26882634,NA,NA,NA,NA,"CuD","Cone stony loam_3 to 30 percent slopes",839
3,"Guenoc","No",459978,26882635,NA,NA,NA,NA,"CuD","Cone stony loam_3 to 30 percent slopes",839
2,"Toomes","No",459978,26882636,NA,NA,NA,NA,"CuD","Cone stony loam_3 to 30 percent slopes",839
85,"Cone","Yes",459979,26882637,92,25,0.07,157,"CvE","Cone very stony loam_30 to 50 percent slopes",524
5,"Cohasset","No",459979,26882638,NA,NA,NA,NA,"CvE","Cone very stony loam_30 to 50 percent slopes",524
5,"Guenoc","No",459979,26882639,NA,NA,NA,NA,"CvE","Cone very stony loam_30 to 50 percent slopes",524
5,"Toomes","No",459979,26882640,NA,NA,NA,NA,"CvE","Cone very stony loam_30 to 50 percent slopes",524
85,"Cone","Yes",459980,26882641,92,25,0.07,157,"CwF","Cone very stony loam_moderately deep_15 to 60 percent slopes",775
10,"Cohasset","No",459980,26882642,NA,NA,NA,NA,"CwF","Cone very stony loam_moderately deep_15 to 60 percent slopes",775
3,"Guenoc","No",459980,26882643,NA,NA,NA,NA,"CwF","Cone very stony loam_moderately deep_15 to 60 percent slopes",775
2,"Toomes","No",459980,26882644,NA,NA,NA,NA,"CwF","Cone very stony loam_moderately deep_15 to 60 percent slopes",775
85,"Corbett","Yes",459981,26882645,92,7.5,0.07,71,"CxE","Corbett loamy coarse sand_15 to 50 percent slopes",1474
8,"Unnamed","No",459981,26882646,NA,NA,NA,NA,"CxE","Corbett loamy coarse sand_15 to 50 percent slopes",1474
4,"Chaix","No",459981,26882647,NA,NA,NA,NA,"CxE","Corbett loamy coarse sand_15 to 50 percent slopes",1474
3,"Holland","No",459981,26882648,NA,NA,NA,NA,"CxE","Corbett loamy coarse sand_15 to 50 percent slopes",1474
85,"Corbett","Yes",459982,26882649,92,7.5,0.07,61,"CxF3","Corbett loamy coarse sand_30 to 70 percent slopes_severely eroded",6006
8,"Unnamed","No",459982,26882650,NA,NA,NA,NA,"CxF3","Corbett loamy coarse sand_30 to 70 percent slopes_severely eroded",6006
4,"Chaix","No",459982,26882651,NA,NA,NA,NA,"CxF3","Corbett loamy coarse sand_30 to 70 percent slopes_severely eroded",6006
3,"Holland","No",459982,26882652,NA,NA,NA,NA,"CxF3","Corbett loamy coarse sand_30 to 70 percent slopes_severely eroded",6006
85,"Corbett","Yes",459983,26882653,92,7.5,0.07,71,"CxG","Corbett loamy coarse sand_50 to 80 percent slopes",9901
8,"Unnamed","No",459983,26882654,NA,NA,NA,NA,"CxG","Corbett loamy coarse sand_50 to 80 percent slopes",9901
7,"Chaix","No",459983,26882655,NA,NA,NA,NA,"CxG","Corbett loamy coarse sand_50 to 80 percent slopes",9901
65,"Corbett","Yes",459984,26882656,92,7.5,0.07,71,"CyG","Corbett very rocky loamy coarse sand_30 to 80 percent slopes",628
20,"Rock outcrop","No",459984,26882657,71,NA,0,10,"CyG","Corbett very rocky loamy coarse sand_30 to 80 percent slopes",628
8,"Unnamed","No",459984,26882658,NA,NA,NA,NA,"CyG","Corbett very rocky loamy coarse sand_30 to 80 percent slopes",628
7,"Chaix","No",459984,26882659,NA,NA,NA,NA,"CyG","Corbett very rocky loamy coarse sand_30 to 80 percent slopes",628
85,"Diamond Springs","Yes",459985,26882660,7.49,NA,0.12,137,"DfD2","Diamond Springs very stony sandy loam_8 to 30 percent slopes_eroded",2605
10,"Kanaka","No",459985,26882661,NA,NA,NA,NA,"DfD2","Diamond Springs very stony sandy loam_8 to 30 percent slopes_eroded",2605
5,"Unnamed","No",459985,26882662,NA,NA,NA,NA,"DfD2","Diamond Springs very stony sandy loam_8 to 30 percent slopes_eroded",2605
70,"Diamond Springs","Yes",459986,26882663,7.49,NA,0.12,137,"DgE2","Diamond Springs very rocky sandy loam_30 to 50 percent slopes_eroded",2544
2,"Aiken","No",459986,26882664,NA,NA,NA,NA,"DgE2","Diamond Springs very rocky sandy loam_30 to 50 percent slopes_eroded",2544
3,"Goulding","No",459986,26882665,NA,NA,NA,NA,"DgE2","Diamond Springs very rocky sandy loam_30 to 50 percent slopes_eroded",2544
10,"Kanaka","No",459986,26882666,NA,NA,NA,NA,"DgE2","Diamond Springs very rocky sandy loam_30 to 50 percent slopes_eroded",2544
15,"Rock outcrop","Yes",459986,26882667,71,NA,NA,10,"DgE2","Diamond Springs very rocky sandy loam_30 to 50 percent slopes_eroded",2544
70,"Diamond Springs","Yes",459987,26882668,4.97,NA,0.14,86,"DgE3","Diamond Springs very rocky sandy loam_30 to 50 percent slopes_severely eroded",2254
2,"Aiken","No",459987,26882669,NA,NA,NA,NA,"DgE3","Diamond Springs very rocky sandy loam_30 to 50 percent slopes_severely eroded",2254
3,"Goulding","No",459987,26882670,NA,NA,NA,NA,"DgE3","Diamond Springs very rocky sandy loam_30 to 50 percent slopes_severely eroded",2254
10,"Kanaka","No",459987,26882671,NA,NA,NA,NA,"DgE3","Diamond Springs very rocky sandy loam_30 to 50 percent slopes_severely eroded",2254
15,"Rock outcrop","Yes",459987,26882672,71,NA,0,10,"DgE3","Diamond Springs very rocky sandy loam_30 to 50 percent slopes_severely eroded",2254
85,"Forward","Yes",459988,26882673,28,8.3,0.11,66,"FaD","Forward sandy loam_5 to 30 percent slopes",1636
5,"Nanny","No",459988,26882674,NA,NA,NA,NA,"FaD","Forward sandy loam_5 to 30 percent slopes",1636
5,"Cohasset","No",459988,26882675,NA,NA,NA,NA,"FaD","Forward sandy loam_5 to 30 percent slopes",1636
5,"Aiken","No",459988,26882676,NA,NA,NA,NA,"FaD","Forward sandy loam_5 to 30 percent slopes",1636
85,"Forward","Yes",459989,26882677,28,8.93,0.11,66,"FaE","Forward sandy loam_30 to 50 percent slopes",3037
5,"Aiken","No",459989,26882678,NA,NA,NA,NA,"FaE","Forward sandy loam_30 to 50 percent slopes",3037
5,"Cohasset","No",459989,26882679,NA,NA,NA,NA,"FaE","Forward sandy loam_30 to 50 percent slopes",3037
5,"Nanny","No",459989,26882680,NA,NA,NA,NA,"FaE","Forward sandy loam_30 to 50 percent slopes",3037
85,"Forward","Yes",459990,26882681,28,10,0.12,112,"FdD","Forward sandy loam_deep_0 to 30 percent slopes",1107
5,"Aiken","No",459990,26882682,NA,NA,NA,NA,"FdD","Forward sandy loam_deep_0 to 30 percent slopes",1107
5,"Cohasset","No",459990,26882683,NA,NA,NA,NA,"FdD","Forward sandy loam_deep_0 to 30 percent slopes",1107
5,"Nanny","No",459990,26882684,NA,NA,NA,NA,"FdD","Forward sandy loam_deep_0 to 30 percent slopes",1107
85,"Gaviota","Yes",459991,26882685,25.16,15,0.1,53,"GaC","Gaviota fine sandy loam_3 to 15 percent slopes",524
5,"Lodo","No",459991,26882686,NA,NA,NA,NA,"GaC","Gaviota fine sandy loam_3 to 15 percent slopes",524
5,"Millsap","No",459991,26882687,NA,NA,NA,NA,"GaC","Gaviota fine sandy loam_3 to 15 percent slopes",524
5,"Millsholm","No",459991,26882688,NA,NA,NA,NA,"GaC","Gaviota fine sandy loam_3 to 15 percent slopes",524
85,"Gaviota","Yes",459992,26882689,25.16,15,0.1,53,"GaD","Gaviota fine sandy loam_15 to 30 percent slopes",644
5,"Lodo","No",459992,26882690,NA,NA,NA,NA,"GaD","Gaviota fine sandy loam_15 to 30 percent slopes",644
5,"Millsap","No",459992,26882691,NA,NA,NA,NA,"GaD","Gaviota fine sandy loam_15 to 30 percent slopes",644
5,"Millsholm","No",459992,26882692,NA,NA,NA,NA,"GaD","Gaviota fine sandy loam_15 to 30 percent slopes",644
65,"Gaviota","Yes",459993,26882693,25.16,15,0.1,53,"GbD","Gaviota very rocky sandy loam_0 to 30 percent slopes",4671
5,"Lodo","No",459993,26882694,NA,NA,NA,NA,"GbD","Gaviota very rocky sandy loam_0 to 30 percent slopes",4671
5,"Millsap","No",459993,26882695,NA,NA,NA,NA,"GbD","Gaviota very rocky sandy loam_0 to 30 percent slopes",4671
5,"Millsholm","No",459993,26882696,NA,NA,NA,NA,"GbD","Gaviota very rocky sandy loam_0 to 30 percent slopes",4671
20,"Rock outcrop","Yes",459993,26882697,71,NA,0,10,"GbD","Gaviota very rocky sandy loam_0 to 30 percent slopes",4671
65,"Gaviota","Yes",459994,26882698,23.77,15,0.09,48,"GbE2","Gaviota very rocky sandy loam_30 to 50 percent slopes_eroded",629
5,"Lodo","No",459994,26882699,NA,NA,NA,NA,"GbE2","Gaviota very rocky sandy loam_30 to 50 percent slopes_eroded",629
5,"Millsholm","No",459994,26882700,NA,NA,NA,NA,"GbE2","Gaviota very rocky sandy loam_30 to 50 percent slopes_eroded",629
5,"Millsap","No",459994,26882701,NA,NA,NA,NA,"GbE2","Gaviota very rocky sandy loam_30 to 50 percent slopes_eroded",629
20,"Rock outcrop","Yes",459994,26882702,71,NA,0,10,"GbE2","Gaviota very rocky sandy loam_30 to 50 percent slopes_eroded",629
85,"Goulding","Yes",459995,26882703,20.16,15,0.1,51,"GdD","Goulding very stony loam_10 to 30 percent slopes",6995
10,"Auburn","No",459995,26882704,NA,NA,NA,NA,"GdD","Goulding very stony loam_10 to 30 percent slopes",6995
5,"Diamond Springs","No",459995,26882705,NA,NA,NA,NA,"GdD","Goulding very stony loam_10 to 30 percent slopes",6995
10,"Auburn","No",459996,26882706,NA,NA,NA,NA,"GeE2","Goulding very rocky loam_30 to 50 percent slopes_eroded",9856
5,"Diamond Springs","No",459996,26882707,NA,NA,NA,NA,"GeE2","Goulding very rocky loam_30 to 50 percent slopes_eroded",9856
65,"Goulding","Yes",459996,26882708,20.16,15.79,0.1,51,"GeE2","Goulding very rocky loam_30 to 50 percent slopes_eroded",9856
20,"Rock outcrop","Yes",459996,26882709,71,NA,0,25,"GeE2","Goulding very rocky loam_30 to 50 percent slopes_eroded",9856
10,"Auburn","No",459997,26882710,NA,NA,NA,NA,"GeF2","Goulding very rocky loam_50 to 70 percent slopes_eroded",13042
5,"Diamond Springs","No",459997,26882711,NA,NA,NA,NA,"GeF2","Goulding very rocky loam_50 to 70 percent slopes_eroded",13042
65,"Goulding","Yes",459997,26882712,20.16,15,0.1,51,"GeF2","Goulding very rocky loam_50 to 70 percent slopes_eroded",13042
20,"Rock outcrop","Yes",459997,26882713,71,NA,0,25,"GeF2","Goulding very rocky loam_50 to 70 percent slopes_eroded",13042
80,"Gravel pits","Yes",459998,26882714,92,NA,0.02,152,"Gp","Gravel pits",447
10,"Cobbly alluvial land","No",459998,26882715,NA,NA,NA,NA,"Gp","Gravel pits",447
2,"Anderson","No",459998,26882716,NA,NA,NA,NA,"Gp","Gravel pits",447
2,"Reiff","No",459998,26882717,NA,NA,NA,NA,"Gp","Gravel pits",447
3,"Cobbly alluvial land","No",459998,26882718,NA,NA,NA,NA,"Gp","Gravel pits",447
3,"Tailings and placer diggings","No",459998,26882719,NA,NA,NA,NA,"Gp","Gravel pits",447
85,"Guenoc","Yes",459999,26882720,4.34,17.5,0.13,64,"GsD","Guenoc very stony loam_0 to 30 percent slopes",8037
3,"Aiken","No",459999,26882721,NA,NA,NA,NA,"GsD","Guenoc very stony loam_0 to 30 percent slopes",8037
7,"Supan","No",459999,26882722,NA,NA,NA,NA,"GsD","Guenoc very stony loam_0 to 30 percent slopes",8037
5,"Unnamed","No",459999,26882723,NA,NA,NA,NA,"GsD","Guenoc very stony loam_0 to 30 percent slopes",8037
70,"Guenoc","Yes",460000,26882724,4.34,16.85,0.13,69,"GuD","Guenoc very rocky loam_0 to 30 percent slopes",28224
3,"Aiken","No",460000,26882725,NA,NA,NA,NA,"GuD","Guenoc very rocky loam_0 to 30 percent slopes",28224
5,"Supan","No",460000,26882726,NA,NA,NA,NA,"GuD","Guenoc very rocky loam_0 to 30 percent slopes",28224
7,"Toomes","No",460000,26882727,NA,NA,NA,NA,"GuD","Guenoc very rocky loam_0 to 30 percent slopes",28224
15,"Rock outcrop","Yes",460000,26882728,71,NA,0,25,"GuD","Guenoc very rocky loam_0 to 30 percent slopes",28224
70,"Guenoc","Yes",460001,26882729,4.34,17.5,0.13,69,"GuE","Guenoc very rocky loam_30 to 50 percent slopes",2764
5,"Aiken","No",460001,26882730,NA,NA,NA,NA,"GuE","Guenoc very rocky loam_30 to 50 percent slopes",2764
5,"Supan","No",460001,26882731,NA,NA,NA,NA,"GuE","Guenoc very rocky loam_30 to 50 percent slopes",2764
5,"Toomes","No",460001,26882732,NA,NA,NA,NA,"GuE","Guenoc very rocky loam_30 to 50 percent slopes",2764
15,"Rock outcrop","Yes",460001,26882733,71,NA,0,10,"GuE","Guenoc very rocky loam_30 to 50 percent slopes",2764
65,"Henneke","Yes",460002,26882734,5.4,22.38,0.08,51,"HaF","Henneke very rocky loam_15 to 60 percent slopes",1343
10,"Unnamed","No",460002,26882735,NA,NA,NA,NA,"HaF","Henneke very rocky loam_15 to 60 percent slopes",1343
5,"Landslides","No",460002,26882736,NA,NA,NA,NA,"HaF","Henneke very rocky loam_15 to 60 percent slopes",1343
20,"Rock outcrop","Yes",460002,26882737,71,NA,0,25,"HaF","Henneke very rocky loam_15 to 60 percent slopes",1343
85,"Hillgate","Yes",460003,26882738,3.73,23,0.1,203,"Hb","Hillgate loam",2226
8,"Unnamed","No",460003,26882739,NA,NA,NA,NA,"Hb","Hillgate loam",2226
7,"Tehama","No",460003,26882740,NA,NA,NA,NA,"Hb","Hillgate loam",2226
85,"Holland","Yes",460004,26882741,14.7,17.5,0.15,152,"HcE","Holland sandy loam_15 to 50 percent slopes",1694
5,"Unnamed","No",460004,26882742,NA,NA,NA,NA,"HcE","Holland sandy loam_15 to 50 percent slopes",1694
3,"Auburn","No",460004,26882743,NA,NA,NA,NA,"HcE","Holland sandy loam_15 to 50 percent slopes",1694
7,"Chaix","No",460004,26882744,NA,NA,NA,NA,"HcE","Holland sandy loam_15 to 50 percent slopes",1694
85,"Holland","Yes",460005,26882745,14.7,17.5,0.15,152,"HcF","Holland sandy loam_50 to 70 percent slopes",364
5,"Unnamed","No",460005,26882746,NA,NA,NA,NA,"HcF","Holland sandy loam_50 to 70 percent slopes",364
5,"Auberry","No",460005,26882747,NA,NA,NA,NA,"HcF","Holland sandy loam_50 to 70 percent slopes",364
5,"Chaix","No",460005,26882748,NA,NA,NA,NA,"HcF","Holland sandy loam_50 to 70 percent slopes",364
85,"Honcut","Yes",460006,26882749,28,7.5,0.15,152,"Hd","Honcut loam",760
7,"Anderson","No",460006,26882750,NA,NA,NA,NA,"Hd","Honcut loam",760
8,"Churn","No",460006,26882751,NA,NA,NA,NA,"Hd","Honcut loam",760
85,"Honcut","Yes",460007,26882752,28,7.5,0.13,152,"He","Honcut gravelly loam",965
7,"Anderson","No",460007,26882753,NA,NA,NA,NA,"He","Honcut gravelly loam",965
8,"Churn","No",460007,26882754,NA,NA,NA,NA,"He","Honcut gravelly loam",965
85,"Honcut","Yes",460008,26882755,28,7.5,0.13,152,"Hf","Honcut gravelly loam_deep",321
5,"Unnamed","No",460008,26882756,NA,NA,NA,NA,"Hf","Honcut gravelly loam_deep",321
5,"Churn","No",460008,26882757,NA,NA,NA,NA,"Hf","Honcut gravelly loam_deep",321
5,"Anderson","No",460008,26882758,NA,NA,NA,NA,"Hf","Honcut gravelly loam_deep",321
85,"Honn","Yes",460009,26882759,8.12,8.55,0.12,142,"HgA","Honn fine sandy loam_0 to 3 percent slopes",444
5,"Unnamed","No",460009,26882760,NA,NA,NA,NA,"HgA","Honn fine sandy loam_0 to 3 percent slopes",444
5,"Anderson","No",460009,26882761,NA,NA,NA,NA,"HgA","Honn fine sandy loam_0 to 3 percent slopes",444
5,"Hillgate","No",460009,26882762,NA,NA,NA,NA,"HgA","Honn fine sandy loam_0 to 3 percent slopes",444
85,"Honn","Yes",460010,26882763,8.12,8.55,0.12,142,"HgB","Honn fine sandy loam_3 to 8 percent slopes",252
5,"Unnamed","No",460010,26882764,NA,NA,NA,NA,"HgB","Honn fine sandy loam_3 to 8 percent slopes",252
5,"Anderson","No",460010,26882765,NA,NA,NA,NA,"HgB","Honn fine sandy loam_3 to 8 percent slopes",252
5,"Hillgate","No",460010,26882766,NA,NA,NA,NA,"HgB","Honn fine sandy loam_3 to 8 percent slopes",252
85,"Honn","Yes",460011,26882767,8.12,8.55,0.1,142,"HhA","Honn gravelly sandy loam_0 to 3 percent slopes",620
2,"Cobbly alluvial land","No",460011,26882768,NA,NA,NA,NA,"HhA","Honn gravelly sandy loam_0 to 3 percent slopes",620
2,"Molinos","No",460011,26882769,NA,NA,NA,NA,"HhA","Honn gravelly sandy loam_0 to 3 percent slopes",620
5,"Anderson","No",460011,26882770,NA,NA,NA,NA,"HhA","Honn gravelly sandy loam_0 to 3 percent slopes",620
4,"Unnamed","No",460011,26882771,NA,NA,NA,NA,"HhA","Honn gravelly sandy loam_0 to 3 percent slopes",620
2,"Molinos","No",460011,26882772,NA,NA,NA,NA,"HhA","Honn gravelly sandy loam_0 to 3 percent slopes",620
85,"Igo","Yes",460012,26882773,3.24,11.93,0.05,152,"IaB","Igo gravelly loam_0 to 8 percent slopes",6483
5,"Unnamed","No",460012,26882774,NA,NA,NA,NA,"IaB","Igo gravelly loam_0 to 8 percent slopes",6483
5,"Keefers","No",460012,26882775,NA,NA,NA,NA,"IaB","Igo gravelly loam_0 to 8 percent slopes",6483
5,"Tuscan","No",460012,26882776,NA,NA,NA,NA,"IaB","Igo gravelly loam_0 to 8 percent slopes",6483
85,"Inks","Yes",460013,26882777,8.65,13.12,0.11,58,"IbD","Inks gravelly loam_8 to 30 percent slopes",4447
5,"Tuscan","No",460013,26882778,NA,NA,NA,NA,"IbD","Inks gravelly loam_8 to 30 percent slopes",4447
5,"Supan","No",460013,26882779,NA,NA,NA,NA,"IbD","Inks gravelly loam_8 to 30 percent slopes",4447
5,"Pentz","No",460013,26882780,NA,NA,NA,NA,"IbD","Inks gravelly loam_8 to 30 percent slopes",4447
85,"Inks","Yes",460014,26882781,8.65,13.12,0.09,58,"IdD","Inks very stony loam_3 to 30 percent slopes",1251
5,"Pentz","No",460014,26882782,NA,NA,NA,NA,"IdD","Inks very stony loam_3 to 30 percent slopes",1251
5,"Supan","No",460014,26882783,NA,NA,NA,NA,"IdD","Inks very stony loam_3 to 30 percent slopes",1251
5,"Tuscan","No",460014,26882784,NA,NA,NA,NA,"IdD","Inks very stony loam_3 to 30 percent slopes",1251
85,"Inks","Yes",460015,26882785,8.65,13.12,0.09,58,"IdE","Inks very stony loam_30 to 50 percent slopes",816
5,"Pentz","No",460015,26882786,NA,NA,NA,NA,"IdE","Inks very stony loam_30 to 50 percent slopes",816
5,"Supan","No",460015,26882787,NA,NA,NA,NA,"IdE","Inks very stony loam_30 to 50 percent slopes",816
5,"Tuscan","No",460015,26882788,NA,NA,NA,NA,"IdE","Inks very stony loam_30 to 50 percent slopes",816
50,"Inks","Yes",460016,26882789,8.65,13.12,0.11,58,"IeD","Inks-Pentz complex_5 to 30 percent slopes",1100
35,"Pentz","Yes",460016,26882790,25.98,7.5,0.1,56,"IeD","Inks-Pentz complex_5 to 30 percent slopes",1100
10,"Supan","No",460016,26882791,NA,NA,NA,NA,"IeD","Inks-Pentz complex_5 to 30 percent slopes",1100
5,"Tuscan","No",460016,26882792,NA,NA,NA,NA,"IeD","Inks-Pentz complex_5 to 30 percent slopes",1100
50,"Inks","Yes",460017,26882793,8.65,13.12,0.11,58,"IeE","Inks-Pentz complex_30 to 50 percent slopes",3142
35,"Pentz","Yes",460017,26882794,25.98,7.5,0.1,56,"IeE","Inks-Pentz complex_30 to 50 percent slopes",3142
10,"Supan","No",460017,26882795,NA,NA,NA,NA,"IeE","Inks-Pentz complex_30 to 50 percent slopes",3142
5,"Tuscan","No",460017,26882796,NA,NA,NA,NA,"IeE","Inks-Pentz complex_30 to 50 percent slopes",3142
85,"Josephine","Yes",460018,26882797,9,16,0.13,163,"JbD","Josephine gravelly loam_10 to 30 percent slopes",2420
5,"Marpa","No",460018,26882798,NA,NA,NA,NA,"JbD","Josephine gravelly loam_10 to 30 percent slopes",2420
5,"Sheetiron","No",460018,26882799,NA,NA,NA,NA,"JbD","Josephine gravelly loam_10 to 30 percent slopes",2420
5,"Sites","No",460018,26882800,NA,NA,NA,NA,"JbD","Josephine gravelly loam_10 to 30 percent slopes",2420
85,"Josephine","Yes",460019,26882801,9,16,0.13,163,"JbE","Josephine gravelly loam_30 to 50 percent slopes",3570
5,"Marpa","No",460019,26882802,NA,NA,NA,NA,"JbE","Josephine gravelly loam_30 to 50 percent slopes",3570
5,"Sheetiron","No",460019,26882803,NA,NA,NA,NA,"JbE","Josephine gravelly loam_30 to 50 percent slopes",3570
5,"Sites","No",460019,26882804,NA,NA,NA,NA,"JbE","Josephine gravelly loam_30 to 50 percent slopes",3570
85,"Josephine","Yes",460020,26882805,9,16,0.13,163,"JbF","Josephine gravelly loam_50 to 70 percent slopes",8474
7,"Marpa","No",460020,26882806,NA,NA,NA,NA,"JbF","Josephine gravelly loam_50 to 70 percent slopes",8474
6,"Sheetiron","No",460020,26882807,NA,NA,NA,NA,"JbF","Josephine gravelly loam_50 to 70 percent slopes",8474
2,"Sites","No",460020,26882808,NA,NA,NA,NA,"JbF","Josephine gravelly loam_50 to 70 percent slopes",8474
85,"Josephine","Yes",460021,26882809,9,16,0.13,102,"JdD","Josephine gravelly loam_moderately deep_10 to 30 percent slopes",605
5,"Marpa","No",460021,26882810,NA,NA,NA,NA,"JdD","Josephine gravelly loam_moderately deep_10 to 30 percent slopes",605
5,"Sheetiron","No",460021,26882811,NA,NA,NA,NA,"JdD","Josephine gravelly loam_moderately deep_10 to 30 percent slopes",605
5,"Sites","No",460021,26882812,NA,NA,NA,NA,"JdD","Josephine gravelly loam_moderately deep_10 to 30 percent slopes",605
85,"Josephine","Yes",460022,26882813,9,16,0.13,102,"JdE","Josephine gravelly loam_moderately deep_30 to 50 percent slopes",2899
5,"Marpa","No",460022,26882814,NA,NA,NA,NA,"JdE","Josephine gravelly loam_moderately deep_30 to 50 percent slopes",2899
5,"Sheetiron","No",460022,26882815,NA,NA,NA,NA,"JdE","Josephine gravelly loam_moderately deep_30 to 50 percent slopes",2899
5,"Sites","No",460022,26882816,NA,NA,NA,NA,"JdE","Josephine gravelly loam_moderately deep_30 to 50 percent slopes",2899
50,"Josephine","Yes",460023,26882817,9,16,0.13,163,"JsF","Josephine-Sheetiron complex_50 to 70 percent slopes",1461
40,"Sheetiron","Yes",460023,26882818,9,15,0.1,66,"JsF","Josephine-Sheetiron complex_50 to 70 percent slopes",1461
10,"Unnamed","No",460023,26882819,NA,NA,NA,NA,"JsF","Josephine-Sheetiron complex_50 to 70 percent slopes",1461
85,"Kanaka","Yes",460027,26882820,28,7.5,0.12,132,"KbC","Kanaka sandy loam_3 to 15 percent slopes",349
5,"Auberry","No",460027,26882821,NA,NA,NA,NA,"KbC","Kanaka sandy loam_3 to 15 percent slopes",349
5,"Diamond Springs","No",460027,26882822,NA,NA,NA,NA,"KbC","Kanaka sandy loam_3 to 15 percent slopes",349
5,"Chaix","No",460027,26882823,NA,NA,NA,NA,"KbC","Kanaka sandy loam_3 to 15 percent slopes",349
70,"Kanaka","Yes",460028,26882824,28,7.5,0.12,132,"KcD","Kanaka rocky sandy loam_5 to 30 percent slopes",1668
5,"Auberry","No",460028,26882825,NA,NA,NA,NA,"KcD","Kanaka rocky sandy loam_5 to 30 percent slopes",1668
5,"Chaix","No",460028,26882826,NA,NA,NA,NA,"KcD","Kanaka rocky sandy loam_5 to 30 percent slopes",1668
5,"Diamond Springs","No",460028,26882827,NA,NA,NA,NA,"KcD","Kanaka rocky sandy loam_5 to 30 percent slopes",1668
15,"Rock outcrop","Yes",460028,26882828,NA,NA,NA,NA,"KcD","Kanaka rocky sandy loam_5 to 30 percent slopes",1668
70,"Kanaka","Yes",460029,26882829,28,7.5,0.12,132,"KcE","Kanaka rocky sandy loam_30 to 50 percent slopes",2671
5,"Auberry","No",460029,26882830,NA,NA,NA,NA,"KcE","Kanaka rocky sandy loam_30 to 50 percent slopes",2671
5,"Chaix","No",460029,26882831,NA,NA,NA,NA,"KcE","Kanaka rocky sandy loam_30 to 50 percent slopes",2671
5,"Diamond Springs","No",460029,26882832,NA,NA,NA,NA,"KcE","Kanaka rocky sandy loam_30 to 50 percent slopes",2671
15,"Rock outcrop","Yes",460029,26882833,NA,NA,NA,NA,"KcE","Kanaka rocky sandy loam_30 to 50 percent slopes",2671
70,"Kanaka","Yes",460030,26882834,28,7.5,0.12,132,"KcF2","Kanaka rocky sandy loam_50 to 70 percent slopes_eroded",2100
5,"Auberry","No",460030,26882835,NA,NA,NA,NA,"KcF2","Kanaka rocky sandy loam_50 to 70 percent slopes_eroded",2100
5,"Chaix","No",460030,26882836,NA,NA,NA,NA,"KcF2","Kanaka rocky sandy loam_50 to 70 percent slopes_eroded",2100
5,"Diamond Springs","No",460030,26882837,NA,NA,NA,NA,"KcF2","Kanaka rocky sandy loam_50 to 70 percent slopes_eroded",2100
15,"Rock outcrop","Yes",460030,26882838,71,NA,0,25,"KcF2","Kanaka rocky sandy loam_50 to 70 percent slopes_eroded",2100
85,"Keefers","Yes",460031,26882839,4.97,19.1,0.16,152,"KdA","Keefers gravelly loam_0 to 3 percent slopes",2463
3,"Unnamed","No",460031,26882840,NA,NA,NA,NA,"KdA","Keefers gravelly loam_0 to 3 percent slopes",2463
4,"Inks","No",460031,26882841,NA,NA,NA,NA,"KdA","Keefers gravelly loam_0 to 3 percent slopes",2463
4,"Supan","No",460031,26882842,NA,NA,NA,NA,"KdA","Keefers gravelly loam_0 to 3 percent slopes",2463
4,"Tuscan","No",460031,26882843,NA,NA,NA,NA,"KdA","Keefers gravelly loam_0 to 3 percent slopes",2463
85,"Keefers","Yes",460032,26882844,4.97,19.1,0.16,152,"KdB","Keefers gravelly loam_3 to 8 percent slopes",1748
5,"Inks","No",460032,26882845,NA,NA,NA,NA,"KdB","Keefers gravelly loam_3 to 8 percent slopes",1748
5,"Supan","No",460032,26882846,NA,NA,NA,NA,"KdB","Keefers gravelly loam_3 to 8 percent slopes",1748
5,"Tuscan","No",460032,26882847,NA,NA,NA,NA,"KdB","Keefers gravelly loam_3 to 8 percent slopes",1748
85,"Keefers","Yes",460033,26882848,7.24,18.2,0.14,152,"KeB","Keefers cobbly loam_channeled_1 to 5 percent slopes",993
5,"Cobbly alluvial land","No",460033,26882849,NA,NA,NA,NA,"KeB","Keefers cobbly loam_channeled_1 to 5 percent slopes",993
10,"Unnamed","No",460033,26882850,NA,NA,NA,NA,"KeB","Keefers cobbly loam_channeled_1 to 5 percent slopes",993
5,"Behemotosh","No",460034,26882851,NA,NA,NA,NA,"KgF2","Kidd very rocky loam_10 to 60 percent slopes_eroded",3038
5,"Boomer","No",460034,26882852,NA,NA,NA,NA,"KgF2","Kidd very rocky loam_10 to 60 percent slopes_eroded",3038
5,"Neuns","No",460034,26882853,NA,NA,NA,NA,"KgF2","Kidd very rocky loam_10 to 60 percent slopes_eroded",3038
70,"Kidd","Yes",460034,26882854,35.74,17.5,0.09,51,"KgF2","Kidd very rocky loam_10 to 60 percent slopes_eroded",3038
15,"Rock outcrop","Yes",460034,26882855,NA,NA,NA,NA,"KgF2","Kidd very rocky loam_10 to 60 percent slopes_eroded",3038
85,"Kilarc","Yes",460035,26882856,4.63,15,0.15,122,"KhC","Kilarc sandy clay loam_2 to 15 percent slopes",584
2,"Inks","No",460035,26882857,NA,NA,NA,NA,"KhC","Kilarc sandy clay loam_2 to 15 percent slopes",584
5,"Parrish","No",460035,26882858,NA,NA,NA,NA,"KhC","Kilarc sandy clay loam_2 to 15 percent slopes",584
5,"Sites","No",460035,26882859,NA,NA,NA,NA,"KhC","Kilarc sandy clay loam_2 to 15 percent slopes",584
3,"Supan","No",460035,26882860,NA,NA,NA,NA,"KhC","Kilarc sandy clay loam_2 to 15 percent slopes",584
85,"Kilarc","Yes",460036,26882861,4.63,15,0.15,122,"KhD","Kilarc sandy clay loam_15 to 30 percent slopes",4023
2,"Inks","No",460036,26882862,NA,NA,NA,NA,"KhD","Kilarc sandy clay loam_15 to 30 percent slopes",4023
5,"Parrish","No",460036,26882863,NA,NA,NA,NA,"KhD","Kilarc sandy clay loam_15 to 30 percent slopes",4023
5,"Sites","No",460036,26882864,NA,NA,NA,NA,"KhD","Kilarc sandy clay loam_15 to 30 percent slopes",4023
3,"Supan","No",460036,26882865,NA,NA,NA,NA,"KhD","Kilarc sandy clay loam_15 to 30 percent slopes",4023
85,"Kilarc","Yes",460037,26882866,4.63,15,0.15,122,"KhE","Kilarc sandy clay loam_30 to 50 percent slopes",2050
2,"Inks","No",460037,26882867,NA,NA,NA,NA,"KhE","Kilarc sandy clay loam_30 to 50 percent slopes",2050
5,"Parrish","No",460037,26882868,NA,NA,NA,NA,"KhE","Kilarc sandy clay loam_30 to 50 percent slopes",2050
5,"Sites","No",460037,26882869,NA,NA,NA,NA,"KhE","Kilarc sandy clay loam_30 to 50 percent slopes",2050
3,"Supan","No",460037,26882870,NA,NA,NA,NA,"KhE","Kilarc sandy clay loam_30 to 50 percent slopes",2050
85,"Kilarc","Yes",460038,26882871,4.63,15,0.14,122,"KlD","Kilarc very stony sandy clay loam_10 to 30 percent slopes",12886
2,"Inks","No",460038,26882872,NA,NA,NA,NA,"KlD","Kilarc very stony sandy clay loam_10 to 30 percent slopes",12886
5,"Parrish","No",460038,26882873,NA,NA,NA,NA,"KlD","Kilarc very stony sandy clay loam_10 to 30 percent slopes",12886
5,"Sites","No",460038,26882874,NA,NA,NA,NA,"KlD","Kilarc very stony sandy clay loam_10 to 30 percent slopes",12886
3,"Supan","No",460038,26882875,NA,NA,NA,NA,"KlD","Kilarc very stony sandy clay loam_10 to 30 percent slopes",12886
85,"Kilarc","Yes",460039,26882876,4.63,15,0.14,122,"KlE","Kilarc very stony sandy clay loam_30 to 50 percent slopes",5453
2,"Inks","No",460039,26882877,NA,NA,NA,NA,"KlE","Kilarc very stony sandy clay loam_30 to 50 percent slopes",5453
5,"Parrish","No",460039,26882878,NA,NA,NA,NA,"KlE","Kilarc very stony sandy clay loam_30 to 50 percent slopes",5453
5,"Sites","No",460039,26882879,NA,NA,NA,NA,"KlE","Kilarc very stony sandy clay loam_30 to 50 percent slopes",5453
3,"Supan","No",460039,26882880,NA,NA,NA,NA,"KlE","Kilarc very stony sandy clay loam_30 to 50 percent slopes",5453
55,"Kilarc","Yes",460040,26882881,4.63,15,0.14,122,"KsD","Kilarc-Sites complex_8 to 30 percent slopes",270
40,"Sites","Yes",460040,26882882,7.24,27.5,0.15,160,"KsD","Kilarc-Sites complex_8 to 30 percent slopes",270
5,"Supan","No",460040,26882883,NA,NA,NA,NA,"KsD","Kilarc-Sites complex_8 to 30 percent slopes",270
85,"Landslides","Yes",460041,26882884,92,NA,0.02,152,"LaE","Landslides",701
3,"Josephine","No",460041,26882885,NA,NA,NA,NA,"LaE","Landslides",701
4,"Behemotosh","No",460041,26882886,NA,NA,NA,NA,"LaE","Landslides",701
4,"Kilarc","No",460041,26882887,NA,NA,NA,NA,"LaE","Landslides",701
4,"Sites","No",460041,26882888,NA,NA,NA,NA,"LaE","Landslides",701
5,"Gaviota","No",460042,26882889,NA,NA,NA,NA,"LbE","Lodo shaly loam_10 to 50 percent slopes",8700
5,"Millsholm","No",460042,26882890,NA,NA,NA,NA,"LbE","Lodo shaly loam_10 to 50 percent slopes",8700
5,"Sehorn","No",460042,26882891,NA,NA,NA,NA,"LbE","Lodo shaly loam_10 to 50 percent slopes",8700
85,"Lodo","Yes",460042,26882892,8.6,15,0.08,36,"LbE","Lodo shaly loam_10 to 50 percent slopes",8700
5,"Gaviota","No",460043,26882893,NA,NA,NA,NA,"LbF3","Lodo shaly loam_50 to 70 percent slopes_severely eroded",2230
5,"Millsholm","No",460043,26882894,NA,NA,NA,NA,"LbF3","Lodo shaly loam_50 to 70 percent slopes_severely eroded",2230
5,"Sehorn","No",460043,26882895,NA,NA,NA,NA,"LbF3","Lodo shaly loam_50 to 70 percent slopes_severely eroded",2230
85,"Lodo","Yes",460043,26882896,8.6,15,0.08,36,"LbF3","Lodo shaly loam_50 to 70 percent slopes_severely eroded",2230
85,"Los Robles","Yes",460044,26882897,5.22,16.5,0.16,165,"LcA","Los Robles loam_0 to 3 percent slopes",3600
5,"Honn","No",460044,26882898,NA,NA,NA,NA,"LcA","Los Robles loam_0 to 3 percent slopes",3600
5,"Molinos","No",460044,26882899,NA,NA,NA,NA,"LcA","Los Robles loam_0 to 3 percent slopes",3600
5,"Vina","No",460044,26882900,NA,NA,NA,NA,"LcA","Los Robles loam_0 to 3 percent slopes",3600
85,"Los Robles","Yes",460045,26882901,5.22,16.5,0.16,165,"LcB","Los Robles loam_3 to 8 percent",303
5,"Honn","No",460045,26882902,NA,NA,NA,NA,"LcB","Los Robles loam_3 to 8 percent",303
5,"Molinos","No",460045,26882903,NA,NA,NA,NA,"LcB","Los Robles loam_3 to 8 percent",303
5,"Vina","No",460045,26882904,NA,NA,NA,NA,"LcB","Los Robles loam_3 to 8 percent",303
85,"Los Robles","Yes",460046,26882905,5.22,16.5,0.16,137,"LdA","Los Robles loam_seeped_0 to 3 percent slopes",379
2,"Cobbly alluvial land","No",460046,26882906,NA,NA,NA,NA,"LdA","Los Robles loam_seeped_0 to 3 percent slopes",379
2,"Molinos","No",460046,26882907,NA,NA,NA,NA,"LdA","Los Robles loam_seeped_0 to 3 percent slopes",379
5,"Honn","No",460046,26882908,NA,NA,NA,NA,"LdA","Los Robles loam_seeped_0 to 3 percent slopes",379
2,"Molinos","No",460046,26882909,NA,NA,NA,NA,"LdA","Los Robles loam_seeped_0 to 3 percent slopes",379
4,"Vina","No",460046,26882910,NA,NA,NA,NA,"LdA","Los Robles loam_seeped_0 to 3 percent slopes",379
85,"Los Robles","Yes",460047,26882911,4.97,16.6,0.16,102,"LeB","Los Robles loam_moderately deep_0 to 5 percent slopes",274
5,"Honn","No",460047,26882912,NA,NA,NA,NA,"LeB","Los Robles loam_moderately deep_0 to 5 percent slopes",274
5,"Molinos","No",460047,26882913,NA,NA,NA,NA,"LeB","Los Robles loam_moderately deep_0 to 5 percent slopes",274
5,"Vina","No",460047,26882914,NA,NA,NA,NA,"LeB","Los Robles loam_moderately deep_0 to 5 percent slopes",274
85,"Los Robles","Yes",460048,26882915,5.22,16.5,0.13,165,"LfA","Los Robles gravelly loam_0 to 3 percent slopes",249
5,"Honn","No",460048,26882916,NA,NA,NA,NA,"LfA","Los Robles gravelly loam_0 to 3 percent slopes",249
5,"Molinos","No",460048,26882917,NA,NA,NA,NA,"LfA","Los Robles gravelly loam_0 to 3 percent slopes",249
5,"Vina","No",460048,26882918,NA,NA,NA,NA,"LfA","Los Robles gravelly loam_0 to 3 percent slopes",249
10,"Windy","No",460049,26882919,NA,NA,NA,NA,"LgE","Lyonsville-Jiggs complex_10 to 50 percent slopes",3344
46,"Lyonsville","Yes",460049,26882920,28,12.5,0.11,109,"LgE","Lyonsville-Jiggs complex_10 to 50 percent slopes",3344
44,"Jiggs","Yes",460049,26882921,28,17.5,0.11,94,"LgE","Lyonsville-Jiggs complex_10 to 50 percent slopes",3344
5,"Windy","No",460050,26882922,NA,NA,NA,NA,"LhE","Lyonsville-Jiggs complex_deep_10 to 50 percent slopes",5860
5,"Unnamed","No",460050,26882923,NA,NA,NA,NA,"LhE","Lyonsville-Jiggs complex_deep_10 to 50 percent slopes",5860
46,"Lyonsville","Yes",460050,26882924,28,12.5,0.11,109,"LhE","Lyonsville-Jiggs complex_deep_10 to 50 percent slopes",5860
44,"Jiggs","Yes",460050,26882925,28,17.5,0.11,94,"LhE","Lyonsville-Jiggs complex_deep_10 to 50 percent slopes",5860
10,"Windy","No",460051,26882926,NA,NA,NA,NA,"LkF","Lyonsville-Jiggs soils_50 to 70 percent slopes",1269
46,"Lyonsville","Yes",460051,26882927,28,12.5,0.11,109,"LkF","Lyonsville-Jiggs soils_50 to 70 percent slopes",1269
44,"Jiggs","Yes",460051,26882928,28,17.5,0.11,94,"LkF","Lyonsville-Jiggs soils_50 to 70 percent slopes",1269
85,"Marpa","Yes",460052,26882929,9,15,0.11,76,"MaE","Marpa gravelly loam_30 to 50 percent slopes",5678
5,"Josephine","No",460052,26882930,NA,NA,NA,NA,"MaE","Marpa gravelly loam_30 to 50 percent slopes",5678
5,"Maymen","No",460052,26882931,NA,NA,NA,NA,"MaE","Marpa gravelly loam_30 to 50 percent slopes",5678
5,"Sheetiron","No",460052,26882932,NA,NA,NA,NA,"MaE","Marpa gravelly loam_30 to 50 percent slopes",5678
85,"Marpa","Yes",460053,26882933,9,15,0.11,76,"MaG","Marpa gravelly loam_50 to 75 percent slopes",11916
5,"Josephine","No",460053,26882934,NA,NA,NA,NA,"MaG","Marpa gravelly loam_50 to 75 percent slopes",11916
5,"Maymen","No",460053,26882935,NA,NA,NA,NA,"MaG","Marpa gravelly loam_50 to 75 percent slopes",11916
5,"Sheetiron","No",460053,26882936,NA,NA,NA,NA,"MaG","Marpa gravelly loam_50 to 75 percent slopes",11916
85,"Maymen","Yes",460054,26882937,8.7,10,0.09,43,"MbG2","Maymen very stony loam_30 to 80 percent slopes_eroded",25344
3,"Josephine","No",460054,26882938,NA,NA,NA,NA,"MbG2","Maymen very stony loam_30 to 80 percent slopes_eroded",25344
3,"Marpa","No",460054,26882939,NA,NA,NA,NA,"MbG2","Maymen very stony loam_30 to 80 percent slopes_eroded",25344
3,"Millsholm","No",460054,26882940,NA,NA,NA,NA,"MbG2","Maymen very stony loam_30 to 80 percent slopes_eroded",25344
3,"Sheetiron","No",460054,26882941,NA,NA,NA,NA,"MbG2","Maymen very stony loam_30 to 80 percent slopes_eroded",25344
3,"Colluvial land","No",460054,26882942,NA,NA,NA,NA,"MbG2","Maymen very stony loam_30 to 80 percent slopes_eroded",25344
85,"Millsap","Yes",460055,26882943,5.13,22.7,0.11,94,"McD","Millsap loam_5 to 30 percent slopes",1138
8,"Gaviota","No",460055,26882944,NA,NA,NA,NA,"McD","Millsap loam_5 to 30 percent slopes",1138
7,"Parrish","No",460055,26882945,NA,NA,NA,NA,"McD","Millsap loam_5 to 30 percent slopes",1138
85,"Millsap","Yes",460057,26882946,5.13,22.7,0.11,94,"McG","Millsap loam_50 to 75 percent slopes",471
10,"Gaviota","No",460057,26882947,NA,NA,NA,NA,"McG","Millsap loam_50 to 75 percent slopes",471
5,"Millsholm","No",460057,26882948,NA,NA,NA,NA,"McG","Millsap loam_50 to 75 percent slopes",471
65,"Millsap","Yes",460058,26882949,5.13,22.7,0.11,94,"MdE","Millsap very rocky loam_10 to 50 percent slopes",128
8,"Gaviota","No",460058,26882950,NA,NA,NA,NA,"MdE","Millsap very rocky loam_10 to 50 percent slopes",128
7,"Millsholm","No",460058,26882951,NA,NA,NA,NA,"MdE","Millsap very rocky loam_10 to 50 percent slopes",128
20,"Rock outcrop","Yes",460058,26882952,71,NA,0,10,"MdE","Millsap very rocky loam_10 to 50 percent slopes",128
85,"Millsholm","Yes",460059,26882953,8.77,17.5,0.11,51,"MeD","Millsholm gravelly loam_3 to 30 percent slopes",10419
8,"Gaviota","No",460059,26882954,NA,NA,NA,NA,"MeD","Millsholm gravelly loam_3 to 30 percent slopes",10419
7,"Millsap","No",460059,26882955,NA,NA,NA,NA,"MeD","Millsholm gravelly loam_3 to 30 percent slopes",10419
85,"Millsholm","Yes",460060,26882956,8.72,17.5,0.1,46,"MeD2","Millsholm gravelly loam_3 to 30 percent slopes_eroded",1241
5,"Millsap","No",460060,26882957,NA,NA,NA,NA,"MeD2","Millsholm gravelly loam_3 to 30 percent slopes_eroded",1241
10,"Gaviota","No",460060,26882958,NA,NA,NA,NA,"MeD2","Millsholm gravelly loam_3 to 30 percent slopes_eroded",1241
7,"Millsap","No",460061,26882959,NA,NA,NA,NA,"MeE","Millsholm gravelly loam_30 to 50 percent slopes_MLRA 15",11908
8,"Gaviota","No",460061,26882960,NA,NA,NA,NA,"MeE","Millsholm gravelly loam_30 to 50 percent slopes_MLRA 15",11908
85,"Millsholm","Yes",460061,26882961,8.84,12.82,0.14,66,"MeE","Millsholm gravelly loam_30 to 50 percent slopes_MLRA 15",11908
8,"Gaviota","No",460062,26882962,NA,NA,NA,NA,"MeG","Millsholm gravelly loam_50 to 75 percent slopes",2984
7,"Millsap","No",460062,26882963,NA,NA,NA,NA,"MeG","Millsholm gravelly loam_50 to 75 percent slopes",2984
85,"Millsholm","Yes",460062,26882964,8.77,17.5,0.11,51,"MeG","Millsholm gravelly loam_50 to 75 percent slopes",2984
8,"Gaviota","No",460063,26882965,NA,NA,NA,NA,"MfE2","Millsholm very rocky loam_30 to 50 percent slopes_eroded",4932
7,"Millsap","No",460063,26882966,NA,NA,NA,NA,"MfE2","Millsholm very rocky loam_30 to 50 percent slopes_eroded",4932
65,"Millsholm","Yes",460063,26882967,8.72,17.5,0.1,46,"MfE2","Millsholm very rocky loam_30 to 50 percent slopes_eroded",4932
20,"Rock outcrop","Yes",460063,26882968,71,NA,0,10,"MfE2","Millsholm very rocky loam_30 to 50 percent slopes_eroded",4932
8,"Gaviota","No",460064,26882969,NA,NA,NA,NA,"MfF2","Millsholm very rocky loam_50 to 70 percent slopes_eroded",1764
7,"Millsap","No",460064,26882970,NA,NA,NA,NA,"MfF2","Millsholm very rocky loam_50 to 70 percent slopes_eroded",1764
65,"Millsholm","Yes",460064,26882971,8.84,17.5,0.11,41,"MfF2","Millsholm very rocky loam_50 to 70 percent slopes_eroded",1764
20,"Rock outcrop","Yes",460064,26882972,71,NA,0,10,"MfF2","Millsholm very rocky loam_50 to 70 percent slopes_eroded",1764
5,"Kimball","No",460065,26882973,NA,NA,NA,NA,"MgA","Moda loam_0 to 3 percent slopes_MLRA 17",1252
5,"Perkins","No",460065,26882974,NA,NA,NA,NA,"MgA","Moda loam_0 to 3 percent slopes_MLRA 17",1252
5,"Corning","No",460065,26882975,NA,NA,NA,NA,"MgA","Moda loam_0 to 3 percent slopes_MLRA 17",1252
85,"Moda","Yes",460065,26882976,5.68,16.41,0.16,137,"MgA","Moda loam_0 to 3 percent slopes_MLRA 17",1252
85,"Moda","Yes",460066,26882977,8.65,15.2,0.15,99,"MhA","Moda loam_seeped_0 to 3 percent slopes",1032
5,"Unnamed","No",460066,26882978,NA,NA,NA,NA,"MhA","Moda loam_seeped_0 to 3 percent slopes",1032
10,"Unnamed","No",460066,26882979,NA,NA,NA,NA,"MhA","Moda loam_seeped_0 to 3 percent slopes",1032
85,"Moda","Yes",460067,26882980,4.61,17.5,0.1,76,"MkB","Moda loam_shallow_0 to 5 percent slopes",1633
4,"Hillgate","No",460067,26882981,NA,NA,NA,NA,"MkB","Moda loam_shallow_0 to 5 percent slopes",1633
4,"Perkins","No",460067,26882982,NA,NA,NA,NA,"MkB","Moda loam_shallow_0 to 5 percent slopes",1633
3,"Redding","No",460067,26882983,NA,NA,NA,NA,"MkB","Moda loam_shallow_0 to 5 percent slopes",1633
4,"Moda","No",460067,26882984,NA,NA,NA,NA,"MkB","Moda loam_shallow_0 to 5 percent slopes",1633
85,"Molinos","Yes",460068,26882985,28,12.8,0.12,178,"Mm","Molinos sandy loam_channeled",280
10,"Cobbly alluvial land","No",460068,26882986,NA,NA,NA,NA,"Mm","Molinos sandy loam_channeled",280
5,"Riverwash","No",460068,26882987,NA,NA,NA,NA,"Mm","Molinos sandy loam_channeled",280
5,"Vina","No",460069,26882988,NA,NA,NA,NA,"Mn","Molinos fine sandy loam_0 to 3 percent slopes_MLRA 17",435
5,"Anderson","No",460069,26882989,NA,NA,NA,NA,"Mn","Molinos fine sandy loam_0 to 3 percent slopes_MLRA 17",435
85,"Molinos","Yes",460069,26882990,14.11,13.03,0.16,178,"Mn","Molinos fine sandy loam_0 to 3 percent slopes_MLRA 17",435
5,"Riverwash","No",460069,26882991,NA,NA,NA,NA,"Mn","Molinos fine sandy loam_0 to 3 percent slopes_MLRA 17",435
85,"Molinos","Yes",460070,26882992,28,12.8,0.13,178,"Mo","Molinos fine sandy loam_seeped",553
3,"Riverwash","No",460070,26882993,NA,NA,NA,NA,"Mo","Molinos fine sandy loam_seeped",553
4,"Cobbly alluvial land","No",460070,26882994,NA,NA,NA,NA,"Mo","Molinos fine sandy loam_seeped",553
4,"Vina","No",460070,26882995,NA,NA,NA,NA,"Mo","Molinos fine sandy loam_seeped",553
4,"Anderson","No",460070,26882996,NA,NA,NA,NA,"Mo","Molinos fine sandy loam_seeped",553
85,"Myers","Yes",460071,26882997,0.91,40,0.15,152,"MrA","Myers silty clay_0 to 3 percent slopes",810
5,"Sehorn","No",460071,26882998,NA,NA,NA,NA,"MrA","Myers silty clay_0 to 3 percent slopes",810
10,"Los Robles","No",460071,26882999,NA,NA,NA,NA,"MrA","Myers silty clay_0 to 3 percent slopes",810
85,"Myers","Yes",460072,26883000,0.91,40,0.15,152,"MrB","Myers silty clay_3 to 8 percent slopes",1555
5,"Sehorn","No",460072,26883001,NA,NA,NA,NA,"MrB","Myers silty clay_3 to 8 percent slopes",1555
10,"Los Robles","No",460072,26883002,NA,NA,NA,NA,"MrB","Myers silty clay_3 to 8 percent slopes",1555
85,"Nanny","Yes",460073,26883003,28,12.5,0.11,168,"NaB","Nanny gravelly sandy loam_0 to 8 percent slopes",4022
5,"Windy","No",460073,26883004,NA,NA,NA,NA,"NaB","Nanny gravelly sandy loam_0 to 8 percent slopes",4022
10,"Cohasset","No",460073,26883005,NA,NA,NA,NA,"NaB","Nanny gravelly sandy loam_0 to 8 percent slopes",4022
85,"Nanny","Yes",460074,26883006,28,12.5,0.11,168,"NbB","Nanny stony sandy loam_0 to 8 percent slopes",8552
5,"Windy","No",460074,26883007,NA,NA,NA,NA,"NbB","Nanny stony sandy loam_0 to 8 percent slopes",8552
10,"Cohasset","No",460074,26883008,NA,NA,NA,NA,"NbB","Nanny stony sandy loam_0 to 8 percent slopes",8552
70,"Nanny","Yes",460075,26883009,28,12.5,0.12,168,"NcB","Nanny-Windy complex_0 to 8 percent slopes",567
25,"Windy","Yes",460075,26883010,28,27.5,0.1,132,"NcB","Nanny-Windy complex_0 to 8 percent slopes",567
5,"Cohasset","No",460075,26883011,NA,NA,NA,NA,"NcB","Nanny-Windy complex_0 to 8 percent slopes",567
85,"Neuns","Yes",460076,26883012,9,16.3,0.07,69,"NdE","Neuns very stony loam_8 to 50 percent slopes",3851
5,"Goulding","No",460076,26883013,NA,NA,NA,NA,"NdE","Neuns very stony loam_8 to 50 percent slopes",3851
10,"Boomer","No",460076,26883014,NA,NA,NA,NA,"NdE","Neuns very stony loam_8 to 50 percent slopes",3851
85,"Neuns","Yes",460077,26883015,9,14.45,0.07,69,"NdG","Neuns very stony loam_50 to 80 percent slopes",9410
5,"Goulding","No",460077,26883016,NA,NA,NA,NA,"NdG","Neuns very stony loam_50 to 80 percent slopes",9410
10,"Boomer","No",460077,26883017,NA,NA,NA,NA,"NdG","Neuns very stony loam_50 to 80 percent slopes",9410
85,"Newtown","Yes",460078,26883018,5.71,17.85,0.12,183,"NeC","Newtown gravelly loam_8 to 15 percent slopes",5750
5,"Red Bluff","No",460078,26883019,NA,NA,NA,NA,"NeC","Newtown gravelly loam_8 to 15 percent slopes",5750
10,"Perkins","No",460078,26883020,NA,NA,NA,NA,"NeC","Newtown gravelly loam_8 to 15 percent slopes",5750
85,"Newtown","Yes",460079,26883021,5.71,17.85,0.12,183,"NeD","Newtown gravelly loam_15 to 30 percent slopes",14168
5,"Red Bluff","No",460079,26883022,NA,NA,NA,NA,"NeD","Newtown gravelly loam_15 to 30 percent slopes",14168
10,"Perkins","No",460079,26883023,NA,NA,NA,NA,"NeD","Newtown gravelly loam_15 to 30 percent slopes",14168
85,"Newtown","Yes",460080,26883024,5.08,18.1,0.12,183,"NeE2","Newtown gravelly loam_30 to 50 percent slopes_eroded",27715
5,"Red Bluff","No",460080,26883025,NA,NA,NA,NA,"NeE2","Newtown gravelly loam_30 to 50 percent slopes_eroded",27715
10,"Perkins","No",460080,26883026,NA,NA,NA,NA,"NeE2","Newtown gravelly loam_30 to 50 percent slopes_eroded",27715
85,"Newtown","Yes",460081,26883027,5.08,18.1,0.12,183,"NfE2","Newtown stony loam_8 to 50 percent slopes_eroded",6914
10,"Supan","No",460081,26883028,NA,NA,NA,NA,"NfE2","Newtown stony loam_8 to 50 percent slopes_eroded",6914
5,"Pentz","No",460081,26883029,NA,NA,NA,NA,"NfE2","Newtown stony loam_8 to 50 percent slopes_eroded",6914
85,"Parrish","Yes",460082,26883030,4.63,18.65,0.13,107,"PcD","Parrish loam_8 to 30 percent slopes",2002
5,"Millsholm","No",460082,26883031,NA,NA,NA,NA,"PcD","Parrish loam_8 to 30 percent slopes",2002
5,"Gaviota","No",460082,26883032,NA,NA,NA,NA,"PcD","Parrish loam_8 to 30 percent slopes",2002
5,"Auburn","No",460082,26883033,NA,NA,NA,NA,"PcD","Parrish loam_8 to 30 percent slopes",2002
85,"Parrish","Yes",460083,26883034,4.63,18.65,0.13,107,"PcE","Parrish loam_30 to 50 percent slopes",5358
5,"Millsholm","No",460083,26883035,NA,NA,NA,NA,"PcE","Parrish loam_30 to 50 percent slopes",5358
5,"Gaviota","No",460083,26883036,NA,NA,NA,NA,"PcE","Parrish loam_30 to 50 percent slopes",5358
5,"Auburn","No",460083,26883037,NA,NA,NA,NA,"PcE","Parrish loam_30 to 50 percent slopes",5358
85,"Parrish","Yes",460084,26883038,4.63,18.65,0.13,107,"PcF","Parrish loam_50 to 70 percent slopes",539
5,"Millsholm","No",460084,26883039,NA,NA,NA,NA,"PcF","Parrish loam_50 to 70 percent slopes",539
5,"Gaviota","No",460084,26883040,NA,NA,NA,NA,"PcF","Parrish loam_50 to 70 percent slopes",539
5,"Auburn","No",460084,26883041,NA,NA,NA,NA,"PcF","Parrish loam_50 to 70 percent slopes",539
50,"Pentz","Yes",460085,26883042,25.78,7.5,0.12,56,"PfF","Pentz-Supan complex_50 to 70 percent slopes",3314
35,"Supan","Yes",460085,26883043,5.85,21.25,0.14,109,"PfF","Pentz-Supan complex_50 to 70 percent slopes",3314
10,"Inks","No",460085,26883044,NA,NA,NA,NA,"PfF","Pentz-Supan complex_50 to 70 percent slopes",3314
5,"Tuscan","No",460085,26883045,NA,NA,NA,NA,"PfF","Pentz-Supan complex_50 to 70 percent slopes",3314
5,"Red Bluff","No",460086,26883046,NA,NA,NA,NA,"PlA","Perkins loam_moist_0 to 3 percent slopes_MLRA 17",2522
85,"Perkins","Yes",460086,26883047,4.44,16.18,0.18,152,"PlA","Perkins loam_moist_0 to 3 percent slopes_MLRA 17",2522
10,"Redding","No",460086,26883048,NA,NA,NA,NA,"PlA","Perkins loam_moist_0 to 3 percent slopes_MLRA 17",2522
85,"Perkins","Yes",460088,26883049,4.96,16.25,0.14,152,"PmB","Perkins gravelly loam_3 to 8 percent slopes",2264
5,"Redding","No",460088,26883050,NA,NA,NA,NA,"PmB","Perkins gravelly loam_3 to 8 percent slopes",2264
5,"Red Bluff","No",460088,26883051,NA,NA,NA,NA,"PmB","Perkins gravelly loam_3 to 8 percent slopes",2264
5,"Churn","No",460088,26883052,NA,NA,NA,NA,"PmB","Perkins gravelly loam_3 to 8 percent slopes",2264
85,"Perkins","Yes",460089,26883053,4.96,16.25,0.14,152,"PmC","Perkins gravelly loam_8 to 15 percent slopes",965
5,"Redding","No",460089,26883054,NA,NA,NA,NA,"PmC","Perkins gravelly loam_8 to 15 percent slopes",965
5,"Red Bluff","No",460089,26883055,NA,NA,NA,NA,"PmC","Perkins gravelly loam_8 to 15 percent slopes",965
5,"Churn","No",460089,26883056,NA,NA,NA,NA,"PmC","Perkins gravelly loam_8 to 15 percent slopes",965
5,"Redding","No",460090,26883057,NA,NA,NA,NA,"PmD","Perkins gravelly loam_gravelly clay loam substratum_8 to 30 percent slopes_MLRA 17",1402
5,"Red Bluff","No",460090,26883058,NA,NA,NA,NA,"PmD","Perkins gravelly loam_gravelly clay loam substratum_8 to 30 percent slopes_MLRA 17",1402
5,"Churn","No",460090,26883059,NA,NA,NA,NA,"PmD","Perkins gravelly loam_gravelly clay loam substratum_8 to 30 percent slopes_MLRA 17",1402
85,"Perkins","Yes",460090,26883060,4.44,16.18,0.15,152,"PmD","Perkins gravelly loam_gravelly clay loam substratum_8 to 30 percent slopes_MLRA 17",1402
85,"Perkins","Yes",460091,26883061,4.96,16.25,0.14,152,"PnA","Perkins gravelly loam_seeped_0 to 3 percent slopes",338
5,"Newtown","No",460091,26883062,NA,NA,NA,NA,"PnA","Perkins gravelly loam_seeped_0 to 3 percent slopes",338
5,"Moda","No",460091,26883063,NA,NA,NA,NA,"PnA","Perkins gravelly loam_seeped_0 to 3 percent slopes",338
5,"Redding","No",460091,26883064,NA,NA,NA,NA,"PnA","Perkins gravelly loam_seeped_0 to 3 percent slopes",338
85,"Perkins","Yes",460092,26883065,4.96,16.25,0.14,152,"PoA","Perkins gravelly loam_moderately deep_0 to 3 percent slopes",1834
5,"Redding","No",460092,26883066,NA,NA,NA,NA,"PoA","Perkins gravelly loam_moderately deep_0 to 3 percent slopes",1834
5,"Red Bluff","No",460092,26883067,NA,NA,NA,NA,"PoA","Perkins gravelly loam_moderately deep_0 to 3 percent slopes",1834
5,"Newtown","No",460092,26883068,NA,NA,NA,NA,"PoA","Perkins gravelly loam_moderately deep_0 to 3 percent slopes",1834
85,"Perkins","Yes",460093,26883069,4.96,16.25,0.14,152,"PoB","Perkins gravelly loam_moderately deep_3 to 8 percent slopes",1583
5,"Redding","No",460093,26883070,NA,NA,NA,NA,"PoB","Perkins gravelly loam_moderately deep_3 to 8 percent slopes",1583
5,"Red Bluff","No",460093,26883071,NA,NA,NA,NA,"PoB","Perkins gravelly loam_moderately deep_3 to 8 percent slopes",1583
5,"Newtown","No",460093,26883072,NA,NA,NA,NA,"PoB","Perkins gravelly loam_moderately deep_3 to 8 percent slopes",1583
1,"Unnamed","No",460095,26883073,NA,NA,NA,NA,"RbA","Red Bluff loam_0 to 3 percent slopes_MLRA 17_moist",15015
4,"Moda","No",460095,26883074,NA,NA,NA,NA,"RbA","Red Bluff loam_0 to 3 percent slopes_MLRA 17_moist",15015
5,"Redding","No",460095,26883075,NA,NA,NA,NA,"RbA","Red Bluff loam_0 to 3 percent slopes_MLRA 17_moist",15015
5,"Perkins","No",460095,26883076,NA,NA,NA,NA,"RbA","Red Bluff loam_0 to 3 percent slopes_MLRA 17_moist",15015
85,"Red Bluff","Yes",460095,26883077,3.83,NA,0.18,170,"RbA","Red Bluff loam_0 to 3 percent slopes_MLRA 17_moist",15015
85,"Red Bluff","Yes",460096,26883078,4.59,NA,0.16,170,"RbB","Red Bluff loam_3 to 8 percent slopes",3170
5,"Redding","No",460096,26883079,NA,NA,NA,NA,"RbB","Red Bluff loam_3 to 8 percent slopes",3170
5,"Perkins","No",460096,26883080,NA,NA,NA,NA,"RbB","Red Bluff loam_3 to 8 percent slopes",3170
5,"Newtown","No",460096,26883081,NA,NA,NA,NA,"RbB","Red Bluff loam_3 to 8 percent slopes",3170
85,"Red Bluff","Yes",460097,26883082,4.59,NA,0.13,102,"RcA","Red Bluff gravelly loam_moderately deep_0 to 3 percent slopes",10115
1,"Unnamed","No",460097,26883083,NA,NA,NA,NA,"RcA","Red Bluff gravelly loam_moderately deep_0 to 3 percent slopes",10115
4,"Redding","No",460097,26883084,NA,NA,NA,NA,"RcA","Red Bluff gravelly loam_moderately deep_0 to 3 percent slopes",10115
5,"Perkins","No",460097,26883085,NA,NA,NA,NA,"RcA","Red Bluff gravelly loam_moderately deep_0 to 3 percent slopes",10115
5,"Newtown","No",460097,26883086,NA,NA,NA,NA,"RcA","Red Bluff gravelly loam_moderately deep_0 to 3 percent slopes",10115
85,"Red Bluff","Yes",460098,26883087,4.59,NA,0.13,102,"RcB","Red Bluff gravelly loam_moderately deep_3 to 8 percent slopes",5204
1,"Unnamed","No",460098,26883088,NA,NA,NA,NA,"RcB","Red Bluff gravelly loam_moderately deep_3 to 8 percent slopes",5204
4,"Redding","No",460098,26883089,NA,NA,NA,NA,"RcB","Red Bluff gravelly loam_moderately deep_3 to 8 percent slopes",5204
5,"Perkins","No",460098,26883090,NA,NA,NA,NA,"RcB","Red Bluff gravelly loam_moderately deep_3 to 8 percent slopes",5204
5,"Newtown","No",460098,26883091,NA,NA,NA,NA,"RcB","Red Bluff gravelly loam_moderately deep_3 to 8 percent slopes",5204
4,"Red Bluff","No",460099,26883092,NA,NA,NA,NA,"RdA","Redding gravelly loam_0 to 5 percent slopes_moist_MLRA 17",4314
5,"Igo","No",460099,26883093,NA,NA,NA,NA,"RdA","Redding gravelly loam_0 to 5 percent slopes_moist_MLRA 17",4314
5,"Clough","No",460099,26883094,NA,NA,NA,NA,"RdA","Redding gravelly loam_0 to 5 percent slopes_moist_MLRA 17",4314
85,"Redding","Yes",460099,26883095,1.65,14.3,0.09,152,"RdA","Redding gravelly loam_0 to 5 percent slopes_moist_MLRA 17",4314
1,"Unnamed","No",460099,26883096,NA,NA,NA,NA,"RdA","Redding gravelly loam_0 to 5 percent slopes_moist_MLRA 17",4314
5,"Red Bluff","No",460100,26883097,NA,NA,NA,NA,"RdB","Redding gravelly loam_0 to 15 percent slopes_moist_MLRA 17",4133
5,"Newtown","No",460100,26883098,NA,NA,NA,NA,"RdB","Redding gravelly loam_0 to 15 percent slopes_moist_MLRA 17",4133
5,"Clough","No",460100,26883099,NA,NA,NA,NA,"RdB","Redding gravelly loam_0 to 15 percent slopes_moist_MLRA 17",4133
85,"Redding","Yes",460100,26883100,1.65,14.3,0.09,152,"RdB","Redding gravelly loam_0 to 15 percent slopes_moist_MLRA 17",4133
45,"Redding","Yes",460101,26883101,2.78,19.77,0.05,71,"ReA","Redding-Red Bluff gravelly loams_0 to 3 percent slopes",2676
40,"Red Bluff","Yes",460101,26883102,9,NA,0.14,102,"ReA","Redding-Red Bluff gravelly loams_0 to 3 percent slopes",2676
8,"Moda","No",460101,26883103,NA,NA,NA,NA,"ReA","Redding-Red Bluff gravelly loams_0 to 3 percent slopes",2676
7,"Igo","No",460101,26883104,NA,NA,NA,NA,"ReA","Redding-Red Bluff gravelly loams_0 to 3 percent slopes",2676
45,"Redding","Yes",460102,26883105,2.78,19.77,0.05,71,"ReB","Redding-Red Bluff gravelly loams_3 to 8 percent slopes",956
40,"Red Bluff","Yes",460102,26883106,9,NA,0.14,102,"ReB","Redding-Red Bluff gravelly loams_3 to 8 percent slopes",956
8,"Moda","No",460102,26883107,NA,NA,NA,NA,"ReB","Redding-Red Bluff gravelly loams_3 to 8 percent slopes",956
7,"Igo","No",460102,26883108,NA,NA,NA,NA,"ReB","Redding-Red Bluff gravelly loams_3 to 8 percent slopes",956
85,"Reiff","Yes",460103,26883109,28,9.8,0.12,152,"RfB","Reiff sandy loam_channeled_0 to 8 percent slopes",255
5,"Unnamed","No",460103,26883110,NA,NA,NA,NA,"RfB","Reiff sandy loam_channeled_0 to 8 percent slopes",255
5,"Tujunga","No",460103,26883111,NA,NA,NA,NA,"RfB","Reiff sandy loam_channeled_0 to 8 percent slopes",255
5,"Anderson","No",460103,26883112,NA,NA,NA,NA,"RfB","Reiff sandy loam_channeled_0 to 8 percent slopes",255
85,"Reiff","Yes",460104,26883113,28,9.8,0.12,152,"RgA","Reiff fine sandy loam_0 to 3 percent slopes",3277
5,"Anderson","No",460104,26883114,NA,NA,NA,NA,"RgA","Reiff fine sandy loam_0 to 3 percent slopes",3277
10,"Tujunga","No",460104,26883115,NA,NA,NA,NA,"RgA","Reiff fine sandy loam_0 to 3 percent slopes",3277
85,"Reiff","Yes",460105,26883116,28,9.8,0.12,152,"RgB","Reiff fine sandy loam_3 to 8 percent slopes",486
5,"Anderson","No",460105,26883117,NA,NA,NA,NA,"RgB","Reiff fine sandy loam_3 to 8 percent slopes",486
10,"Tujunga","No",460105,26883118,NA,NA,NA,NA,"RgB","Reiff fine sandy loam_3 to 8 percent slopes",486
85,"Reiff","Yes",460106,26883119,28,9.8,0.12,152,"RhA","Reiff fine sandy loam_deep_0 to 3 percent slopes",412
5,"Anderson","No",460106,26883120,NA,NA,NA,NA,"RhA","Reiff fine sandy loam_deep_0 to 3 percent slopes",412
10,"Tujunga","No",460106,26883121,NA,NA,NA,NA,"RhA","Reiff fine sandy loam_deep_0 to 3 percent slopes",412
85,"Reiff","Yes",460107,26883122,28,9.8,0.09,152,"RkA","Reiff gravelly fine sandy loam_deep_0 to 3 percent slopes",444
5,"Tujunga","No",460107,26883123,NA,NA,NA,NA,"RkA","Reiff gravelly fine sandy loam_deep_0 to 3 percent slopes",444
10,"Honcut","No",460107,26883124,NA,NA,NA,NA,"RkA","Reiff gravelly fine sandy loam_deep_0 to 3 percent slopes",444
85,"Reiff","Yes",460108,26883125,28,9.8,0.15,157,"RlA","Reiff loam_0 to 3 percent slopes",4719
5,"Tujunga","No",460108,26883126,NA,NA,NA,NA,"RlA","Reiff loam_0 to 3 percent slopes",4719
10,"Honcut","No",460108,26883127,NA,NA,NA,NA,"RlA","Reiff loam_0 to 3 percent slopes",4719
85,"Reiff","Yes",460109,26883128,28,9.8,0.15,157,"RmA","Reiff loam_seeped_0 to 3 percent slopes",1150
5,"Tujunga","No",460109,26883129,NA,NA,NA,NA,"RmA","Reiff loam_seeped_0 to 3 percent slopes",1150
10,"Honcut","No",460109,26883130,NA,NA,NA,NA,"RmA","Reiff loam_seeped_0 to 3 percent slopes",1150
85,"Reiff","Yes",460110,26883131,28,9.8,0.13,152,"RnA","Reiff gravelly loam_0 to 3 percent slopes",351
5,"Honcut","No",460110,26883132,NA,NA,NA,NA,"RnA","Reiff gravelly loam_0 to 3 percent slopes",351
10,"Anderson","No",460110,26883133,NA,NA,NA,NA,"RnA","Reiff gravelly loam_0 to 3 percent slopes",351
85,"Reiff","Yes",460111,26883134,28,9.8,0.13,152,"RoA","Reiff gravelly loam_slightly wet_0 to 3 percent slopes",268
5,"Honcut","No",460111,26883135,NA,NA,NA,NA,"RoA","Reiff gravelly loam_slightly wet_0 to 3 percent slopes",268
10,"Anderson","No",460111,26883136,NA,NA,NA,NA,"RoA","Reiff gravelly loam_slightly wet_0 to 3 percent slopes",268
100,"Riverwash","Yes",460112,26883137,92,NA,0.02,152,"Rw","Riverwash",4228
100,"Rock land","Yes",460113,26883138,71,NA,0,25,"RxF","Rockland",17630
100,"Rubble land","Yes",460114,26883139,141,NA,0.05,152,"RyF","Rubble land",2674
85,"Sehorn","Yes",460115,26883140,0.91,35,0.15,99,"ScB","Sehorn silty clay_3 to 8 percent slope",240
5,"Tehama","No",460115,26883141,NA,NA,NA,NA,"ScB","Sehorn silty clay_3 to 8 percent slope",240
10,"Myers","No",460115,26883142,NA,NA,NA,NA,"ScB","Sehorn silty clay_3 to 8 percent slope",240
85,"Sehorn","Yes",460116,26883143,0.91,35,0.15,99,"ScD","Sehorn silty clay_8 to 30 slopes",4018
5,"Millsholm","No",460116,26883144,NA,NA,NA,NA,"ScD","Sehorn silty clay_8 to 30 slopes",4018
5,"Lodo","No",460116,26883145,NA,NA,NA,NA,"ScD","Sehorn silty clay_8 to 30 slopes",4018
5,"Kilarc","No",460116,26883146,NA,NA,NA,NA,"ScD","Sehorn silty clay_8 to 30 slopes",4018
85,"Sehorn","Yes",460117,26883147,0.91,35,0.15,99,"ScE","Sehorn silty clay_30 to 50 percent slopes",9205
5,"Millsholm","No",460117,26883148,NA,NA,NA,NA,"ScE","Sehorn silty clay_30 to 50 percent slopes",9205
5,"Millsap","No",460117,26883149,NA,NA,NA,NA,"ScE","Sehorn silty clay_30 to 50 percent slopes",9205
5,"Lodo","No",460117,26883150,NA,NA,NA,NA,"ScE","Sehorn silty clay_30 to 50 percent slopes",9205
85,"Sehorn","Yes",460118,26883151,0.91,35,0.15,81,"SdD2","Sehorn very stony silty clay_8 to 30 percent slopes_eroded",2271
5,"Myers","No",460118,26883152,NA,NA,NA,NA,"SdD2","Sehorn very stony silty clay_8 to 30 percent slopes_eroded",2271
5,"Millsholm","No",460118,26883153,NA,NA,NA,NA,"SdD2","Sehorn very stony silty clay_8 to 30 percent slopes_eroded",2271
5,"Kilarc","No",460118,26883154,NA,NA,NA,NA,"SdD2","Sehorn very stony silty clay_8 to 30 percent slopes_eroded",2271
85,"Sehorn","Yes",460119,26883155,0.91,35,0.15,61,"SeD","Sehorn silty clay_moderately deep_8 to 30 percent slopes",1985
5,"Tehama","No",460119,26883156,NA,NA,NA,NA,"SeD","Sehorn silty clay_moderately deep_8 to 30 percent slopes",1985
5,"Millsholm","No",460119,26883157,NA,NA,NA,NA,"SeD","Sehorn silty clay_moderately deep_8 to 30 percent slopes",1985
5,"Millsap","No",460119,26883158,NA,NA,NA,NA,"SeD","Sehorn silty clay_moderately deep_8 to 30 percent slopes",1985
85,"Sehorn","Yes",460120,26883159,0.91,35,0.15,61,"SeE","Sehorn silty clay_moderately deep_30 to 50 percent slopes",5483
5,"Tehama","No",460120,26883160,NA,NA,NA,NA,"SeE","Sehorn silty clay_moderately deep_30 to 50 percent slopes",5483
5,"Millsap","No",460120,26883161,NA,NA,NA,NA,"SeE","Sehorn silty clay_moderately deep_30 to 50 percent slopes",5483
5,"Lodo","No",460120,26883162,NA,NA,NA,NA,"SeE","Sehorn silty clay_moderately deep_30 to 50 percent slopes",5483
5,"Sehorn","No",460121,26883163,NA,NA,NA,NA,"SfF2","Sehorn complex_50 to 70 percent slopes_eroded",1073
5,"Millsholm","No",460121,26883164,NA,NA,NA,NA,"SfF2","Sehorn complex_50 to 70 percent slopes_eroded",1073
5,"Millsap","No",460121,26883165,NA,NA,NA,NA,"SfF2","Sehorn complex_50 to 70 percent slopes_eroded",1073
5,"Lodo","No",460121,26883166,NA,NA,NA,NA,"SfF2","Sehorn complex_50 to 70 percent slopes_eroded",1073
41,"Sehorn","Yes",460121,26883167,0.91,35,0.15,81,"SfF2","Sehorn complex_50 to 70 percent slopes_eroded",1073
39,"Sehorn","Yes",460121,26883168,0.91,35,0.15,61,"SfF2","Sehorn complex_50 to 70 percent slopes_eroded",1073
85,"Sheetiron","Yes",460122,26883169,9,17.5,0.11,66,"SgE","Sheetiron very stony loam_30 to 50 percent slopes",602
5,"Millsholm","No",460122,26883170,NA,NA,NA,NA,"SgE","Sheetiron very stony loam_30 to 50 percent slopes",602
5,"Marpa","No",460122,26883171,NA,NA,NA,NA,"SgE","Sheetiron very stony loam_30 to 50 percent slopes",602
5,"Josephine","No",460122,26883172,NA,NA,NA,NA,"SgE","Sheetiron very stony loam_30 to 50 percent slopes",602
85,"Sheetiron","Yes",460123,26883173,9,17.5,0.11,66,"SgF","Sheetiron very stony loam_50 to 75 percent slopes",6394
5,"Millsholm","No",460123,26883174,NA,NA,NA,NA,"SgF","Sheetiron very stony loam_50 to 75 percent slopes",6394
5,"Marpa","No",460123,26883175,NA,NA,NA,NA,"SgF","Sheetiron very stony loam_50 to 75 percent slopes",6394
5,"Josephine","No",460123,26883176,NA,NA,NA,NA,"SgF","Sheetiron very stony loam_50 to 75 percent slopes",6394
85,"Sheetiron","Yes",460124,26883177,9,17.5,0.11,66,"SgG","Sheetiron very stony loam_75 to 90 percent slopes",1520
5,"Millsholm","No",460124,26883178,NA,NA,NA,NA,"SgG","Sheetiron very stony loam_75 to 90 percent slopes",1520
5,"Marpa","No",460124,26883179,NA,NA,NA,NA,"SgG","Sheetiron very stony loam_75 to 90 percent slopes",1520
5,"Josephine","No",460124,26883180,NA,NA,NA,NA,"SgG","Sheetiron very stony loam_75 to 90 percent slopes",1520
85,"Shingletown","Yes",460125,26883181,3.83,18.65,0.18,165,"ShB","Shingletown clay loam_0 to 8 percent slopes",1232
1,"Unnamed","No",460125,26883182,NA,NA,NA,NA,"ShB","Shingletown clay loam_0 to 8 percent slopes",1232
4,"McCarthy","No",460125,26883183,NA,NA,NA,NA,"ShB","Shingletown clay loam_0 to 8 percent slopes",1232
5,"Kilarc","No",460125,26883184,NA,NA,NA,NA,"ShB","Shingletown clay loam_0 to 8 percent slopes",1232
5,"Cohasset","No",460125,26883185,NA,NA,NA,NA,"ShB","Shingletown clay loam_0 to 8 percent slopes",1232
85,"Shingletown","Yes",460126,26883186,9,18.65,0.17,165,"SkA","Shingletown loam_drained_0 to 3 percent slopes",607
1,"Unnamed","No",460126,26883187,NA,NA,NA,NA,"SkA","Shingletown loam_drained_0 to 3 percent slopes",607
4,"McCarthy","No",460126,26883188,NA,NA,NA,NA,"SkA","Shingletown loam_drained_0 to 3 percent slopes",607
5,"Kilarc","No",460126,26883189,NA,NA,NA,NA,"SkA","Shingletown loam_drained_0 to 3 percent slopes",607
5,"Cohasset","No",460126,26883190,NA,NA,NA,NA,"SkA","Shingletown loam_drained_0 to 3 percent slopes",607
85,"Sierra","Yes",460127,26883191,5.85,13.39,0.14,134,"SmB","Sierra sandy loam_2 to 9 percent slopes_LRU 15XF",270
10,"Auberry","No",460127,26883192,NA,NA,NA,NA,"SmB","Sierra sandy loam_2 to 9 percent slopes_LRU 15XF",270
5,"Caperton","No",460127,26883193,NA,NA,NA,NA,"SmB","Sierra sandy loam_2 to 9 percent slopes_LRU 15XF",270
85,"Sierra","Yes",460128,26883194,5.85,13.39,0.14,134,"SmC","Sierra sandy loam_9 to 15 percent slopes_LRU 15XF",2829
10,"Auberry","No",460128,26883195,NA,NA,NA,NA,"SmC","Sierra sandy loam_9 to 15 percent slopes_LRU 15XF",2829
5,"Caperton","No",460128,26883196,NA,NA,NA,NA,"SmC","Sierra sandy loam_9 to 15 percent slopes_LRU 15XF",2829
85,"Sierra","Yes",460129,26883197,5.85,13.39,0.14,134,"SmD","Sierra sandy loam_15 to 30 percent slopes_LRU 15XF",931
10,"Auberry","No",460129,26883198,NA,NA,NA,NA,"SmD","Sierra sandy loam_15 to 30 percent slopes_LRU 15XF",931
5,"Caperton","No",460129,26883199,NA,NA,NA,NA,"SmD","Sierra sandy loam_15 to 30 percent slopes_LRU 15XF",931
85,"Sierra","Yes",460130,26883200,3.96,13.5,0.16,112,"SmD3","Sierra sandy loam_15 to 30 percent slopes_severely eroded",166
10,"Auberry","No",460130,26883201,NA,NA,NA,NA,"SmD3","Sierra sandy loam_15 to 30 percent slopes_severely eroded",166
5,"Caperton","No",460130,26883202,NA,NA,NA,NA,"SmD3","Sierra sandy loam_15 to 30 percent slopes_severely eroded",166
85,"Sierra","Yes",460131,26883203,5.85,11.25,0.14,119,"SmE","Sierra sandy loam_30 to 50 percent slopes",690
10,"Auberry","No",460131,26883204,NA,NA,NA,NA,"SmE","Sierra sandy loam_30 to 50 percent slopes",690
5,"Caperton","No",460131,26883205,NA,NA,NA,NA,"SmE","Sierra sandy loam_30 to 50 percent slopes",690
85,"Sites","Yes",460132,26883206,7.24,22.5,0.16,160,"SnC","Sites loam_5 to 15 percent slopes",429
5,"Millsholm","No",460132,26883207,NA,NA,NA,NA,"SnC","Sites loam_5 to 15 percent slopes",429
5,"Kilarc","No",460132,26883208,NA,NA,NA,NA,"SnC","Sites loam_5 to 15 percent slopes",429
5,"Josephine","No",460132,26883209,NA,NA,NA,NA,"SnC","Sites loam_5 to 15 percent slopes",429
5,"Jocal","No",460133,26883210,NA,NA,NA,NA,"SnD","Sites loam_15 to 30 percent slopes_low ffd",2180
5,"Kilarc","No",460133,26883211,NA,NA,NA,NA,"SnD","Sites loam_15 to 30 percent slopes_low ffd",2180
5,"Millsholm","No",460133,26883212,NA,NA,NA,NA,"SnD","Sites loam_15 to 30 percent slopes_low ffd",2180
85,"Sites","Yes",460133,26883213,12.22,18.67,0.21,200,"SnD","Sites loam_15 to 30 percent slopes_low ffd",2180
5,"Kilarc","No",460134,26883214,NA,NA,NA,NA,"SnE","Sites loam_30 to 50 percent slopes_low ffd",1221
5,"Jocal","No",460134,26883215,NA,NA,NA,NA,"SnE","Sites loam_30 to 50 percent slopes_low ffd",1221
5,"Millsholm","No",460134,26883216,NA,NA,NA,NA,"SnE","Sites loam_30 to 50 percent slopes_low ffd",1221
85,"Sites","Yes",460134,26883217,12.22,18.67,0.21,200,"SnE","Sites loam_30 to 50 percent slopes_low ffd",1221
85,"Sites","Yes",460135,26883218,7.24,27.5,0.16,160,"SnF","Sites loam_50 to 70 percent slopes",1117
5,"Millsholm","No",460135,26883219,NA,NA,NA,NA,"SnF","Sites loam_50 to 70 percent slopes",1117
5,"Kilarc","No",460135,26883220,NA,NA,NA,NA,"SnF","Sites loam_50 to 70 percent slopes",1117
5,"Josephine","No",460135,26883221,NA,NA,NA,NA,"SnF","Sites loam_50 to 70 percent slopes",1117
85,"Sites","Yes",460136,26883222,7.24,27.5,0.15,165,"SoD","Sites stony loam_8 to 30 percent slopes",3831
5,"Millsholm","No",460136,26883223,NA,NA,NA,NA,"SoD","Sites stony loam_8 to 30 percent slopes",3831
5,"Kilarc","No",460136,26883224,NA,NA,NA,NA,"SoD","Sites stony loam_8 to 30 percent slopes",3831
5,"Josephine","No",460136,26883225,NA,NA,NA,NA,"SoD","Sites stony loam_8 to 30 percent slopes",3831
70,"Sites","Yes",460137,26883226,7.24,27.5,0.16,127,"SpE","Sites very rocky loam_30 to 50 percent slopes",1034
5,"Millsholm","No",460137,26883227,NA,NA,NA,NA,"SpE","Sites very rocky loam_30 to 50 percent slopes",1034
5,"Kilarc","No",460137,26883228,NA,NA,NA,NA,"SpE","Sites very rocky loam_30 to 50 percent slopes",1034
5,"Josephine","No",460137,26883229,NA,NA,NA,NA,"SpE","Sites very rocky loam_30 to 50 percent slopes",1034
15,"Rock outcrop","Yes",460137,26883230,71,NA,0,10,"SpE","Sites very rocky loam_30 to 50 percent slopes",1034
85,"Spreckels","Yes",460138,26883231,8.3,14.7,0.13,152,"SrA","Spreckels sandy loam_0 to 3 percent slopes",521
5,"Unnamed","No",460138,26883232,NA,NA,NA,NA,"SrA","Spreckels sandy loam_0 to 3 percent slopes",521
5,"Honn","No",460138,26883233,NA,NA,NA,NA,"SrA","Spreckels sandy loam_0 to 3 percent slopes",521
5,"Hillgate","No",460138,26883234,NA,NA,NA,NA,"SrA","Spreckels sandy loam_0 to 3 percent slopes",521
85,"Spreckels","Yes",460139,26883235,8.3,14.7,0.13,152,"SrB","Spreckels sandy loam_3 to 8 percent slopes",2009
5,"Unnamed","No",460139,26883236,NA,NA,NA,NA,"SrB","Spreckels sandy loam_3 to 8 percent slopes",2009
5,"Honn","No",460139,26883237,NA,NA,NA,NA,"SrB","Spreckels sandy loam_3 to 8 percent slopes",2009
5,"Hillgate","No",460139,26883238,NA,NA,NA,NA,"SrB","Spreckels sandy loam_3 to 8 percent slopes",2009
85,"Stonyford","Yes",460140,26883239,5.6,17.3,0.13,71,"SsE","Stonyford very stony loam_30 to 50 percent slopes",3891
5,"Goulding","No",460140,26883240,NA,NA,NA,NA,"SsE","Stonyford very stony loam_30 to 50 percent slopes",3891
5,"Boomer","No",460140,26883241,NA,NA,NA,NA,"SsE","Stonyford very stony loam_30 to 50 percent slopes",3891
5,"Auburn","No",460140,26883242,NA,NA,NA,NA,"SsE","Stonyford very stony loam_30 to 50 percent slopes",3891
85,"Stonyford","Yes",460141,26883243,5.6,17.3,0.13,71,"SsG","Stonyford very stony loam_50 to 75 percent slopes",8670
5,"Goulding","No",460141,26883244,NA,NA,NA,NA,"SsG","Stonyford very stony loam_50 to 75 percent slopes",8670
5,"Boomer","No",460141,26883245,NA,NA,NA,NA,"SsG","Stonyford very stony loam_50 to 75 percent slopes",8670
5,"Auburn","No",460141,26883246,NA,NA,NA,NA,"SsG","Stonyford very stony loam_50 to 75 percent slopes",8670
85,"Supan","Yes",460142,26883247,5.85,21.25,0.14,109,"StC","Supan gravelly loam_5 to 15 percent slopes",600
5,"Toomes","No",460142,26883248,NA,NA,NA,NA,"StC","Supan gravelly loam_5 to 15 percent slopes",600
5,"Inks","No",460142,26883249,NA,NA,NA,NA,"StC","Supan gravelly loam_5 to 15 percent slopes",600
5,"Aiken","No",460142,26883250,NA,NA,NA,NA,"StC","Supan gravelly loam_5 to 15 percent slopes",600
85,"Supan","Yes",460143,26883251,5.85,21.25,0.14,109,"StD","Supan gravelly loam_15 to 30 percent slopes",2135
5,"Toomes","No",460143,26883252,NA,NA,NA,NA,"StD","Supan gravelly loam_15 to 30 percent slopes",2135
5,"Inks","No",460143,26883253,NA,NA,NA,NA,"StD","Supan gravelly loam_15 to 30 percent slopes",2135
5,"Aiken","No",460143,26883254,NA,NA,NA,NA,"StD","Supan gravelly loam_15 to 30 percent slopes",2135
85,"Supan","Yes",460144,26883255,5.85,21.25,0.14,109,"StE","Supan gravelly loam_30 to 50 percent slopes",1868
5,"Toomes","No",460144,26883256,NA,NA,NA,NA,"StE","Supan gravelly loam_30 to 50 percent slopes",1868
5,"Inks","No",460144,26883257,NA,NA,NA,NA,"StE","Supan gravelly loam_30 to 50 percent slopes",1868
5,"Aiken","No",460144,26883258,NA,NA,NA,NA,"StE","Supan gravelly loam_30 to 50 percent slopes",1868
85,"Supan","Yes",460145,26883259,5.85,21.25,0.14,109,"SuD","Supan very stony loam_0 to 30 percent slopes",6756
5,"Toomes","No",460145,26883260,NA,NA,NA,NA,"SuD","Supan very stony loam_0 to 30 percent slopes",6756
5,"Pentz","No",460145,26883261,NA,NA,NA,NA,"SuD","Supan very stony loam_0 to 30 percent slopes",6756
5,"Cohasset","No",460145,26883262,NA,NA,NA,NA,"SuD","Supan very stony loam_0 to 30 percent slopes",6756
85,"Supan","Yes",460146,26883263,5.85,21.25,0.14,109,"SuE","Supan very stony loam_30 to 50 percent slopes",3686
5,"Toomes","No",460146,26883264,NA,NA,NA,NA,"SuE","Supan very stony loam_30 to 50 percent slopes",3686
5,"Pentz","No",460146,26883265,NA,NA,NA,NA,"SuE","Supan very stony loam_30 to 50 percent slopes",3686
5,"Cohasset","No",460146,26883266,NA,NA,NA,NA,"SuE","Supan very stony loam_30 to 50 percent slopes",3686
95,"Tailings and placer","Yes",460147,26883267,100,NA,0,152,"TaD","Tailings and placer diggings",8427
5,"Unnamed","No",460147,26883268,NA,NA,NA,NA,"TaD","Tailings and placer diggings",8427
85,"Tehama","Yes",460150,26883269,9,15,0.16,152,"TbC","Tehama loam_8 to 15 percent slopes",967
15,"Sehorn","No",460150,26883270,NA,NA,NA,NA,"TbC","Tehama loam_8 to 15 percent slopes",967
70,"Toomes","Yes",460151,26883271,9,20,0.07,53,"TcE","Toomes very rocky loam_0 to 50 percent slopes",23803
5,"Supan","No",460151,26883272,NA,NA,NA,NA,"TcE","Toomes very rocky loam_0 to 50 percent slopes",23803
5,"Guenoc","No",460151,26883273,NA,NA,NA,NA,"TcE","Toomes very rocky loam_0 to 50 percent slopes",23803
20,"Rock outcrop","Yes",460151,26883274,NA,NA,0,25,"TcE","Toomes very rocky loam_0 to 50 percent slopes",23803
85,"Toomes","Yes",460152,26883275,9,20,0.09,38,"TeD","Toomes very stony loam_0 to 30 percent slopes",21466
5,"Supan","No",460152,26883276,NA,NA,NA,NA,"TeD","Toomes very stony loam_0 to 30 percent slopes",21466
10,"Guenoc","No",460152,26883277,NA,NA,NA,NA,"TeD","Toomes very stony loam_0 to 30 percent slopes",21466
85,"Tujunga","Yes",460153,26883278,92,3,0.08,152,"TfA","Tujunga loamy sand_0 to 3 percent slopes",443
5,"Riverwash","No",460153,26883279,NA,NA,NA,NA,"TfA","Tujunga loamy sand_0 to 3 percent slopes",443
5,"Reiff","No",460153,26883280,NA,NA,NA,NA,"TfA","Tujunga loamy sand_0 to 3 percent slopes",443
5,"Cobbly alluvial land","No",460153,26883281,NA,NA,NA,NA,"TfA","Tujunga loamy sand_0 to 3 percent slopes",443
85,"Tujunga","Yes",460154,26883282,92,3,0.08,152,"TfB","Tujunga loamy_3 to 8 percent slopes",182
5,"Riverwash","No",460154,26883283,NA,NA,NA,NA,"TfB","Tujunga loamy_3 to 8 percent slopes",182
5,"Reiff","No",460154,26883284,NA,NA,NA,NA,"TfB","Tujunga loamy_3 to 8 percent slopes",182
5,"Cobbly alluvial land","No",460154,26883285,NA,NA,NA,NA,"TfB","Tujunga loamy_3 to 8 percent slopes",182
85,"Tuscan","Yes",460155,26883286,2.04,35.12,0.12,66,"ThA","Tuscan cobbly loam_0 to 3 percent slopes",4678
5,"Unnamed","No",460155,26883287,NA,NA,NA,NA,"ThA","Tuscan cobbly loam_0 to 3 percent slopes",4678
5,"Keefers","No",460155,26883288,NA,NA,NA,NA,"ThA","Tuscan cobbly loam_0 to 3 percent slopes",4678
5,"Igo","No",460155,26883289,NA,NA,NA,NA,"ThA","Tuscan cobbly loam_0 to 3 percent slopes",4678
85,"Tuscan","Yes",460156,26883290,2.04,35.12,0.12,66,"ThB","Tuscan cobbly loam_3 to 8 percent slopes",2433
5,"Unnamed","No",460156,26883291,NA,NA,NA,NA,"ThB","Tuscan cobbly loam_3 to 8 percent slopes",2433
5,"Keefers","No",460156,26883292,NA,NA,NA,NA,"ThB","Tuscan cobbly loam_3 to 8 percent slopes",2433
5,"Igo","No",460156,26883293,NA,NA,NA,NA,"ThB","Tuscan cobbly loam_3 to 8 percent slopes",2433
5,"Los Robles","No",460157,26883294,NA,NA,NA,NA,"VeA","Vina loam_flood-plain steps_0 to 5 percent slopes_MLRA 17",1360
5,"Honn","No",460157,26883295,NA,NA,NA,NA,"VeA","Vina loam_flood-plain steps_0 to 5 percent slopes_MLRA 17",1360
85,"Vina","Yes",460157,26883296,6.4,17.97,0.18,160,"VeA","Vina loam_flood-plain steps_0 to 5 percent slopes_MLRA 17",1360
5,"Cobbly alluvial land","No",460157,26883297,NA,NA,NA,NA,"VeA","Vina loam_flood-plain steps_0 to 5 percent slopes_MLRA 17",1360
85,"Vina","Yes",460158,26883298,9,17.5,0.16,152,"VfA","Vina loam_seeped_0 to 3 percent slopes",256
5,"Molinos","No",460158,26883299,NA,NA,NA,NA,"VfA","Vina loam_seeped_0 to 3 percent slopes",256
5,"Los Robles","No",460158,26883300,NA,NA,NA,NA,"VfA","Vina loam_seeped_0 to 3 percent slopes",256
5,"Honn","No",460158,26883301,NA,NA,NA,NA,"VfA","Vina loam_seeped_0 to 3 percent slopes",256
85,"Vina","Yes",460159,26883302,9,17.5,0.12,152,"VgB","Vina gravelly loam_3 to 8 percent slopes",232
5,"Los Robles","No",460159,26883303,NA,NA,NA,NA,"VgB","Vina gravelly loam_3 to 8 percent slopes",232
10,"Honn","No",460159,26883304,NA,NA,NA,NA,"VgB","Vina gravelly loam_3 to 8 percent slopes",232
100,"Wet alluvial land","Yes",460160,26883305,2.7,NA,0.17,152,"Wa","Wet alluvial land",593
10,"Cohasset","No",460161,26883306,NA,NA,NA,NA,"WeD","Windy and McCarthy stony sandy loams_0 to 30 percent slopes",30020
41,"Windy","Yes",460161,26883307,28,30,0.1,147,"WeD","Windy and McCarthy stony sandy loams_0 to 30 percent slopes",30020
39,"McCarthy","Yes",460161,26883308,28,30,0.11,137,"WeD","Windy and McCarthy stony sandy loams_0 to 30 percent slopes",30020
10,"Lydon","No",460161,26883309,NA,NA,NA,NA,"WeD","Windy and McCarthy stony sandy loams_0 to 30 percent slopes",30020
10,"Cohasset","No",460162,26883310,NA,NA,NA,NA,"WfE","Windy and McCarthy very stony sandy loams_30 to 50 percent slopes",13216
41,"Windy","Yes",460162,26883311,28,30,0.07,147,"WfE","Windy and McCarthy very stony sandy loams_30 to 50 percent slopes",13216
39,"McCarthy","Yes",460162,26883312,28,35,0.07,137,"WfE","Windy and McCarthy very stony sandy loams_30 to 50 percent slopes",13216
10,"Lydon","No",460162,26883313,NA,NA,NA,NA,"WfE","Windy and McCarthy very stony sandy loams_30 to 50 percent slopes",13216
10,"Cohasset","No",460163,26883314,NA,NA,NA,NA,"WfG","Windy and McCarthy very stony sandy loams_50 to 75 percent slopes",7594
41,"Windy","Yes",460163,26883315,28,30,0.07,147,"WfG","Windy and McCarthy very stony sandy loams_50 to 75 percent slopes",7594
39,"McCarthy","Yes",460163,26883316,28,35,0.07,137,"WfG","Windy and McCarthy very stony sandy loams_50 to 75 percent slopes",7594
10,"Lydon","No",460163,26883317,NA,NA,NA,NA,"WfG","Windy and McCarthy very stony sandy loams_50 to 75 percent slopes",7594
5,"Cohasset","No",460164,26883318,NA,NA,NA,NA,"WgE","Windy and McCarthy very rocky sandy loams_8 to 50 percent slopes",2874
36,"Windy","Yes",460164,26883319,28,30,0.07,132,"WgE","Windy and McCarthy very rocky sandy loams_8 to 50 percent slopes",2874
34,"McCarthy","Yes",460164,26883320,28,30,0.11,122,"WgE","Windy and McCarthy very rocky sandy loams_8 to 50 percent slopes",2874
5,"Lydon","No",460164,26883321,NA,NA,NA,NA,"WgE","Windy and McCarthy very rocky sandy loams_8 to 50 percent slopes",2874
20,"Rock outcrop","Yes",460164,26883322,71,NA,0,25,"WgE","Windy and McCarthy very rocky sandy loams_8 to 50 percent slopes",2874
100,"Water","Yes",1395761,26883323,NA,NA,NA,NA,"W","Water",7512
100,"Dams","Yes",1395762,26883324,NA,NA,NA,NA,"DAM","Dams",14
60,"Gasper","Yes",2375742,26883325,28.23,21.3,0.14,155,"174im","Gasper-Scarface complex_moist_30 to 50 percent slopes",1236
20,"Scarface","Yes",2375742,26883326,28.23,20.65,0.25,155,"174im","Gasper-Scarface complex_moist_30 to 50 percent slopes",1236
3,"Chatterdown","No",2375742,26883327,NA,NA,NA,NA,"174im","Gasper-Scarface complex_moist_30 to 50 percent slopes",1236
4,"Nikal","No",2375742,26883328,NA,NA,NA,NA,"174im","Gasper-Scarface complex_moist_30 to 50 percent slopes",1236
6,"Unnamed","No",2375742,26883329,NA,NA,NA,NA,"174im","Gasper-Scarface complex_moist_30 to 50 percent slopes",1236
3,"Unnamed","No",2375742,26883330,NA,NA,NA,NA,"174im","Gasper-Scarface complex_moist_30 to 50 percent slopes",1236
4,"Rock outcrop","No",2375742,26883331,NA,NA,NA,NA,"174im","Gasper-Scarface complex_moist_30 to 50 percent slopes",1236
50,"Gasper","Yes",2375749,26883332,28.23,21.3,0.14,155,"172im","Gasper-Scarface complex_moist_2 to 15 percent slopes",1356
35,"Scarface","Yes",2375749,26883333,28.23,20.65,0.25,155,"172im","Gasper-Scarface complex_moist_2 to 15 percent slopes",1356
5,"Unnamed","No",2375749,26883334,NA,NA,NA,NA,"172im","Gasper-Scarface complex_moist_2 to 15 percent slopes",1356
5,"Chatterdown","No",2375749,26883335,NA,NA,NA,NA,"172im","Gasper-Scarface complex_moist_2 to 15 percent slopes",1356
5,"Nikal","No",2375749,26883336,NA,NA,NA,NA,"172im","Gasper-Scarface complex_moist_2 to 15 percent slopes",1356
85,"Carberry","Yes",2375756,26883337,28.23,32.5,0.35,137,"125im","Carberry gravelly fine sandy loam_2 to 15 percent slopes",1
4,"Unnamed","No",2375756,26883338,NA,NA,NA,NA,"125im","Carberry gravelly fine sandy loam_2 to 15 percent slopes",1
3,"Unnamed","No",2375756,26883339,NA,NA,NA,NA,"125im","Carberry gravelly fine sandy loam_2 to 15 percent slopes",1
4,"Unnamed","No",2375756,26883340,NA,NA,NA,NA,"125im","Carberry gravelly fine sandy loam_2 to 15 percent slopes",1
4,"Lava flows","No",2375756,26883341,NA,NA,NA,NA,"125im","Carberry gravelly fine sandy loam_2 to 15 percent slopes",1
85,"Danhunt","Yes",2375757,26883342,28.23,20.5,0.27,165,"139im","Danhunt gravelly sandy loam_15 to 30 percent slopes",45
2,"Unnamed","No",2375757,26883343,NA,NA,NA,NA,"139im","Danhunt gravelly sandy loam_15 to 30 percent slopes",45
5,"Stacher","No",2375757,26883344,NA,NA,NA,NA,"139im","Danhunt gravelly sandy loam_15 to 30 percent slopes",45
3,"Rock outcrop","No",2375757,26883345,NA,NA,NA,NA,"139im","Danhunt gravelly sandy loam_15 to 30 percent slopes",45
5,"Obie","No",2375757,26883346,NA,NA,NA,NA,"139im","Danhunt gravelly sandy loam_15 to 30 percent slopes",45
85,"Danhunt","Yes",2375758,26883347,28.23,20.5,0.27,165,"140im","Danhunt gravelly sandy loam_30 to 50 percent slopes",808
5,"Obie","No",2375758,26883348,NA,NA,NA,NA,"140im","Danhunt gravelly sandy loam_30 to 50 percent slopes",808
3,"Rock outcrop","No",2375758,26883349,NA,NA,NA,NA,"140im","Danhunt gravelly sandy loam_30 to 50 percent slopes",808
5,"Stacher","No",2375758,26883350,NA,NA,NA,NA,"140im","Danhunt gravelly sandy loam_30 to 50 percent slopes",808
2,"Unnamed","No",2375758,26883351,NA,NA,NA,NA,"140im","Danhunt gravelly sandy loam_30 to 50 percent slopes",808
85,"Danhunt","Yes",2375760,26883352,28.23,20.5,0.27,165,"141im","Danhunt gravelly sandy loam_50 to 75 percent slopes",71
5,"Unnamed","No",2375760,26883353,NA,NA,NA,NA,"141im","Danhunt gravelly sandy loam_50 to 75 percent slopes",71
5,"Rock outcrop","No",2375760,26883354,NA,NA,NA,NA,"141im","Danhunt gravelly sandy loam_50 to 75 percent slopes",71
5,"Stacher","No",2375760,26883355,NA,NA,NA,NA,"141im","Danhunt gravelly sandy loam_50 to 75 percent slopes",71
60,"Gardens","Yes",2375762,26883356,5.02,26.3,0.15,157,"169im","Gardens-Jacksback complex_0 to 2 percent slopes",53
35,"Jacksback","Yes",2375762,26883357,9.17,20,0.16,203,"169im","Gardens-Jacksback complex_0 to 2 percent slopes",53
2,"Unnamed","No",2375762,26883358,NA,NA,NA,NA,"169im","Gardens-Jacksback complex_0 to 2 percent slopes",53
1,"Unnamed","No",2375762,26883359,NA,NA,NA,NA,"169im","Gardens-Jacksback complex_0 to 2 percent slopes",53
2,"Riverwash","No",2375762,26883360,NA,NA,NA,NA,"169im","Gardens-Jacksback complex_0 to 2 percent slopes",53
35,"Scarface","Yes",2375763,26883361,28.23,20.65,0.25,155,"173im","Gasper-Scarface complex_moist_15 to 30 percent slopes",3588
50,"Gasper","Yes",2375763,26883362,28.23,21.3,0.14,155,"173im","Gasper-Scarface complex_moist_15 to 30 percent slopes",3588
4,"Chatterdown","No",2375763,26883363,NA,NA,NA,NA,"173im","Gasper-Scarface complex_moist_15 to 30 percent slopes",3588
4,"Nikal","No",2375763,26883364,NA,NA,NA,NA,"173im","Gasper-Scarface complex_moist_15 to 30 percent slopes",3588
4,"Unnamed","No",2375763,26883365,NA,NA,NA,NA,"173im","Gasper-Scarface complex_moist_15 to 30 percent slopes",3588
3,"Unnamed","No",2375763,26883366,NA,NA,NA,NA,"173im","Gasper-Scarface complex_moist_15 to 30 percent slopes",3588
85,"Goulder","Yes",2375764,26883367,25.56,28.05,0.3,163,"178im","Goulder gravelly sandy loam_2 to 15 percent slopes",470
5,"Unnamed","No",2375764,26883368,NA,NA,NA,NA,"178im","Goulder gravelly sandy loam_2 to 15 percent slopes",470
2,"Danhunt","No",2375764,26883369,NA,NA,NA,NA,"178im","Goulder gravelly sandy loam_2 to 15 percent slopes",470
3,"Mounthat","No",2375764,26883370,NA,NA,NA,NA,"178im","Goulder gravelly sandy loam_2 to 15 percent slopes",470
3,"Obie","No",2375764,26883371,NA,NA,NA,NA,"178im","Goulder gravelly sandy loam_2 to 15 percent slopes",470
2,"Stacher","No",2375764,26883372,NA,NA,NA,NA,"178im","Goulder gravelly sandy loam_2 to 15 percent slopes",470
85,"Goulder","Yes",2375765,26883373,25.56,28.05,0.3,163,"179im","Goulder gravelly sandy loam_15 to 30 percent slopes",1944
3,"Unnamed","No",2375765,26883374,NA,NA,NA,NA,"179im","Goulder gravelly sandy loam_15 to 30 percent slopes",1944
4,"Mounthat","No",2375765,26883375,NA,NA,NA,NA,"179im","Goulder gravelly sandy loam_15 to 30 percent slopes",1944
4,"Obie","No",2375765,26883376,NA,NA,NA,NA,"179im","Goulder gravelly sandy loam_15 to 30 percent slopes",1944
4,"Stacher","No",2375765,26883377,NA,NA,NA,NA,"179im","Goulder gravelly sandy loam_15 to 30 percent slopes",1944
50,"Gullied land","Yes",2375767,26883378,NA,NA,NA,152,"181im","Gullied land-Rock outcrop-Mounthat complex_50 to 75 percent slopes",6
10,"Mounthat","Yes",2375767,26883379,59.98,50,0.43,94,"181im","Gullied land-Rock outcrop-Mounthat complex_50 to 75 percent slopes",6
5,"Etsel","No",2375767,26883380,NA,NA,NA,NA,"181im","Gullied land-Rock outcrop-Mounthat complex_50 to 75 percent slopes",6
5,"Rubble land","No",2375767,26883381,NA,NA,NA,NA,"181im","Gullied land-Rock outcrop-Mounthat complex_50 to 75 percent slopes",6
30,"Rock outcrop","Yes",2375767,26883382,NA,NA,NA,152,"181im","Gullied land-Rock outcrop-Mounthat complex_50 to 75 percent slopes",6
85,"Jacksback","Yes",2375768,26883383,9.17,20,0.16,203,"190im","Jacksback loam_2 to 9 percent slopes",562
3,"Riverwash","No",2375768,26883384,NA,NA,NA,NA,"190im","Jacksback loam_2 to 9 percent slopes",562
3,"Unnamed","No",2375768,26883385,NA,NA,NA,NA,"190im","Jacksback loam_2 to 9 percent slopes",562
4,"Nanny","No",2375768,26883386,NA,NA,NA,NA,"190im","Jacksback loam_2 to 9 percent slopes",562
5,"Gardens","No",2375768,26883387,NA,NA,NA,NA,"190im","Jacksback loam_2 to 9 percent slopes",562
85,"Kettlebelly","Yes",2375769,26883388,6,21.25,0.14,252,"215im","Kettlebelly gravelly loam_5 to 15 percent slopes",169
5,"Kindig","No",2375769,26883389,NA,NA,NA,NA,"215im","Kettlebelly gravelly loam_5 to 15 percent slopes",169
5,"Neuns","No",2375769,26883390,NA,NA,NA,NA,"215im","Kettlebelly gravelly loam_5 to 15 percent slopes",169
5,"Unnamed","No",2375769,26883391,NA,NA,NA,NA,"215im","Kettlebelly gravelly loam_5 to 15 percent slopes",169
55,"Kettlebelly","Yes",2375770,26883392,6,21.25,0.14,252,"218im","Kettlebelly-Neuns complex_15 to 30 percent slopes",162
25,"Neuns","Yes",2375770,26883393,9.17,13.6,0.08,107,"218im","Kettlebelly-Neuns complex_15 to 30 percent slopes",162
5,"Etsel","No",2375770,26883394,NA,NA,NA,NA,"218im","Kettlebelly-Neuns complex_15 to 30 percent slopes",162
6,"Unnamed","No",2375770,26883395,NA,NA,NA,NA,"218im","Kettlebelly-Neuns complex_15 to 30 percent slopes",162
4,"Unnamed","No",2375770,26883396,NA,NA,NA,NA,"218im","Kettlebelly-Neuns complex_15 to 30 percent slopes",162
5,"Kindig","No",2375770,26883397,NA,NA,NA,NA,"218im","Kettlebelly-Neuns complex_15 to 30 percent slopes",162
55,"Kettlebelly","Yes",2375771,26883398,6,21.25,0.14,252,"219im","Kettlebelly-Neuns complex_30 to 50 percent slopes",47
30,"Neuns","Yes",2375771,26883399,9.17,13.6,0.08,107,"219im","Kettlebelly-Neuns complex_30 to 50 percent slopes",47
4,"Etsel","No",2375771,26883400,NA,NA,NA,NA,"219im","Kettlebelly-Neuns complex_30 to 50 percent slopes",47
4,"Kindig","No",2375771,26883401,NA,NA,NA,NA,"219im","Kettlebelly-Neuns complex_30 to 50 percent slopes",47
4,"Unnamed","No",2375771,26883402,NA,NA,NA,NA,"219im","Kettlebelly-Neuns complex_30 to 50 percent slopes",47
3,"Unnamed","No",2375771,26883403,NA,NA,NA,NA,"219im","Kettlebelly-Neuns complex_30 to 50 percent slopes",47
85,"Kilarc","Yes",2375772,26883404,3.89,12.5,0.13,152,"220im","Kilarc gravelly silt loam_2 to 15 percent slopes",9
8,"Kettlebelly","No",2375772,26883405,NA,NA,NA,NA,"220im","Kilarc gravelly silt loam_2 to 15 percent slopes",9
7,"Unnamed","No",2375772,26883406,NA,NA,NA,NA,"220im","Kilarc gravelly silt loam_2 to 15 percent slopes",9
85,"Kilarc","Yes",2375773,26883407,3.89,12.5,0.13,152,"221im","Kilarc gravelly silt loam_15 to 30 percent slopes",723
8,"Kettlebelly","No",2375773,26883408,NA,NA,NA,NA,"221im","Kilarc gravelly silt loam_15 to 30 percent slopes",723
7,"Unnamed","No",2375773,26883409,NA,NA,NA,NA,"221im","Kilarc gravelly silt loam_15 to 30 percent slopes",723
45,"Neuns","Yes",2375775,26883410,9.17,13.6,0.08,107,"261im","Neuns-Kettlebelly complex_50 to 75 percent slopes",10
35,"Kettlebelly","Yes",2375775,26883411,6,21.25,0.14,252,"261im","Neuns-Kettlebelly complex_50 to 75 percent slopes",10
8,"Unnamed","No",2375775,26883412,NA,NA,NA,NA,"261im","Neuns-Kettlebelly complex_50 to 75 percent slopes",10
4,"Kindig","No",2375775,26883413,NA,NA,NA,NA,"261im","Neuns-Kettlebelly complex_50 to 75 percent slopes",10
4,"Etsel","No",2375775,26883414,NA,NA,NA,NA,"261im","Neuns-Kettlebelly complex_50 to 75 percent slopes",10
4,"Rock outcrop","No",2375775,26883415,NA,NA,NA,NA,"261im","Neuns-Kettlebelly complex_50 to 75 percent slopes",10
40,"Obie","Yes",2375777,26883416,28.23,38.6,0.5,142,"266im","Obie-Mounthat complex_5 to 15 percent slopes",4598
35,"Mounthat","Yes",2375777,26883417,59.98,50,0.43,94,"266im","Obie-Mounthat complex_5 to 15 percent slopes",4598
8,"Bundora","No",2375777,26883418,NA,NA,NA,NA,"266im","Obie-Mounthat complex_5 to 15 percent slopes",4598
7,"Goulder","No",2375777,26883419,NA,NA,NA,NA,"266im","Obie-Mounthat complex_5 to 15 percent slopes",4598
6,"Unnamed","No",2375777,26883420,NA,NA,NA,NA,"266im","Obie-Mounthat complex_5 to 15 percent slopes",4598
4,"Unnamed","No",2375777,26883421,NA,NA,NA,NA,"266im","Obie-Mounthat complex_5 to 15 percent slopes",4598
45,"Obie","Yes",2375778,26883422,28.23,38.6,0.5,142,"267im","Obie-Mounthat complex_15 to 30 percent slopes",503
35,"Mounthat","Yes",2375778,26883423,59.98,50,0.43,94,"267im","Obie-Mounthat complex_15 to 30 percent slopes",503
7,"Bundora","No",2375778,26883424,NA,NA,NA,NA,"267im","Obie-Mounthat complex_15 to 30 percent slopes",503
7,"Goulder","No",2375778,26883425,NA,NA,NA,NA,"267im","Obie-Mounthat complex_15 to 30 percent slopes",503
6,"Unnamed","No",2375778,26883426,NA,NA,NA,NA,"267im","Obie-Mounthat complex_15 to 30 percent slopes",503
35,"Mounthat","Yes",2375780,26883427,59.98,50,0.43,94,"268im","Obie-Mounthat complex_30 to 50 percent slopes",500
50,"Obie","Yes",2375780,26883428,28.23,45,0.52,142,"268im","Obie-Mounthat complex_30 to 50 percent slopes",500
7,"Unnamed","No",2375780,26883429,NA,NA,NA,NA,"268im","Obie-Mounthat complex_30 to 50 percent slopes",500
8,"Rock outcrop","No",2375780,26883430,NA,NA,NA,NA,"268im","Obie-Mounthat complex_30 to 50 percent slopes",500
90,"Odas","Yes",2375781,26883431,28.23,23,0.13,152,"269im","Odas loam_0 to 2 percent slopes",11
3,"Unnamed","No",2375781,26883432,NA,NA,NA,NA,"269im","Odas loam_0 to 2 percent slopes",11
3,"Stoner","No",2375781,26883433,NA,NA,NA,NA,"269im","Odas loam_0 to 2 percent slopes",11
4,"Unnamed","No",2375781,26883434,NA,NA,NA,NA,"269im","Odas loam_0 to 2 percent slopes",11
85,"Riverwash","Yes",2375782,26883435,NA,NA,NA,152,"300im","Riverwash",90
5,"Keddie","No",2375782,26883436,NA,NA,NA,NA,"300im","Riverwash",90
5,"Matquaw","No",2375782,26883437,NA,NA,NA,NA,"300im","Riverwash",90
5,"Jadpor","No",2375782,26883438,NA,NA,NA,NA,"300im","Riverwash",90
85,"Stacher","Yes",2375783,26883439,56.17,24.5,0.25,190,"313im","Stacher gravelly coarse sandy loam_2 to 15 percent slopes",167
9,"Unnamed","No",2375783,26883440,NA,NA,NA,NA,"313im","Stacher gravelly coarse sandy loam_2 to 15 percent slopes",167
6,"Goulder","No",2375783,26883441,NA,NA,NA,NA,"313im","Stacher gravelly coarse sandy loam_2 to 15 percent slopes",167
85,"Stacher","Yes",2375784,26883442,56.17,24.5,0.25,190,"312im","Stacher gravelly coarse sandy loam_15 to 30 percent",3119
6,"Goulder","No",2375784,26883443,NA,NA,NA,NA,"312im","Stacher gravelly coarse sandy loam_15 to 30 percent",3119
9,"Unnamed","No",2375784,26883444,NA,NA,NA,NA,"312im","Stacher gravelly coarse sandy loam_15 to 30 percent",3119
85,"Stacher","Yes",2375785,26883445,66.84,26.3,0.26,190,"314im","Stacher very gravelly coarse sandy loam_30 to 50 percent slopes",1362
9,"Unnamed","No",2375785,26883446,NA,NA,NA,NA,"314im","Stacher very gravelly coarse sandy loam_30 to 50 percent slopes",1362
3,"Goulder","No",2375785,26883447,NA,NA,NA,NA,"314im","Stacher very gravelly coarse sandy loam_30 to 50 percent slopes",1362
3,"Danhunt","No",2375785,26883448,NA,NA,NA,NA,"314im","Stacher very gravelly coarse sandy loam_30 to 50 percent slopes",1362
5,"Rock outcrop","No",2375786,26883449,NA,NA,NA,NA,"316im","Stukel complex_15 to 30 percent slopes",18
4,"Ollierivas","No",2375786,26883450,NA,NA,NA,NA,"316im","Stukel complex_15 to 30 percent slopes",18
4,"Dotta","No",2375786,26883451,NA,NA,NA,NA,"316im","Stukel complex_15 to 30 percent slopes",18
4,"Jellycamp","No",2375786,26883452,NA,NA,NA,NA,"316im","Stukel complex_15 to 30 percent slopes",18
4,"Modoc","No",2375786,26883453,NA,NA,NA,NA,"316im","Stukel complex_15 to 30 percent slopes",18
4,"Bieber","No",2375786,26883454,NA,NA,NA,NA,"316im","Stukel complex_15 to 30 percent slopes",18
45,"Stukel","Yes",2375786,26883455,23.19,11.28,0.11,66,"316im","Stukel complex_15 to 30 percent slopes",18
30,"Stukel","Yes",2375786,26883456,28.2,10.87,0.1,76,"316im","Stukel complex_15 to 30 percent slopes",18
100,"Water","Yes",2375788,26883457,NA,NA,NA,NA,"397im","Water",135
5,"Forward","No",2766064,26883458,NA,NA,NA,NA,"AaDte","Aiken loam_10 to 30 percent slopes",14
5,"Jiggs","No",2766064,26883459,NA,NA,NA,NA,"AaDte","Aiken loam_10 to 30 percent slopes",14
85,"Aiken","Yes",2766064,26883460,9,26.1,0.16,157,"AaDte","Aiken loam_10 to 30 percent slopes",14
5,"Cohasset","No",2766064,26883461,NA,NA,NA,NA,"AaDte","Aiken loam_10 to 30 percent slopes",14
85,"Cohasset","Yes",2766065,26883462,9,25,0.14,150,"CfDte","Cohasset gravelly loam_10 to 30 percent slopes",12
5,"Aiken","No",2766065,26883463,NA,NA,NA,NA,"CfDte","Cohasset gravelly loam_10 to 30 percent slopes",12
5,"Guenoc","No",2766065,26883464,NA,NA,NA,NA,"CfDte","Cohasset gravelly loam_10 to 30 percent slopes",12
5,"Supan","No",2766065,26883465,NA,NA,NA,NA,"CfDte","Cohasset gravelly loam_10 to 30 percent slopes",12
8,"Guenoc","No",2766066,26883466,NA,NA,NA,NA,"CfEte","Cohasset gravelly sandy loam_15 to 50 percent slopes_MLRA 22B",53
7,"Supan","No",2766066,26883467,NA,NA,NA,NA,"CfEte","Cohasset gravelly sandy loam_15 to 50 percent slopes_MLRA 22B",53
85,"Cohasset","Yes",2766066,26883468,11.2,17.8,0.17,172,"CfEte","Cohasset gravelly sandy loam_15 to 50 percent slopes_MLRA 22B",53
85,"Cohasset","Yes",2766067,26883469,9,25,0.16,112,"CdFte","Cohasset loam_50 to 65 percent slopes",17
5,"Lyonsville","No",2766067,26883470,NA,NA,NA,NA,"CdFte","Cohasset loam_50 to 65 percent slopes",17
5,"Jiggs","No",2766067,26883471,NA,NA,NA,NA,"CdFte","Cohasset loam_50 to 65 percent slopes",17
5,"McCarthy","No",2766067,26883472,NA,NA,NA,NA,"CdFte","Cohasset loam_50 to 65 percent slopes",17
85,"Jiggs","Yes",2766070,26883473,28,14,0.11,61,"JgEte","Jiggs stony sandy loam_30 to 50 percent slopes",115
5,"Cohasset","No",2766070,26883474,NA,NA,NA,NA,"JgEte","Jiggs stony sandy loam_30 to 50 percent slopes",115
5,"Forward","No",2766070,26883475,NA,NA,NA,NA,"JgEte","Jiggs stony sandy loam_30 to 50 percent slopes",115
5,"Lyonsville","No",2766070,26883476,NA,NA,NA,NA,"JgEte","Jiggs stony sandy loam_30 to 50 percent slopes",115
85,"Jiggs","Yes",2766071,26883477,28,14,0.11,61,"JgF2te","Jiggs stony sandy loam_50 to 65 percent slopes_eroded",50
5,"Lyonsville","No",2766071,26883478,NA,NA,NA,NA,"JgF2te","Jiggs stony sandy loam_50 to 65 percent slopes_eroded",50
5,"Cohasset","No",2766071,26883479,NA,NA,NA,NA,"JgF2te","Jiggs stony sandy loam_50 to 65 percent slopes_eroded",50
5,"Forward","No",2766071,26883480,NA,NA,NA,NA,"JgF2te","Jiggs stony sandy loam_50 to 65 percent slopes_eroded",50
70,"Toomes","Yes",2766074,26883481,25.63,20,0.1,41,"TgEte","Toomes very rocky loam_30 to 50 percent slopes",253
5,"Supan","No",2766074,26883482,NA,NA,NA,NA,"TgEte","Toomes very rocky loam_30 to 50 percent slopes",253
10,"Iron Mountain","No",2766074,26883483,NA,NA,NA,NA,"TgEte","Toomes very rocky loam_30 to 50 percent slopes",253
15,"Rock outcrop","Yes",2766074,26883484,NA,NA,0,10,"TgEte","Toomes very rocky loam_30 to 50 percent slopes",253
22,"Columbia","Yes",2766089,26883485,28,10,0.13,183,"Cute","Columbia complex_channeled",164
21,"Columbia","Yes",2766089,26883486,28,10,0.13,152,"Cute","Columbia complex_channeled",164
19,"Columbia","Yes",2766089,26883487,9,10,0.15,152,"Cute","Columbia complex_channeled",164
18,"Columbia","Yes",2766089,26883488,9,10,0.15,152,"Cute","Columbia complex_channeled",164
17,"Columbia","Yes",2766089,26883489,9,10,0.15,152,"Cute","Columbia complex_channeled",164
2,"Columbia","No",2766089,26883490,9,10,0.15,152,"Cute","Columbia complex_channeled",164
1,"Riverwash","No",2766089,26883491,92,NA,0.03,152,"Cute","Columbia complex_channeled",164
40,"Cortina","Yes",2766090,26883492,28,7.5,0.11,183,"Czxte","Cortina complex",19
30,"Cortina","Yes",2766090,26883493,28,7.5,0.08,183,"Czxte","Cortina complex",19
10,"Riverwash","No",2766090,26883494,NA,NA,NA,NA,"Czxte","Cortina complex",19
5,"Unnamed","No",2766090,26883495,NA,NA,NA,NA,"Czxte","Cortina complex",19
10,"Maywood","No",2766090,26883496,NA,NA,NA,NA,"Czxte","Cortina complex",19
1,"Yolo","No",2766090,26883497,NA,NA,NA,NA,"Czxte","Cortina complex",19
4,"Orland","No",2766090,26883498,NA,NA,NA,NA,"Czxte","Cortina complex",19
8,"Toomes","No",2766091,26883499,NA,NA,NA,NA,"IcDte","Inks very cobbly sandy clay loam_1 to 13 percent slopes",71
7,"Tuscan","No",2766091,26883500,NA,NA,NA,NA,"IcDte","Inks very cobbly sandy clay loam_1 to 13 percent slopes",71
85,"Inks","Yes",2766091,26883501,7.16,17.16,0.1,58,"IcDte","Inks very cobbly sandy clay loam_1 to 13 percent slopes",71
60,"Molinos","Yes",2766092,26883502,28,9.65,0.11,152,"Mztte","Molinos complex_channeled",311
20,"Riverwash","Yes",2766092,26883503,92,NA,0.03,152,"Mztte","Molinos complex_channeled",311
10,"Channels","No",2766092,26883504,NA,NA,NA,NA,"Mztte","Molinos complex_channeled",311
3,"Unnamed","No",2766092,26883505,NA,NA,NA,NA,"Mztte","Molinos complex_channeled",311
5,"Millrace","No",2766092,26883506,NA,NA,NA,NA,"Mztte","Molinos complex_channeled",311
2,"Vina","No",2766092,26883507,NA,NA,NA,NA,"Mztte","Molinos complex_channeled",311
85,"Tehama","Yes",2766100,26883508,4.88,10.42,0.17,152,"TbA","Tehama loam_0 to 3 percent slopes_MLRA 17",4105
5,"Hillgate","No",2766100,26883509,NA,NA,NA,NA,"TbA","Tehama loam_0 to 3 percent slopes_MLRA 17",4105
5,"Maywood","No",2766100,26883510,NA,NA,NA,NA,"TbA","Tehama loam_0 to 3 percent slopes_MLRA 17",4105
5,"Arbuckle","No",2766100,26883511,NA,NA,NA,NA,"TbA","Tehama loam_0 to 3 percent slopes_MLRA 17",4105
85,"Millsap","Yes",2766102,26883512,2.16,24.28,0.15,124,"McE","Millsap loam_30 to 50 percent slopes_MLRA 15",3642
5,"Millsholm","No",2766102,26883513,NA,NA,NA,NA,"McE","Millsap loam_30 to 50 percent slopes_MLRA 15",3642
5,"Sehorn","No",2766102,26883514,NA,NA,NA,NA,"McE","Millsap loam_30 to 50 percent slopes_MLRA 15",3642
5,"Lodo","No",2766102,26883515,NA,NA,NA,NA,"McE","Millsap loam_30 to 50 percent slopes_MLRA 15",3642
85,"Perkins","Yes",2766129,26883516,4.44,16.18,0.15,152,"PmA","Perkins gravelly loam_gravelly clay loam substratum_0 to 3 percent slopes_MLRA 17",4948
5,"Red Bluff","No",2766129,26883517,NA,NA,NA,NA,"PmA","Perkins gravelly loam_gravelly clay loam substratum_0 to 3 percent slopes_MLRA 17",4948
5,"Moda","No",2766129,26883518,NA,NA,NA,NA,"PmA","Perkins gravelly loam_gravelly clay loam substratum_0 to 3 percent slopes_MLRA 17",4948
5,"Churn","No",2766129,26883519,NA,NA,NA,NA,"PmA","Perkins gravelly loam_gravelly clay loam substratum_0 to 3 percent slopes_MLRA 17",4948
10,"Tuscan","No",2766134,26883520,NA,NA,NA,NA,"IcEte","Inks very cobbly sandy clay loam_5 to 30 percent slopes",47
5,"Rock outcrop","No",2766134,26883521,NA,NA,NA,NA,"IcEte","Inks very cobbly sandy clay loam_5 to 30 percent slopes",47
85,"Inks","Yes",2766134,26883522,7.16,17.16,0.1,58,"IcEte","Inks very cobbly sandy clay loam_5 to 30 percent slopes",47
85,"Tehama","Yes",2766136,26883523,6.28,14.17,0.17,177,"TbB","Tehama loam_3 to 8 percent slopes_bedrock substratum_MLRA 15",4476
15,"Sehorn","No",2766136,26883524,NA,NA,NA,NA,"TbB","Tehama loam_3 to 8 percent slopes_bedrock substratum_MLRA 15",4476
2,"Oxyaquic Udorthents","No",3340433,26883525,306.64,0.31,0.02,80,"1000","Water-Fluventic Haploxerepts-Oxyaquic Xerofluvents-Oxyaquic Xerorthents complex_0 to 8 percent slopes_MLRA 17",619
3,"Fluventic Endoaquepts","No",3340433,26883526,19.88,8.27,0.2,190,"1000","Water-Fluventic Haploxerepts-Oxyaquic Xerofluvents-Oxyaquic Xerorthents complex_0 to 8 percent slopes_MLRA 17",619
8,"Riverwash","No",3340433,26883527,NA,NA,NA,NA,"1000","Water-Fluventic Haploxerepts-Oxyaquic Xerofluvents-Oxyaquic Xerorthents complex_0 to 8 percent slopes_MLRA 17",619
16,"Fluventic Haploxerepts","Yes",3340433,26883528,10.24,9.82,0.2,190,"1000","Water-Fluventic Haploxerepts-Oxyaquic Xerofluvents-Oxyaquic Xerorthents complex_0 to 8 percent slopes_MLRA 17",619
9,"Oxyaquic Xerorthents","No",3340433,26883529,223.6,2.77,0.06,150,"1000","Water-Fluventic Haploxerepts-Oxyaquic Xerofluvents-Oxyaquic Xerorthents complex_0 to 8 percent slopes_MLRA 17",619
6,"Fluventic Haploxerepts","No",3340433,26883530,9,13.73,0.21,200,"1000","Water-Fluventic Haploxerepts-Oxyaquic Xerofluvents-Oxyaquic Xerorthents complex_0 to 8 percent slopes_MLRA 17",619
5,"Oxyaquic Xerofluvents","No",3340433,26883531,25.5,10.47,0.2,152,"1000","Water-Fluventic Haploxerepts-Oxyaquic Xerofluvents-Oxyaquic Xerorthents complex_0 to 8 percent slopes_MLRA 17",619
4,"Oxyaquic Xerothents","No",3340433,26883532,400,0.1,0.01,150,"1000","Water-Fluventic Haploxerepts-Oxyaquic Xerofluvents-Oxyaquic Xerorthents complex_0 to 8 percent slopes_MLRA 17",619
14,"Oxyaquic Xerofluvents","Yes",3340433,26883533,42.64,3.3,0.14,150,"1000","Water-Fluventic Haploxerepts-Oxyaquic Xerofluvents-Oxyaquic Xerorthents complex_0 to 8 percent slopes_MLRA 17",619
13,"Oxyaquic Xerorthents","Yes",3340433,26883534,74.16,1.65,0.08,150,"1000","Water-Fluventic Haploxerepts-Oxyaquic Xerofluvents-Oxyaquic Xerorthents complex_0 to 8 percent slopes_MLRA 17",619
20,"Water","Yes",3340433,26883535,NA,NA,NA,NA,"1000","Water-Fluventic Haploxerepts-Oxyaquic Xerofluvents-Oxyaquic Xerorthents complex_0 to 8 percent slopes_MLRA 17",619
100,"Water","Yes",471792,26336376,NA,NA,NA,NA,"W","Water",129682
30,"Meiss","Yes",1652031,26336377,18.48,NA,0.13,58,"9131","Lithnip-Meiss-Hawkinspeak association_30 to 75 percent slopes",2361
3,"Fishsnooze","No",1652031,26336378,28,NA,0.09,114,"9131","Lithnip-Meiss-Hawkinspeak association_30 to 75 percent slopes",2361
4,"Lostridge","No",1652031,26336379,28,NA,0.11,99,"9131","Lithnip-Meiss-Hawkinspeak association_30 to 75 percent slopes",2361
2,"Hawkinspeak","No",1652031,26336380,17.74,19.97,0.1,109,"9131","Lithnip-Meiss-Hawkinspeak association_30 to 75 percent slopes",2361
1,"Hawkridge","No",1652031,26336381,13.32,20.25,0.1,61,"9131","Lithnip-Meiss-Hawkinspeak association_30 to 75 percent slopes",2361
15,"Hawkinspeak","Yes",1652031,26336382,17.74,19.97,0.1,109,"9131","Lithnip-Meiss-Hawkinspeak association_30 to 75 percent slopes",2361
40,"Lithnip","Yes",1652031,26336383,9.58,12.5,0.05,38,"9131","Lithnip-Meiss-Hawkinspeak association_30 to 75 percent slopes",2361
1,"Aspocket","No",1652031,26336384,21.54,19.34,0.11,163,"9131","Lithnip-Meiss-Hawkinspeak association_30 to 75 percent slopes",2361
1,"Typic Cryaquolls","No",1652031,26336385,59.6,11.74,0.06,152,"9131","Lithnip-Meiss-Hawkinspeak association_30 to 75 percent slopes",2361
3,"Rock outcrop","No",1652031,26336386,NA,NA,NA,NA,"9131","Lithnip-Meiss-Hawkinspeak association_30 to 75 percent slopes",2361
25,"Whittell","Yes",1652033,26336387,102,NA,0.04,152,"9421","Jobsis-Whittell-Rock outcrop complex_cool_8 to 30 percent slopes",2991
1,"Waterpeak","No",1652033,26336388,92,10,0.06,152,"9421","Jobsis-Whittell-Rock outcrop complex_cool_8 to 30 percent slopes",2991
1,"Buggin","No",1652033,26336389,46.36,9.66,0.06,66,"9421","Jobsis-Whittell-Rock outcrop complex_cool_8 to 30 percent slopes",2991
4,"Typic Cryorthents","No",1652033,26336390,92,NA,0.04,152,"9421","Jobsis-Whittell-Rock outcrop complex_cool_8 to 30 percent slopes",2991
2,"Klauspeak","No",1652033,26336391,92,11.1,0.06,152,"9421","Jobsis-Whittell-Rock outcrop complex_cool_8 to 30 percent slopes",2991
2,"Shalgran","No",1652033,26336392,66.52,11.06,0.06,152,"9421","Jobsis-Whittell-Rock outcrop complex_cool_8 to 30 percent slopes",2991
1,"Typic Cryorthents","No",1652033,26336393,92,NA,0.04,152,"9421","Jobsis-Whittell-Rock outcrop complex_cool_8 to 30 percent slopes",2991
45,"Jobsis","Yes",1652033,26336394,92,NA,0.04,152,"9421","Jobsis-Whittell-Rock outcrop complex_cool_8 to 30 percent slopes",2991
4,"Windyridge","No",1652033,26336395,46.5,NA,0.04,152,"9421","Jobsis-Whittell-Rock outcrop complex_cool_8 to 30 percent slopes",2991
15,"Rock outcrop","Yes",1652033,26336396,NA,NA,NA,NA,"9421","Jobsis-Whittell-Rock outcrop complex_cool_8 to 30 percent slopes",2991
45,"Whittell","Yes",1652034,26336397,102,NA,0.04,152,"9461","Whittell-Jobsis-Rock outcrop complex_cool_30 to 75 percent slopes",6096
1,"Waterpeak","No",1652034,26336398,92,10,0.06,152,"9461","Whittell-Jobsis-Rock outcrop complex_cool_30 to 75 percent slopes",6096
1,"Buggin","No",1652034,26336399,46.36,9.66,0.06,66,"9461","Whittell-Jobsis-Rock outcrop complex_cool_30 to 75 percent slopes",6096
25,"Jobsis","Yes",1652034,26336400,92,NA,0.04,152,"9461","Whittell-Jobsis-Rock outcrop complex_cool_30 to 75 percent slopes",6096
2,"Klauspeak","No",1652034,26336401,92,11.1,0.06,152,"9461","Whittell-Jobsis-Rock outcrop complex_cool_30 to 75 percent slopes",6096
2,"Shalgran","No",1652034,26336402,66.52,11.06,0.06,152,"9461","Whittell-Jobsis-Rock outcrop complex_cool_30 to 75 percent slopes",6096
1,"Typic Cryorthents","No",1652034,26336403,92,NA,0.04,152,"9461","Whittell-Jobsis-Rock outcrop complex_cool_30 to 75 percent slopes",6096
4,"Jobsis","No",1652034,26336404,92,NA,0.04,152,"9461","Whittell-Jobsis-Rock outcrop complex_cool_30 to 75 percent slopes",6096
4,"Windyridge","No",1652034,26336405,46.5,NA,0.04,152,"9461","Whittell-Jobsis-Rock outcrop complex_cool_30 to 75 percent slopes",6096
15,"Rock outcrop","Yes",1652034,26336406,NA,NA,NA,NA,"9461","Whittell-Jobsis-Rock outcrop complex_cool_30 to 75 percent slopes",6096
1,"Hopeval","No",1652035,26336407,13.56,17.66,0.17,152,"9431","Sofgran-Klauspeak-Temo association_15 to 50 percent slopes",201
40,"Sofgran","Yes",1652035,26336408,92,NA,0.05,152,"9431","Sofgran-Klauspeak-Temo association_15 to 50 percent slopes",201
30,"Klauspeak","Yes",1652035,26336409,92,11.1,0.06,152,"9431","Sofgran-Klauspeak-Temo association_15 to 50 percent slopes",201
15,"Temo","Yes",1652035,26336410,75.62,NA,0.05,152,"9431","Sofgran-Klauspeak-Temo association_15 to 50 percent slopes",201
4,"Shalgran","No",1652035,26336411,66.52,11.06,0.06,152,"9431","Sofgran-Klauspeak-Temo association_15 to 50 percent slopes",201
2,"Stumpatil","No",1652035,26336412,28,11.2,0.08,152,"9431","Sofgran-Klauspeak-Temo association_15 to 50 percent slopes",201
1,"Aquic Haplocryolls","No",1652035,26336413,28,20.6,0.09,152,"9431","Sofgran-Klauspeak-Temo association_15 to 50 percent slopes",201
4,"Rock outcrop","No",1652035,26336414,NA,NA,NA,NA,"9431","Sofgran-Klauspeak-Temo association_15 to 50 percent slopes",201
3,"Xeric Humicryepts","No",1652035,26336415,92,11.1,0.06,160,"9431","Sofgran-Klauspeak-Temo association_15 to 50 percent slopes",201
2,"Cumulic Cryaquolls","No",1652036,26336416,28,20.6,0.09,152,"7401","Burnlake-Roadcat association_4 to 30 percent slopes",380
2,"Typic Haploxerepts","No",1652036,26336417,92,9.96,0.06,152,"7401","Burnlake-Roadcat association_4 to 30 percent slopes",380
60,"Burnlake","Yes",1652036,26336418,28,12.44,0.07,152,"7401","Burnlake-Roadcat association_4 to 30 percent slopes",380
4,"Hardtil","No",1652036,26336419,84.64,10,0.06,71,"7401","Burnlake-Roadcat association_4 to 30 percent slopes",380
2,"Stumpatil","No",1652036,26336420,28,11.2,0.08,152,"7401","Burnlake-Roadcat association_4 to 30 percent slopes",380
25,"Roadcat","Yes",1652036,26336421,92,9.96,0.06,152,"7401","Burnlake-Roadcat association_4 to 30 percent slopes",380
2,"Aquic Haplocryolls","No",1652036,26336422,28,20.6,0.09,152,"7401","Burnlake-Roadcat association_4 to 30 percent slopes",380
2,"Aspetill","No",1652036,26336423,13.94,21.07,0.1,152,"7401","Burnlake-Roadcat association_4 to 30 percent slopes",380
1,"Rock outcrop","No",1652036,26336424,NA,NA,NA,NA,"7401","Burnlake-Roadcat association_4 to 30 percent slopes",380
70,"Shalgran","Yes",1652037,26336425,66.52,11.06,0.06,152,"7511","Shalgran-Rock outcrop complex_30 to 75 percent slopes",272
6,"Sofgran","No",1652037,26336426,92,NA,0.05,152,"7511","Shalgran-Rock outcrop complex_30 to 75 percent slopes",272
2,"Jobsis","No",1652037,26336427,92,NA,0.04,152,"7511","Shalgran-Rock outcrop complex_30 to 75 percent slopes",272
2,"Burnlake","No",1652037,26336428,28,12.44,0.07,152,"7511","Shalgran-Rock outcrop complex_30 to 75 percent slopes",272
2,"Temo","No",1652037,26336429,75.62,NA,0.05,152,"7511","Shalgran-Rock outcrop complex_30 to 75 percent slopes",272
3,"Dystric Xerorthents","No",1652037,26336430,92,11.46,0.06,152,"7511","Shalgran-Rock outcrop complex_30 to 75 percent slopes",272
15,"Rock outcrop","Yes",1652037,26336431,NA,NA,NA,NA,"7511","Shalgran-Rock outcrop complex_30 to 75 percent slopes",272
4,"Typic Cryorthents","No",1652038,26336432,92,NA,0.04,152,"9451","Waterpeak-Rock outcrop complex_30 to 75 percent slopes",609
80,"Waterpeak","Yes",1652038,26336433,92,10,0.06,152,"9451","Waterpeak-Rock outcrop complex_30 to 75 percent slopes",609
4,"Shalgran","No",1652038,26336434,66.52,11.06,0.06,152,"9451","Waterpeak-Rock outcrop complex_30 to 75 percent slopes",609
2,"Pachic Haplocryolls","No",1652038,26336435,92,10,0.06,152,"9451","Waterpeak-Rock outcrop complex_30 to 75 percent slopes",609
10,"Rock outcrop","Yes",1652038,26336436,NA,NA,NA,NA,"9451","Waterpeak-Rock outcrop complex_30 to 75 percent slopes",609
2,"Morscour","No",1652039,26336437,35.54,14,0.08,61,"9111","Florand-Lostridge-Fishsnooze association_15 to 50 percent slopes",517
2,"Lithnip","No",1652039,26336438,9.58,12.5,0.06,38,"9111","Florand-Lostridge-Fishsnooze association_15 to 50 percent slopes",517
40,"Florand","Yes",1652039,26336439,28,18.57,0.11,152,"9111","Florand-Lostridge-Fishsnooze association_15 to 50 percent slopes",517
30,"Lostridge","Yes",1652039,26336440,28,NA,0.11,99,"9111","Florand-Lostridge-Fishsnooze association_15 to 50 percent slopes",517
15,"Fishsnooze","Yes",1652039,26336441,28,NA,0.09,114,"9111","Florand-Lostridge-Fishsnooze association_15 to 50 percent slopes",517
3,"Stumpatil","No",1652039,26336442,28,11.2,0.08,152,"9111","Florand-Lostridge-Fishsnooze association_15 to 50 percent slopes",517
3,"Aquic Haplocryolls","No",1652039,26336443,28,20.6,0.09,152,"9111","Florand-Lostridge-Fishsnooze association_15 to 50 percent slopes",517
2,"Typic Cryaquolls","No",1652039,26336444,59.6,11.74,0.06,152,"9111","Florand-Lostridge-Fishsnooze association_15 to 50 percent slopes",517
3,"Lithnip","No",1652039,26336445,9.58,12.5,0.06,38,"9111","Florand-Lostridge-Fishsnooze association_15 to 50 percent slopes",517
80,"Dagget","Yes",1652040,26336446,141.5,2.94,0.07,152,"9404","Dagget very gravelly loamy coarse sand_moist_5 to 15 percent slopes_rubbly",1983
2,"Whittell","No",1652040,26336447,102,NA,0.04,152,"9404","Dagget very gravelly loamy coarse sand_moist_5 to 15 percent slopes_rubbly",1983
2,"Temo","No",1652040,26336448,45.28,2.9,0.04,152,"9404","Dagget very gravelly loamy coarse sand_moist_5 to 15 percent slopes_rubbly",1983
2,"Witefels","No",1652040,26336449,75.7,2.05,0.08,152,"9404","Dagget very gravelly loamy coarse sand_moist_5 to 15 percent slopes_rubbly",1983
5,"Cassenai","No",1652040,26336450,80.08,2.54,0.14,160,"9404","Dagget very gravelly loamy coarse sand_moist_5 to 15 percent slopes_rubbly",1983
2,"Jobsis","No",1652040,26336451,92,5.06,0.04,152,"9404","Dagget very gravelly loamy coarse sand_moist_5 to 15 percent slopes_rubbly",1983
2,"Oxyaquic Cryorthents","No",1652040,26336452,55,7.48,0.06,284,"9404","Dagget very gravelly loamy coarse sand_moist_5 to 15 percent slopes_rubbly",1983
5,"Rockbound","No",1652040,26336453,12.44,7.82,0.14,45,"9404","Dagget very gravelly loamy coarse sand_moist_5 to 15 percent slopes_rubbly",1983
80,"Dagget","Yes",1652041,26336454,141.5,2.94,0.07,152,"9405","Dagget very gravelly loamy coarse sand_moist_15 to 30 percent slopes_rubbly",2976
2,"Whittell","No",1652041,26336455,102,NA,0.04,152,"9405","Dagget very gravelly loamy coarse sand_moist_15 to 30 percent slopes_rubbly",2976
2,"Temo","No",1652041,26336456,45.28,2.9,0.04,152,"9405","Dagget very gravelly loamy coarse sand_moist_15 to 30 percent slopes_rubbly",2976
2,"Witefels","No",1652041,26336457,75.7,2.05,0.08,152,"9405","Dagget very gravelly loamy coarse sand_moist_15 to 30 percent slopes_rubbly",2976
5,"Cassenai","No",1652041,26336458,80.08,2.54,0.14,160,"9405","Dagget very gravelly loamy coarse sand_moist_15 to 30 percent slopes_rubbly",2976
2,"Oxyaquic Cryorthents","No",1652041,26336459,55,7.48,0.06,284,"9405","Dagget very gravelly loamy coarse sand_moist_15 to 30 percent slopes_rubbly",2976
2,"Jobsis","No",1652041,26336460,92,5.06,0.04,152,"9405","Dagget very gravelly loamy coarse sand_moist_15 to 30 percent slopes_rubbly",2976
5,"Rockbound","No",1652041,26336461,12.44,7.82,0.14,45,"9405","Dagget very gravelly loamy coarse sand_moist_15 to 30 percent slopes_rubbly",2976
2,"Jobsis","No",1652042,26336462,92,5.06,0.04,152,"9406","Dagget very gravelly loamy coarse sand_moist_30 to 70 percent slopes_rubbly",1721
2,"Oxyaquic Cryorthents","No",1652042,26336463,55,7.48,0.06,284,"9406","Dagget very gravelly loamy coarse sand_moist_30 to 70 percent slopes_rubbly",1721
5,"Cassenai","No",1652042,26336464,80.08,2.54,0.14,160,"9406","Dagget very gravelly loamy coarse sand_moist_30 to 70 percent slopes_rubbly",1721
2,"Temo","No",1652042,26336465,45.28,2.9,0.04,152,"9406","Dagget very gravelly loamy coarse sand_moist_30 to 70 percent slopes_rubbly",1721
2,"Witefels","No",1652042,26336466,75.7,2.05,0.08,152,"9406","Dagget very gravelly loamy coarse sand_moist_30 to 70 percent slopes_rubbly",1721
2,"Whittell","No",1652042,26336467,102,NA,0.04,152,"9406","Dagget very gravelly loamy coarse sand_moist_30 to 70 percent slopes_rubbly",1721
80,"Dagget","Yes",1652042,26336468,141.5,2.94,0.07,152,"9406","Dagget very gravelly loamy coarse sand_moist_30 to 70 percent slopes_rubbly",1721
5,"Rockbound","No",1652042,26336469,116.5,8.96,0.02,68,"9406","Dagget very gravelly loamy coarse sand_moist_30 to 70 percent slopes_rubbly",1721
4,"Whittell","No",1652043,26336470,102,NA,0.04,152,"9407","Dagget-Rock outcrop complex_moist_30 to 70 percent slopes",766
55,"Dagget","Yes",1652043,26336471,141.5,2.94,0.07,152,"9407","Dagget-Rock outcrop complex_moist_30 to 70 percent slopes",766
5,"Temo","No",1652043,26336472,45.28,2.9,0.04,152,"9407","Dagget-Rock outcrop complex_moist_30 to 70 percent slopes",766
5,"Witefels","No",1652043,26336473,75.7,2.05,0.08,152,"9407","Dagget-Rock outcrop complex_moist_30 to 70 percent slopes",766
2,"Cassenai","No",1652043,26336474,80.08,2.54,0.14,160,"9407","Dagget-Rock outcrop complex_moist_30 to 70 percent slopes",766
2,"Jobsis","No",1652043,26336475,92,5.06,0.04,152,"9407","Dagget-Rock outcrop complex_moist_30 to 70 percent slopes",766
2,"Oxyaquic Cryorthents","No",1652043,26336476,55,7.48,0.06,284,"9407","Dagget-Rock outcrop complex_moist_30 to 70 percent slopes",766
25,"Rock outcrop","Yes",1652043,26336477,NA,NA,NA,NA,"9407","Dagget-Rock outcrop complex_moist_30 to 70 percent slopes",766
1,"Tahoe","No",1652044,26336478,59.2,28.01,0.17,150,"7011","Beaches",247
1,"Toem","No",1652044,26336479,103.2,1.05,0.08,81,"7011","Beaches",247
6,"Gefo","No",1652044,26336480,112.4,4.19,0.06,190,"7011","Beaches",247
1,"Tahoma","No",1652044,26336481,94.8,19.47,0.16,205,"7011","Beaches",247
1,"Jorge","No",1652044,26336482,115.72,26.9,0.15,213,"7011","Beaches",247
1,"Cassenai","No",1652044,26336483,42.88,2.48,0.09,200,"7011","Beaches",247
7,"Watah","No",1652044,26336484,124,36,0.26,160,"7011","Beaches",247
1,"Cagwin","No",1652044,26336485,65.6,7.66,0.1,94,"7011","Beaches",247
5,"Marla","No",1652044,26336486,87.52,4.4,0.16,173,"7011","Beaches",247
1,"Rock outcrop","No",1652044,26336487,NA,NA,NA,NA,"7011","Beaches",247
1,"Dunes","No",1652044,26336488,NA,NA,NA,NA,"7011","Beaches",247
10,"Oxyaquic Xeropsamments","No",1652044,26336489,151.5,3.59,0.06,190,"7011","Beaches",247
64,"Beaches","Yes",1652044,26336490,150,NA,0.03,200,"7011","Beaches",247
3,"Rock outcrop","No",1652045,26336491,NA,NA,NA,25,"7421","Cassenai gravelly loamy coarse sand_5 to 15 percent slopes_very stony",2912
78,"Cassenai","Yes",1652045,26336492,42.88,2.48,0.09,200,"7421","Cassenai gravelly loamy coarse sand_5 to 15 percent slopes_very stony",2912
1,"Marla","No",1652045,26336493,87.52,4.4,0.16,173,"7421","Cassenai gravelly loamy coarse sand_5 to 15 percent slopes_very stony",2912
1,"Christopher","No",1652045,26336494,102.4,3.36,0.08,180,"7421","Cassenai gravelly loamy coarse sand_5 to 15 percent slopes_very stony",2912
1,"Christopher","No",1652045,26336495,108.6,1.04,0.13,155,"7421","Cassenai gravelly loamy coarse sand_5 to 15 percent slopes_very stony",2912
12,"Cagwin","No",1652045,26336496,65.6,7.66,0.1,94,"7421","Cassenai gravelly loamy coarse sand_5 to 15 percent slopes_very stony",2912
4,"Toem","No",1652045,26336497,103.2,1.05,0.08,81,"7421","Cassenai gravelly loamy coarse sand_5 to 15 percent slopes_very stony",2912
2,"Rock outcrop","No",1652046,26336498,NA,NA,NA,25,"7422","Cassenai gravelly loamy coarse sand_15 to 30 percent slopes_very stony",6322
73,"Cassenai","Yes",1652046,26336499,42.88,2.48,0.09,200,"7422","Cassenai gravelly loamy coarse sand_15 to 30 percent slopes_very stony",6322
5,"Dagget","No",1652046,26336500,141.5,2.94,0.07,150,"7422","Cassenai gravelly loamy coarse sand_15 to 30 percent slopes_very stony",6322
2,"Christopher","No",1652046,26336501,102.4,3.36,0.08,180,"7422","Cassenai gravelly loamy coarse sand_15 to 30 percent slopes_very stony",6322
12,"Cagwin","No",1652046,26336502,65.6,7.66,0.1,94,"7422","Cassenai gravelly loamy coarse sand_15 to 30 percent slopes_very stony",6322
4,"Toem","No",1652046,26336503,103.2,1.05,0.08,81,"7422","Cassenai gravelly loamy coarse sand_15 to 30 percent slopes_very stony",6322
2,"Aquic Xerorthents","No",1652046,26336504,59,17.77,0.12,150,"7422","Cassenai gravelly loamy coarse sand_15 to 30 percent slopes_very stony",6322
4,"Toem","No",1652047,26336505,103.2,1.05,0.08,81,"7423","Cassenai gravelly loamy coarse sand_30 to 50 percent slopes_very stony",5359
12,"Cagwin","No",1652047,26336506,65.6,7.66,0.1,94,"7423","Cassenai gravelly loamy coarse sand_30 to 50 percent slopes_very stony",5359
2,"Christopher","No",1652047,26336507,102.4,3.36,0.08,180,"7423","Cassenai gravelly loamy coarse sand_30 to 50 percent slopes_very stony",5359
3,"Rock outcrop","No",1652047,26336508,NA,NA,NA,25,"7423","Cassenai gravelly loamy coarse sand_30 to 50 percent slopes_very stony",5359
78,"Cassenai","Yes",1652047,26336509,42.88,2.48,0.09,200,"7423","Cassenai gravelly loamy coarse sand_30 to 50 percent slopes_very stony",5359
1,"Aquic Xerorthents","No",1652047,26336510,59,17.77,0.12,150,"7423","Cassenai gravelly loamy coarse sand_30 to 50 percent slopes_very stony",5359
5,"Toem","No",1652048,26336511,103.2,1.05,0.08,81,"7424","Cassenai gravelly loamy coarse sand_50 to 70 percent slopes_very stony",1338
12,"Cagwin","No",1652048,26336512,65.6,7.66,0.1,94,"7424","Cassenai gravelly loamy coarse sand_50 to 70 percent slopes_very stony",1338
78,"Cassenai","Yes",1652048,26336513,42.88,2.48,0.09,200,"7424","Cassenai gravelly loamy coarse sand_50 to 70 percent slopes_very stony",1338
4,"Rock outcrop","No",1652048,26336514,NA,NA,NA,25,"7424","Cassenai gravelly loamy coarse sand_50 to 70 percent slopes_very stony",1338
1,"Aquic Xerorthents","No",1652048,26336515,59,17.77,0.12,150,"7424","Cassenai gravelly loamy coarse sand_50 to 70 percent slopes_very stony",1338
2,"Toem","No",1652049,26336516,103.2,1.05,0.08,81,"7425","Cassenai cobbly loamy coarse sand_moist_5 to 15 percent slopes_very bouldery",281
5,"Meeks","No",1652049,26336517,130,5,0.09,185,"7425","Cassenai cobbly loamy coarse sand_moist_5 to 15 percent slopes_very bouldery",281
5,"Tallac","No",1652049,26336518,50.32,6.2,0.1,168,"7425","Cassenai cobbly loamy coarse sand_moist_5 to 15 percent slopes_very bouldery",281
5,"Cagwin","No",1652049,26336519,65.6,7.66,0.1,94,"7425","Cassenai cobbly loamy coarse sand_moist_5 to 15 percent slopes_very bouldery",281
1,"Marla","No",1652049,26336520,87.52,4.4,0.16,173,"7425","Cassenai cobbly loamy coarse sand_moist_5 to 15 percent slopes_very bouldery",281
2,"Rock outcrop","No",1652049,26336521,NA,NA,NA,25,"7425","Cassenai cobbly loamy coarse sand_moist_5 to 15 percent slopes_very bouldery",281
80,"Cassenai","Yes",1652049,26336522,80.08,2.54,0.14,160,"7425","Cassenai cobbly loamy coarse sand_moist_5 to 15 percent slopes_very bouldery",281
4,"Meeks","No",1652050,26336523,130,5,0.09,185,"7426","Cassenai cobbly loamy coarse sand_moist_15 to 30 percent slopes_very bouldery",1028
5,"Tallac","No",1652050,26336524,50.32,6.2,0.1,168,"7426","Cassenai cobbly loamy coarse sand_moist_15 to 30 percent slopes_very bouldery",1028
2,"Toem","No",1652050,26336525,103.2,1.05,0.08,152,"7426","Cassenai cobbly loamy coarse sand_moist_15 to 30 percent slopes_very bouldery",1028
5,"Cagwin","No",1652050,26336526,65.6,7.66,0.1,152,"7426","Cassenai cobbly loamy coarse sand_moist_15 to 30 percent slopes_very bouldery",1028
80,"Cassenai","Yes",1652050,26336527,80.08,2.54,0.14,160,"7426","Cassenai cobbly loamy coarse sand_moist_15 to 30 percent slopes_very bouldery",1028
1,"Marla","No",1652050,26336528,87.52,4.4,0.16,173,"7426","Cassenai cobbly loamy coarse sand_moist_15 to 30 percent slopes_very bouldery",1028
2,"Rock outcrop","No",1652050,26336529,NA,NA,NA,NA,"7426","Cassenai cobbly loamy coarse sand_moist_15 to 30 percent slopes_very bouldery",1028
1,"Aquic Xerorthents","No",1652050,26336530,59,17.77,0.12,150,"7426","Cassenai cobbly loamy coarse sand_moist_15 to 30 percent slopes_very bouldery",1028
2,"Rock outcrop","No",1652051,26336531,NA,NA,NA,25,"7427","Cassenai cobbly loamy coarse sand_moist_30 to 50 percent slopes_very bouldery",2078
80,"Cassenai","Yes",1652051,26336532,80.08,2.54,0.14,160,"7427","Cassenai cobbly loamy coarse sand_moist_30 to 50 percent slopes_very bouldery",2078
5,"Cagwin","No",1652051,26336533,65.6,7.66,0.1,94,"7427","Cassenai cobbly loamy coarse sand_moist_30 to 50 percent slopes_very bouldery",2078
5,"Meeks","No",1652051,26336534,130,5,0.09,185,"7427","Cassenai cobbly loamy coarse sand_moist_30 to 50 percent slopes_very bouldery",2078
2,"Tallac","No",1652051,26336535,50.32,6.2,0.1,168,"7427","Cassenai cobbly loamy coarse sand_moist_30 to 50 percent slopes_very bouldery",2078
5,"Toem","No",1652051,26336536,103.2,1.05,0.08,81,"7427","Cassenai cobbly loamy coarse sand_moist_30 to 50 percent slopes_very bouldery",2078
1,"Aquic Xerorthents","No",1652051,26336537,59,17.77,0.12,150,"7427","Cassenai cobbly loamy coarse sand_moist_30 to 50 percent slopes_very bouldery",2078
2,"Rock outcrop","No",1652052,26336538,NA,NA,NA,25,"7428","Cassenai cobbly loamy coarse sand_moist_50 to 70 percent slopes_very bouldery",936
80,"Cassenai","Yes",1652052,26336539,80.08,2.54,0.14,160,"7428","Cassenai cobbly loamy coarse sand_moist_50 to 70 percent slopes_very bouldery",936
5,"Cagwin","No",1652052,26336540,65.6,7.66,0.1,94,"7428","Cassenai cobbly loamy coarse sand_moist_50 to 70 percent slopes_very bouldery",936
5,"Meeks","No",1652052,26336541,130,5,0.09,185,"7428","Cassenai cobbly loamy coarse sand_moist_50 to 70 percent slopes_very bouldery",936
2,"Tallac","No",1652052,26336542,50.32,6.2,0.1,168,"7428","Cassenai cobbly loamy coarse sand_moist_50 to 70 percent slopes_very bouldery",936
5,"Toem","No",1652052,26336543,103.2,1.05,0.08,81,"7428","Cassenai cobbly loamy coarse sand_moist_50 to 70 percent slopes_very bouldery",936
1,"Aquic Xerorthents","No",1652052,26336544,59,17.77,0.12,150,"7428","Cassenai cobbly loamy coarse sand_moist_50 to 70 percent slopes_very bouldery",936
80,"Celio","Yes",1652053,26336545,92,11.98,0.07,203,"7431","Celio loamy coarse sand_0 to 5 percent slopes",1119
4,"Marla","No",1652053,26336546,87.52,4.4,0.16,173,"7431","Celio loamy coarse sand_0 to 5 percent slopes",1119
4,"Watah","No",1652053,26336547,124,36,0.26,160,"7431","Celio loamy coarse sand_0 to 5 percent slopes",1119
7,"Meeks","No",1652053,26336548,130,5,0.09,185,"7431","Celio loamy coarse sand_0 to 5 percent slopes",1119
5,"Tahoe","No",1652053,26336549,28,28.9,0.2,117,"7431","Celio loamy coarse sand_0 to 5 percent slopes",1119
2,"Southcamp","No",1652054,26336550,62.72,16.29,0.1,152,"7101","Caverock sandy loam_9 to 50 percent slopes",484
2,"Zephyrcove","No",1652054,26336551,83.12,12.12,0.21,113,"7101","Caverock sandy loam_9 to 50 percent slopes",484
5,"Cagwin","No",1652054,26336552,65.6,7.66,0.1,94,"7101","Caverock sandy loam_9 to 50 percent slopes",484
5,"Cassenai","No",1652054,26336553,42.88,2.48,0.09,200,"7101","Caverock sandy loam_9 to 50 percent slopes",484
3,"Deerhill","No",1652054,26336554,38.66,8.12,0.17,166,"7101","Caverock sandy loam_9 to 50 percent slopes",484
2,"Genoapeak","No",1652054,26336555,133.4,4.72,0.07,152,"7101","Caverock sandy loam_9 to 50 percent slopes",484
80,"Caverock","Yes",1652054,26336556,44.8,10.69,0.16,92,"7101","Caverock sandy loam_9 to 50 percent slopes",484
1,"Aquic Xerorthents","No",1652054,26336557,59,17.77,0.12,150,"7101","Caverock sandy loam_9 to 50 percent slopes",484
5,"Dagget","No",1652055,26336558,141.5,2.94,0.07,152,"7501","Rock Outcrop-Rockbound complex_5 to 30 percent slopes",6719
5,"Meeks","No",1652055,26336559,130,5,0.09,185,"7501","Rock Outcrop-Rockbound complex_5 to 30 percent slopes",6719
5,"Temo","No",1652055,26336560,45.28,2.9,0.04,152,"7501","Rock Outcrop-Rockbound complex_5 to 30 percent slopes",6719
5,"Witefels","No",1652055,26336561,75.7,2.05,0.08,152,"7501","Rock Outcrop-Rockbound complex_5 to 30 percent slopes",6719
30,"Rockbound","Yes",1652055,26336562,12.44,7.82,0.14,45,"7501","Rock Outcrop-Rockbound complex_5 to 30 percent slopes",6719
50,"Rock outcrop","Yes",1652055,26336563,NA,NA,NA,NA,"7501","Rock Outcrop-Rockbound complex_5 to 30 percent slopes",6719
5,"Temo","No",1652056,26336564,45.28,2.9,0.04,152,"7502","Rock Outcrop-Rockbound complex_30 to 70 percent slopes",6110
5,"Witefels","No",1652056,26336565,75.7,2.05,0.08,152,"7502","Rock Outcrop-Rockbound complex_30 to 70 percent slopes",6110
5,"Rubble land","No",1652056,26336566,NA,NA,NA,NA,"7502","Rock Outcrop-Rockbound complex_30 to 70 percent slopes",6110
5,"Dagget","No",1652056,26336567,141.5,2.94,0.07,152,"7502","Rock Outcrop-Rockbound complex_30 to 70 percent slopes",6110
25,"Rockbound","Yes",1652056,26336568,116.5,8.96,0.02,68,"7502","Rock Outcrop-Rockbound complex_30 to 70 percent slopes",6110
5,"Glenalpine","No",1652056,26336569,150,17.69,0.08,152,"7502","Rock Outcrop-Rockbound complex_30 to 70 percent slopes",6110
50,"Rock outcrop","Yes",1652056,26336570,NA,NA,NA,NA,"7502","Rock Outcrop-Rockbound complex_30 to 70 percent slopes",6110
3,"Oneidas","No",1652057,26336571,64.22,9.65,0.1,200,"7441","Christopher loamy coarse sand_0 to 9 percent slopes",455
5,"Jabu","No",1652057,26336572,68.92,8.36,0.14,257,"7441","Christopher loamy coarse sand_0 to 9 percent slopes",455
10,"Gefo","No",1652057,26336573,112.4,4.19,0.06,190,"7441","Christopher loamy coarse sand_0 to 9 percent slopes",455
2,"Marla","No",1652057,26336574,87.52,4.4,0.16,173,"7441","Christopher loamy coarse sand_0 to 9 percent slopes",455
80,"Christopher","Yes",1652057,26336575,108.6,1.04,0.13,155,"7441","Christopher loamy coarse sand_0 to 9 percent slopes",455
3,"Oneidas","No",1652058,26336576,64.22,9.65,0.1,200,"7442","Christopher loamy coarse sand_9 to 30 percent slopes",670
10,"Gefo","No",1652058,26336577,112.4,4.19,0.06,190,"7442","Christopher loamy coarse sand_9 to 30 percent slopes",670
5,"Jabu","No",1652058,26336578,68.92,8.36,0.14,257,"7442","Christopher loamy coarse sand_9 to 30 percent slopes",670
2,"Marla","No",1652058,26336579,87.52,4.4,0.16,173,"7442","Christopher loamy coarse sand_9 to 30 percent slopes",670
80,"Christopher","Yes",1652058,26336580,108.6,1.04,0.13,155,"7442","Christopher loamy coarse sand_9 to 30 percent slopes",670
80,"Christopher","Yes",1652060,26336581,102.4,3.36,0.08,180,"7443","Christopher gravelly loamy coarse sand_9 to 30 percent slopes",383
2,"Marla","No",1652060,26336582,87.52,4.4,0.16,173,"7443","Christopher gravelly loamy coarse sand_9 to 30 percent slopes",383
10,"Gefo","No",1652060,26336583,112.4,4.19,0.06,190,"7443","Christopher gravelly loamy coarse sand_9 to 30 percent slopes",383
5,"Jabu","No",1652060,26336584,68.92,8.36,0.14,257,"7443","Christopher gravelly loamy coarse sand_9 to 30 percent slopes",383
3,"Oneidas","No",1652060,26336585,64.22,9.65,0.1,200,"7443","Christopher gravelly loamy coarse sand_9 to 30 percent slopes",383
5,"Oneidas","No",1652061,26336586,64.22,9.65,0.1,200,"7444","Christopher-Gefo complex_0 to 5 percent slopes",3107
5,"Jabu","No",1652061,26336587,68.92,8.36,0.14,257,"7444","Christopher-Gefo complex_0 to 5 percent slopes",3107
5,"Ubaj","No",1652061,26336588,25.8,9.65,0.15,305,"7444","Christopher-Gefo complex_0 to 5 percent slopes",3107
5,"Marla","No",1652061,26336589,87.52,4.4,0.16,173,"7444","Christopher-Gefo complex_0 to 5 percent slopes",3107
45,"Christopher","Yes",1652061,26336590,108.6,1.04,0.13,155,"7444","Christopher-Gefo complex_0 to 5 percent slopes",3107
35,"Gefo","Yes",1652061,26336591,112.4,4.19,0.06,190,"7444","Christopher-Gefo complex_0 to 5 percent slopes",3107
1,"Tahoe","No",1652062,26336592,28,28.9,0.2,117,"7121","Ellispeak-Rock outcrop complex_9 to 30 percent slopes",434
10,"Waca","No",1652062,26336593,65.2,28.07,0.11,122,"7121","Ellispeak-Rock outcrop complex_9 to 30 percent slopes",434
2,"Kneeridge","No",1652062,26336594,74.4,22.27,0.2,200,"7121","Ellispeak-Rock outcrop complex_9 to 30 percent slopes",434
2,"Paige","No",1652062,26336595,87.52,18.1,0.21,204,"7121","Ellispeak-Rock outcrop complex_9 to 30 percent slopes",434
45,"Ellispeak","Yes",1652062,26336596,85,21.13,0.07,55,"7121","Ellispeak-Rock outcrop complex_9 to 30 percent slopes",434
40,"Rock outcrop","Yes",1652062,26336597,NA,NA,NA,25,"7121","Ellispeak-Rock outcrop complex_9 to 30 percent slopes",434
10,"Waca","No",1652063,26336598,65.2,28.07,0.11,122,"7122","Ellispeak-Rock outcrop complex_30 to 50 percent slopes",424
3,"Kneeridge","No",1652063,26336599,74.4,22.27,0.2,200,"7122","Ellispeak-Rock outcrop complex_30 to 50 percent slopes",424
1,"Paige","No",1652063,26336600,87.52,18.1,0.21,204,"7122","Ellispeak-Rock outcrop complex_30 to 50 percent slopes",424
45,"Ellispeak","Yes",1652063,26336601,85,21.13,0.07,55,"7122","Ellispeak-Rock outcrop complex_30 to 50 percent slopes",424
1,"Aquic Xerorthents","No",1652063,26336602,59,17.77,0.12,150,"7122","Ellispeak-Rock outcrop complex_30 to 50 percent slopes",424
40,"Rock outcrop","Yes",1652063,26336603,NA,NA,NA,25,"7122","Ellispeak-Rock outcrop complex_30 to 50 percent slopes",424
1,"Paige","No",1652064,26336604,87.52,18.1,0.21,204,"7123","Ellispeak-Rock outcrop complex_50 to 70 percent slopes",384
10,"Waca","No",1652064,26336605,65.2,28.07,0.11,122,"7123","Ellispeak-Rock outcrop complex_50 to 70 percent slopes",384
3,"Kneeridge","No",1652064,26336606,74.4,22.27,0.2,200,"7123","Ellispeak-Rock outcrop complex_50 to 70 percent slopes",384
45,"Ellispeak","Yes",1652064,26336607,85,21.13,0.07,55,"7123","Ellispeak-Rock outcrop complex_50 to 70 percent slopes",384
1,"Aquic Xerorthents","No",1652064,26336608,59,17.77,0.12,150,"7123","Ellispeak-Rock outcrop complex_50 to 70 percent slopes",384
40,"Rock outcrop","Yes",1652064,26336609,NA,NA,NA,25,"7123","Ellispeak-Rock outcrop complex_50 to 70 percent slopes",384
80,"Marla","Yes",1652065,26336610,87.52,4.4,0.16,173,"7471","Marla loamy coarse sand_0 to 5 percent slopes",1682
4,"Gefo","No",1652065,26336611,112.4,4.19,0.06,190,"7471","Marla loamy coarse sand_0 to 5 percent slopes",1682
4,"Christopher","No",1652065,26336612,108.6,1.04,0.13,155,"7471","Marla loamy coarse sand_0 to 5 percent slopes",1682
4,"Watah","No",1652065,26336613,124,36,0.26,160,"7471","Marla loamy coarse sand_0 to 5 percent slopes",1682
4,"Ubaj","No",1652065,26336614,25.8,9.65,0.15,305,"7471","Marla loamy coarse sand_0 to 5 percent slopes",1682
4,"Tahoe","No",1652065,26336615,59.2,28.01,0.17,150,"7471","Marla loamy coarse sand_0 to 5 percent slopes",1682
1,"Watah","No",1652066,26336616,124,36,0.26,160,"7051","Oxyaquic Xerorthents-Water association_0 to 5 percent slopes",548
1,"Marla","No",1652066,26336617,87.52,4.4,0.16,173,"7051","Oxyaquic Xerorthents-Water association_0 to 5 percent slopes",548
60,"Oxyaquic Xerorthents","Yes",1652066,26336618,9,4.5,0.04,159,"7051","Oxyaquic Xerorthents-Water association_0 to 5 percent slopes",548
38,"Water","Yes",1652066,26336619,NA,NA,NA,NA,"7051","Oxyaquic Xerorthents-Water association_0 to 5 percent slopes",548
80,"Gefo","Yes",1652068,26336620,112.4,4.19,0.06,190,"7451","Gefo gravelly loamy coarse sand_2 to 9 percent slopes",806
2,"Marla","No",1652068,26336621,87.52,4.4,0.16,173,"7451","Gefo gravelly loamy coarse sand_2 to 9 percent slopes",806
5,"Jabu","No",1652068,26336622,68.92,8.36,0.14,257,"7451","Gefo gravelly loamy coarse sand_2 to 9 percent slopes",806
10,"Christopher","No",1652068,26336623,108.6,1.04,0.13,155,"7451","Gefo gravelly loamy coarse sand_2 to 9 percent slopes",806
3,"Oneidas","No",1652068,26336624,64.22,9.65,0.1,200,"7451","Gefo gravelly loamy coarse sand_2 to 9 percent slopes",806
3,"Oneidas","No",1652069,26336625,64.22,9.65,0.1,200,"7452","Gefo gravelly loamy coarse sand_9 to 30 percent slopes",382
5,"Jabu","No",1652069,26336626,68.92,8.36,0.14,257,"7452","Gefo gravelly loamy coarse sand_9 to 30 percent slopes",382
10,"Christopher","No",1652069,26336627,108.6,1.04,0.13,155,"7452","Gefo gravelly loamy coarse sand_9 to 30 percent slopes",382
2,"Marla","No",1652069,26336628,87.52,4.4,0.16,173,"7452","Gefo gravelly loamy coarse sand_9 to 30 percent slopes",382
80,"Gefo","Yes",1652069,26336629,112.4,4.19,0.06,190,"7452","Gefo gravelly loamy coarse sand_9 to 30 percent slopes",382
25,"Tahoe","Yes",1652070,26336630,28,28.9,0.2,117,"7042","Tahoe complex_0 to 5 percent slopes_gravelly",863
5,"Riverwash","No",1652070,26336631,NA,NA,NA,NA,"7042","Tahoe complex_0 to 5 percent slopes_gravelly",863
55,"Tahoe","Yes",1652070,26336632,28,28.9,0.2,117,"7042","Tahoe complex_0 to 5 percent slopes_gravelly",863
5,"Marla","No",1652070,26336633,87.52,4.4,0.16,173,"7042","Tahoe complex_0 to 5 percent slopes_gravelly",863
5,"Watah","No",1652070,26336634,124,36,0.26,160,"7042","Tahoe complex_0 to 5 percent slopes_gravelly",863
5,"Tahoe","No",1652070,26336635,59.2,28.01,0.17,150,"7042","Tahoe complex_0 to 5 percent slopes_gravelly",863
75,"Dagget","Yes",1652071,26336636,141.5,2.94,0.07,150,"9401","Dagget very gravelly loamy coarse sand_15 to 30 percent slopes_extremely bouldery",2349
3,"Rock outcrop","No",1652071,26336637,NA,NA,NA,NA,"9401","Dagget very gravelly loamy coarse sand_15 to 30 percent slopes_extremely bouldery",2349
2,"Cagwin","No",1652071,26336638,65.6,7.66,0.1,94,"9401","Dagget very gravelly loamy coarse sand_15 to 30 percent slopes_extremely bouldery",2349
2,"Cassenai","No",1652071,26336639,80.08,2.54,0.14,160,"9401","Dagget very gravelly loamy coarse sand_15 to 30 percent slopes_extremely bouldery",2349
3,"Whittell","No",1652071,26336640,102,NA,0.04,107,"9401","Dagget very gravelly loamy coarse sand_15 to 30 percent slopes_extremely bouldery",2349
3,"Jobsis","No",1652071,26336641,92,5.06,0.04,150,"9401","Dagget very gravelly loamy coarse sand_15 to 30 percent slopes_extremely bouldery",2349
1,"Oxyaquic Cryorthents","No",1652071,26336642,55,7.48,0.06,284,"9401","Dagget very gravelly loamy coarse sand_15 to 30 percent slopes_extremely bouldery",2349
5,"Temo","No",1652071,26336643,45.28,2.9,0.04,65,"9401","Dagget very gravelly loamy coarse sand_15 to 30 percent slopes_extremely bouldery",2349
2,"Toem","No",1652071,26336644,103.2,1.05,0.08,81,"9401","Dagget very gravelly loamy coarse sand_15 to 30 percent slopes_extremely bouldery",2349
4,"Witefels","No",1652071,26336645,75.7,2.05,0.08,100,"9401","Dagget very gravelly loamy coarse sand_15 to 30 percent slopes_extremely bouldery",2349
4,"Witefels","No",1652072,26336646,75.7,2.05,0.08,100,"9402","Dagget very gravelly loamy coarse sand_30 to 50 percent slopes_extremely bouldery",2679
2,"Toem","No",1652072,26336647,103.2,1.05,0.08,81,"9402","Dagget very gravelly loamy coarse sand_30 to 50 percent slopes_extremely bouldery",2679
5,"Temo","No",1652072,26336648,45.28,2.9,0.04,65,"9402","Dagget very gravelly loamy coarse sand_30 to 50 percent slopes_extremely bouldery",2679
3,"Jobsis","No",1652072,26336649,92,5.06,0.04,76,"9402","Dagget very gravelly loamy coarse sand_30 to 50 percent slopes_extremely bouldery",2679
3,"Whittell","No",1652072,26336650,102,NA,0.04,107,"9402","Dagget very gravelly loamy coarse sand_30 to 50 percent slopes_extremely bouldery",2679
1,"Oxyaquic Cryorthents","No",1652072,26336651,55,7.48,0.06,284,"9402","Dagget very gravelly loamy coarse sand_30 to 50 percent slopes_extremely bouldery",2679
2,"Cagwin","No",1652072,26336652,65.6,7.66,0.1,94,"9402","Dagget very gravelly loamy coarse sand_30 to 50 percent slopes_extremely bouldery",2679
2,"Cassenai","No",1652072,26336653,80.08,2.54,0.14,160,"9402","Dagget very gravelly loamy coarse sand_30 to 50 percent slopes_extremely bouldery",2679
75,"Dagget","Yes",1652072,26336654,141.5,2.94,0.07,150,"9402","Dagget very gravelly loamy coarse sand_30 to 50 percent slopes_extremely bouldery",2679
3,"Rock outcrop","No",1652072,26336655,NA,NA,NA,NA,"9402","Dagget very gravelly loamy coarse sand_30 to 50 percent slopes_extremely bouldery",2679
4,"Witefels","No",1652073,26336656,75.7,2.05,0.08,100,"9403","Dagget very gravelly loamy coarse sand_50 to 70 percent slopes_extremely bouldery",581
2,"Toem","No",1652073,26336657,103.2,1.05,0.08,81,"9403","Dagget very gravelly loamy coarse sand_50 to 70 percent slopes_extremely bouldery",581
5,"Temo","No",1652073,26336658,45.28,2.9,0.04,65,"9403","Dagget very gravelly loamy coarse sand_50 to 70 percent slopes_extremely bouldery",581
1,"Oxyaquic Cryorthents","No",1652073,26336659,55,7.48,0.06,284,"9403","Dagget very gravelly loamy coarse sand_50 to 70 percent slopes_extremely bouldery",581
3,"Whittell","No",1652073,26336660,102,NA,0.04,107,"9403","Dagget very gravelly loamy coarse sand_50 to 70 percent slopes_extremely bouldery",581
3,"Jobsis","No",1652073,26336661,92,5.06,0.04,76,"9403","Dagget very gravelly loamy coarse sand_50 to 70 percent slopes_extremely bouldery",581
2,"Cassenai","No",1652073,26336662,80.08,2.54,0.14,160,"9403","Dagget very gravelly loamy coarse sand_50 to 70 percent slopes_extremely bouldery",581
2,"Cagwin","No",1652073,26336663,65.6,7.66,0.1,94,"9403","Dagget very gravelly loamy coarse sand_50 to 70 percent slopes_extremely bouldery",581
75,"Dagget","Yes",1652073,26336664,141.5,2.94,0.07,150,"9403","Dagget very gravelly loamy coarse sand_50 to 70 percent slopes_extremely bouldery",581
3,"Rock outcrop","No",1652073,26336665,NA,NA,NA,NA,"9403","Dagget very gravelly loamy coarse sand_50 to 70 percent slopes_extremely bouldery",581
80,"Hellhole","Yes",1652075,26336666,400,NA,0.6,300,"7021","Hellhole peat_0 to 2 percent slopes",296
5,"Watah","No",1652075,26336667,124,36,0.26,160,"7021","Hellhole peat_0 to 2 percent slopes",296
10,"Bidart","No",1652075,26336668,64.5,NA,0.19,150,"7021","Hellhole peat_0 to 2 percent slopes",296
5,"Water","No",1652075,26336669,NA,NA,NA,NA,"7021","Hellhole peat_0 to 2 percent slopes",296
80,"Inville","Yes",1652076,26336670,65.2,13.32,0.12,142,"7141","Inville gravelly coarse sandy loam_2 to 9 percent slopes_stony",1479
10,"Christopher","No",1652076,26336671,108.6,1.04,0.13,155,"7141","Inville gravelly coarse sandy loam_2 to 9 percent slopes_stony",1479
4,"Cassenai","No",1652076,26336672,42.88,2.48,0.09,200,"7141","Inville gravelly coarse sandy loam_2 to 9 percent slopes_stony",1479
2,"Kingsbeach","No",1652076,26336673,32.61,11.78,0.18,155,"7141","Inville gravelly coarse sandy loam_2 to 9 percent slopes_stony",1479
3,"Jorge","No",1652076,26336674,115.72,26.9,0.15,213,"7141","Inville gravelly coarse sandy loam_2 to 9 percent slopes_stony",1479
1,"Aquic Xerorthents","No",1652076,26336675,59,17.77,0.12,150,"7141","Inville gravelly coarse sandy loam_2 to 9 percent slopes_stony",1479
3,"Jorge","No",1652077,26336676,115.72,26.9,0.15,213,"7142","Inville gravelly coarse sandy loam_9 to 15 percent slopes_stony",619
4,"Christopher","No",1652077,26336677,102.4,3.36,0.08,180,"7142","Inville gravelly coarse sandy loam_9 to 15 percent slopes_stony",619
10,"Cassenai","No",1652077,26336678,42.88,2.48,0.09,200,"7142","Inville gravelly coarse sandy loam_9 to 15 percent slopes_stony",619
2,"Meeks","No",1652077,26336679,130,5,0.09,185,"7142","Inville gravelly coarse sandy loam_9 to 15 percent slopes_stony",619
80,"Inville","Yes",1652077,26336680,65.2,13.32,0.12,142,"7142","Inville gravelly coarse sandy loam_9 to 15 percent slopes_stony",619
1,"Aquic Xerorthents","No",1652077,26336681,59,17.77,0.12,150,"7142","Inville gravelly coarse sandy loam_9 to 15 percent slopes_stony",619
80,"Inville","Yes",1652083,26336682,65.2,13.32,0.12,142,"7143","Inville gravelly coarse sandy loam_15 to 30 percent slopes_stony",429
2,"Meeks","No",1652083,26336683,130,5,0.09,185,"7143","Inville gravelly coarse sandy loam_15 to 30 percent slopes_stony",429
3,"Jorge","No",1652083,26336684,115.72,26.9,0.15,213,"7143","Inville gravelly coarse sandy loam_15 to 30 percent slopes_stony",429
10,"Cassenai","No",1652083,26336685,42.88,2.48,0.09,200,"7143","Inville gravelly coarse sandy loam_15 to 30 percent slopes_stony",429
4,"Christopher","No",1652083,26336686,102.4,3.36,0.08,180,"7143","Inville gravelly coarse sandy loam_15 to 30 percent slopes_stony",429
1,"Aquic Xerorthents","No",1652083,26336687,59,17.77,0.12,150,"7143","Inville gravelly coarse sandy loam_15 to 30 percent slopes_stony",429
5,"Oneidas","No",1652084,26336688,64.22,9.65,0.1,200,"7461","Jabu coarse sandy loam_0 to 9 percent slopes",1703
3,"Gefo","No",1652084,26336689,112.4,4.19,0.06,190,"7461","Jabu coarse sandy loam_0 to 9 percent slopes",1703
10,"Christopher","No",1652084,26336690,108.6,1.04,0.13,155,"7461","Jabu coarse sandy loam_0 to 9 percent slopes",1703
2,"Marla","No",1652084,26336691,87.52,4.4,0.16,173,"7461","Jabu coarse sandy loam_0 to 9 percent slopes",1703
80,"Jabu","Yes",1652084,26336692,68.92,8.36,0.14,257,"7461","Jabu coarse sandy loam_0 to 9 percent slopes",1703
80,"Jabu","Yes",1652085,26336693,68.92,8.36,0.14,257,"7462","Jabu coarse sandy loam_9 to 30 percent slopes",1331
2,"Marla","No",1652085,26336694,87.52,4.4,0.16,173,"7462","Jabu coarse sandy loam_9 to 30 percent slopes",1331
3,"Gefo","No",1652085,26336695,112.4,4.19,0.06,190,"7462","Jabu coarse sandy loam_9 to 30 percent slopes",1331
10,"Christopher","No",1652085,26336696,108.6,1.04,0.13,155,"7462","Jabu coarse sandy loam_9 to 30 percent slopes",1331
5,"Oneidas","No",1652085,26336697,64.22,9.65,0.1,200,"7462","Jabu coarse sandy loam_9 to 30 percent slopes",1331
3,"Christopher","No",1652086,26336698,108.6,1.04,0.13,155,"7491","Oneidas coarse sandy loam_0 to 5 percent slopes",561
2,"Gefo","No",1652086,26336699,112.4,4.19,0.06,190,"7491","Oneidas coarse sandy loam_0 to 5 percent slopes",561
10,"Jabu","No",1652086,26336700,68.92,8.36,0.14,257,"7491","Oneidas coarse sandy loam_0 to 5 percent slopes",561
2,"Marla","No",1652086,26336701,87.52,4.4,0.16,173,"7491","Oneidas coarse sandy loam_0 to 5 percent slopes",561
3,"Meeks","No",1652086,26336702,130,5,0.09,185,"7491","Oneidas coarse sandy loam_0 to 5 percent slopes",561
80,"Oneidas","Yes",1652086,26336703,64.22,9.65,0.1,200,"7491","Oneidas coarse sandy loam_0 to 5 percent slopes",561
3,"Meeks","No",1652087,26336704,130,5,0.09,185,"7492","Oneidas coarse sandy loam_5 to 15 percent slopes",593
2,"Marla","No",1652087,26336705,87.52,4.4,0.16,173,"7492","Oneidas coarse sandy loam_5 to 15 percent slopes",593
10,"Jabu","No",1652087,26336706,68.92,8.36,0.14,257,"7492","Oneidas coarse sandy loam_5 to 15 percent slopes",593
2,"Gefo","No",1652087,26336707,112.4,4.19,0.06,190,"7492","Oneidas coarse sandy loam_5 to 15 percent slopes",593
3,"Christopher","No",1652087,26336708,108.6,1.04,0.13,155,"7492","Oneidas coarse sandy loam_5 to 15 percent slopes",593
80,"Oneidas","Yes",1652087,26336709,64.22,9.65,0.1,200,"7492","Oneidas coarse sandy loam_5 to 15 percent slopes",593
5,"Oneidas","No",1652088,26336710,64.22,9.65,0.1,200,"7541","Ubaj sandy loam_0 to 9 percent slopes",865
3,"Gefo","No",1652088,26336711,112.4,4.19,0.06,190,"7541","Ubaj sandy loam_0 to 9 percent slopes",865
5,"Jabu","No",1652088,26336712,68.92,8.36,0.14,257,"7541","Ubaj sandy loam_0 to 9 percent slopes",865
2,"Marla","No",1652088,26336713,87.52,4.4,0.16,173,"7541","Ubaj sandy loam_0 to 9 percent slopes",865
5,"Christopher","No",1652088,26336714,108.6,1.04,0.13,155,"7541","Ubaj sandy loam_0 to 9 percent slopes",865
80,"Ubaj","Yes",1652088,26336715,25.8,9.65,0.15,305,"7541","Ubaj sandy loam_0 to 9 percent slopes",865
80,"Kingsbeach","Yes",1652089,26336716,32.61,11.78,0.18,155,"7161","Kingsbeach stony sandy loam_2 to 15 percent slopes",1443
1,"Beaches","No",1652089,26336717,150,NA,0.03,200,"7161","Kingsbeach stony sandy loam_2 to 15 percent slopes",1443
1,"Dunes","No",1652089,26336718,NA,NA,NA,NA,"7161","Kingsbeach stony sandy loam_2 to 15 percent slopes",1443
8,"Jorge","No",1652089,26336719,115.72,26.9,0.15,213,"7161","Kingsbeach stony sandy loam_2 to 15 percent slopes",1443
10,"Tahoma","No",1652089,26336720,94.8,19.47,0.16,205,"7161","Kingsbeach stony sandy loam_2 to 15 percent slopes",1443
5,"Tahoma","No",1652090,26336721,94.8,19.47,0.16,205,"7154","Jorge very cobbly loam_2 to 15 percent slopes_extremely stony",179
1,"Tahoe","No",1652090,26336722,28,28.9,0.2,117,"7154","Jorge very cobbly loam_2 to 15 percent slopes_extremely stony",179
3,"Waca","No",1652090,26336723,65.2,28.07,0.11,122,"7154","Jorge very cobbly loam_2 to 15 percent slopes_extremely stony",179
75,"Jorge","Yes",1652090,26336724,88.9,24.8,0.13,152,"7154","Jorge very cobbly loam_2 to 15 percent slopes_extremely stony",179
3,"Rock outcrop","No",1652090,26336725,NA,NA,NA,NA,"7154","Jorge very cobbly loam_2 to 15 percent slopes_extremely stony",179
10,"Rubble land","No",1652090,26336726,NA,NA,NA,NA,"7154","Jorge very cobbly loam_2 to 15 percent slopes_extremely stony",179
3,"Ellispeak","No",1652090,26336727,85,21.13,0.07,55,"7154","Jorge very cobbly loam_2 to 15 percent slopes_extremely stony",179
1,"Tahoe","No",1652091,26336728,28,28.9,0.2,117,"7155","Jorge very cobbly loam_15 to 50 percent slopes_extremely stony",272
5,"Tahoma","No",1652091,26336729,94.8,19.47,0.16,205,"7155","Jorge very cobbly loam_15 to 50 percent slopes_extremely stony",272
3,"Waca","No",1652091,26336730,65.2,28.07,0.11,122,"7155","Jorge very cobbly loam_15 to 50 percent slopes_extremely stony",272
75,"Jorge","Yes",1652091,26336731,88.9,24.8,0.13,152,"7155","Jorge very cobbly loam_15 to 50 percent slopes_extremely stony",272
10,"Rubble land","No",1652091,26336732,NA,NA,NA,NA,"7155","Jorge very cobbly loam_15 to 50 percent slopes_extremely stony",272
3,"Rock outcrop","No",1652091,26336733,NA,NA,NA,NA,"7155","Jorge very cobbly loam_15 to 50 percent slopes_extremely stony",272
3,"Ellispeak","No",1652091,26336734,85,21.13,0.07,55,"7155","Jorge very cobbly loam_15 to 50 percent slopes_extremely stony",272
30,"Jorge","Yes",1652092,26336735,115.72,26.9,0.15,213,"7222","Tahoma-Jorge complex_2 to 15 percent slopes",4905
50,"Tahoma","Yes",1652092,26336736,94.8,19.47,0.16,205,"7222","Tahoma-Jorge complex_2 to 15 percent slopes",4905
1,"Rock outcrop","No",1652092,26336737,NA,NA,NA,NA,"7222","Tahoma-Jorge complex_2 to 15 percent slopes",4905
2,"Rubble land","No",1652092,26336738,NA,NA,NA,NA,"7222","Tahoma-Jorge complex_2 to 15 percent slopes",4905
10,"Waca","No",1652092,26336739,65.2,28.07,0.11,122,"7222","Tahoma-Jorge complex_2 to 15 percent slopes",4905
5,"Inville","No",1652092,26336740,65.2,13.32,0.12,142,"7222","Tahoma-Jorge complex_2 to 15 percent slopes",4905
1,"Tahoe","No",1652092,26336741,28,28.9,0.2,117,"7222","Tahoma-Jorge complex_2 to 15 percent slopes",4905
1,"Ellispeak","No",1652092,26336742,85,21.13,0.07,55,"7222","Tahoma-Jorge complex_2 to 15 percent slopes",4905
35,"Tahoma","Yes",1652093,26336743,94.8,19.47,0.16,205,"7156","Jorge-Tahoma complex_15 to 30 percent slopes",4386
2,"Rubble land","No",1652093,26336744,NA,NA,NA,NA,"7156","Jorge-Tahoma complex_15 to 30 percent slopes",4386
1,"Rock outcrop","No",1652093,26336745,NA,NA,NA,NA,"7156","Jorge-Tahoma complex_15 to 30 percent slopes",4386
45,"Jorge","Yes",1652093,26336746,115.72,26.9,0.15,213,"7156","Jorge-Tahoma complex_15 to 30 percent slopes",4386
5,"Inville","No",1652093,26336747,65.2,13.32,0.12,142,"7156","Jorge-Tahoma complex_15 to 30 percent slopes",4386
10,"Waca","No",1652093,26336748,65.2,28.07,0.11,122,"7156","Jorge-Tahoma complex_15 to 30 percent slopes",4386
1,"Tahoe","No",1652093,26336749,28,28.9,0.2,117,"7156","Jorge-Tahoma complex_15 to 30 percent slopes",4386
1,"Ellispeak","No",1652093,26336750,85,21.13,0.07,55,"7156","Jorge-Tahoma complex_15 to 30 percent slopes",4386
1,"Tahoe","No",1652094,26336751,28,28.9,0.2,117,"7157","Jorge-Tahoma complex_30 to 50 percent slopes",1543
5,"Inville","No",1652094,26336752,65.2,13.32,0.12,142,"7157","Jorge-Tahoma complex_30 to 50 percent slopes",1543
10,"Waca","No",1652094,26336753,65.2,28.07,0.11,122,"7157","Jorge-Tahoma complex_30 to 50 percent slopes",1543
25,"Tahoma","Yes",1652094,26336754,94.8,19.47,0.16,205,"7157","Jorge-Tahoma complex_30 to 50 percent slopes",1543
2,"Rubble land","No",1652094,26336755,NA,NA,NA,NA,"7157","Jorge-Tahoma complex_30 to 50 percent slopes",1543
1,"Rock outcrop","No",1652094,26336756,NA,NA,NA,NA,"7157","Jorge-Tahoma complex_30 to 50 percent slopes",1543
55,"Jorge","Yes",1652094,26336757,115.72,26.9,0.15,213,"7157","Jorge-Tahoma complex_30 to 50 percent slopes",1543
1,"Ellispeak","No",1652094,26336758,85,21.13,0.07,55,"7157","Jorge-Tahoma complex_30 to 50 percent slopes",1543
80,"Kneeridge","Yes",1652095,26336759,74.4,22.27,0.2,200,"7173","Kneeridge gravelly sandy loam_2 to 5 percent slopes_very stony",598
9,"Jorge","No",1652095,26336760,115.72,26.9,0.15,213,"7173","Kneeridge gravelly sandy loam_2 to 5 percent slopes_very stony",598
5,"Waca","No",1652095,26336761,65.2,28.07,0.11,122,"7173","Kneeridge gravelly sandy loam_2 to 5 percent slopes_very stony",598
5,"Paige","No",1652095,26336762,87.52,18.1,0.21,204,"7173","Kneeridge gravelly sandy loam_2 to 5 percent slopes_very stony",598
1,"Tahoe","No",1652095,26336763,28,28.9,0.2,117,"7173","Kneeridge gravelly sandy loam_2 to 5 percent slopes_very stony",598
1,"Tahoe","No",1652096,26336764,28,28.9,0.2,117,"7174","Kneeridge gravelly sandy loam_5 to 15 percent slopes_very stony",536
5,"Paige","No",1652096,26336765,87.52,18.1,0.21,204,"7174","Kneeridge gravelly sandy loam_5 to 15 percent slopes_very stony",536
5,"Waca","No",1652096,26336766,65.2,28.07,0.11,122,"7174","Kneeridge gravelly sandy loam_5 to 15 percent slopes_very stony",536
9,"Jorge","No",1652096,26336767,115.72,26.9,0.15,213,"7174","Kneeridge gravelly sandy loam_5 to 15 percent slopes_very stony",536
80,"Kneeridge","Yes",1652096,26336768,74.4,22.27,0.2,200,"7174","Kneeridge gravelly sandy loam_5 to 15 percent slopes_very stony",536
1,"Tahoe","No",1652097,26336769,28,28.9,0.2,117,"7172","Kneeridge gravelly sandy loam_well drained_5 to 15 percent slopes_very stony",485
5,"Paige","No",1652097,26336770,87.52,18.1,0.21,204,"7172","Kneeridge gravelly sandy loam_well drained_5 to 15 percent slopes_very stony",485
5,"Waca","No",1652097,26336771,65.2,28.07,0.11,122,"7172","Kneeridge gravelly sandy loam_well drained_5 to 15 percent slopes_very stony",485
9,"Jorge","No",1652097,26336772,115.72,26.9,0.15,213,"7172","Kneeridge gravelly sandy loam_well drained_5 to 15 percent slopes_very stony",485
80,"Kneeridge","Yes",1652097,26336773,74.4,22.27,0.2,200,"7172","Kneeridge gravelly sandy loam_well drained_5 to 15 percent slopes_very stony",485
9,"Jorge","No",1652098,26336774,115.72,26.9,0.15,213,"7171","Kneeridge gravelly sandy loam_2 to 9 percent slopes_extremely stony",532
5,"Waca","No",1652098,26336775,65.2,28.07,0.11,122,"7171","Kneeridge gravelly sandy loam_2 to 9 percent slopes_extremely stony",532
5,"Paige","No",1652098,26336776,87.52,18.1,0.21,204,"7171","Kneeridge gravelly sandy loam_2 to 9 percent slopes_extremely stony",532
1,"Tahoe","No",1652098,26336777,28,28.9,0.2,117,"7171","Kneeridge gravelly sandy loam_2 to 9 percent slopes_extremely stony",532
80,"Kneeridge","Yes",1652098,26336778,74.4,22.27,0.2,200,"7171","Kneeridge gravelly sandy loam_2 to 9 percent slopes_extremely stony",532
4,"Windy","No",1652099,26336779,65.2,28.07,0.11,150,"7131","Ellispeak-Waca complex_9 to 30 percent slopes",966
40,"Waca","Yes",1652099,26336780,65.2,28.07,0.11,122,"7131","Ellispeak-Waca complex_9 to 30 percent slopes",966
10,"Rock outcrop","No",1652099,26336781,NA,NA,NA,NA,"7131","Ellispeak-Waca complex_9 to 30 percent slopes",966
45,"Ellispeak","Yes",1652099,26336782,85,21.13,0.07,55,"7131","Ellispeak-Waca complex_9 to 30 percent slopes",966
1,"Aquic Xerorthents","No",1652099,26336783,59,17.77,0.12,150,"7131","Ellispeak-Waca complex_9 to 30 percent slopes",966
40,"Waca","Yes",1652100,26336784,65.2,28.07,0.11,122,"7132","Ellispeak-Waca complex_30 to 50 percent slopes",441
10,"Rock outcrop","No",1652100,26336785,NA,NA,NA,NA,"7132","Ellispeak-Waca complex_30 to 50 percent slopes",441
4,"Windy","No",1652100,26336786,65.2,28.07,0.11,150,"7132","Ellispeak-Waca complex_30 to 50 percent slopes",441
45,"Ellispeak","Yes",1652100,26336787,85,21.13,0.07,55,"7132","Ellispeak-Waca complex_30 to 50 percent slopes",441
1,"Aquic Xerorthents","No",1652100,26336788,59,17.77,0.12,150,"7132","Ellispeak-Waca complex_30 to 50 percent slopes",441
4,"Windy","No",1652101,26336789,65.2,28.07,0.11,150,"7133","Ellispeak-Waca complex_50 to 70 percent slopes",264
40,"Waca","Yes",1652101,26336790,65.2,28.07,0.11,122,"7133","Ellispeak-Waca complex_50 to 70 percent slopes",264
10,"Rock outcrop","No",1652101,26336791,NA,NA,NA,NA,"7133","Ellispeak-Waca complex_50 to 70 percent slopes",264
45,"Ellispeak","Yes",1652101,26336792,85,21.13,0.07,55,"7133","Ellispeak-Waca complex_50 to 70 percent slopes",264
1,"Aquic Xerorthents","No",1652101,26336793,59,17.77,0.12,150,"7133","Ellispeak-Waca complex_50 to 70 percent slopes",264
80,"Tahoe","Yes",1652102,26336794,28,28.9,0.2,117,"7043","Tahoe mucky silt loam_drained_0 to 5 percent slopes",403
5,"Tahoe","No",1652102,26336795,28,28.9,0.2,117,"7043","Tahoe mucky silt loam_drained_0 to 5 percent slopes",403
5,"Marla","No",1652102,26336796,87.52,4.4,0.16,173,"7043","Tahoe mucky silt loam_drained_0 to 5 percent slopes",403
5,"Watah","No",1652102,26336797,124,36,0.26,160,"7043","Tahoe mucky silt loam_drained_0 to 5 percent slopes",403
5,"Tahoe","No",1652102,26336798,28,28.9,0.2,117,"7043","Tahoe mucky silt loam_drained_0 to 5 percent slopes",403
50,"Bidart","Yes",1652103,26336799,64.5,NA,0.19,150,"9001","Bidart complex_0 to 2 percent slopes",1058
30,"Bidart","Yes",1652103,26336800,64.5,NA,0.19,150,"9001","Bidart complex_0 to 2 percent slopes",1058
2,"Hellhole","No",1652103,26336801,400,NA,0.6,300,"9001","Bidart complex_0 to 2 percent slopes",1058
5,"Tahoe","No",1652103,26336802,28,28.9,0.2,117,"9001","Bidart complex_0 to 2 percent slopes",1058
5,"Tahoe","No",1652103,26336803,59.2,28.01,0.17,150,"9001","Bidart complex_0 to 2 percent slopes",1058
3,"Water","No",1652103,26336804,NA,NA,NA,NA,"9001","Bidart complex_0 to 2 percent slopes",1058
5,"Watah","No",1652103,26336805,124,36,0.26,160,"9001","Bidart complex_0 to 2 percent slopes",1058
5,"Tahoe","No",1652104,26336806,28,28.9,0.2,117,"7041","Tahoe complex_0 to 2 percent slopes",2241
5,"Watah","No",1652104,26336807,124,36,0.26,160,"7041","Tahoe complex_0 to 2 percent slopes",2241
10,"Marla","No",1652104,26336808,87.52,4.4,0.16,173,"7041","Tahoe complex_0 to 2 percent slopes",2241
55,"Tahoe","Yes",1652104,26336809,59.2,28.01,0.17,150,"7041","Tahoe complex_0 to 2 percent slopes",2241
25,"Tahoe","Yes",1652104,26336810,28,28.9,0.2,117,"7041","Tahoe complex_0 to 2 percent slopes",2241
1,"Oxyaquic Cryorthents","No",1652105,26336811,55,7.48,0.06,284,"9141","Melody-Rock Outcrop complex_9 to 30 percent slopes",351
10,"Sky","No",1652105,26336812,55.2,24.64,0.11,152,"9141","Melody-Rock Outcrop complex_9 to 30 percent slopes",351
1,"Lithnip","No",1652105,26336813,9.58,12.5,0.05,38,"9141","Melody-Rock Outcrop complex_9 to 30 percent slopes",351
1,"Meiss","No",1652105,26336814,18.48,NA,0.13,58,"9141","Melody-Rock Outcrop complex_9 to 30 percent slopes",351
55,"Melody","Yes",1652105,26336815,70,20.77,0.08,63,"9141","Melody-Rock Outcrop complex_9 to 30 percent slopes",351
2,"Wardcreek","No",1652105,26336816,50,NA,0.08,89,"9141","Melody-Rock Outcrop complex_9 to 30 percent slopes",351
5,"Mountrose","No",1652105,26336817,16.14,12.38,0.1,150,"9141","Melody-Rock Outcrop complex_9 to 30 percent slopes",351
25,"Rock outcrop","Yes",1652105,26336818,NA,NA,NA,NA,"9141","Melody-Rock Outcrop complex_9 to 30 percent slopes",351
10,"Sky","No",1652106,26336819,55.2,24.64,0.11,86,"9142","Melody-Rock Outcrop complex_30 to 50 percent slopes",842
1,"Oxyaquic Cryorthents","No",1652106,26336820,55,7.48,0.06,284,"9142","Melody-Rock Outcrop complex_30 to 50 percent slopes",842
1,"Lithnip","No",1652106,26336821,9.58,12.5,0.05,38,"9142","Melody-Rock Outcrop complex_30 to 50 percent slopes",842
1,"Meiss","No",1652106,26336822,18.48,NA,0.13,58,"9142","Melody-Rock Outcrop complex_30 to 50 percent slopes",842
55,"Melody","Yes",1652106,26336823,70,20.77,0.08,63,"9142","Melody-Rock Outcrop complex_30 to 50 percent slopes",842
2,"Wardcreek","No",1652106,26336824,50,NA,0.08,89,"9142","Melody-Rock Outcrop complex_30 to 50 percent slopes",842
5,"Mountrose","No",1652106,26336825,16.14,12.38,0.1,150,"9142","Melody-Rock Outcrop complex_30 to 50 percent slopes",842
25,"Rock outcrop","Yes",1652106,26336826,NA,NA,NA,NA,"9142","Melody-Rock Outcrop complex_30 to 50 percent slopes",842
10,"Sky","No",1652107,26336827,55.2,24.64,0.11,86,"9143","Melody-Rock outcrop complex_50 to 70 percent slopes",941
1,"Oxyaquic Cryorthents","No",1652107,26336828,55,7.48,0.06,284,"9143","Melody-Rock outcrop complex_50 to 70 percent slopes",941
1,"Lithnip","No",1652107,26336829,9.58,12.5,0.05,38,"9143","Melody-Rock outcrop complex_50 to 70 percent slopes",941
1,"Meiss","No",1652107,26336830,18.48,NA,0.13,58,"9143","Melody-Rock outcrop complex_50 to 70 percent slopes",941
55,"Melody","Yes",1652107,26336831,70,20.77,0.08,63,"9143","Melody-Rock outcrop complex_50 to 70 percent slopes",941
2,"Wardcreek","No",1652107,26336832,50,NA,0.08,89,"9143","Melody-Rock outcrop complex_50 to 70 percent slopes",941
5,"Mountrose","No",1652107,26336833,16.14,12.38,0.1,150,"9143","Melody-Rock outcrop complex_50 to 70 percent slopes",941
25,"Rock outcrop","Yes",1652107,26336834,NA,NA,NA,NA,"9143","Melody-Rock outcrop complex_50 to 70 percent slopes",941
3,"Marla","No",1652108,26336835,87.52,4.4,0.16,173,"7071","Watah peat_0 to 2 percent slopes",1123
9,"Tahoe","No",1652108,26336836,28,28.9,0.2,117,"7071","Watah peat_0 to 2 percent slopes",1123
8,"Tahoe","No",1652108,26336837,28,28.9,0.2,117,"7071","Watah peat_0 to 2 percent slopes",1123
75,"Watah","Yes",1652108,26336838,124,36,0.26,160,"7071","Watah peat_0 to 2 percent slopes",1123
1,"Hellhole","No",1652108,26336839,400,NA,0.6,300,"7071","Watah peat_0 to 2 percent slopes",1123
2,"Bidart","No",1652108,26336840,64.5,NA,0.19,150,"7071","Watah peat_0 to 2 percent slopes",1123
2,"Water","No",1652108,26336841,NA,NA,NA,NA,"7071","Watah peat_0 to 2 percent slopes",1123
1,"Tahoe","No",1652109,26336842,28,28.9,0.2,117,"7481","Meeks gravelly loamy coarse sand_0 to 5 percent slopes_stony",370
85,"Meeks","Yes",1652109,26336843,130,5,0.09,185,"7481","Meeks gravelly loamy coarse sand_0 to 5 percent slopes_stony",370
4,"Gefo","No",1652109,26336844,112.4,4.19,0.06,190,"7481","Meeks gravelly loamy coarse sand_0 to 5 percent slopes_stony",370
5,"Celio","No",1652109,26336845,92,11.98,0.07,203,"7481","Meeks gravelly loamy coarse sand_0 to 5 percent slopes_stony",370
5,"Cassenai","No",1652109,26336846,42.88,2.48,0.09,200,"7481","Meeks gravelly loamy coarse sand_0 to 5 percent slopes_stony",370
10,"Cassenai","No",1652110,26336847,42.88,2.48,0.09,200,"7482","Meeks gravelly loamy coarse sand_5 to 15 percent slopes_stony",440
3,"Celio","No",1652110,26336848,92,11.98,0.07,203,"7482","Meeks gravelly loamy coarse sand_5 to 15 percent slopes_stony",440
80,"Meeks","Yes",1652110,26336849,130,5,0.09,185,"7482","Meeks gravelly loamy coarse sand_5 to 15 percent slopes_stony",440
7,"Oneidas","No",1652110,26336850,64.22,9.65,0.1,200,"7482","Meeks gravelly loamy coarse sand_5 to 15 percent slopes_stony",440
85,"Meeks","Yes",1652111,26336851,130,5,0.09,185,"7483","Meeks gravelly loamy coarse sand_0 to 5 percent slopes_very stony",842
5,"Celio","No",1652111,26336852,92,11.98,0.07,203,"7483","Meeks gravelly loamy coarse sand_0 to 5 percent slopes_very stony",842
5,"Cassenai","No",1652111,26336853,42.88,2.48,0.09,200,"7483","Meeks gravelly loamy coarse sand_0 to 5 percent slopes_very stony",842
5,"Jabu","No",1652111,26336854,68.92,8.36,0.14,257,"7483","Meeks gravelly loamy coarse sand_0 to 5 percent slopes_very stony",842
80,"Meeks","Yes",1652112,26336855,130,5,0.09,185,"7484","Meeks gravelly loamy coarse sand_5 to 15 percent slopes_extremely bouldery",1548
3,"Dagget","No",1652112,26336856,141.5,2.94,0.07,152,"7484","Meeks gravelly loamy coarse sand_5 to 15 percent slopes_extremely bouldery",1548
1,"Jabu","No",1652112,26336857,68.92,8.36,0.14,257,"7484","Meeks gravelly loamy coarse sand_5 to 15 percent slopes_extremely bouldery",1548
5,"Meeks","No",1652112,26336858,130,5,0.09,185,"7484","Meeks gravelly loamy coarse sand_5 to 15 percent slopes_extremely bouldery",1548
3,"Tallac","No",1652112,26336859,50.32,6.2,0.1,168,"7484","Meeks gravelly loamy coarse sand_5 to 15 percent slopes_extremely bouldery",1548
5,"Burnlake","No",1652112,26336860,28,12.44,0.07,152,"7484","Meeks gravelly loamy coarse sand_5 to 15 percent slopes_extremely bouldery",1548
2,"Roadcat","No",1652112,26336861,92,9.96,0.06,152,"7484","Meeks gravelly loamy coarse sand_5 to 15 percent slopes_extremely bouldery",1548
1,"Aquic Xerorthents","No",1652112,26336862,59,17.77,0.12,150,"7484","Meeks gravelly loamy coarse sand_5 to 15 percent slopes_extremely bouldery",1548
5,"Burnlake","No",1652113,26336863,28,12.44,0.07,152,"7485","Meeks gravelly loamy coarse sand_15 to 30 percent slopes_extremenly bouldery",3434
3,"Tallac","No",1652113,26336864,50.32,6.2,0.1,168,"7485","Meeks gravelly loamy coarse sand_15 to 30 percent slopes_extremenly bouldery",3434
5,"Meeks","No",1652113,26336865,130,5,0.09,185,"7485","Meeks gravelly loamy coarse sand_15 to 30 percent slopes_extremenly bouldery",3434
1,"Jabu","No",1652113,26336866,68.92,8.36,0.14,257,"7485","Meeks gravelly loamy coarse sand_15 to 30 percent slopes_extremenly bouldery",3434
3,"Dagget","No",1652113,26336867,141.5,2.94,0.07,152,"7485","Meeks gravelly loamy coarse sand_15 to 30 percent slopes_extremenly bouldery",3434
80,"Meeks","Yes",1652113,26336868,130,5,0.09,185,"7485","Meeks gravelly loamy coarse sand_15 to 30 percent slopes_extremenly bouldery",3434
2,"Roadcat","No",1652113,26336869,92,9.96,0.06,152,"7485","Meeks gravelly loamy coarse sand_15 to 30 percent slopes_extremenly bouldery",3434
1,"Aquic Xerorthents","No",1652113,26336870,59,17.77,0.12,150,"7485","Meeks gravelly loamy coarse sand_15 to 30 percent slopes_extremenly bouldery",3434
80,"Meeks","Yes",1652114,26336871,130,5,0.09,185,"7486","Meeks gravelly loamy coarse sand_30 to 70 percent slopes_extremely bouldery",2703
3,"Dagget","No",1652114,26336872,141.5,2.94,0.07,152,"7486","Meeks gravelly loamy coarse sand_30 to 70 percent slopes_extremely bouldery",2703
1,"Jabu","No",1652114,26336873,68.92,8.36,0.14,257,"7486","Meeks gravelly loamy coarse sand_30 to 70 percent slopes_extremely bouldery",2703
5,"Meeks","No",1652114,26336874,130,5,0.09,185,"7486","Meeks gravelly loamy coarse sand_30 to 70 percent slopes_extremely bouldery",2703
3,"Tallac","No",1652114,26336875,50.32,6.2,0.1,168,"7486","Meeks gravelly loamy coarse sand_30 to 70 percent slopes_extremely bouldery",2703
5,"Burnlake","No",1652114,26336876,28,12.44,0.07,152,"7486","Meeks gravelly loamy coarse sand_30 to 70 percent slopes_extremely bouldery",2703
2,"Roadcat","No",1652114,26336877,92,9.96,0.06,152,"7486","Meeks gravelly loamy coarse sand_30 to 70 percent slopes_extremely bouldery",2703
1,"Aquic Xerorthents","No",1652114,26336878,59,17.77,0.12,150,"7486","Meeks gravelly loamy coarse sand_30 to 70 percent slopes_extremely bouldery",2703
80,"Meeks","Yes",1652115,26336879,130,5,0.09,185,"7487","Meeks gravelly loamy coarse sand_5 to 15 percent slopes_rubbly",659
1,"Rock outcrop","No",1652115,26336880,NA,NA,NA,NA,"7487","Meeks gravelly loamy coarse sand_5 to 15 percent slopes_rubbly",659
1,"Rubble land","No",1652115,26336881,NA,NA,NA,NA,"7487","Meeks gravelly loamy coarse sand_5 to 15 percent slopes_rubbly",659
2,"Cassenai","No",1652115,26336882,42.88,2.48,0.09,200,"7487","Meeks gravelly loamy coarse sand_5 to 15 percent slopes_rubbly",659
2,"Cagwin","No",1652115,26336883,65.6,7.66,0.1,94,"7487","Meeks gravelly loamy coarse sand_5 to 15 percent slopes_rubbly",659
5,"Burnlake","No",1652115,26336884,28,12.44,0.07,152,"7487","Meeks gravelly loamy coarse sand_5 to 15 percent slopes_rubbly",659
3,"Roadcat","No",1652115,26336885,92,9.96,0.06,152,"7487","Meeks gravelly loamy coarse sand_5 to 15 percent slopes_rubbly",659
5,"Rockbound","No",1652115,26336886,11.2,7.82,0.14,50,"7487","Meeks gravelly loamy coarse sand_5 to 15 percent slopes_rubbly",659
1,"Aquic Xerorthents","No",1652115,26336887,59,17.77,0.12,150,"7487","Meeks gravelly loamy coarse sand_5 to 15 percent slopes_rubbly",659
5,"Burnlake","No",1652116,26336888,28,12.44,0.07,152,"7488","Meeks gravelly loamy coarse sand_15 to 30 percent slopes_rubbly",1408
2,"Cagwin","No",1652116,26336889,65.6,7.66,0.1,152,"7488","Meeks gravelly loamy coarse sand_15 to 30 percent slopes_rubbly",1408
2,"Cassenai","No",1652116,26336890,42.88,2.48,0.09,200,"7488","Meeks gravelly loamy coarse sand_15 to 30 percent slopes_rubbly",1408
80,"Meeks","Yes",1652116,26336891,130,5,0.09,185,"7488","Meeks gravelly loamy coarse sand_15 to 30 percent slopes_rubbly",1408
1,"Rubble land","No",1652116,26336892,NA,NA,NA,NA,"7488","Meeks gravelly loamy coarse sand_15 to 30 percent slopes_rubbly",1408
1,"Rock outcrop","No",1652116,26336893,NA,NA,NA,NA,"7488","Meeks gravelly loamy coarse sand_15 to 30 percent slopes_rubbly",1408
3,"Roadcat","No",1652116,26336894,92,9.96,0.06,152,"7488","Meeks gravelly loamy coarse sand_15 to 30 percent slopes_rubbly",1408
5,"Rockbound","No",1652116,26336895,12.44,7.82,0.14,45,"7488","Meeks gravelly loamy coarse sand_15 to 30 percent slopes_rubbly",1408
1,"Aquic Xerorthents","No",1652116,26336896,59,17.77,0.12,150,"7488","Meeks gravelly loamy coarse sand_15 to 30 percent slopes_rubbly",1408
80,"Meeks","Yes",1652117,26336897,130,5,0.09,185,"7489","Meeks gravelly loamy coarse sand_30 to 70 percent slopes_rubbly",2820
2,"Cassenai","No",1652117,26336898,42.88,2.48,0.09,200,"7489","Meeks gravelly loamy coarse sand_30 to 70 percent slopes_rubbly",2820
1,"Toem","No",1652117,26336899,103.2,1.05,0.08,152,"7489","Meeks gravelly loamy coarse sand_30 to 70 percent slopes_rubbly",2820
1,"Cagwin","No",1652117,26336900,65.6,7.66,0.1,152,"7489","Meeks gravelly loamy coarse sand_30 to 70 percent slopes_rubbly",2820
1,"Rubble land","No",1652117,26336901,NA,NA,NA,NA,"7489","Meeks gravelly loamy coarse sand_30 to 70 percent slopes_rubbly",2820
5,"Burnlake","No",1652117,26336902,28,12.44,0.07,152,"7489","Meeks gravelly loamy coarse sand_30 to 70 percent slopes_rubbly",2820
1,"Rock outcrop","No",1652117,26336903,NA,NA,NA,NA,"7489","Meeks gravelly loamy coarse sand_30 to 70 percent slopes_rubbly",2820
3,"Roadcat","No",1652117,26336904,92,9.96,0.06,152,"7489","Meeks gravelly loamy coarse sand_30 to 70 percent slopes_rubbly",2820
5,"Rockbound","No",1652117,26336905,116.5,8.96,0.02,68,"7489","Meeks gravelly loamy coarse sand_30 to 70 percent slopes_rubbly",2820
1,"Aquic Xerorthents","No",1652117,26336906,59,17.77,0.12,150,"7489","Meeks gravelly loamy coarse sand_30 to 70 percent slopes_rubbly",2820
2,"Genoapeak","No",1652119,26336907,133.4,4.72,0.07,152,"7111","Deerhill gravelly fine sandy loam_9 to 30 percent slopes_very stony",603
3,"Southcamp","No",1652119,26336908,62.72,16.29,0.1,152,"7111","Deerhill gravelly fine sandy loam_9 to 30 percent slopes_very stony",603
3,"Zephyrcove","No",1652119,26336909,83.12,12.12,0.21,113,"7111","Deerhill gravelly fine sandy loam_9 to 30 percent slopes_very stony",603
5,"Cassenai","No",1652119,26336910,42.88,2.48,0.09,200,"7111","Deerhill gravelly fine sandy loam_9 to 30 percent slopes_very stony",603
3,"Cagwin","No",1652119,26336911,65.6,7.66,0.1,94,"7111","Deerhill gravelly fine sandy loam_9 to 30 percent slopes_very stony",603
3,"Shakespeare","No",1652119,26336912,29.5,22.51,0.14,155,"7111","Deerhill gravelly fine sandy loam_9 to 30 percent slopes_very stony",603
80,"Deerhill","Yes",1652119,26336913,38.66,8.12,0.17,166,"7111","Deerhill gravelly fine sandy loam_9 to 30 percent slopes_very stony",603
1,"Aquic Xerorthents","No",1652119,26336914,59,17.77,0.12,150,"7111","Deerhill gravelly fine sandy loam_9 to 30 percent slopes_very stony",603
80,"Deerhill","Yes",1652120,26336915,38.66,8.12,0.17,166,"7112","Deerhill gravelly fine sandy loam_30 to 50 percent slopes_very stony",217
3,"Shakespeare","No",1652120,26336916,29.5,22.51,0.14,155,"7112","Deerhill gravelly fine sandy loam_30 to 50 percent slopes_very stony",217
3,"Cagwin","No",1652120,26336917,65.6,7.66,0.1,94,"7112","Deerhill gravelly fine sandy loam_30 to 50 percent slopes_very stony",217
5,"Cassenai","No",1652120,26336918,42.88,2.48,0.09,200,"7112","Deerhill gravelly fine sandy loam_30 to 50 percent slopes_very stony",217
3,"Zephyrcove","No",1652120,26336919,83.12,12.12,0.21,113,"7112","Deerhill gravelly fine sandy loam_30 to 50 percent slopes_very stony",217
3,"Southcamp","No",1652120,26336920,62.72,16.29,0.1,152,"7112","Deerhill gravelly fine sandy loam_30 to 50 percent slopes_very stony",217
2,"Genoapeak","No",1652120,26336921,133.4,4.72,0.07,152,"7112","Deerhill gravelly fine sandy loam_30 to 50 percent slopes_very stony",217
1,"Aquic Xerorthents","No",1652120,26336922,59,17.77,0.12,150,"7112","Deerhill gravelly fine sandy loam_30 to 50 percent slopes_very stony",217
5,"Tahoe","No",1652121,26336923,28,28.9,0.2,117,"7181","Paige medial sandy loam_5 to 15 percent slopes",1397
7,"Kneeridge","No",1652121,26336924,74.4,22.27,0.2,200,"7181","Paige medial sandy loam_5 to 15 percent slopes",1397
6,"Jorge","No",1652121,26336925,115.72,26.9,0.15,213,"7181","Paige medial sandy loam_5 to 15 percent slopes",1397
2,"Waca","No",1652121,26336926,65.2,28.07,0.11,122,"7181","Paige medial sandy loam_5 to 15 percent slopes",1397
80,"Paige","Yes",1652121,26336927,87.52,18.1,0.21,204,"7181","Paige medial sandy loam_5 to 15 percent slopes",1397
80,"Paige","Yes",1652122,26336928,87.52,18.1,0.21,204,"7182","Paige medial sandy loam_15 to 30 percent slopes",1009
1,"Tahoe","No",1652122,26336929,28,28.9,0.2,117,"7182","Paige medial sandy loam_15 to 30 percent slopes",1009
4,"Kneeridge","No",1652122,26336930,74.4,22.27,0.2,200,"7182","Paige medial sandy loam_15 to 30 percent slopes",1009
5,"Jorge","No",1652122,26336931,115.72,26.9,0.15,213,"7182","Paige medial sandy loam_15 to 30 percent slopes",1009
5,"Waca","No",1652122,26336932,65.2,28.07,0.11,122,"7182","Paige medial sandy loam_15 to 30 percent slopes",1009
5,"Tahoma","No",1652122,26336933,94.8,19.47,0.16,205,"7182","Paige medial sandy loam_15 to 30 percent slopes",1009
5,"Tahoma","No",1652123,26336934,94.8,19.47,0.16,205,"7183","Paige medial sandy loam_30 to 50 percent slopes",360
5,"Jorge","No",1652123,26336935,115.72,26.9,0.15,213,"7183","Paige medial sandy loam_30 to 50 percent slopes",360
5,"Waca","No",1652123,26336936,65.2,28.07,0.11,122,"7183","Paige medial sandy loam_30 to 50 percent slopes",360
1,"Tahoe","No",1652123,26336937,28,28.9,0.2,117,"7183","Paige medial sandy loam_30 to 50 percent slopes",360
84,"Paige","Yes",1652123,26336938,87.52,18.1,0.21,204,"7183","Paige medial sandy loam_30 to 50 percent slopes",360
5,"Arents","No",1652124,26336939,NA,NA,NA,NA,"7031","Pits and dumps",307
5,"Xerorthents","No",1652124,26336940,NA,NA,NA,NA,"7031","Pits and dumps",307
50,"Pits","Yes",1652124,26336941,NA,NA,0,152,"7031","Pits and dumps",307
40,"Dumps","Yes",1652124,26336942,NA,NA,0,152,"7031","Pits and dumps",307
50,"Cagwin","Yes",1652125,26336943,65.6,7.66,0.1,152,"7411","Cagwin-Rock outcrop complex_5 to 15 percent slopes_extremely stony",2459
2,"Temo","No",1652125,26336944,45.28,2.9,0.04,152,"7411","Cagwin-Rock outcrop complex_5 to 15 percent slopes_extremely stony",2459
10,"Toem","No",1652125,26336945,103.2,1.05,0.08,152,"7411","Cagwin-Rock outcrop complex_5 to 15 percent slopes_extremely stony",2459
2,"Witefels","No",1652125,26336946,75.7,2.05,0.08,152,"7411","Cagwin-Rock outcrop complex_5 to 15 percent slopes_extremely stony",2459
1,"Marla","No",1652125,26336947,87.52,4.4,0.16,173,"7411","Cagwin-Rock outcrop complex_5 to 15 percent slopes_extremely stony",2459
10,"Cassenai","No",1652125,26336948,42.88,2.48,0.09,200,"7411","Cagwin-Rock outcrop complex_5 to 15 percent slopes_extremely stony",2459
5,"Dagget","No",1652125,26336949,141.5,2.94,0.07,152,"7411","Cagwin-Rock outcrop complex_5 to 15 percent slopes_extremely stony",2459
20,"Rock outcrop","Yes",1652125,26336950,NA,NA,NA,NA,"7411","Cagwin-Rock outcrop complex_5 to 15 percent slopes_extremely stony",2459
10,"Cassenai","No",1652126,26336951,42.88,2.48,0.09,200,"7412","Cagwin-Rock outcrop complex_15 to 30 percent slopes_extremely stony",7860
5,"Dagget","No",1652126,26336952,141.5,2.94,0.07,152,"7412","Cagwin-Rock outcrop complex_15 to 30 percent slopes_extremely stony",7860
50,"Cagwin","Yes",1652126,26336953,65.6,7.66,0.1,152,"7412","Cagwin-Rock outcrop complex_15 to 30 percent slopes_extremely stony",7860
1,"Marla","No",1652126,26336954,87.52,4.4,0.16,173,"7412","Cagwin-Rock outcrop complex_15 to 30 percent slopes_extremely stony",7860
10,"Toem","No",1652126,26336955,103.2,1.05,0.08,152,"7412","Cagwin-Rock outcrop complex_15 to 30 percent slopes_extremely stony",7860
2,"Witefels","No",1652126,26336956,75.7,2.05,0.08,152,"7412","Cagwin-Rock outcrop complex_15 to 30 percent slopes_extremely stony",7860
2,"Temo","No",1652126,26336957,45.28,2.9,0.04,152,"7412","Cagwin-Rock outcrop complex_15 to 30 percent slopes_extremely stony",7860
20,"Rock outcrop","Yes",1652126,26336958,NA,NA,NA,NA,"7412","Cagwin-Rock outcrop complex_15 to 30 percent slopes_extremely stony",7860
5,"Dagget","No",1652127,26336959,141.5,2.94,0.07,150,"7413","Cagwin Rock outcrop complex_30 to 50 percent slopes_extremely stony",8817
10,"Cassenai","No",1652127,26336960,42.88,2.48,0.09,200,"7413","Cagwin Rock outcrop complex_30 to 50 percent slopes_extremely stony",8817
50,"Cagwin","Yes",1652127,26336961,65.6,7.66,0.1,94,"7413","Cagwin Rock outcrop complex_30 to 50 percent slopes_extremely stony",8817
1,"Marla","No",1652127,26336962,87.52,4.4,0.16,173,"7413","Cagwin Rock outcrop complex_30 to 50 percent slopes_extremely stony",8817
2,"Temo","No",1652127,26336963,45.28,2.9,0.04,65,"7413","Cagwin Rock outcrop complex_30 to 50 percent slopes_extremely stony",8817
10,"Toem","No",1652127,26336964,103.2,1.05,0.08,81,"7413","Cagwin Rock outcrop complex_30 to 50 percent slopes_extremely stony",8817
2,"Witefels","No",1652127,26336965,75.7,2.05,0.08,100,"7413","Cagwin Rock outcrop complex_30 to 50 percent slopes_extremely stony",8817
20,"Rock outcrop","Yes",1652127,26336966,NA,NA,NA,NA,"7413","Cagwin Rock outcrop complex_30 to 50 percent slopes_extremely stony",8817
2,"Temo","No",1652128,26336967,45.28,2.9,0.04,65,"7414","Cagwin-Rock outcrop complex_50 to 70 percent slopes_extremely stony",2362
2,"Witefels","No",1652128,26336968,75.7,2.05,0.08,100,"7414","Cagwin-Rock outcrop complex_50 to 70 percent slopes_extremely stony",2362
10,"Toem","No",1652128,26336969,103.2,1.05,0.08,81,"7414","Cagwin-Rock outcrop complex_50 to 70 percent slopes_extremely stony",2362
1,"Marla","No",1652128,26336970,87.52,4.4,0.16,173,"7414","Cagwin-Rock outcrop complex_50 to 70 percent slopes_extremely stony",2362
50,"Cagwin","Yes",1652128,26336971,65.6,7.66,0.1,94,"7414","Cagwin-Rock outcrop complex_50 to 70 percent slopes_extremely stony",2362
10,"Cassenai","No",1652128,26336972,42.88,2.48,0.09,200,"7414","Cagwin-Rock outcrop complex_50 to 70 percent slopes_extremely stony",2362
5,"Dagget","No",1652128,26336973,141.5,2.94,0.07,150,"7414","Cagwin-Rock outcrop complex_50 to 70 percent slopes_extremely stony",2362
20,"Rock outcrop","Yes",1652128,26336974,NA,NA,NA,NA,"7414","Cagwin-Rock outcrop complex_50 to 70 percent slopes_extremely stony",2362
30,"Oxyaquic Cryorthents","Yes",1652129,26336975,55,7.48,0.06,284,"9011","Oxyaquic Cryorthents-Aquic Xerorthents-Tahoe complex_0 to 15 percent slopes",1654
5,"Marla","No",1652129,26336976,87.52,4.4,0.16,173,"9011","Oxyaquic Cryorthents-Aquic Xerorthents-Tahoe complex_0 to 15 percent slopes",1654
10,"Watah","No",1652129,26336977,124,36,0.26,160,"9011","Oxyaquic Cryorthents-Aquic Xerorthents-Tahoe complex_0 to 15 percent slopes",1654
10,"Bidart","No",1652129,26336978,64.5,NA,0.19,150,"9011","Oxyaquic Cryorthents-Aquic Xerorthents-Tahoe complex_0 to 15 percent slopes",1654
15,"Tahoe","Yes",1652129,26336979,28,28.9,0.2,117,"9011","Oxyaquic Cryorthents-Aquic Xerorthents-Tahoe complex_0 to 15 percent slopes",1654
2,"Riverwash","No",1652129,26336980,NA,NA,NA,NA,"9011","Oxyaquic Cryorthents-Aquic Xerorthents-Tahoe complex_0 to 15 percent slopes",1654
28,"Aquic Xerorthents","Yes",1652129,26336981,59,17.77,0.12,150,"9011","Oxyaquic Cryorthents-Aquic Xerorthents-Tahoe complex_0 to 15 percent slopes",1654
45,"Rubble land","Yes",1652131,26336982,NA,NA,NA,NA,"7201","Rubble land-Glenalpine complex_50 to 90 percent slopes",1551
10,"Rock outcrop","No",1652131,26336983,NA,NA,NA,NA,"7201","Rubble land-Glenalpine complex_50 to 90 percent slopes",1551
5,"Rockbound","No",1652131,26336984,116.5,8.96,0.02,68,"7201","Rubble land-Glenalpine complex_50 to 90 percent slopes",1551
40,"Glenalpine","Yes",1652131,26336985,150,17.69,0.08,152,"7201","Rubble land-Glenalpine complex_50 to 90 percent slopes",1551
5,"Rubble land","No",1652133,26336986,NA,NA,NA,NA,"9171","Mountrose-Wardcreek-Melody complex_50 to 70 percent slopes",2872
5,"Rock outcrop","No",1652133,26336987,NA,NA,NA,NA,"9171","Mountrose-Wardcreek-Melody complex_50 to 70 percent slopes",2872
5,"Sky","No",1652133,26336988,55.2,24.64,0.11,86,"9171","Mountrose-Wardcreek-Melody complex_50 to 70 percent slopes",2872
5,"Meiss","No",1652133,26336989,18.48,NA,0.13,58,"9171","Mountrose-Wardcreek-Melody complex_50 to 70 percent slopes",2872
20,"Melody","Yes",1652133,26336990,70,20.77,0.08,63,"9171","Mountrose-Wardcreek-Melody complex_50 to 70 percent slopes",2872
25,"Wardcreek","Yes",1652133,26336991,50,NA,0.08,89,"9171","Mountrose-Wardcreek-Melody complex_50 to 70 percent slopes",2872
35,"Mountrose","Yes",1652133,26336992,16.14,12.38,0.1,150,"9171","Mountrose-Wardcreek-Melody complex_50 to 70 percent slopes",2872
3,"Whittell","No",1652134,26336993,102,NA,0.04,152,"9411","Freelpeak-Windyridge-Rock outcrop complex_15 to 75 percent slopes",457
2,"Waterpeak","No",1652134,26336994,92,10,0.06,152,"9411","Freelpeak-Windyridge-Rock outcrop complex_15 to 75 percent slopes",457
1,"Buggin","No",1652134,26336995,46.36,9.66,0.06,66,"9411","Freelpeak-Windyridge-Rock outcrop complex_15 to 75 percent slopes",457
8,"Jobsis","No",1652134,26336996,92,NA,0.04,152,"9411","Freelpeak-Windyridge-Rock outcrop complex_15 to 75 percent slopes",457
1,"Glaciers","No",1652134,26336997,NA,NA,NA,NA,"9411","Freelpeak-Windyridge-Rock outcrop complex_15 to 75 percent slopes",457
25,"Windyridge","Yes",1652134,26336998,46.5,NA,0.04,152,"9411","Freelpeak-Windyridge-Rock outcrop complex_15 to 75 percent slopes",457
50,"Freelpeak","Yes",1652134,26336999,118.48,0.58,0.05,152,"9411","Freelpeak-Windyridge-Rock outcrop complex_15 to 75 percent slopes",457
10,"Rock outcrop","Yes",1652134,26337000,NA,NA,NA,NA,"9411","Freelpeak-Windyridge-Rock outcrop complex_15 to 75 percent slopes",457
1,"Jobsis","No",1652135,26337001,92,5.06,0.04,76,"7500","Rock outcrop_granitic",3810
2,"Toem","No",1652135,26337002,103.2,1.05,0.08,81,"7500","Rock outcrop_granitic",3810
2,"Rubble land","No",1652135,26337003,NA,NA,NA,NA,"7500","Rock outcrop_granitic",3810
1,"Freelpeak","No",1652135,26337004,118.48,0.58,0.05,116,"7500","Rock outcrop_granitic",3810
2,"Windyridge","No",1652135,26337005,46.5,NA,0.04,51,"7500","Rock outcrop_granitic",3810
2,"Rockbound","No",1652135,26337006,116.5,8.96,0.02,68,"7500","Rock outcrop_granitic",3810
90,"Rock outcrop","Yes",1652135,26337007,NA,NA,NA,25,"7500","Rock outcrop_granitic",3810
2,"Rubble land","No",1652136,26337008,NA,NA,NA,NA,"7191","Rock outcrop_volcanic",3265
2,"Lithnip","No",1652136,26337009,9.58,12.5,0.05,38,"7191","Rock outcrop_volcanic",3265
2,"Meiss","No",1652136,26337010,18.48,NA,0.13,58,"7191","Rock outcrop_volcanic",3265
2,"Melody","No",1652136,26337011,70,20.77,0.08,63,"7191","Rock outcrop_volcanic",3265
2,"Glenalpine","No",1652136,26337012,150,17.69,0.08,150,"7191","Rock outcrop_volcanic",3265
90,"Rock outcrop","Yes",1652136,26337013,NA,NA,NA,25,"7191","Rock outcrop_volcanic",3265
1,"Witefels","No",1652137,26337014,75.7,2.05,0.08,100,"9151","Shakespeare silt loam_9 to 30 percent slopes",1002
1,"Temo","No",1652137,26337015,45.28,2.9,0.04,65,"9151","Shakespeare silt loam_9 to 30 percent slopes",1002
1,"Oxyaquic Cryorthents","No",1652137,26337016,55,7.48,0.06,284,"9151","Shakespeare silt loam_9 to 30 percent slopes",1002
5,"Deerhill","No",1652137,26337017,38.66,8.12,0.17,166,"9151","Shakespeare silt loam_9 to 30 percent slopes",1002
2,"Dagget","No",1652137,26337018,141.5,2.94,0.07,150,"9151","Shakespeare silt loam_9 to 30 percent slopes",1002
80,"Shakespeare","Yes",1652137,26337019,29.5,22.51,0.14,155,"9151","Shakespeare silt loam_9 to 30 percent slopes",1002
3,"Melody","No",1652137,26337020,70,20.77,0.08,63,"9151","Shakespeare silt loam_9 to 30 percent slopes",1002
3,"Wardcreek","No",1652137,26337021,50,NA,0.08,89,"9151","Shakespeare silt loam_9 to 30 percent slopes",1002
4,"Mountrose","No",1652137,26337022,16.14,12.38,0.1,150,"9151","Shakespeare silt loam_9 to 30 percent slopes",1002
2,"Dagget","No",1652138,26337023,141.5,2.94,0.07,150,"9152","Shakespeare silt loam_30 to 50 percent slopes_very stony",216
5,"Deerhill","No",1652138,26337024,38.66,8.12,0.17,166,"9152","Shakespeare silt loam_30 to 50 percent slopes_very stony",216
80,"Shakespeare","Yes",1652138,26337025,29.5,22.51,0.14,155,"9152","Shakespeare silt loam_30 to 50 percent slopes_very stony",216
1,"Oxyaquic Cryorthents","No",1652138,26337026,55,7.48,0.06,284,"9152","Shakespeare silt loam_30 to 50 percent slopes_very stony",216
1,"Witefels","No",1652138,26337027,75.7,2.05,0.08,100,"9152","Shakespeare silt loam_30 to 50 percent slopes_very stony",216
1,"Temo","No",1652138,26337028,45.28,2.9,0.04,65,"9152","Shakespeare silt loam_30 to 50 percent slopes_very stony",216
3,"Melody","No",1652138,26337029,70,20.77,0.08,63,"9152","Shakespeare silt loam_30 to 50 percent slopes_very stony",216
3,"Wardcreek","No",1652138,26337030,50,NA,0.08,89,"9152","Shakespeare silt loam_30 to 50 percent slopes_very stony",216
4,"Mountrose","No",1652138,26337031,16.14,12.38,0.1,150,"9152","Shakespeare silt loam_30 to 50 percent slopes_very stony",216
80,"Sky","Yes",1652139,26337032,55.2,24.64,0.11,86,"9161","Sky gravelly sandy loam_9 to 30 percent slopes",2114
1,"Oxyaquic Cryorthents","No",1652139,26337033,55,7.48,0.06,284,"9161","Sky gravelly sandy loam_9 to 30 percent slopes",2114
1,"Lithnip","No",1652139,26337034,9.58,12.5,0.05,38,"9161","Sky gravelly sandy loam_9 to 30 percent slopes",2114
1,"Meiss","No",1652139,26337035,18.48,NA,0.13,58,"9161","Sky gravelly sandy loam_9 to 30 percent slopes",2114
10,"Melody","No",1652139,26337036,70,20.77,0.08,63,"9161","Sky gravelly sandy loam_9 to 30 percent slopes",2114
3,"Wardcreek","No",1652139,26337037,50,NA,0.08,89,"9161","Sky gravelly sandy loam_9 to 30 percent slopes",2114
4,"Mountrose","No",1652139,26337038,16.14,12.38,0.1,150,"9161","Sky gravelly sandy loam_9 to 30 percent slopes",2114
1,"Oxyaquic Cryorthents","No",1652140,26337039,55,7.48,0.06,284,"9162","Sky gravelly sandy loam_30 to 50 percent slopes",1332
80,"Sky","Yes",1652140,26337040,55.2,24.64,0.11,86,"9162","Sky gravelly sandy loam_30 to 50 percent slopes",1332
1,"Lithnip","No",1652140,26337041,9.58,12.5,0.05,38,"9162","Sky gravelly sandy loam_30 to 50 percent slopes",1332
1,"Meiss","No",1652140,26337042,18.48,NA,0.13,58,"9162","Sky gravelly sandy loam_30 to 50 percent slopes",1332
10,"Melody","No",1652140,26337043,70,20.77,0.08,63,"9162","Sky gravelly sandy loam_30 to 50 percent slopes",1332
3,"Wardcreek","No",1652140,26337044,50,NA,0.08,89,"9162","Sky gravelly sandy loam_30 to 50 percent slopes",1332
4,"Mountrose","No",1652140,26337045,16.14,12.38,0.1,150,"9162","Sky gravelly sandy loam_30 to 50 percent slopes",1332
1,"Oxyaquic Cryorthents","No",1652141,26337046,55,7.48,0.06,284,"9163","Sky gravelly sandy loam_50 to 70 percent slopes",288
80,"Sky","Yes",1652141,26337047,55.2,24.64,0.11,86,"9163","Sky gravelly sandy loam_50 to 70 percent slopes",288
1,"Lithnip","No",1652141,26337048,9.58,12.5,0.05,38,"9163","Sky gravelly sandy loam_50 to 70 percent slopes",288
1,"Meiss","No",1652141,26337049,18.48,NA,0.13,58,"9163","Sky gravelly sandy loam_50 to 70 percent slopes",288
10,"Melody","No",1652141,26337050,70,20.77,0.08,63,"9163","Sky gravelly sandy loam_50 to 70 percent slopes",288
3,"Wardcreek","No",1652141,26337051,50,NA,0.08,89,"9163","Sky gravelly sandy loam_50 to 70 percent slopes",288
4,"Mountrose","No",1652141,26337052,16.14,12.38,0.1,150,"9163","Sky gravelly sandy loam_50 to 70 percent slopes",288
50,"Sky","Yes",1652142,26337053,55.2,24.64,0.11,86,"9164","Sky-Melody complex_9 to 30 percent slopes",1528
1,"Oxyaquic Cryorthents","No",1652142,26337054,55,7.48,0.06,284,"9164","Sky-Melody complex_9 to 30 percent slopes",1528
1,"Lithnip","No",1652142,26337055,9.58,12.5,0.05,38,"9164","Sky-Melody complex_9 to 30 percent slopes",1528
1,"Meiss","No",1652142,26337056,18.48,NA,0.13,58,"9164","Sky-Melody complex_9 to 30 percent slopes",1528
40,"Melody","Yes",1652142,26337057,70,20.77,0.08,63,"9164","Sky-Melody complex_9 to 30 percent slopes",1528
3,"Wardcreek","No",1652142,26337058,50,NA,0.08,89,"9164","Sky-Melody complex_9 to 30 percent slopes",1528
4,"Mountrose","No",1652142,26337059,16.14,12.38,0.1,150,"9164","Sky-Melody complex_9 to 30 percent slopes",1528
50,"Sky","Yes",1652143,26337060,55.2,24.64,0.11,86,"9165","Sky-Melody complex_30 to 50 percent slopes",1069
1,"Oxyaquic Cryorthents","No",1652143,26337061,55,7.48,0.06,284,"9165","Sky-Melody complex_30 to 50 percent slopes",1069
1,"Lithnip","No",1652143,26337062,9.58,12.5,0.05,38,"9165","Sky-Melody complex_30 to 50 percent slopes",1069
1,"Meiss","No",1652143,26337063,18.48,NA,0.13,58,"9165","Sky-Melody complex_30 to 50 percent slopes",1069
40,"Melody","Yes",1652143,26337064,70,20.77,0.08,63,"9165","Sky-Melody complex_30 to 50 percent slopes",1069
3,"Wardcreek","No",1652143,26337065,50,NA,0.08,89,"9165","Sky-Melody complex_30 to 50 percent slopes",1069
4,"Mountrose","No",1652143,26337066,16.14,12.38,0.1,150,"9165","Sky-Melody complex_30 to 50 percent slopes",1069
50,"Sky","Yes",1652144,26337067,55.2,24.64,0.11,86,"9166","Sky-Melody Complex_50 To 70 Percent Slopes",240
1,"Oxyaquic Cryorthents","No",1652144,26337068,55,7.48,0.06,284,"9166","Sky-Melody Complex_50 To 70 Percent Slopes",240
1,"Lithnip","No",1652144,26337069,9.58,12.5,0.05,38,"9166","Sky-Melody Complex_50 To 70 Percent Slopes",240
1,"Meiss","No",1652144,26337070,18.48,NA,0.13,58,"9166","Sky-Melody Complex_50 To 70 Percent Slopes",240
40,"Melody","Yes",1652144,26337071,70,20.77,0.08,63,"9166","Sky-Melody Complex_50 To 70 Percent Slopes",240
3,"Wardcreek","No",1652144,26337072,50,NA,0.08,89,"9166","Sky-Melody Complex_50 To 70 Percent Slopes",240
4,"Mountrose","No",1652144,26337073,16.14,12.38,0.1,150,"9166","Sky-Melody Complex_50 To 70 Percent Slopes",240
5,"Zephyrcove","No",1652145,26337074,83.12,12.12,0.21,113,"7211","Southcamp very gravelly fine sandy loam_50 to 70 percent slopes",649
2,"Deerhill","No",1652145,26337075,38.66,8.12,0.17,166,"7211","Southcamp very gravelly fine sandy loam_50 to 70 percent slopes",649
2,"Cagwin","No",1652145,26337076,65.6,7.66,0.1,94,"7211","Southcamp very gravelly fine sandy loam_50 to 70 percent slopes",649
5,"Cassenai","No",1652145,26337077,42.88,2.48,0.09,200,"7211","Southcamp very gravelly fine sandy loam_50 to 70 percent slopes",649
80,"Southcamp","Yes",1652145,26337078,62.72,16.29,0.1,152,"7211","Southcamp very gravelly fine sandy loam_50 to 70 percent slopes",649
5,"Genoapeak","No",1652145,26337079,133.4,4.72,0.07,152,"7211","Southcamp very gravelly fine sandy loam_50 to 70 percent slopes",649
1,"Aquic Xerorthents","No",1652145,26337080,59,17.77,0.12,150,"7211","Southcamp very gravelly fine sandy loam_50 to 70 percent slopes",649
3,"Rubble land","No",1652146,26337081,NA,NA,NA,NA,"7221","Tahoma very cobbly sandy loam_2 to 15 percent slopes_very stony",2042
1,"Rock outcrop","No",1652146,26337082,NA,NA,NA,NA,"7221","Tahoma very cobbly sandy loam_2 to 15 percent slopes_very stony",2042
80,"Tahoma","Yes",1652146,26337083,94.8,19.47,0.16,205,"7221","Tahoma very cobbly sandy loam_2 to 15 percent slopes_very stony",2042
10,"Waca","No",1652146,26337084,65.2,28.07,0.11,122,"7221","Tahoma very cobbly sandy loam_2 to 15 percent slopes_very stony",2042
4,"Inville","No",1652146,26337085,65.2,13.32,0.12,142,"7221","Tahoma very cobbly sandy loam_2 to 15 percent slopes_very stony",2042
1,"Ellispeak","No",1652146,26337086,85,21.13,0.07,55,"7221","Tahoma very cobbly sandy loam_2 to 15 percent slopes_very stony",2042
1,"Aquic Xerorthents","No",1652146,26337087,59,17.77,0.12,150,"7221","Tahoma very cobbly sandy loam_2 to 15 percent slopes_very stony",2042
5,"Meeks","No",1652147,26337088,130,5,0.09,185,"7524","Tallac gravelly coarse sandy loam_moderately well drained_0 to 5 percent slopes",2137
80,"Tallac","Yes",1652147,26337089,50.32,6.2,0.1,168,"7524","Tallac gravelly coarse sandy loam_moderately well drained_0 to 5 percent slopes",2137
4,"Callat","No",1652147,26337090,35.44,14.66,0.08,103,"7524","Tallac gravelly coarse sandy loam_moderately well drained_0 to 5 percent slopes",2137
1,"Tahoe","No",1652147,26337091,28,28.9,0.2,117,"7524","Tallac gravelly coarse sandy loam_moderately well drained_0 to 5 percent slopes",2137
10,"Tallac","No",1652147,26337092,50.32,6.2,0.1,168,"7524","Tallac gravelly coarse sandy loam_moderately well drained_0 to 5 percent slopes",2137
10,"Tallac","No",1652148,26337093,50.32,6.2,0.1,168,"7525","Tallac gravelly coarse sandy loam_moderately well drained_5 to 9 percent slopes",1442
1,"Tahoe","No",1652148,26337094,28,28.9,0.2,117,"7525","Tallac gravelly coarse sandy loam_moderately well drained_5 to 9 percent slopes",1442
4,"Callat","No",1652148,26337095,35.44,14.66,0.08,103,"7525","Tallac gravelly coarse sandy loam_moderately well drained_5 to 9 percent slopes",1442
80,"Tallac","Yes",1652148,26337096,50.32,6.2,0.1,168,"7525","Tallac gravelly coarse sandy loam_moderately well drained_5 to 9 percent slopes",1442
5,"Meeks","No",1652148,26337097,130,5,0.09,185,"7525","Tallac gravelly coarse sandy loam_moderately well drained_5 to 9 percent slopes",1442
5,"Meeks","No",1652149,26337098,130,5,0.09,185,"7521","Tallac gravelly coarse sandy loam_5 to 15 percent slopes_very stony",1707
9,"Tallac","No",1652149,26337099,50.32,6.2,0.1,168,"7521","Tallac gravelly coarse sandy loam_5 to 15 percent slopes_very stony",1707
10,"Tallac","No",1652149,26337100,50.32,6.2,0.1,168,"7521","Tallac gravelly coarse sandy loam_5 to 15 percent slopes_very stony",1707
75,"Tallac","Yes",1652149,26337101,50.32,6.2,0.1,168,"7521","Tallac gravelly coarse sandy loam_5 to 15 percent slopes_very stony",1707
1,"Aquic Xerorthents","No",1652149,26337102,59,17.77,0.12,150,"7521","Tallac gravelly coarse sandy loam_5 to 15 percent slopes_very stony",1707
1,"Cassenai","No",1652150,26337103,42.88,2.48,0.09,200,"7522","Tallac gravelly coarse sandy loam_15 to 30 percent slopes_very stony",1921
1,"Cagwin","No",1652150,26337104,65.6,7.66,0.1,94,"7522","Tallac gravelly coarse sandy loam_15 to 30 percent slopes_very stony",1921
10,"Meeks","No",1652150,26337105,130,5,0.09,185,"7522","Tallac gravelly coarse sandy loam_15 to 30 percent slopes_very stony",1921
1,"Dagget","No",1652150,26337106,141.5,2.94,0.07,150,"7522","Tallac gravelly coarse sandy loam_15 to 30 percent slopes_very stony",1921
85,"Tallac","Yes",1652150,26337107,50.32,6.2,0.1,168,"7522","Tallac gravelly coarse sandy loam_15 to 30 percent slopes_very stony",1921
1,"Rockbound","No",1652150,26337108,11.2,7.82,0.14,50,"7522","Tallac gravelly coarse sandy loam_15 to 30 percent slopes_very stony",1921
1,"Aquic Xerorthents","No",1652150,26337109,59,17.77,0.12,150,"7522","Tallac gravelly coarse sandy loam_15 to 30 percent slopes_very stony",1921
85,"Tallac","Yes",1652151,26337110,50.32,6.2,0.1,168,"7523","Tallac gravelly coarse sandy loam_30 to 70 percent slopes_very stony",1598
1,"Dagget","No",1652151,26337111,141.5,2.94,0.07,150,"7523","Tallac gravelly coarse sandy loam_30 to 70 percent slopes_very stony",1598
10,"Meeks","No",1652151,26337112,130,5,0.09,185,"7523","Tallac gravelly coarse sandy loam_30 to 70 percent slopes_very stony",1598
1,"Cagwin","No",1652151,26337113,65.6,7.66,0.1,94,"7523","Tallac gravelly coarse sandy loam_30 to 70 percent slopes_very stony",1598
1,"Cassenai","No",1652151,26337114,42.88,2.48,0.09,200,"7523","Tallac gravelly coarse sandy loam_30 to 70 percent slopes_very stony",1598
1,"Rockbound","No",1652151,26337115,116.5,8.96,0.02,68,"7523","Tallac gravelly coarse sandy loam_30 to 70 percent slopes_very stony",1598
1,"Aquic Xerorthents","No",1652151,26337116,59,17.77,0.12,150,"7523","Tallac gravelly coarse sandy loam_30 to 70 percent slopes_very stony",1598
85,"Tallac","Yes",1652152,26337117,50.32,6.2,0.1,168,"7526","Tallac gravelly coarse sandy loam_moderately well drained_2 to 9 percent slopes_rubbly",602
4,"Tallac","No",1652152,26337118,50.32,6.2,0.1,168,"7526","Tallac gravelly coarse sandy loam_moderately well drained_2 to 9 percent slopes_rubbly",602
10,"Tallac","No",1652152,26337119,50.32,6.2,0.1,168,"7526","Tallac gravelly coarse sandy loam_moderately well drained_2 to 9 percent slopes_rubbly",602
1,"Aquic Xerorthents","No",1652152,26337120,59,17.77,0.12,150,"7526","Tallac gravelly coarse sandy loam_moderately well drained_2 to 9 percent slopes_rubbly",602
1,"Oxyaquic Cryorthents","No",1652169,26337121,55,7.48,0.06,284,"9101","Callat very gravelly coarse sandy loam_9 to 30 percent slopes_very stony",2178
5,"Tallac","No",1652169,26337122,50.32,6.2,0.1,168,"9101","Callat very gravelly coarse sandy loam_9 to 30 percent slopes_very stony",2178
2,"Rock outcrop","No",1652169,26337123,NA,NA,NA,NA,"9101","Callat very gravelly coarse sandy loam_9 to 30 percent slopes_very stony",2178
82,"Callat","Yes",1652169,26337124,35.44,14.66,0.08,103,"9101","Callat very gravelly coarse sandy loam_9 to 30 percent slopes_very stony",2178
5,"Meeks","No",1652169,26337125,130,5,0.09,185,"9101","Callat very gravelly coarse sandy loam_9 to 30 percent slopes_very stony",2178
5,"Glenalpine","No",1652169,26337126,150,17.69,0.08,150,"9101","Callat very gravelly coarse sandy loam_9 to 30 percent slopes_very stony",2178
5,"Meeks","No",1652170,26337127,130,5,0.09,185,"9102","Callat very gravelly coarse sandy loam_30 to 50 percent slopes_very stony",419
82,"Callat","Yes",1652170,26337128,35.44,14.66,0.08,103,"9102","Callat very gravelly coarse sandy loam_30 to 50 percent slopes_very stony",419
2,"Rock outcrop","No",1652170,26337129,NA,NA,NA,NA,"9102","Callat very gravelly coarse sandy loam_30 to 50 percent slopes_very stony",419
5,"Tallac","No",1652170,26337130,50.32,6.2,0.1,168,"9102","Callat very gravelly coarse sandy loam_30 to 50 percent slopes_very stony",419
1,"Oxyaquic Cryorthents","No",1652170,26337131,55,7.48,0.06,284,"9102","Callat very gravelly coarse sandy loam_30 to 50 percent slopes_very stony",419
5,"Glenalpine","No",1652170,26337132,150,17.69,0.08,150,"9102","Callat very gravelly coarse sandy loam_30 to 50 percent slopes_very stony",419
45,"Toem","Yes",1652173,26337133,103.2,1.05,0.08,81,"7531","Toem-Rock outcrop complex_9 to 30 percent slopes",229
10,"Cagwin","No",1652173,26337134,65.6,7.66,0.1,94,"7531","Toem-Rock outcrop complex_9 to 30 percent slopes",229
5,"Cassenai","No",1652173,26337135,42.88,2.48,0.09,200,"7531","Toem-Rock outcrop complex_9 to 30 percent slopes",229
40,"Rock outcrop","Yes",1652173,26337136,NA,NA,NA,25,"7531","Toem-Rock outcrop complex_9 to 30 percent slopes",229
5,"Cassenai","No",1652174,26337137,42.88,2.48,0.09,200,"7532","Toem-Rock outcrop complex_30 to 50 percent slopes",505
5,"Cagwin","No",1652174,26337138,65.6,7.66,0.1,94,"7532","Toem-Rock outcrop complex_30 to 50 percent slopes",505
45,"Toem","Yes",1652174,26337139,103.2,1.05,0.08,81,"7532","Toem-Rock outcrop complex_30 to 50 percent slopes",505
5,"Dagget","No",1652174,26337140,141.5,2.94,0.07,150,"7532","Toem-Rock outcrop complex_30 to 50 percent slopes",505
40,"Rock outcrop","Yes",1652174,26337141,NA,NA,NA,25,"7532","Toem-Rock outcrop complex_30 to 50 percent slopes",505
10,"Cagwin","No",1652175,26337142,65.6,7.66,0.1,94,"7533","Toem-Rock outcrop complex_50 to 70 percent slopes",498
5,"Cassenai","No",1652175,26337143,42.88,2.48,0.09,200,"7533","Toem-Rock outcrop complex_50 to 70 percent slopes",498
45,"Toem","Yes",1652175,26337144,103.2,1.05,0.08,81,"7533","Toem-Rock outcrop complex_50 to 70 percent slopes",498
40,"Rock outcrop","Yes",1652175,26337145,NA,NA,NA,25,"7533","Toem-Rock outcrop complex_50 to 70 percent slopes",498
100,"Urban land","Yes",1652176,26337146,NA,NA,NA,NA,"7061","Urban land",287
1,"Rock outcrop","No",1652177,26337147,NA,NA,NA,NA,"7151","Jorge very cobbly fine sandy loam_5 to 15 percent slopes_rubbly",1575
80,"Jorge","Yes",1652177,26337148,72.64,23.19,0.14,150,"7151","Jorge very cobbly fine sandy loam_5 to 15 percent slopes_rubbly",1575
2,"Sky","No",1652177,26337149,55.2,24.64,0.11,86,"7151","Jorge very cobbly fine sandy loam_5 to 15 percent slopes_rubbly",1575
5,"Waca","No",1652177,26337150,65.2,28.07,0.11,122,"7151","Jorge very cobbly fine sandy loam_5 to 15 percent slopes_rubbly",1575
4,"Jorge","No",1652177,26337151,88.9,24.8,0.13,152,"7151","Jorge very cobbly fine sandy loam_5 to 15 percent slopes_rubbly",1575
5,"Tahoma","No",1652177,26337152,94.8,19.47,0.16,205,"7151","Jorge very cobbly fine sandy loam_5 to 15 percent slopes_rubbly",1575
2,"Ellispeak","No",1652177,26337153,85,21.13,0.07,55,"7151","Jorge very cobbly fine sandy loam_5 to 15 percent slopes_rubbly",1575
1,"Aquic Xerorthents","No",1652177,26337154,59,17.77,0.12,150,"7151","Jorge very cobbly fine sandy loam_5 to 15 percent slopes_rubbly",1575
5,"Jorge","No",1652179,26337155,72.64,23.19,0.14,150,"9121","Watsonlake gravelly sandy loam_5 to 15 percent slopes_rubbly",177
1,"Oxyaquic Cryorthents","No",1652179,26337156,55,7.48,0.06,284,"9121","Watsonlake gravelly sandy loam_5 to 15 percent slopes_rubbly",177
5,"Tahoma","No",1652179,26337157,94.8,19.47,0.16,205,"9121","Watsonlake gravelly sandy loam_5 to 15 percent slopes_rubbly",177
2,"Waca","No",1652179,26337158,65.2,28.07,0.11,122,"9121","Watsonlake gravelly sandy loam_5 to 15 percent slopes_rubbly",177
5,"Sky","No",1652179,26337159,55.2,24.64,0.11,86,"9121","Watsonlake gravelly sandy loam_5 to 15 percent slopes_rubbly",177
80,"Watsonlake","Yes",1652179,26337160,65.2,16.34,0.15,195,"9121","Watsonlake gravelly sandy loam_5 to 15 percent slopes_rubbly",177
1,"Rock outcrop","No",1652179,26337161,NA,NA,NA,NA,"9121","Watsonlake gravelly sandy loam_5 to 15 percent slopes_rubbly",177
1,"Ellispeak","No",1652179,26337162,85,21.13,0.07,55,"9121","Watsonlake gravelly sandy loam_5 to 15 percent slopes_rubbly",177
5,"Tahoma","No",1652208,26337163,94.8,19.47,0.16,205,"7152","Jorge very cobbly fine sandy loam_15 to 30 percent slopes_rubbly",3835
4,"Jorge","No",1652208,26337164,88.9,24.8,0.13,152,"7152","Jorge very cobbly fine sandy loam_15 to 30 percent slopes_rubbly",3835
5,"Waca","No",1652208,26337165,65.2,28.07,0.11,122,"7152","Jorge very cobbly fine sandy loam_15 to 30 percent slopes_rubbly",3835
2,"Sky","No",1652208,26337166,55.2,24.64,0.11,86,"7152","Jorge very cobbly fine sandy loam_15 to 30 percent slopes_rubbly",3835
80,"Jorge","Yes",1652208,26337167,72.64,23.19,0.14,150,"7152","Jorge very cobbly fine sandy loam_15 to 30 percent slopes_rubbly",3835
1,"Rock outcrop","No",1652208,26337168,NA,NA,NA,NA,"7152","Jorge very cobbly fine sandy loam_15 to 30 percent slopes_rubbly",3835
2,"Ellispeak","No",1652208,26337169,85,21.13,0.07,55,"7152","Jorge very cobbly fine sandy loam_15 to 30 percent slopes_rubbly",3835
1,"Aquic Xerorthents","No",1652208,26337170,59,17.77,0.12,150,"7152","Jorge very cobbly fine sandy loam_15 to 30 percent slopes_rubbly",3835
2,"Sky","No",1652209,26337171,55.2,24.64,0.11,86,"9122","Watsonlake gravelly sandy loam_15 to 30 percent slopes_rubbly",765
5,"Waca","No",1652209,26337172,65.2,28.07,0.11,122,"9122","Watsonlake gravelly sandy loam_15 to 30 percent slopes_rubbly",765
80,"Watsonlake","Yes",1652209,26337173,65.2,16.34,0.15,195,"9122","Watsonlake gravelly sandy loam_15 to 30 percent slopes_rubbly",765
1,"Rock outcrop","No",1652209,26337174,NA,NA,NA,NA,"9122","Watsonlake gravelly sandy loam_15 to 30 percent slopes_rubbly",765
5,"Tahoma","No",1652209,26337175,94.8,19.47,0.16,205,"9122","Watsonlake gravelly sandy loam_15 to 30 percent slopes_rubbly",765
1,"Oxyaquic Cryorthents","No",1652209,26337176,55,7.48,0.06,284,"9122","Watsonlake gravelly sandy loam_15 to 30 percent slopes_rubbly",765
5,"Jorge","No",1652209,26337177,72.64,23.19,0.14,150,"9122","Watsonlake gravelly sandy loam_15 to 30 percent slopes_rubbly",765
1,"Ellispeak","No",1652209,26337178,85,21.13,0.07,55,"9122","Watsonlake gravelly sandy loam_15 to 30 percent slopes_rubbly",765
1,"Rock outcrop","No",1652210,26337179,NA,NA,NA,NA,"7153","Jorge very cobbly fine sandy loam_30 to 50 percent slopes_rubbly",2735
80,"Jorge","Yes",1652210,26337180,72.64,23.19,0.14,150,"7153","Jorge very cobbly fine sandy loam_30 to 50 percent slopes_rubbly",2735
2,"Sky","No",1652210,26337181,55.2,24.64,0.11,86,"7153","Jorge very cobbly fine sandy loam_30 to 50 percent slopes_rubbly",2735
5,"Waca","No",1652210,26337182,65.2,28.07,0.11,122,"7153","Jorge very cobbly fine sandy loam_30 to 50 percent slopes_rubbly",2735
4,"Jorge","No",1652210,26337183,88.9,24.8,0.13,152,"7153","Jorge very cobbly fine sandy loam_30 to 50 percent slopes_rubbly",2735
5,"Tahoma","No",1652210,26337184,94.8,19.47,0.16,205,"7153","Jorge very cobbly fine sandy loam_30 to 50 percent slopes_rubbly",2735
2,"Ellispeak","No",1652210,26337185,85,21.13,0.07,55,"7153","Jorge very cobbly fine sandy loam_30 to 50 percent slopes_rubbly",2735
1,"Aquic Xerorthents","No",1652210,26337186,59,17.77,0.12,150,"7153","Jorge very cobbly fine sandy loam_30 to 50 percent slopes_rubbly",2735
5,"Windy","No",1652212,26337187,65.2,28.07,0.11,150,"7231","Waca very gravelly medial coarse sandy loam_9 to 30 percent slopes",2365
2,"Kneeridge","No",1652212,26337188,74.4,22.27,0.2,200,"7231","Waca very gravelly medial coarse sandy loam_9 to 30 percent slopes",2365
2,"Paige","No",1652212,26337189,87.52,18.1,0.21,204,"7231","Waca very gravelly medial coarse sandy loam_9 to 30 percent slopes",2365
80,"Waca","Yes",1652212,26337190,65.2,28.07,0.11,122,"7231","Waca very gravelly medial coarse sandy loam_9 to 30 percent slopes",2365
5,"Rock outcrop","No",1652212,26337191,NA,NA,NA,NA,"7231","Waca very gravelly medial coarse sandy loam_9 to 30 percent slopes",2365
5,"Ellispeak","No",1652212,26337192,85,21.13,0.07,55,"7231","Waca very gravelly medial coarse sandy loam_9 to 30 percent slopes",2365
1,"Aquic Xerorthents","No",1652212,26337193,59,17.77,0.12,150,"7231","Waca very gravelly medial coarse sandy loam_9 to 30 percent slopes",2365
5,"Rock outcrop","No",1652213,26337194,NA,NA,NA,NA,"7232","Waca very gravelly medial coarse sandy loam_30 to 50 percent slopes",1807
80,"Waca","Yes",1652213,26337195,65.2,28.07,0.11,122,"7232","Waca very gravelly medial coarse sandy loam_30 to 50 percent slopes",1807
2,"Paige","No",1652213,26337196,87.52,18.1,0.21,204,"7232","Waca very gravelly medial coarse sandy loam_30 to 50 percent slopes",1807
2,"Kneeridge","No",1652213,26337197,74.4,22.27,0.2,200,"7232","Waca very gravelly medial coarse sandy loam_30 to 50 percent slopes",1807
4,"Windy","No",1652213,26337198,65.2,28.07,0.11,150,"7232","Waca very gravelly medial coarse sandy loam_30 to 50 percent slopes",1807
5,"Ellispeak","No",1652213,26337199,85,21.13,0.07,55,"7232","Waca very gravelly medial coarse sandy loam_30 to 50 percent slopes",1807
1,"Typic Epiaquents","No",1652213,26337200,59,17.77,0.12,150,"7232","Waca very gravelly medial coarse sandy loam_30 to 50 percent slopes",1807
1,"Aquic Xerorthents","No",1652213,26337201,59,17.77,0.12,150,"7232","Waca very gravelly medial coarse sandy loam_30 to 50 percent slopes",1807
80,"Waca","Yes",1652214,26337202,65.2,28.07,0.11,122,"7233","Waca very gravelly medial coarse sandy loam_50 to 70 percent slopes",286
5,"Rock outcrop","No",1652214,26337203,NA,NA,NA,NA,"7233","Waca very gravelly medial coarse sandy loam_50 to 70 percent slopes",286
2,"Kneeridge","No",1652214,26337204,74.4,22.27,0.2,200,"7233","Waca very gravelly medial coarse sandy loam_50 to 70 percent slopes",286
2,"Paige","No",1652214,26337205,87.52,18.1,0.21,204,"7233","Waca very gravelly medial coarse sandy loam_50 to 70 percent slopes",286
5,"Windy","No",1652214,26337206,65.2,28.07,0.11,150,"7233","Waca very gravelly medial coarse sandy loam_50 to 70 percent slopes",286
5,"Ellispeak","No",1652214,26337207,85,21.13,0.07,55,"7233","Waca very gravelly medial coarse sandy loam_50 to 70 percent slopes",286
1,"Aquic Xerorthents","No",1652214,26337208,59,17.77,0.12,150,"7233","Waca very gravelly medial coarse sandy loam_50 to 70 percent slopes",286
35,"Witefels","Yes",1652215,26337209,75.7,2.05,0.08,152,"9441","Temo-Witefels complex_5 to 15 percent slopes",938
45,"Temo","Yes",1652215,26337210,45.28,2.9,0.04,152,"9441","Temo-Witefels complex_5 to 15 percent slopes",938
5,"Dagget","No",1652215,26337211,141.5,2.94,0.07,152,"9441","Temo-Witefels complex_5 to 15 percent slopes",938
4,"Cagwin","No",1652215,26337212,65.6,7.66,0.1,152,"9441","Temo-Witefels complex_5 to 15 percent slopes",938
1,"Oxyaquic Cryorthents","No",1652215,26337213,55,7.48,0.06,284,"9441","Temo-Witefels complex_5 to 15 percent slopes",938
10,"Rock outcrop","No",1652215,26337214,NA,NA,NA,NA,"9441","Temo-Witefels complex_5 to 15 percent slopes",938
1,"Oxyaquic Cryorthents","No",1652216,26337215,55,7.48,0.06,284,"9442","Temo-Witefels complex_15 to 30 percent slopes",3386
5,"Dagget","No",1652216,26337216,141.5,2.94,0.07,152,"9442","Temo-Witefels complex_15 to 30 percent slopes",3386
4,"Cagwin","No",1652216,26337217,65.6,7.66,0.1,152,"9442","Temo-Witefels complex_15 to 30 percent slopes",3386
45,"Temo","Yes",1652216,26337218,45.28,2.9,0.04,152,"9442","Temo-Witefels complex_15 to 30 percent slopes",3386
35,"Witefels","Yes",1652216,26337219,75.7,2.05,0.08,152,"9442","Temo-Witefels complex_15 to 30 percent slopes",3386
10,"Rock outcrop","No",1652216,26337220,NA,NA,NA,NA,"9442","Temo-Witefels complex_15 to 30 percent slopes",3386
45,"Temo","Yes",1652217,26337221,45.28,2.9,0.04,65,"9444","Temo-Witefels complex_50 to 70 percent slopes",2790
10,"Rock outcrop","No",1652217,26337222,NA,NA,NA,NA,"9444","Temo-Witefels complex_50 to 70 percent slopes",2790
5,"Dagget","No",1652217,26337223,141.5,2.94,0.07,150,"9444","Temo-Witefels complex_50 to 70 percent slopes",2790
35,"Witefels","Yes",1652217,26337224,75.7,2.05,0.08,100,"9444","Temo-Witefels complex_50 to 70 percent slopes",2790
4,"Cagwin","No",1652217,26337225,65.6,7.66,0.1,94,"9444","Temo-Witefels complex_50 to 70 percent slopes",2790
1,"Oxyaquic Cryorthents","No",1652217,26337226,55,7.48,0.06,284,"9444","Temo-Witefels complex_50 to 70 percent slopes",2790
5,"Cagwin","No",1652218,26337227,65.6,7.66,0.1,94,"7241","Zephyrcove-Southcamp-Genoapeak complex_9 to 30 percent slopes",308
5,"Cassenai","No",1652218,26337228,42.88,2.48,0.09,200,"7241","Zephyrcove-Southcamp-Genoapeak complex_9 to 30 percent slopes",308
50,"Zephyrcove","Yes",1652218,26337229,83.12,12.12,0.21,113,"7241","Zephyrcove-Southcamp-Genoapeak complex_9 to 30 percent slopes",308
17,"Genoapeak","Yes",1652218,26337230,133.4,4.72,0.07,152,"7241","Zephyrcove-Southcamp-Genoapeak complex_9 to 30 percent slopes",308
2,"Deerhill","No",1652218,26337231,38.66,8.12,0.17,166,"7241","Zephyrcove-Southcamp-Genoapeak complex_9 to 30 percent slopes",308
20,"Southcamp","Yes",1652218,26337232,62.72,16.29,0.1,152,"7241","Zephyrcove-Southcamp-Genoapeak complex_9 to 30 percent slopes",308
1,"Aquic Xerorthents","No",1652218,26337233,59,17.77,0.12,150,"7241","Zephyrcove-Southcamp-Genoapeak complex_9 to 30 percent slopes",308
20,"Southcamp","Yes",1652219,26337234,62.72,16.29,0.1,152,"7242","Zephyrcove-Southcamp-Genoapeak complex_30 to 70 percent slopes",295
50,"Zephyrcove","Yes",1652219,26337235,83.12,12.12,0.21,113,"7242","Zephyrcove-Southcamp-Genoapeak complex_30 to 70 percent slopes",295
17,"Genoapeak","Yes",1652219,26337236,133.4,4.72,0.07,152,"7242","Zephyrcove-Southcamp-Genoapeak complex_30 to 70 percent slopes",295
5,"Cassenai","No",1652219,26337237,42.88,2.48,0.09,200,"7242","Zephyrcove-Southcamp-Genoapeak complex_30 to 70 percent slopes",295
5,"Cagwin","No",1652219,26337238,65.6,7.66,0.1,94,"7242","Zephyrcove-Southcamp-Genoapeak complex_30 to 70 percent slopes",295
2,"Deerhill","No",1652219,26337239,38.66,8.12,0.17,166,"7242","Zephyrcove-Southcamp-Genoapeak complex_30 to 70 percent slopes",295
1,"Aquic Xerorthents","No",1652219,26337240,59,17.77,0.12,150,"7242","Zephyrcove-Southcamp-Genoapeak complex_30 to 70 percent slopes",295
5,"Jorge","No",1652220,26337241,72.64,23.19,0.14,150,"9123","Watsonlake gravelly sandy loam_30 to 50 percent slopes_rubbly",563
1,"Oxyaquic Cryorthents","No",1652220,26337242,55,7.48,0.06,284,"9123","Watsonlake gravelly sandy loam_30 to 50 percent slopes_rubbly",563
5,"Tahoma","No",1652220,26337243,94.8,19.47,0.16,205,"9123","Watsonlake gravelly sandy loam_30 to 50 percent slopes_rubbly",563
5,"Waca","No",1652220,26337244,65.2,28.07,0.11,122,"9123","Watsonlake gravelly sandy loam_30 to 50 percent slopes_rubbly",563
2,"Sky","No",1652220,26337245,55.2,24.64,0.11,86,"9123","Watsonlake gravelly sandy loam_30 to 50 percent slopes_rubbly",563
1,"Rock outcrop","No",1652220,26337246,NA,NA,NA,NA,"9123","Watsonlake gravelly sandy loam_30 to 50 percent slopes_rubbly",563
80,"Watsonlake","Yes",1652220,26337247,65.2,16.34,0.15,195,"9123","Watsonlake gravelly sandy loam_30 to 50 percent slopes_rubbly",563
1,"Ellispeak","No",1652220,26337248,85,21.13,0.07,55,"9123","Watsonlake gravelly sandy loam_30 to 50 percent slopes_rubbly",563
1,"Oxyaquic Cryorthents","No",1652221,26337249,55,7.48,0.06,284,"9443","Temo-Witefels complex_30 to 50 percent slopes",5182
4,"Cagwin","No",1652221,26337250,65.6,7.66,0.1,94,"9443","Temo-Witefels complex_30 to 50 percent slopes",5182
10,"Rock outcrop","No",1652221,26337251,NA,NA,NA,NA,"9443","Temo-Witefels complex_30 to 50 percent slopes",5182
5,"Dagget","No",1652221,26337252,141.5,2.94,0.07,150,"9443","Temo-Witefels complex_30 to 50 percent slopes",5182
45,"Temo","Yes",1652221,26337253,45.28,2.9,0.04,65,"9443","Temo-Witefels complex_30 to 50 percent slopes",5182
35,"Witefels","Yes",1652221,26337254,75.7,2.05,0.08,100,"9443","Temo-Witefels complex_30 to 50 percent slopes",5182
100,"Riverwash","Yes",464850,26538544,100,NA,NA,152,"197","Riverwash",265
70,"Aiken","Yes",464851,26538545,9,27.3,0.16,203,"101","Aiken-Cohasset loams_2 to 30 percent slopes complex",1060
20,"Cohasset","Yes",464851,26538546,9,26.92,0.15,152,"101","Aiken-Cohasset loams_2 to 30 percent slopes complex",1060
60,"Andic Cryumbrepts","Yes",464852,26538547,28,19.8,0.08,152,"102","Andic Cryumbrepts-Lithic Cryumbrepts association_15 to 50 percent slopes",8232
25,"Lithic Cryumbrepts","Yes",464852,26538548,26.89,20.12,0.09,152,"102","Andic Cryumbrepts-Lithic Cryumbrepts association_15 to 50 percent slopes",8232
55,"Aquepts","Yes",464853,26538549,9,20,0.15,152,"103","Aquepts_Umbrepts and 0 to 15 percent slopes soils",4877
45,"Umbrepts","Yes",464853,26538550,28,22,0.09,122,"103","Aquepts_Umbrepts and 0 to 15 percent slopes soils",4877
50,"Bighill","Yes",464854,26538551,28,15.38,0.09,152,"104","Bighill-Musick complex_50 to 75 percent slopes",415
25,"Musick","Yes",464854,26538552,9,15.9,0.16,180,"104","Bighill-Musick complex_50 to 75 percent slopes",415
33,"Bighill","Yes",464855,26538553,28,15.38,0.09,152,"105","Bighill-Rock outcrop-Dome complex_5 to 30 percent slopes",219
27,"Rock outcrop","Yes",464855,26538554,0.21,NA,NA,10,"105","Bighill-Rock outcrop-Dome complex_5 to 30 percent slopes",219
25,"Dome","Yes",464855,26538555,28,13.08,0.08,152,"105","Bighill-Rock outcrop-Dome complex_5 to 30 percent slopes",219
85,"Chaix","Yes",464856,26538556,28,7.78,0.09,152,"106","Chaix coarse sandy loam_30 to 75 percent slopes",13892
55,"Chaix","Yes",464857,26538557,28,7.78,0.09,152,"107","Chaix-Pilliken coarse sandy loam_5 to 30 percent slopes complex",16952
45,"Pilliken","Yes",464857,26538558,28,10,0.11,172,"107","Chaix-Pilliken coarse sandy loam_5 to 30 percent slopes complex",16952
55,"Chaix","Yes",464858,26538559,28,7.78,0.09,152,"108","Chaix-Pilliken coarse sandy loams_30 to 75 percent slopes complex",15894
25,"Pilliken","Yes",464858,26538560,28,10,0.11,200,"108","Chaix-Pilliken coarse sandy loams_30 to 75 percent slopes complex",15894
60,"Chaix","Yes",464859,26538998,28,10.42,0.09,111,"109","Chaix-Rock outcrop complex_30 to 75 percent slopes_N Low Montane",6950
20,"Rock outcrop","Yes",464859,26538999,0,NA,NA,10,"109","Chaix-Rock outcrop complex_30 to 75 percent slopes_N Low Montane",6950
5,"Cohasset","No",464859,26539000,NA,NA,NA,NA,"109","Chaix-Rock outcrop complex_30 to 75 percent slopes_N Low Montane",6950
5,"Hoda","No",464859,26539001,NA,NA,NA,NA,"109","Chaix-Rock outcrop complex_30 to 75 percent slopes_N Low Montane",6950
5,"Hotaw","No",464859,26539002,NA,NA,NA,NA,"109","Chaix-Rock outcrop complex_30 to 75 percent slopes_N Low Montane",6950
5,"Musick","No",464859,26539003,NA,NA,NA,NA,"109","Chaix-Rock outcrop complex_30 to 75 percent slopes_N Low Montane",6950
85,"Cohasset","Yes",464860,26538561,9,27.88,0.15,152,"110","Cohasset loam_2 to 30 percent slopes",9439
45,"Cohasset","Yes",464861,26538562,9,27.88,0.15,152,"111","Cohasset-Hartless variant complex_2 to 30 percent slopes",580
30,"Hartless variant","Yes",464861,26538563,28,18,0.07,152,"111","Cohasset-Hartless variant complex_2 to 30 percent slopes",580
50,"Cohasset","Yes",464862,26538564,9,27.88,0.15,152,"112","Cohasset-McCarthy association_2 to 30 percent slopes",11862
35,"McCarthy","Yes",464862,26538565,28,25,0.09,152,"112","Cohasset-McCarthy association_2 to 30 percent slopes",11862
45,"Cohasset","Yes",464863,26538566,9,27.88,0.15,152,"113","Cohasset-McCarthy association_30 to 50 percent slopes",8272
40,"McCarthy","Yes",464863,26538567,28,25,0.09,152,"113","Cohasset-McCarthy association_30 to 50 percent slopes",8272
50,"Cohasset","Yes",464864,26538568,9,22.08,0.14,170,"114","Cohasset-McCarthy association_rhyolitic substratum_5 to 30 percent slopes",3140
35,"McCarthy","Yes",464864,26538569,28,25,0.09,152,"114","Cohasset-McCarthy association_rhyolitic substratum_5 to 30 percent slopes",3140
45,"Cohasset","Yes",464865,26538570,9,22.08,0.14,170,"115","McCarthy-Cohasset association rhyolitic substratum_30 to 75 percent slopes",7721
55,"McCarthy","Yes",464865,26538571,28,25,0.09,152,"115","McCarthy-Cohasset association rhyolitic substratum_30 to 75 percent slopes",7721
35,"Cohasset","Yes",464866,26538572,9,27.88,0.15,152,"116","Crozier-Cohasset loams_5 to 30 percent slopes complex",3120
55,"Crozier","Yes",464866,26538573,9,27.46,0.15,111,"116","Crozier-Cohasset loams_5 to 30 percent slopes complex",3120
60,"Crozier","Yes",464867,26538574,9,27.46,0.15,111,"117","Crozier-Cohasset loams_30 to 50 percent slopes complex",289
30,"Cohasset","Yes",464867,26538575,9,27.88,0.15,152,"117","Crozier-Cohasset loams_30 to 50 percent slopes complex",289
60,"Crozier","Yes",464868,26538576,9,27.46,0.15,111,"118","Crozier-McCarthy complex_5 to 30 percent slopes",5458
30,"McCarthy","Yes",464868,26538577,28,25,0.09,152,"118","Crozier-McCarthy complex_5 to 30 percent slopes",5458
45,"Crozier","Yes",464869,26538578,9,27.46,0.15,111,"119","McCarthy-Crozier complex_30 to 50 percent slopes",3879
55,"McCarthy","Yes",464869,26538579,28,25,0.09,152,"119","McCarthy-Crozier complex_30 to 50 percent slopes",3879
15,"Cryumbrepts","Yes",464870,26538580,28,18.88,0.09,155,"120","Cryumbrepts association_5 to 50 prcent slopes",12572
55,"Cryumbrepts","Yes",464870,26538581,28,18.88,0.09,155,"120","Cryumbrepts association_5 to 50 prcent slopes",12572
85,"Dome","Yes",464871,26538582,28,13.08,0.08,152,"121","Dome coarse sandy loam 2 to 30 percent slopes",690
50,"Dome","Yes",464872,26538583,28,13.08,0.08,152,"122","Dome-Zeibright complex_2 to 30 percent slopes",1724
30,"Zeibright","Yes",464872,26538584,28,13.5,0.1,155,"122","Dome-Zeibright complex_2 to 30 percent slopes",1724
50,"Dome","Yes",464873,26538585,28,13.08,0.08,152,"123","Dome-Zeibright complex_30 to 50 percent slopes",278
30,"Zeibright","Yes",464873,26538586,28,13.5,0.1,155,"123","Dome-Zeibright complex_30 to 50 percent slopes",278
85,"Dome variant","Yes",464874,26538587,28,15,0.11,152,"124","Dome variant coarse sandy loam_0 to 10 percent slopes",342
85,"Fluvents","Yes",464875,26538588,61.3,14.08,0.08,152,"125","Fluvents_0 to 10 percent slopes",302
85,"Gerle","Yes",464876,26538589,28,9,0.11,157,"126","Gerle coarse sandy loam_2 to 30 percent slopes",571
55,"Gerle","Yes",464877,26538590,28,9,0.11,157,"127","Gerle-Notned complex_2 to 30 percent slopes",7564
25,"Notned","Yes",464877,26538591,28,9.46,0.08,157,"127","Gerle-Notned complex_2 to 30 percent slopes",7564
45,"Gerle","Yes",464878,26538592,28,9,0.11,157,"128","Gerle-Tallac complex_5 to 30 percent slopes",10502
35,"Tallac","Yes",464878,26538593,28,10,0.08,155,"128","Gerle-Tallac complex_5 to 30 percent slopes",10502
45,"Gerle","Yes",464879,26538594,28,9,0.11,157,"129","Gerle-Tallac complex_30 to 50 percent slopes",1786
35,"Tallac","Yes",464879,26538595,28,10,0.08,155,"129","Gerle-Tallac complex_30 to 50 percent slopes",1786
60,"Gerle","Yes",464880,26538596,28,9,0.11,157,"130","Gerle-Umbrepts association_2 to 15 percent slopes",2245
20,"Umbrepts","Yes",464880,26538597,28,22,0.09,122,"130","Gerle-Umbrepts association_2 to 15 percent slopes",2245
45,"Hangtown","Yes",464881,26538598,28,7.9,0.07,152,"131","Hangtown-Lithic Xerumbrepts complex_15 to 50 percent slopes",3433
40,"Lithic Xerumbrepts","Yes",464881,26538599,18.55,9.52,0.09,152,"131","Hangtown-Lithic Xerumbrepts complex_15 to 50 percent slopes",3433
50,"Hangtown","Yes",464882,26538600,28,7.9,0.07,152,"132","Hangtown-Smokey complex_5 to 30 percent slopes",710
35,"Smokey","Yes",464882,26538601,11.52,12.48,0.08,152,"132","Hangtown-Smokey complex_5 to 30 percent slopes",710
45,"Hangtown","Yes",464883,26538602,28,7.9,0.07,152,"133","Hangtown-Smokey complex_30 to 50 percent slopes",687
40,"Smokey","Yes",464883,26538603,11.52,12.48,0.08,152,"133","Hangtown-Smokey complex_30 to 50 percent slopes",687
85,"Hartless","Yes",464884,26538604,9,9.88,0.07,200,"134","Hartless very gravelly loam 5 to 30 percent slopes",1332
85,"Hartless","Yes",464885,26538605,9,9.88,0.07,200,"135","Hartless very gravelly loam_30 to 50 percent slopes",2966
50,"Hartless","Yes",464886,26538606,9,9.88,0.07,200,"136","Hartless-Mieruf very gravelly loams_5 to 30 percent slopes complex",1677
30,"Mieruf","Yes",464886,26538607,9,9.4,0.11,152,"136","Hartless-Mieruf very gravelly loams_5 to 30 percent slopes complex",1677
60,"Hartless","Yes",464887,26538608,9,9.88,0.07,200,"137","Hartless-Mieruf very gravelly loams_30 to 50 percent slopes complex",1225
20,"Mieruf","Yes",464887,26538609,9,9.4,0.11,152,"137","Hartless-Mieruf very gravelly loams_30 to 50 percent slopes complex",1225
65,"Hartless","Yes",464888,26538610,9,9.88,0.07,200,"138","Hartless-Mieruf very gravelly loams_50 to 75 percent slopes complex",610
15,"Mieruf","Yes",464888,26538611,9,9.4,0.11,152,"138","Hartless-Mieruf very gravelly loams_50 to 75 percent slopes complex",610
50,"Hartless","Yes",464889,26538612,9,9.88,0.07,200,"139","Hartless-Neuns complex_15 to 30 percent slopes",1011
30,"Neuns","Yes",464889,26538613,9,11.6,0.08,111,"139","Hartless-Neuns complex_15 to 30 percent slopes",1011
45,"Hartless","Yes",464890,26538614,9,9.88,0.07,200,"140","Hartless-Neuns complex_30 to 75 percent slopes",3509
35,"Neuns","Yes",464890,26538615,9,11.6,0.08,111,"140","Hartless-Neuns complex_30 to 75 percent slopes",3509
85,"Hartless variant","Yes",464891,26538616,28,13.8,0.07,152,"141","Hartless variant very gravelly sandy loam_30 to 50 percent slopes",260
85,"Holland","Yes",464892,26538617,9,13.2,0.16,163,"142","Holland loam_5 to 30 percent slopes",2752
80,"Holland","Yes",464893,26539004,17.3,11.8,0.2,168,"143","Holland loam_30 to 50 percent slopes_C Mid Montane",997
4,"Bighill","No",464893,26539005,NA,NA,NA,NA,"143","Holland loam_30 to 50 percent slopes_C Mid Montane",997
4,"Chaix","No",464893,26539006,NA,NA,NA,NA,"143","Holland loam_30 to 50 percent slopes_C Mid Montane",997
4,"Musick","No",464893,26539007,NA,NA,NA,NA,"143","Holland loam_30 to 50 percent slopes_C Mid Montane",997
4,"Pilliken","No",464893,26539008,NA,NA,NA,NA,"143","Holland loam_30 to 50 percent slopes_C Mid Montane",997
4,"Hotaw","No",464893,26539009,NA,NA,NA,NA,"143","Holland loam_30 to 50 percent slopes_C Mid Montane",997
50,"Holland","Yes",464894,26538618,9,13.2,0.16,163,"144","Holland-Bighill complex_5 to 30 percent slopes",863
30,"Bighill","Yes",464894,26538619,28,15.38,0.09,152,"144","Holland-Bighill complex_5 to 30 percent slopes",863
45,"Holland","Yes",464895,26538620,9,13.2,0.16,163,"145","Holland-Bighill complex 30 to 75 percent slopes",2666
35,"Bighill","Yes",464895,26538621,28,15.38,0.09,152,"145","Holland-Bighill complex 30 to 75 percent slopes",2666
50,"Holland","Yes",464896,26538622,9,13.2,0.16,163,"146","Holland-Musick loams_5 to 30 percent slopes complex",1915
30,"Musick","Yes",464896,26538623,9,15.9,0.16,180,"146","Holland-Musick loams_5 to 30 percent slopes complex",1915
60,"Holland","Yes",464897,26538624,9,13.2,0.16,163,"147","Holland-Musick loams_30 to 50 percent slopes complex",3749
20,"Musick","Yes",464897,26538625,9,15.9,0.16,180,"147","Holland-Musick loams_30 to 50 percent slopes complex",3749
60,"Holland","Yes",464898,26538626,9,13.2,0.16,163,"148","Holland-Pilliken association_5 to 30 percent slopes",1669
30,"Pilliken","Yes",464898,26538627,28,10,0.11,172,"148","Holland-Pilliken association_5 to 30 percent slopes",1669
45,"Holland","Yes",464899,26538628,9,13.2,0.16,163,"149","Holland-Pilliken association_30 to 50 percent slopes",5530
35,"Pilliken","Yes",464899,26538629,28,10,0.11,172,"149","Holland-Pilliken association_30 to 50 percent slopes",5530
85,"Jocal","Yes",464900,26538630,9,19.28,0.15,200,"150","Jocal loam_5 to 30 percent slopes",21012
85,"Jocal","Yes",464901,26538631,9,19.28,0.15,200,"151","Jocal loam_30 to 50 percent slopes",9179
45,"Jocal","Yes",464902,26538632,9,19.28,0.15,200,"152","Jocal-Hartless complex_5 to 30 percent slopes",2288
30,"Hartless","Yes",464902,26538633,9,9.88,0.07,200,"152","Jocal-Hartless complex_5 to 30 percent slopes",2288
40,"Jocal","Yes",464903,26538634,9,19.28,0.15,200,"153","Jocal-Hartless complex_30 to 50 percent slopes",2225
35,"Hartless","Yes",464903,26538635,9,9.88,0.07,200,"153","Jocal-Hartless complex_30 to 50 percent slopes",2225
40,"Jocal","Yes",464904,26538636,9,19.28,0.15,200,"154","Jocal-Mariposa-Umbrepts association_30 to 75 percent slopes",4486
35,"Mariposa","Yes",464904,26538637,9,16.3,0.12,101,"154","Jocal-Mariposa-Umbrepts association_30 to 75 percent slopes",4486
15,"Umbrepts","Yes",464904,26538638,28,22,0.09,122,"154","Jocal-Mariposa-Umbrepts association_30 to 75 percent slopes",4486
45,"Jocal","Yes",464905,26538639,9,19.28,0.15,200,"155","Jocal-Sites loams_5 to 30 percent slopes complex",794
30,"Sites","Yes",464905,26538640,3.71,15.8,0.15,200,"155","Jocal-Sites loams_5 to 30 percent slopes complex",794
85,"Ledford","Yes",464906,26538641,92,13.8,0.1,152,"156","Ledford sandy loam_15 to 50 percent slopes",1766
55,"Ledford","Yes",464907,26538642,92,13.8,0.1,152,"157","Ledford-Notned complex_5 to 30 percent slopes",3317
35,"Notned","Yes",464907,26538643,28,13.56,0.08,157,"157","Ledford-Notned complex_5 to 30 percent slopes",3317
60,"Ledford","Yes",464908,26538644,92,13.8,0.1,152,"158","Ledford-Notned complex_30 to 50 percent slopes",4725
30,"Notned","Yes",464908,26538645,28,13.56,0.08,157,"158","Ledford-Notned complex_30 to 50 percent slopes",4725
50,"Ledmount","Yes",464909,26538646,21.33,15.95,0.1,63,"159","Ledmount-Rock outcrop association_2 to 30 percent slopes",3030
30,"Rock outcrop","Yes",464909,26538647,0.21,NA,NA,10,"159","Ledmount-Rock outcrop association_2 to 30 percent slopes",3030
45,"Ledmount","Yes",464910,26538648,21.33,15.95,0.1,63,"160","Ledmount-Rock outcrop association_30 to 75 percent slopes",3670
35,"Rock outcrop","Yes",464910,26538649,0.21,NA,NA,10,"160","Ledmount-Rock outcrop association_30 to 75 percent slopes",3670
85,"Lithic Cryumbrepts","Yes",464911,26538650,26.89,20.12,0.09,152,"161","Lithic Cryumbrepts_15 to 75 percent slopes",14038
55,"Lithic Cryumbrepts","Yes",464912,26538651,26.89,20.12,0.09,152,"162","Lithic Cryumbrepts-Waca association_5 to 30 percent slopes",3265
35,"Waca","Yes",464912,26538652,28,25,0.09,152,"162","Lithic Cryumbrepts-Waca association_5 to 30 percent slopes",3265
55,"Lithic Cryumbrepts","Yes",464913,26538653,26.89,20.12,0.09,152,"163","Lithic Cryumbrepts-Waca association_30 to 50 percent slopes",906
35,"Waca","Yes",464913,26538654,28,25,0.09,152,"163","Lithic Cryumbrepts-Waca association_30 to 50 percent slopes",906
55,"Lithic Xerumbrepts","Yes",464914,26538655,18.55,9.52,0.09,152,"164","Lithic Xerumbrepts-Rock outcrop complex_15 to 75 percent slopes",16680
45,"Rock outcrop","Yes",464914,26538656,0.21,NA,NA,10,"164","Lithic Xerumbrepts-Rock outcrop complex_15 to 75 percent slopes",16680
85,"Lumberly","Yes",464915,26538657,28,11,0.08,152,"165","Lumberly gravelly coarse sandy loam_5 to 30 percent slopes",3247
85,"Lumberly","Yes",464916,26538658,28,11,0.08,152,"166","Lumberly gravelly coarse sandy loam_30 to 50 percent slopes",1752
85,"Mariposa","Yes",464917,26538659,9,16.3,0.12,101,"167","Mariposa gravelly silt loam_5 to 30 percent slopes",246
85,"Mariposa","Yes",464918,26538660,9,16.3,0.12,101,"168","Mariposa gravelly silt loam_30 to 50 percent slopes",414
50,"Mariposa","Yes",464919,26538661,9,16.3,0.12,101,"169","Mariposa-Jocal complex_5 to 30 percent slopes",2872
40,"Jocal","Yes",464919,26538662,9,19.28,0.15,200,"169","Mariposa-Jocal complex_5 to 30 percent slopes",2872
5,"Neuns","No",464920,26538993,NA,NA,NA,NA,"170","Mariposa-Jocal complex_30 to 75 percent slopes_C Low Montane",10655
5,"Sites","No",464920,26538994,NA,NA,NA,NA,"170","Mariposa-Jocal complex_30 to 75 percent slopes_C Low Montane",10655
5,"Rock outcrop","No",464920,26538995,NA,NA,NA,NA,"170","Mariposa-Jocal complex_30 to 75 percent slopes_C Low Montane",10655
55,"Mariposa","Yes",464920,26538996,9,5.5,0.12,200,"170","Mariposa-Jocal complex_30 to 75 percent slopes_C Low Montane",10655
30,"Jocal","Yes",464920,26538997,9,12.7,0.15,203,"170","Mariposa-Jocal complex_30 to 75 percent slopes_C Low Montane",10655
50,"Mariposa","Yes",464921,26538663,9,16.3,0.12,101,"171","Mariposa-Maymen complex_5 to 30 percent slopes",689
30,"Maymen","Yes",464921,26538664,6.01,15,0.11,58,"171","Mariposa-Maymen complex_5 to 30 percent slopes",689
55,"Mariposa","Yes",464922,26538665,9,16.3,0.12,101,"172","Mariposa-Maymen complex_30 to 75 percent slopes",9384
45,"Maymen","Yes",464922,26538666,6.01,15,0.11,58,"172","Mariposa-Maymen complex_30 to 75 percent slopes",9384
50,"Maymen","Yes",464923,26538667,6.01,15,0.11,58,"173","Maymen-Rock outcrop association_30 to 75 percent slopes",5555
30,"Rock outcrop","Yes",464923,26538668,0.21,NA,NA,10,"173","Maymen-Rock outcrop association_30 to 75 percent slopes",5555
45,"Maymen","Yes",464924,26538669,6.01,15,0.11,58,"174","Maymen-Rock outcrop association_75 to 100 percent slopes",6197
35,"Rock outcrop","Yes",464924,26538670,0.21,NA,NA,10,"174","Maymen-Rock outcrop association_75 to 100 percent slopes",6197
85,"McCarthy","Yes",464925,26538671,28,25,0.09,152,"175","McCarthy gravelly sandy loam_2 to 30 percent slopes",19851
85,"McCarthy","Yes",464926,26538672,28,25,0.09,152,"176","McCarthy gravelly sandy loam_30 to 50 percent slopes",14448
60,"McCarthy","Yes",464927,26538673,28,25,0.09,152,"177","McCarthy-Ledmount association_2 to 30 percent slopes",32041
30,"Ledmount","Yes",464927,26538674,21.33,15.95,0.1,63,"177","McCarthy-Ledmount association_2 to 30 percent slopes",32041
55,"McCarthy","Yes",464928,26538675,28,25,0.09,152,"178","McCarthy-Ledmount association_30 to 75 percent slopes",13099
35,"Ledmount","Yes",464928,26538676,21.33,15.95,0.1,63,"178","McCarthy-Ledmount association_30 to 75 percent slopes",13099
25,"Rock outcrop","Yes",464929,26538677,0.21,NA,NA,10,"179","McCarthy_rhyolitic substratum-Rock outcrop complex_15 to 75 percent slopes association",1080
65,"McCarthy","Yes",464929,26538678,28,20,0.09,152,"179","McCarthy_rhyolitic substratum-Rock outcrop complex_15 to 75 percent slopes association",1080
85,"Mieruf","Yes",464930,26538679,9,9.4,0.11,152,"180","Mieruf very gravelly loam_5 to 30 percent slopes",1017
85,"Mieruf","Yes",464931,26538680,9,9.4,0.11,152,"181","Mieruf very gravelly loam_30 to 50 percent slopes",801
85,"Neuns","Yes",464932,26538681,9,11.6,0.08,111,"182","Neuns gravelly loam_15 to 30 percent slopes",880
85,"Neuns","Yes",464933,26538682,9,11.6,0.08,111,"183","Neuns gravelly loam_30 to 50 percent slopes",956
85,"Neuns","Yes",464934,26538683,9,11.6,0.08,111,"184","Neuns gravelly loam_50 to 75 percent slopes",1358
40,"Neuns","Yes",464935,26538684,9,11.6,0.08,111,"185","Neuns-Lithic Xerumbrepts-Rock outcrop association_50 to 100 percent slopes complex",0
30,"Lithic Xerumbrepts","Yes",464935,26538685,18.55,9.52,0.09,152,"185","Neuns-Lithic Xerumbrepts-Rock outcrop association_50 to 100 percent slopes complex",0
20,"Rock outcrop","Yes",464935,26538686,0.21,NA,NA,10,"185","Neuns-Lithic Xerumbrepts-Rock outcrop association_50 to 100 percent slopes complex",0
50,"Neuns","Yes",464936,26538687,9,11.6,0.08,111,"186","Neuns-Mieruf complex_30 to 50 percent slopes",982
30,"Mieruf","Yes",464936,26538688,9,9.4,0.11,152,"186","Neuns-Mieruf complex_30 to 50 percent slopes",982
45,"Notned","Yes",464937,26538689,28,9.46,0.08,157,"187","Notned-Gerle complex_30 to 50 percent slopes",231
30,"Gerle","Yes",464937,26538690,28,9,0.11,157,"187","Notned-Gerle complex_30 to 50 percent slopes",231
55,"Notned","Yes",464938,26538691,28,13.56,0.08,157,"188","Notned-Ledford association_5 to 30 percent slopes",5704
35,"Ledford","Yes",464938,26538692,92,13.8,0.1,152,"188","Notned-Ledford association_5 to 30 percent slopes",5704
60,"Notned","Yes",464939,26538693,28,13.56,0.08,157,"189","Notned-Ledford association_30 to 50 percent slopes",2229
30,"Ledford","Yes",464939,26538694,92,13.8,0.1,152,"189","Notned-Ledford association_30 to 50 percent slopes",2229
60,"Notned","Yes",464940,26538695,28,13.56,0.08,157,"190","Notned-Rock outcrop association_5 to 50 perrcent slopes",522
20,"Rock outcrop","Yes",464940,26538696,0.21,NA,NA,10,"190","Notned-Rock outcrop association_5 to 50 perrcent slopes",522
15,"Rock outcrop","Yes",464941,26538697,0.21,NA,NA,10,"191","Ochrepts-Rock outcrop association_10 to 40 percent slopes",1794
60,"Ochrepts","Yes",464941,26538698,28,7,0.08,102,"191","Ochrepts-Rock outcrop association_10 to 40 percent slopes",1794
85,"Pilliken","Yes",464942,26538699,28,10,0.11,172,"192","Pilliken coarse sandy loam_5 to 30 percent slopes",1965
85,"Pilliken","Yes",464943,26538700,28,10,0.11,172,"193","Pilliken coarse sandy loam_30 to 50 percent slopes",5103
50,"Pilliken","Yes",464944,26538701,28,10,0.11,172,"194","Pilliken-Rock complex_5 to 30 percent slopes",841
25,"Rock outcrop","Yes",464944,26538702,0.21,NA,NA,10,"194","Pilliken-Rock complex_5 to 30 percent slopes",841
50,"Pilliken","Yes",464945,26538703,28,10,0.11,172,"195","Pilliken-Rock outcrop complex_30 to 50 percent slopes",613
25,"Rock outcrop","Yes",464945,26538704,0.21,NA,NA,10,"195","Pilliken-Rock outcrop complex_30 to 50 percent slopes",613
85,"Pits","Yes",464946,26538705,NA,NA,NA,NA,"196","Pits_borrow",316
85,"Rock outcrop","Yes",464947,26538706,0.21,NA,NA,10,"198","Rock outcrop",122613
50,"Rock outcrop","Yes",464948,26538707,0.21,NA,NA,10,"199","Rock outcrop-Cryumbrepts association_15 to 75 percent slopes",17375
30,"Cryumbrepts","Yes",464948,26538708,28,18.88,0.09,155,"199","Rock outcrop-Cryumbrepts association_15 to 75 percent slopes",17375
65,"Rock outcrop","Yes",464949,26538709,0.21,NA,NA,10,"200","Rock outcrop-Tinker association_15 to 75 percent slopes",5792
20,"Tinker","Yes",464949,26538710,28,14.36,0.07,152,"200","Rock outcrop-Tinker association_15 to 75 percent slopes",5792
85,"Tallac","Yes",464950,26538711,28,10,0.08,155,"201","Tallac very cobbly sandy loam_2 to 30 percent slopes",6633
85,"Tallac","Yes",464951,26538712,28,10,0.08,155,"202","Tallac very cobbly sandy loam_15 to 30 percent slopes_stony",4496
60,"Tallac","Yes",464952,26538713,28,10,0.08,155,"203","Tallac-Cryumbrepts_wet association_15 to 30 percent slopes",4290
30,"Cryumbrepts","Yes",464952,26538714,28,18.88,0.09,155,"203","Tallac-Cryumbrepts_wet association_15 to 30 percent slopes",4290
30,"Lithic Xerumbrepts","Yes",464953,26538715,18.55,9.52,0.09,152,"204","Tallac variant-Lithic Xerumbrepts-Rock outcrop complex_15 to 50 percent slopes",1919
20,"Rock outcrop","Yes",464953,26538716,0.21,NA,NA,10,"204","Tallac variant-Lithic Xerumbrepts-Rock outcrop complex_15 to 50 percent slopes",1919
35,"Tallac variant","Yes",464953,26538717,28,15.8,0.07,122,"204","Tallac variant-Lithic Xerumbrepts-Rock outcrop complex_15 to 50 percent slopes",1919
85,"Tinker","Yes",464954,26538718,28,14.36,0.07,152,"205","Tinker very cobbly coarse sandy loam_30 to 75 percent slopes",2173
40,"Tinker","Yes",464955,26538719,28,14.36,0.07,152,"206","Tinker-Cryumbrept_wet-Rock outcrop association_2 to 30 percent slopes",220
25,"Cryumbrepts","Yes",464955,26538720,28,18.88,0.09,155,"206","Tinker-Cryumbrept_wet-Rock outcrop association_2 to 30 percent slopes",220
20,"Rock outcrop","Yes",464955,26538721,0.21,NA,NA,10,"206","Tinker-Cryumbrept_wet-Rock outcrop association_2 to 30 percent slopes",220
50,"Tinker","Yes",464956,26538722,28,14.36,0.07,152,"207","Tinker-Tallac complex_50 to 75 percent slopes",1323
30,"Tallac","Yes",464956,26538723,28,10,0.08,165,"207","Tinker-Tallac complex_50 to 75 percent slopes",1323
35,"Tinker","Yes",464957,26538724,28,14.36,0.07,152,"208","Tinker-Tallac-Rock outcrop association_5 to 30 percent slopes",2059
30,"Tallac","Yes",464957,26538725,28,10,0.08,165,"208","Tinker-Tallac-Rock outcrop association_5 to 30 percent slopes",2059
20,"Rock outcrop","Yes",464957,26538726,0.21,NA,NA,10,"208","Tinker-Tallac-Rock outcrop association_5 to 30 percent slopes",2059
40,"Tinker","Yes",464958,26538727,28,14.36,0.07,152,"209","Tinker-Tallac-Rock outcrop association_30 to 75 percent slopes",2747
30,"Tallac","Yes",464958,26538728,28,10,0.08,165,"209","Tinker-Tallac-Rock outcrop association_30 to 75 percent slopes",2747
20,"Rock outcrop","Yes",464958,26538729,0.21,NA,NA,10,"209","Tinker-Tallac-Rock outcrop association_30 to 75 percent slopes",2747
29,"Gerle","Yes",464959,26538730,28,9,0.11,157,"210","Umbrept-Tallac-Gerle association_15 to 30 percent slopes",2076
30,"Tallac","Yes",464959,26538731,28,10,0.08,165,"210","Umbrept-Tallac-Gerle association_15 to 30 percent slopes",2076
31,"Umbrepts","Yes",464959,26538732,28,22,0.09,122,"210","Umbrept-Tallac-Gerle association_15 to 30 percent slopes",2076
85,"Waca","Yes",464960,26538733,28,25,0.09,152,"211","Waca cobbly sandy loam_5 to 30 percent slopes",7694
85,"Waca","Yes",464961,26538734,28,25,0.09,152,"212","Waca cobbly sandy loam_30 to 50 percent slopes",2827
65,"Waca","Yes",464962,26538735,28,25,0.09,152,"213","Waca-Lithic Cryumbrepts association_30 to 50 percent slopes",1400
25,"Lithic Cryumbrepts","Yes",464962,26538736,26.89,20.12,0.09,152,"213","Waca-Lithic Cryumbrepts association_30 to 50 percent slopes",1400
50,"Waca","Yes",464963,26538737,28,25,0.09,152,"214","Waca-Lithic Cryumbrepts-Cryumbrepts_wet association 5 to 30 percent slopes",1752
25,"Lithic Cryumbrepts","Yes",464963,26538738,26.89,20.12,0.09,152,"214","Waca-Lithic Cryumbrepts-Cryumbrepts_wet association 5 to 30 percent slopes",1752
15,"Cryumbrepts","Yes",464963,26538739,28,18.88,0.09,155,"214","Waca-Lithic Cryumbrepts-Cryumbrepts_wet association 5 to 30 percent slopes",1752
45,"Waca","Yes",464964,26538740,28,25,0.09,152,"215","Waca-Lithic Cryumbrepts-Cryumbrepts_wet association_30 to 50 percent slopes",336
30,"Lithic Cryumbrepts","Yes",464964,26538741,26.89,20.12,0.09,152,"215","Waca-Lithic Cryumbrepts-Cryumbrepts_wet association_30 to 50 percent slopes",336
15,"Cryumbrepts","Yes",464964,26538742,28,18.88,0.09,155,"215","Waca-Lithic Cryumbrepts-Cryumbrepts_wet association_30 to 50 percent slopes",336
50,"Waca","Yes",464965,26538743,28,25,0.09,152,"216","Waca-Windy complex_5 to 30 percent slopes",10797
40,"Windy","Yes",464965,26538744,28,15.9,0.08,157,"216","Waca-Windy complex_5 to 30 percent slopes",10797
55,"Waca","Yes",464966,26538745,28,25,0.09,152,"217","Waca-Windy complex_30 to 50 percent slopes",1663
35,"Windy","Yes",464966,26538746,28,15.9,0.08,157,"217","Waca-Windy complex_30 to 50 percent slopes",1663
85,"Windy","Yes",464967,26538747,28,15.9,0.08,157,"218","Windy gravelly sandy loam_5 to 30 percent slopes",2744
85,"Windy","Yes",464968,26538748,28,15.9,0.08,157,"219","Windy gravelly sandy loam_30 to 50 percent slopes",322
15,"Cryumbrepts","Yes",464969,26538749,28,18.88,0.09,155,"220","Xerumbrepts-Cryumbrepts_wet association_5 to 50 percent slopes",15697
55,"Xerumbrepts","Yes",464969,26538750,91,12.76,0.08,155,"220","Xerumbrepts-Cryumbrepts_wet association_5 to 50 percent slopes",15697
85,"Zeibright","Yes",464970,26538751,28,13.5,0.1,155,"221","Zeibright extremely gravelly coarse sandy loam_2 to 30 percent slopes",2526
85,"Zeibright","Yes",464971,26538752,28,13.5,0.1,155,"222","Zeibright extemely gravelly coarse sandy loam_30 to 75 percent slopes",5269
85,"Zeibright","Yes",464972,26538753,28,15,0.11,155,"223","Zeibright gravelly sandy loam_15 to 50 percent slopes",5464
60,"Zeibright","Yes",464973,26538754,28,13.5,0.1,155,"224","Zeibright-Rock outcrop association_15 to 75 percent slopes",5265
30,"Rock outcrop","Yes",464973,26538755,0.21,NA,NA,10,"224","Zeibright-Rock outcrop association_15 to 75 percent slopes",5265
100,"Water","Yes",464974,26538756,NA,NA,NA,NA,"W","Water",12640
85,"Holland","Yes",1591296,26538757,28,15,0.11,177,"HgCec","Holland coarse sandy loam_9 to 15 percent slopes",3195
4,"Rock outcrop","No",1591296,26538758,NA,NA,NA,NA,"HgCec","Holland coarse sandy loam_9 to 15 percent slopes",3195
4,"Musick","No",1591296,26538759,NA,NA,NA,NA,"HgCec","Holland coarse sandy loam_9 to 15 percent slopes",3195
4,"Shaver","No",1591296,26538760,NA,NA,NA,NA,"HgCec","Holland coarse sandy loam_9 to 15 percent slopes",3195
3,"Josephine","No",1591296,26538761,NA,NA,NA,NA,"HgCec","Holland coarse sandy loam_9 to 15 percent slopes",3195
75,"Shaver","Yes",1591304,26538762,28,7.5,0.11,152,"SdEec","Shaver very rocky coarse sandy loam_15 to 50 percent complex",1635
15,"Rock outcrop","Yes",1591304,26538763,NA,NA,NA,NA,"SdEec","Shaver very rocky coarse sandy loam_15 to 50 percent complex",1635
2,"Holland","No",1591304,26538764,NA,NA,NA,NA,"SdEec","Shaver very rocky coarse sandy loam_15 to 50 percent complex",1635
2,"Musick","No",1591304,26538765,NA,NA,NA,NA,"SdEec","Shaver very rocky coarse sandy loam_15 to 50 percent complex",1635
2,"Chaix","No",1591304,26538766,NA,NA,NA,NA,"SdEec","Shaver very rocky coarse sandy loam_15 to 50 percent complex",1635
2,"Ahwahnee","No",1591304,26538767,NA,NA,NA,NA,"SdEec","Shaver very rocky coarse sandy loam_15 to 50 percent complex",1635
1,"Mariposa","No",1591304,26538768,NA,NA,NA,NA,"SdEec","Shaver very rocky coarse sandy loam_15 to 50 percent complex",1635
1,"Josephine","No",1591304,26538769,NA,NA,NA,NA,"SdEec","Shaver very rocky coarse sandy loam_15 to 50 percent complex",1635
100,"Dams","Yes",1591316,26538770,NA,NA,NA,NA,"DAM","Dams",3
4,"Tallac","No",1591340,26538771,NA,NA,NA,NA,"ACEtf","Ahart-Waca_rhyolitic substratum_2 to 30 percent slopes complex",3181
3,"Tinker","No",1591340,26538772,NA,NA,NA,NA,"ACEtf","Ahart-Waca_rhyolitic substratum_2 to 30 percent slopes complex",3181
2,"Waca","No",1591340,26538773,NA,NA,NA,NA,"ACEtf","Ahart-Waca_rhyolitic substratum_2 to 30 percent slopes complex",3181
60,"Ahart","Yes",1591340,26538774,28,25,0.1,152,"ACEtf","Ahart-Waca_rhyolitic substratum_2 to 30 percent slopes complex",3181
30,"Waca","Yes",1591340,26538775,28,25,0.09,152,"ACEtf","Ahart-Waca_rhyolitic substratum_2 to 30 percent slopes complex",3181
45,"Putt","Yes",1591349,26538776,28,22,0.07,140,"PVGtf","Putt-Rock outcrop_granitic-Zeibright complex_30 to 75 percent slopes",3728
25,"Rock outcrop","Yes",1591349,26538777,NA,NA,NA,25,"PVGtf","Putt-Rock outcrop_granitic-Zeibright complex_30 to 75 percent slopes",3728
20,"Zeibright","Yes",1591349,26538778,28,7,0.11,157,"PVGtf","Putt-Rock outcrop_granitic-Zeibright complex_30 to 75 percent slopes",3728
25,"Putt","Yes",1591351,26538779,28,22,0.07,140,"RPGtf","Rock outcrop_granitic-Putt complex_30 to 75 percent slopes",7632
60,"Rock outcrop","Yes",1591351,26538780,NA,NA,NA,25,"RPGtf","Rock outcrop_granitic-Putt complex_30 to 75 percent slopes",7632
25,"Tinker","Yes",1591353,26538781,28,15,0.1,160,"RSGtf","Rock outcrop_granitic-Tinker-Cryumbrepts_wet complex_30 to 75 percent slopes",13087
55,"Rock outcrop","Yes",1591353,26538782,NA,NA,NA,25,"RSGtf","Rock outcrop_granitic-Tinker-Cryumbrepts_wet complex_30 to 75 percent slopes",13087
10,"Cryumbrepts","Yes",1591353,26538783,NA,NA,NA,NA,"RSGtf","Rock outcrop_granitic-Tinker-Cryumbrepts_wet complex_30 to 75 percent slopes",13087
45,"Tinker","Yes",1591355,26538784,28,15,0.1,160,"TIEtf","Tinker-Rock outcrop_granitic-Cryumbrepts_wet complex_2 to 30 percent slopes",14922
20,"Rock outcrop","Yes",1591355,26538785,NA,NA,NA,NA,"TIEtf","Tinker-Rock outcrop_granitic-Cryumbrepts_wet complex_2 to 30 percent slopes",14922
15,"Cryumbrepts","Yes",1591355,26538786,NA,NA,NA,NA,"TIEtf","Tinker-Rock outcrop_granitic-Cryumbrepts_wet complex_2 to 30 percent slopes",14922
35,"Tinker","Yes",1591357,26538787,28,15,0.1,160,"TIGtf","Tinker-Rock outcrop_granitic-Cryumbrepts_wet complex_30 to 75 percent slopes",11130
20,"Rock outcrop","Yes",1591357,26538788,NA,NA,NA,25,"TIGtf","Tinker-Rock outcrop_granitic-Cryumbrepts_wet complex_30 to 75 percent slopes",11130
15,"Cryumbrepts","Yes",1591357,26538789,NA,NA,NA,NA,"TIGtf","Tinker-Rock outcrop_granitic-Cryumbrepts_wet complex_30 to 75 percent slopes",11130
80,"Dagget","Yes",1591365,26538790,141.5,2.94,0.07,152,"9405","Dagget very gravelly loamy coarse sand_moist_ 15 to 30 percent slopes_rubbly",3566
2,"Whittell","No",1591365,26538791,102,NA,0.04,152,"9405","Dagget very gravelly loamy coarse sand_moist_ 15 to 30 percent slopes_rubbly",3566
5,"Cassenai","No",1591365,26538792,80.08,2.54,0.14,160,"9405","Dagget very gravelly loamy coarse sand_moist_ 15 to 30 percent slopes_rubbly",3566
5,"Rockbound","No",1591365,26538793,12.44,7.82,0.14,45,"9405","Dagget very gravelly loamy coarse sand_moist_ 15 to 30 percent slopes_rubbly",3566
2,"Witefels","No",1591365,26538794,75.7,2.05,0.08,152,"9405","Dagget very gravelly loamy coarse sand_moist_ 15 to 30 percent slopes_rubbly",3566
2,"Temo","No",1591365,26538795,45.28,2.9,0.04,152,"9405","Dagget very gravelly loamy coarse sand_moist_ 15 to 30 percent slopes_rubbly",3566
2,"Oxyaquic Cryorthents","No",1591365,26538796,55,7.48,0.06,284,"9405","Dagget very gravelly loamy coarse sand_moist_ 15 to 30 percent slopes_rubbly",3566
2,"Jobsis","No",1591365,26538797,92,5.06,0.04,152,"9405","Dagget very gravelly loamy coarse sand_moist_ 15 to 30 percent slopes_rubbly",3566
2,"Rock outcrop","No",1591367,26538798,NA,NA,NA,NA,"7426","Cassenai gravelly loamy coarse sand_moist_15 to 30 percent slopes",9110
80,"Cassenai","Yes",1591367,26538799,80.08,2.54,0.14,160,"7426","Cassenai gravelly loamy coarse sand_moist_15 to 30 percent slopes",9110
4,"Meeks","No",1591367,26538800,130,5,0.09,185,"7426","Cassenai gravelly loamy coarse sand_moist_15 to 30 percent slopes",9110
1,"Marla","No",1591367,26538801,87.52,4.4,0.16,173,"7426","Cassenai gravelly loamy coarse sand_moist_15 to 30 percent slopes",9110
2,"Toem","No",1591367,26538802,103.2,1.05,0.08,152,"7426","Cassenai gravelly loamy coarse sand_moist_15 to 30 percent slopes",9110
5,"Tallac","No",1591367,26538803,50.32,6.2,0.1,168,"7426","Cassenai gravelly loamy coarse sand_moist_15 to 30 percent slopes",9110
5,"Cagwin","No",1591367,26538804,65.6,7.66,0.1,152,"7426","Cassenai gravelly loamy coarse sand_moist_15 to 30 percent slopes",9110
1,"Aquic Xerorthents","No",1591367,26538805,59,17.77,0.12,150,"7426","Cassenai gravelly loamy coarse sand_moist_15 to 30 percent slopes",9110
30,"Rockbound","Yes",1591372,26538806,12.44,7.82,0.14,45,"7501","Rock Outcrop-Echolakes complex_0 to 15 percent slopes",156
50,"Rock outcrop","Yes",1591372,26538807,NA,NA,NA,NA,"7501","Rock Outcrop-Echolakes complex_0 to 15 percent slopes",156
5,"Dagget","No",1591372,26538808,141.5,2.94,0.07,152,"7501","Rock Outcrop-Echolakes complex_0 to 15 percent slopes",156
5,"Meeks","No",1591372,26538809,130,5,0.09,185,"7501","Rock Outcrop-Echolakes complex_0 to 15 percent slopes",156
5,"Witefels","No",1591372,26538810,75.7,2.05,0.08,152,"7501","Rock Outcrop-Echolakes complex_0 to 15 percent slopes",156
5,"Temo","No",1591372,26538811,45.28,2.9,0.04,152,"7501","Rock Outcrop-Echolakes complex_0 to 15 percent slopes",156
5,"Dagget","No",1591374,26538812,141.5,2.94,0.07,152,"7502","Rock Outcrop-Echolakes complex_15 to 45 percent slopes",442
5,"Rubble land","No",1591374,26538813,NA,NA,NA,NA,"7502","Rock Outcrop-Echolakes complex_15 to 45 percent slopes",442
50,"Rock outcrop","Yes",1591374,26538814,NA,NA,NA,NA,"7502","Rock Outcrop-Echolakes complex_15 to 45 percent slopes",442
25,"Rockbound","Yes",1591374,26538815,116.5,8.96,0.02,68,"7502","Rock Outcrop-Echolakes complex_15 to 45 percent slopes",442
5,"Temo","No",1591374,26538816,45.28,2.9,0.04,152,"7502","Rock Outcrop-Echolakes complex_15 to 45 percent slopes",442
5,"Witefels","No",1591374,26538817,75.7,2.05,0.08,152,"7502","Rock Outcrop-Echolakes complex_15 to 45 percent slopes",442
5,"Glenalpine","No",1591374,26538818,150,17.69,0.08,152,"7502","Rock Outcrop-Echolakes complex_15 to 45 percent slopes",442
25,"Rock outcrop","Yes",1591378,26538819,NA,NA,NA,NA,"9141","Melody-Rock Outcrop complex_9 to 30 percent slopes",17
55,"Melody","Yes",1591378,26538820,70,20.77,0.08,63,"9141","Melody-Rock Outcrop complex_9 to 30 percent slopes",17
1,"Lithnip","No",1591378,26538821,9.58,12.5,0.05,38,"9141","Melody-Rock Outcrop complex_9 to 30 percent slopes",17
10,"Sky","No",1591378,26538822,55.2,24.64,0.11,152,"9141","Melody-Rock Outcrop complex_9 to 30 percent slopes",17
2,"Wardcreek","No",1591378,26538823,50,NA,0.08,89,"9141","Melody-Rock Outcrop complex_9 to 30 percent slopes",17
5,"Mountrose","No",1591378,26538824,16.14,12.38,0.1,150,"9141","Melody-Rock Outcrop complex_9 to 30 percent slopes",17
1,"Oxyaquic Cryorthents","No",1591378,26538825,55,7.48,0.06,284,"9141","Melody-Rock Outcrop complex_9 to 30 percent slopes",17
1,"Meiss","No",1591378,26538826,18.48,NA,0.13,58,"9141","Melody-Rock Outcrop complex_9 to 30 percent slopes",17
1,"Jabu","No",1591380,26538827,68.92,8.36,0.14,257,"7486","Meeks very stony loamy coarse sand_30 to 60 percent slopes",2440
3,"Dagget","No",1591380,26538828,141.5,2.94,0.07,152,"7486","Meeks very stony loamy coarse sand_30 to 60 percent slopes",2440
80,"Meeks","Yes",1591380,26538829,130,5,0.09,185,"7486","Meeks very stony loamy coarse sand_30 to 60 percent slopes",2440
1,"Aquic Xerorthents","No",1591380,26538830,59,17.77,0.12,150,"7486","Meeks very stony loamy coarse sand_30 to 60 percent slopes",2440
3,"Tallac","No",1591380,26538831,50.32,6.2,0.1,168,"7486","Meeks very stony loamy coarse sand_30 to 60 percent slopes",2440
5,"Meeks","No",1591380,26538832,130,5,0.09,185,"7486","Meeks very stony loamy coarse sand_30 to 60 percent slopes",2440
5,"Burnlake","No",1591380,26538833,28,12.44,0.07,152,"7486","Meeks very stony loamy coarse sand_30 to 60 percent slopes",2440
2,"Roadcat","No",1591380,26538834,92,9.96,0.06,152,"7486","Meeks very stony loamy coarse sand_30 to 60 percent slopes",2440
2,"Cassenai","No",1591384,26538835,42.88,2.48,0.09,200,"7489","Meeks extremely stony loamy coarse sand_30 to 60 percent slopes",3200
5,"Rockbound","No",1591384,26538836,116.5,8.96,0.02,68,"7489","Meeks extremely stony loamy coarse sand_30 to 60 percent slopes",3200
80,"Meeks","Yes",1591384,26538837,130,5,0.09,185,"7489","Meeks extremely stony loamy coarse sand_30 to 60 percent slopes",3200
1,"Rock outcrop","No",1591384,26538838,NA,NA,NA,NA,"7489","Meeks extremely stony loamy coarse sand_30 to 60 percent slopes",3200
1,"Rubble land","No",1591384,26538839,NA,NA,NA,NA,"7489","Meeks extremely stony loamy coarse sand_30 to 60 percent slopes",3200
5,"Burnlake","No",1591384,26538840,28,12.44,0.07,152,"7489","Meeks extremely stony loamy coarse sand_30 to 60 percent slopes",3200
1,"Aquic Xerorthents","No",1591384,26538841,59,17.77,0.12,150,"7489","Meeks extremely stony loamy coarse sand_30 to 60 percent slopes",3200
1,"Cagwin","No",1591384,26538842,65.6,7.66,0.1,152,"7489","Meeks extremely stony loamy coarse sand_30 to 60 percent slopes",3200
1,"Toem","No",1591384,26538843,103.2,1.05,0.08,152,"7489","Meeks extremely stony loamy coarse sand_30 to 60 percent slopes",3200
3,"Roadcat","No",1591384,26538844,92,9.96,0.06,152,"7489","Meeks extremely stony loamy coarse sand_30 to 60 percent slopes",3200
10,"Rock outcrop","No",1591389,26538845,NA,NA,NA,NA,"7201","Rubble land-Glenalpine complex_50 to 90 percent slopes",14
45,"Rubble land","Yes",1591389,26538846,NA,NA,NA,NA,"7201","Rubble land-Glenalpine complex_50 to 90 percent slopes",14
40,"Glenalpine","Yes",1591389,26538847,150,17.69,0.08,152,"7201","Rubble land-Glenalpine complex_50 to 90 percent slopes",14
5,"Rockbound","No",1591389,26538848,116.5,8.96,0.02,68,"7201","Rubble land-Glenalpine complex_50 to 90 percent slopes",14
90,"Mixed alluvial land","Yes",1591408,26538849,92,2.5,0.06,152,"Moam","Mixed alluvial land",1379
10,"Riverwash","No",1591408,26538850,NA,NA,NA,NA,"Moam","Mixed alluvial land",1379
40,"Lithnip","Yes",1597001,26538851,9.58,12.5,0.05,38,"100ty","Lithnip-Hawkinspeak-Rock outcrop complex_30 to 75 percent slopes",43161
30,"Hawkinspeak","Yes",1597001,26538852,17.74,19.97,0.1,109,"100ty","Lithnip-Hawkinspeak-Rock outcrop complex_30 to 75 percent slopes",43161
15,"Rock outcrop","Yes",1597001,26538853,NA,NA,NA,NA,"100ty","Lithnip-Hawkinspeak-Rock outcrop complex_30 to 75 percent slopes",43161
3,"Typic Cryaquolls","No",1597001,26538854,59.6,11.74,0.06,152,"100ty","Lithnip-Hawkinspeak-Rock outcrop complex_30 to 75 percent slopes",43161
1,"Aspocket","No",1597001,26538855,21.54,19.34,0.11,163,"100ty","Lithnip-Hawkinspeak-Rock outcrop complex_30 to 75 percent slopes",43161
1,"Chutes","No",1597001,26538856,NA,NA,NA,NA,"100ty","Lithnip-Hawkinspeak-Rock outcrop complex_30 to 75 percent slopes",43161
5,"Lostridge","No",1597001,26538857,28,NA,0.11,99,"100ty","Lithnip-Hawkinspeak-Rock outcrop complex_30 to 75 percent slopes",43161
3,"Hawkinspeak","No",1597001,26538858,17.74,19.97,0.1,109,"100ty","Lithnip-Hawkinspeak-Rock outcrop complex_30 to 75 percent slopes",43161
2,"Hawkridge","No",1597001,26538859,13.32,20.25,0.1,61,"100ty","Lithnip-Hawkinspeak-Rock outcrop complex_30 to 75 percent slopes",43161
1,"Chutes","No",1597003,26538860,NA,NA,NA,NA,"101ty","Lithnip-Rock outcrop-Fishsnooze complex_30 to 75 percent slopes",139
25,"Rock outcrop","Yes",1597003,26538861,NA,NA,NA,NA,"101ty","Lithnip-Rock outcrop-Fishsnooze complex_30 to 75 percent slopes",139
20,"Fishsnooze","Yes",1597003,26538862,28,NA,0.09,114,"101ty","Lithnip-Rock outcrop-Fishsnooze complex_30 to 75 percent slopes",139
40,"Lithnip","Yes",1597003,26538863,9.58,12.5,0.06,38,"101ty","Lithnip-Rock outcrop-Fishsnooze complex_30 to 75 percent slopes",139
3,"Lithnip","No",1597003,26538864,9.58,12.5,0.06,38,"101ty","Lithnip-Rock outcrop-Fishsnooze complex_30 to 75 percent slopes",139
3,"Hawkinspeak","No",1597003,26538865,17.74,19.97,0.1,109,"101ty","Lithnip-Rock outcrop-Fishsnooze complex_30 to 75 percent slopes",139
2,"Hawkridge","No",1597003,26538866,13.32,20.25,0.1,61,"101ty","Lithnip-Rock outcrop-Fishsnooze complex_30 to 75 percent slopes",139
1,"Pachic Argicryolls","No",1597003,26538867,17.74,19.97,0.1,142,"101ty","Lithnip-Rock outcrop-Fishsnooze complex_30 to 75 percent slopes",139
1,"Glaciers","No",1597003,26538868,NA,NA,NA,NA,"101ty","Lithnip-Rock outcrop-Fishsnooze complex_30 to 75 percent slopes",139
1,"Thiefridge","No",1597003,26538869,27.92,27.48,0.11,68,"101ty","Lithnip-Rock outcrop-Fishsnooze complex_30 to 75 percent slopes",139
1,"Florand","No",1597003,26538870,28,18.57,0.11,152,"101ty","Lithnip-Rock outcrop-Fishsnooze complex_30 to 75 percent slopes",139
1,"Fishsnooze","No",1597003,26538871,28,NA,0.09,114,"101ty","Lithnip-Rock outcrop-Fishsnooze complex_30 to 75 percent slopes",139
1,"Fishsnooze","No",1597003,26538872,28,30,0.09,114,"101ty","Lithnip-Rock outcrop-Fishsnooze complex_30 to 75 percent slopes",139
3,"Fishsnooze","No",1597005,26538873,28,NA,0.09,114,"103ty","Lithnip-Meiss-Hawkinspeak association_30 to 75 percent slopes",2780
40,"Lithnip","Yes",1597005,26538874,9.58,12.5,0.05,38,"103ty","Lithnip-Meiss-Hawkinspeak association_30 to 75 percent slopes",2780
15,"Hawkinspeak","Yes",1597005,26538875,17.74,19.97,0.1,109,"103ty","Lithnip-Meiss-Hawkinspeak association_30 to 75 percent slopes",2780
3,"Rock outcrop","No",1597005,26538876,NA,NA,NA,NA,"103ty","Lithnip-Meiss-Hawkinspeak association_30 to 75 percent slopes",2780
4,"Lostridge","No",1597005,26538877,28,NA,0.11,99,"103ty","Lithnip-Meiss-Hawkinspeak association_30 to 75 percent slopes",2780
2,"Hawkinspeak","No",1597005,26538878,17.74,19.97,0.1,109,"103ty","Lithnip-Meiss-Hawkinspeak association_30 to 75 percent slopes",2780
1,"Typic Cryaquolls","No",1597005,26538879,59.6,11.74,0.06,152,"103ty","Lithnip-Meiss-Hawkinspeak association_30 to 75 percent slopes",2780
1,"Hawkridge","No",1597005,26538880,13.32,20.25,0.1,61,"103ty","Lithnip-Meiss-Hawkinspeak association_30 to 75 percent slopes",2780
1,"Aspocket","No",1597005,26538881,21.54,19.34,0.11,163,"103ty","Lithnip-Meiss-Hawkinspeak association_30 to 75 percent slopes",2780
30,"Meiss","Yes",1597005,26538882,18.48,NA,0.13,58,"103ty","Lithnip-Meiss-Hawkinspeak association_30 to 75 percent slopes",2780
40,"Sofgran","Yes",1597007,26538883,92,NA,0.05,152,"130ty","Sofgran-Klauspeak-Temo association_15 to 50 percent slopes",2076
30,"Klauspeak","Yes",1597007,26538884,92,11.1,0.06,152,"130ty","Sofgran-Klauspeak-Temo association_15 to 50 percent slopes",2076
15,"Temo","Yes",1597007,26538885,75.62,NA,0.05,152,"130ty","Sofgran-Klauspeak-Temo association_15 to 50 percent slopes",2076
4,"Rock outcrop","No",1597007,26538886,NA,NA,NA,NA,"130ty","Sofgran-Klauspeak-Temo association_15 to 50 percent slopes",2076
4,"Shalgran","No",1597007,26538887,66.52,11.06,0.06,152,"130ty","Sofgran-Klauspeak-Temo association_15 to 50 percent slopes",2076
3,"Xeric Humicryepts","No",1597007,26538888,92,11.1,0.06,160,"130ty","Sofgran-Klauspeak-Temo association_15 to 50 percent slopes",2076
2,"Stumpatil","No",1597007,26538889,28,11.2,0.08,152,"130ty","Sofgran-Klauspeak-Temo association_15 to 50 percent slopes",2076
1,"Hopeval","No",1597007,26538890,13.56,17.66,0.17,152,"130ty","Sofgran-Klauspeak-Temo association_15 to 50 percent slopes",2076
1,"Aquic Haplocryolls","No",1597007,26538891,28,20.6,0.09,152,"130ty","Sofgran-Klauspeak-Temo association_15 to 50 percent slopes",2076
70,"Shalgran","Yes",1597009,26538892,66.52,11.06,0.06,152,"180ty","Shalgran-Rock outcrop complex_30 to 75 percent slopes",92
15,"Rock outcrop","Yes",1597009,26538893,NA,NA,NA,NA,"180ty","Shalgran-Rock outcrop complex_30 to 75 percent slopes",92
6,"Sofgran","No",1597009,26538894,92,NA,0.05,152,"180ty","Shalgran-Rock outcrop complex_30 to 75 percent slopes",92
2,"Jobsis","No",1597009,26538895,92,NA,0.04,152,"180ty","Shalgran-Rock outcrop complex_30 to 75 percent slopes",92
2,"Burnlake","No",1597009,26538896,28,12.44,0.07,152,"180ty","Shalgran-Rock outcrop complex_30 to 75 percent slopes",92
2,"Temo","No",1597009,26538897,75.62,NA,0.05,152,"180ty","Shalgran-Rock outcrop complex_30 to 75 percent slopes",92
3,"Dystric Xerorthents","No",1597009,26538898,92,11.46,0.06,152,"180ty","Shalgran-Rock outcrop complex_30 to 75 percent slopes",92
3,"Hopeval","No",1597011,26538899,13.56,22.99,0.18,152,"240ty","Granylith-Hargran-Rock outcrop complex_8 to 30 percent slopes",503
3,"Typic Cryaquolls","No",1597011,26538900,50.1,16.08,0.15,152,"240ty","Granylith-Hargran-Rock outcrop complex_8 to 30 percent slopes",503
5,"Aquic Haplocryolls","No",1597011,26538901,28,20.6,0.09,152,"240ty","Granylith-Hargran-Rock outcrop complex_8 to 30 percent slopes",503
4,"Stumpatil","No",1597011,26538902,28,11.2,0.08,152,"240ty","Granylith-Hargran-Rock outcrop complex_8 to 30 percent slopes",503
45,"Granylith","Yes",1597011,26538903,69.92,6.26,0.04,63,"240ty","Granylith-Hargran-Rock outcrop complex_8 to 30 percent slopes",503
25,"Hargran","Yes",1597011,26538904,38.32,NA,0.14,124,"240ty","Granylith-Hargran-Rock outcrop complex_8 to 30 percent slopes",503
15,"Rock outcrop","Yes",1597011,26538905,NA,NA,NA,NA,"240ty","Granylith-Hargran-Rock outcrop complex_8 to 30 percent slopes",503
2,"Cassenai","No",1597500,26538906,80.08,2.54,0.14,160,"9407","Dagget-Rock outcrop complex_moist_30 to 70 percent slopes",367
25,"Rock outcrop","Yes",1597500,26538907,NA,NA,NA,NA,"9407","Dagget-Rock outcrop complex_moist_30 to 70 percent slopes",367
4,"Whittell","No",1597500,26538908,102,NA,0.04,152,"9407","Dagget-Rock outcrop complex_moist_30 to 70 percent slopes",367
55,"Dagget","Yes",1597500,26538909,141.5,2.94,0.07,152,"9407","Dagget-Rock outcrop complex_moist_30 to 70 percent slopes",367
2,"Oxyaquic Cryorthents","No",1597500,26538910,55,7.48,0.06,284,"9407","Dagget-Rock outcrop complex_moist_30 to 70 percent slopes",367
2,"Jobsis","No",1597500,26538911,92,5.06,0.04,152,"9407","Dagget-Rock outcrop complex_moist_30 to 70 percent slopes",367
5,"Witefels","No",1597500,26538912,75.7,2.05,0.08,152,"9407","Dagget-Rock outcrop complex_moist_30 to 70 percent slopes",367
5,"Temo","No",1597500,26538913,45.28,2.9,0.04,152,"9407","Dagget-Rock outcrop complex_moist_30 to 70 percent slopes",367
1,"Jabu","No",1597502,26538914,68.92,8.36,0.14,257,"7484","Meeks very stony loamy coarse sand_5 to 15 percent slopes",1645
3,"Dagget","No",1597502,26538915,141.5,2.94,0.07,152,"7484","Meeks very stony loamy coarse sand_5 to 15 percent slopes",1645
5,"Meeks","No",1597502,26538916,130,5,0.09,185,"7484","Meeks very stony loamy coarse sand_5 to 15 percent slopes",1645
80,"Meeks","Yes",1597502,26538917,130,5,0.09,185,"7484","Meeks very stony loamy coarse sand_5 to 15 percent slopes",1645
1,"Aquic Xerorthents","No",1597502,26538918,59,17.77,0.12,150,"7484","Meeks very stony loamy coarse sand_5 to 15 percent slopes",1645
3,"Tallac","No",1597502,26538919,50.32,6.2,0.1,168,"7484","Meeks very stony loamy coarse sand_5 to 15 percent slopes",1645
5,"Burnlake","No",1597502,26538920,28,12.44,0.07,152,"7484","Meeks very stony loamy coarse sand_5 to 15 percent slopes",1645
2,"Roadcat","No",1597502,26538921,92,9.96,0.06,152,"7484","Meeks very stony loamy coarse sand_5 to 15 percent slopes",1645
80,"Meeks","Yes",1597504,26538922,130,5,0.09,185,"7488","Meeks extremely stony loamy coarse sand_15 to 30 percent slopes",3485
1,"Rock outcrop","No",1597504,26538923,NA,NA,NA,NA,"7488","Meeks extremely stony loamy coarse sand_15 to 30 percent slopes",3485
1,"Rubble land","No",1597504,26538924,NA,NA,NA,NA,"7488","Meeks extremely stony loamy coarse sand_15 to 30 percent slopes",3485
5,"Rockbound","No",1597504,26538925,12.44,7.82,0.14,45,"7488","Meeks extremely stony loamy coarse sand_15 to 30 percent slopes",3485
2,"Cassenai","No",1597504,26538926,42.88,2.48,0.09,200,"7488","Meeks extremely stony loamy coarse sand_15 to 30 percent slopes",3485
3,"Roadcat","No",1597504,26538927,92,9.96,0.06,152,"7488","Meeks extremely stony loamy coarse sand_15 to 30 percent slopes",3485
2,"Cagwin","No",1597504,26538928,65.6,7.66,0.1,152,"7488","Meeks extremely stony loamy coarse sand_15 to 30 percent slopes",3485
1,"Aquic Xerorthents","No",1597504,26538929,59,17.77,0.12,150,"7488","Meeks extremely stony loamy coarse sand_15 to 30 percent slopes",3485
5,"Burnlake","No",1597504,26538930,28,12.44,0.07,152,"7488","Meeks extremely stony loamy coarse sand_15 to 30 percent slopes",3485
35,"Witefels","Yes",1597510,26538931,75.7,2.05,0.08,152,"9441","Temo-Witefels complex_5 to 15 percent slopes",40
45,"Temo","Yes",1597510,26538932,45.28,2.9,0.04,152,"9441","Temo-Witefels complex_5 to 15 percent slopes",40
5,"Dagget","No",1597510,26538933,141.5,2.94,0.07,152,"9441","Temo-Witefels complex_5 to 15 percent slopes",40
10,"Rock outcrop","No",1597510,26538934,NA,NA,NA,NA,"9441","Temo-Witefels complex_5 to 15 percent slopes",40
1,"Oxyaquic Cryorthents","No",1597510,26538935,55,7.48,0.06,284,"9441","Temo-Witefels complex_5 to 15 percent slopes",40
4,"Cagwin","No",1597510,26538936,65.6,7.66,0.1,152,"9441","Temo-Witefels complex_5 to 15 percent slopes",40
10,"Rock outcrop","No",1597512,26538937,NA,NA,NA,NA,"9442","Temo-Witefels complex_15 to 30 percent slopes",25
5,"Dagget","No",1597512,26538938,141.5,2.94,0.07,152,"9442","Temo-Witefels complex_15 to 30 percent slopes",25
35,"Witefels","Yes",1597512,26538939,75.7,2.05,0.08,152,"9442","Temo-Witefels complex_15 to 30 percent slopes",25
45,"Temo","Yes",1597512,26538940,45.28,2.9,0.04,152,"9442","Temo-Witefels complex_15 to 30 percent slopes",25
4,"Cagwin","No",1597512,26538941,65.6,7.66,0.1,152,"9442","Temo-Witefels complex_15 to 30 percent slopes",25
1,"Oxyaquic Cryorthents","No",1597512,26538942,55,7.48,0.06,284,"9442","Temo-Witefels complex_15 to 30 percent slopes",25
80,"Meeks","Yes",1597516,26538943,130,5,0.09,185,"7485","Meeks very stony loamy coarse sand_15 to 30 percent slopes",2555
3,"Dagget","No",1597516,26538944,141.5,2.94,0.07,152,"7485","Meeks very stony loamy coarse sand_15 to 30 percent slopes",2555
5,"Meeks","No",1597516,26538945,130,5,0.09,185,"7485","Meeks very stony loamy coarse sand_15 to 30 percent slopes",2555
1,"Jabu","No",1597516,26538946,68.92,8.36,0.14,257,"7485","Meeks very stony loamy coarse sand_15 to 30 percent slopes",2555
2,"Roadcat","No",1597516,26538947,92,9.96,0.06,152,"7485","Meeks very stony loamy coarse sand_15 to 30 percent slopes",2555
5,"Burnlake","No",1597516,26538948,28,12.44,0.07,152,"7485","Meeks very stony loamy coarse sand_15 to 30 percent slopes",2555
3,"Tallac","No",1597516,26538949,50.32,6.2,0.1,168,"7485","Meeks very stony loamy coarse sand_15 to 30 percent slopes",2555
1,"Aquic Xerorthents","No",1597516,26538950,59,17.77,0.12,150,"7485","Meeks very stony loamy coarse sand_15 to 30 percent slopes",2555
5,"Rockbound","No",1597539,26538951,116.5,8.96,0.02,68,"9406","Dagget very gravelly loamy coarse sand_moist_30 to 70 percent slopes_rubbly",104
5,"Cassenai","No",1597539,26538952,80.08,2.54,0.14,160,"9406","Dagget very gravelly loamy coarse sand_moist_30 to 70 percent slopes_rubbly",104
2,"Whittell","No",1597539,26538953,102,NA,0.04,152,"9406","Dagget very gravelly loamy coarse sand_moist_30 to 70 percent slopes_rubbly",104
80,"Dagget","Yes",1597539,26538954,141.5,2.94,0.07,152,"9406","Dagget very gravelly loamy coarse sand_moist_30 to 70 percent slopes_rubbly",104
2,"Oxyaquic Cryorthents","No",1597539,26538955,55,7.48,0.06,284,"9406","Dagget very gravelly loamy coarse sand_moist_30 to 70 percent slopes_rubbly",104
2,"Jobsis","No",1597539,26538956,92,5.06,0.04,152,"9406","Dagget very gravelly loamy coarse sand_moist_30 to 70 percent slopes_rubbly",104
2,"Temo","No",1597539,26538957,45.28,2.9,0.04,152,"9406","Dagget very gravelly loamy coarse sand_moist_30 to 70 percent slopes_rubbly",104
2,"Witefels","No",1597539,26538958,75.7,2.05,0.08,152,"9406","Dagget very gravelly loamy coarse sand_moist_30 to 70 percent slopes_rubbly",104
80,"Dagget","Yes",1597722,26538959,141.5,2.94,0.07,152,"9404","Dagget very gravelly loamy coarse sand_moist_5 to 15 percent slopes_rubbly",3
2,"Whittell","No",1597722,26538960,102,NA,0.04,152,"9404","Dagget very gravelly loamy coarse sand_moist_5 to 15 percent slopes_rubbly",3
5,"Cassenai","No",1597722,26538961,80.08,2.54,0.14,160,"9404","Dagget very gravelly loamy coarse sand_moist_5 to 15 percent slopes_rubbly",3
5,"Rockbound","No",1597722,26538962,12.44,7.82,0.14,45,"9404","Dagget very gravelly loamy coarse sand_moist_5 to 15 percent slopes_rubbly",3
2,"Jobsis","No",1597722,26538963,92,5.06,0.04,152,"9404","Dagget very gravelly loamy coarse sand_moist_5 to 15 percent slopes_rubbly",3
2,"Temo","No",1597722,26538964,45.28,2.9,0.04,152,"9404","Dagget very gravelly loamy coarse sand_moist_5 to 15 percent slopes_rubbly",3
2,"Witefels","No",1597722,26538965,75.7,2.05,0.08,152,"9404","Dagget very gravelly loamy coarse sand_moist_5 to 15 percent slopes_rubbly",3
2,"Oxyaquic Cryorthents","No",1597722,26538966,55,7.48,0.06,284,"9404","Dagget very gravelly loamy coarse sand_moist_5 to 15 percent slopes_rubbly",3
20,"Rock outcrop","Yes",1598820,26538967,NA,NA,NA,NA,"7412","Cagwin-Rock outcrop complex_15 to 30 percent slopes",28
50,"Cagwin","Yes",1598820,26538968,65.6,7.66,0.1,152,"7412","Cagwin-Rock outcrop complex_15 to 30 percent slopes",28
1,"Marla","No",1598820,26538969,87.52,4.4,0.16,173,"7412","Cagwin-Rock outcrop complex_15 to 30 percent slopes",28
10,"Cassenai","No",1598820,26538970,42.88,2.48,0.09,200,"7412","Cagwin-Rock outcrop complex_15 to 30 percent slopes",28
5,"Dagget","No",1598820,26538971,141.5,2.94,0.07,152,"7412","Cagwin-Rock outcrop complex_15 to 30 percent slopes",28
2,"Temo","No",1598820,26538972,45.28,2.9,0.04,152,"7412","Cagwin-Rock outcrop complex_15 to 30 percent slopes",28
2,"Witefels","No",1598820,26538973,75.7,2.05,0.08,152,"7412","Cagwin-Rock outcrop complex_15 to 30 percent slopes",28
10,"Toem","No",1598820,26538974,103.2,1.05,0.08,152,"7412","Cagwin-Rock outcrop complex_15 to 30 percent slopes",28
1,"Marla","No",1598837,26538975,87.52,4.4,0.16,173,"7411","Cagwin-Rock outcrop complex_5 to 15 percent slopes",18
20,"Rock outcrop","Yes",1598837,26538976,NA,NA,NA,NA,"7411","Cagwin-Rock outcrop complex_5 to 15 percent slopes",18
50,"Cagwin","Yes",1598837,26538977,65.6,7.66,0.1,152,"7411","Cagwin-Rock outcrop complex_5 to 15 percent slopes",18
5,"Dagget","No",1598837,26538978,141.5,2.94,0.07,152,"7411","Cagwin-Rock outcrop complex_5 to 15 percent slopes",18
10,"Cassenai","No",1598837,26538979,42.88,2.48,0.09,200,"7411","Cagwin-Rock outcrop complex_5 to 15 percent slopes",18
10,"Toem","No",1598837,26538980,103.2,1.05,0.08,152,"7411","Cagwin-Rock outcrop complex_5 to 15 percent slopes",18
2,"Witefels","No",1598837,26538981,75.7,2.05,0.08,152,"7411","Cagwin-Rock outcrop complex_5 to 15 percent slopes",18
2,"Temo","No",1598837,26538982,45.28,2.9,0.04,152,"7411","Cagwin-Rock outcrop complex_5 to 15 percent slopes",18
55,"Mariposa","Yes",2924766,26538988,9,5.5,0.12,200,"MAGtnf","Mariposa-Jocal complex_30 to 75 percent slopes_N Mid Montane",5
30,"Jocal","Yes",2924766,26538989,9,11.9,0.15,203,"MAGtnf","Mariposa-Jocal complex_30 to 75 percent slopes_N Mid Montane",5
5,"Deadwood","No",2924766,26538990,57.8,18.91,0.09,200,"MAGtnf","Mariposa-Jocal complex_30 to 75 percent slopes_N Mid Montane",5
5,"Hurlbut","No",2924766,26538991,45.4,25.59,0.19,99,"MAGtnf","Mariposa-Jocal complex_30 to 75 percent slopes_N Mid Montane",5
5,"Rock outcrop","No",2924766,26538992,NA,NA,NA,NA,"MAGtnf","Mariposa-Jocal complex_30 to 75 percent slopes_N Mid Montane",5
75,"Tallac","Yes",1601850,26538983,50.32,6.2,0.1,168,"7521","Tallac stony coarse sandy loam_5 to 15 percent slopes",2940
5,"Meeks","No",1601850,26538984,130,5,0.09,185,"7521","Tallac stony coarse sandy loam_5 to 15 percent slopes",2940
9,"Tallac","No",1601850,26538985,50.32,6.2,0.1,168,"7521","Tallac stony coarse sandy loam_5 to 15 percent slopes",2940
10,"Tallac","No",1601850,26538986,50.32,6.2,0.1,168,"7521","Tallac stony coarse sandy loam_5 to 15 percent slopes",2940
1,"Aquic Xerorthents","No",1601850,26538987,59,17.77,0.12,150,"7521","Tallac stony coarse sandy loam_5 to 15 percent slopes",2940
40,"Josephine family","Yes",464975,26549642,9,17,0.15,152,"161","Josephine-Sites families complex_moderately deep_15 t o 35 percent slopes",14206
30,"Sites family","Yes",464975,26549643,4.97,18.6,0.15,152,"161","Josephine-Sites families complex_moderately deep_15 t o 35 percent slopes",14206
10,"Unnamed","No",464975,26549644,NA,NA,NA,NA,"161","Josephine-Sites families complex_moderately deep_15 t o 35 percent slopes",14206
10,"Sites family","No",464975,26549645,NA,NA,NA,NA,"161","Josephine-Sites families complex_moderately deep_15 t o 35 percent slopes",14206
10,"Josephine family","No",464975,26549646,NA,NA,NA,NA,"161","Josephine-Sites families complex_moderately deep_15 t o 35 percent slopes",14206
10,"Rock outcrop","No",464976,26549647,NA,NA,NA,NA,"169","Lithic Xerumbrepts-Fiddletown family_moderately deep-Rock outcrop complex_35 to 80 percent slopes",4679
10,"Ovall family","No",464976,26549648,NA,NA,NA,NA,"169","Lithic Xerumbrepts-Fiddletown family_moderately deep-Rock outcrop complex_35 to 80 percent slopes",4679
10,"Holland family","No",464976,26549649,NA,NA,NA,NA,"169","Lithic Xerumbrepts-Fiddletown family_moderately deep-Rock outcrop complex_35 to 80 percent slopes",4679
30,"Fiddletown family","Yes",464976,26549650,28,12,0.11,152,"169","Lithic Xerumbrepts-Fiddletown family_moderately deep-Rock outcrop complex_35 to 80 percent slopes",4679
40,"Lithic Xerumbrepts","Yes",464976,26549651,54.12,7,0.09,68,"169","Lithic Xerumbrepts-Fiddletown family_moderately deep-Rock outcrop complex_35 to 80 percent slopes",4679
15,"Rock outcrop","Yes",464977,26549652,0.21,NA,NA,25,"101","Andic Cryumbrepts-Lithic Cryumbrepts-Rock outcrop compl ex_20 to 70 percent slopes",16068
40,"Andic Cryumbrepts","Yes",464977,26549653,28,25,0.1,96,"101","Andic Cryumbrepts-Lithic Cryumbrepts-Rock outcrop compl ex_20 to 70 percent slopes",16068
30,"Lithic Cryumbrepts","Yes",464977,26549654,42.47,25,0.1,38,"101","Andic Cryumbrepts-Lithic Cryumbrepts-Rock outcrop compl ex_20 to 70 percent slopes",16068
10,"Colluvium deposits","No",464977,26549655,NA,NA,NA,NA,"101","Andic Cryumbrepts-Lithic Cryumbrepts-Rock outcrop compl ex_20 to 70 percent slopes",16068
5,"Glacial till deposits","No",464977,26549656,NA,NA,NA,NA,"101","Andic Cryumbrepts-Lithic Cryumbrepts-Rock outcrop compl ex_20 to 70 percent slopes",16068
10,"Josephine family","No",464978,26549657,NA,NA,NA,NA,"102","Dystric Lithic Xerochrepts_35 to 80 percent slopes",5582
10,"Rock outcrop","No",464978,26549658,NA,NA,NA,NA,"102","Dystric Lithic Xerochrepts_35 to 80 percent slopes",5582
5,"Typic Xerumbrepts","No",464978,26549659,NA,NA,NA,NA,"102","Dystric Lithic Xerochrepts_35 to 80 percent slopes",5582
75,"Dystric Lithic Xerochrepts","Yes",464978,26549660,29.76,12,0.12,56,"102","Dystric Lithic Xerochrepts_35 to 80 percent slopes",5582
30,"Dystric Lithic Xerochrepts","Yes",464979,26549661,29.76,12,0.12,152,"103","Dystric Lithic Xerochrepts-Rock outcrop-Josephine famil y moderately deep complex_35 to 110 percent slopes",29873
20,"Rock outcrop","Yes",464979,26549662,0.21,NA,NA,25,"103","Dystric Lithic Xerochrepts-Rock outcrop-Josephine famil y moderately deep complex_35 to 110 percent slopes",29873
20,"Josephine family","Yes",464979,26549663,9,17,0.16,152,"103","Dystric Lithic Xerochrepts-Rock outcrop-Josephine famil y moderately deep complex_35 to 110 percent slopes",29873
10,"Josephine family","No",464979,26549664,NA,NA,NA,NA,"103","Dystric Lithic Xerochrepts-Rock outcrop-Josephine famil y moderately deep complex_35 to 110 percent slopes",29873
10,"Fiddletown family","No",464979,26549665,NA,NA,NA,NA,"103","Dystric Lithic Xerochrepts-Rock outcrop-Josephine famil y moderately deep complex_35 to 110 percent slopes",29873
10,"Typic Xerumbrepts","No",464979,26549666,NA,NA,NA,NA,"103","Dystric Lithic Xerochrepts-Rock outcrop-Josephine famil y moderately deep complex_35 to 110 percent slopes",29873
10,"Unnamed","No",464980,26549667,NA,NA,NA,NA,"104","Dystric Lithic Xerochrepts-Rock outcrop-Typic xerumbrep ts association 40 to 110 percent slopes",3741
10,"Josephine family","No",464980,26549668,NA,NA,NA,NA,"104","Dystric Lithic Xerochrepts-Rock outcrop-Typic xerumbrep ts association 40 to 110 percent slopes",3741
40,"Dystric Lithic Xerochrepts","Yes",464980,26549669,29.76,12,0.12,71,"104","Dystric Lithic Xerochrepts-Rock outcrop-Typic xerumbrep ts association 40 to 110 percent slopes",3741
20,"Rock outcrop","Yes",464980,26549670,0.21,NA,NA,25,"104","Dystric Lithic Xerochrepts-Rock outcrop-Typic xerumbrep ts association 40 to 110 percent slopes",3741
20,"Typic Xerumbrepts","Yes",464980,26549671,28,12,0.12,124,"104","Dystric Lithic Xerochrepts-Rock outcrop-Typic xerumbrep ts association 40 to 110 percent slopes",3741
20,"Rock outcrop","Yes",464981,26549672,0.21,NA,NA,25,"105","Dystric Xerochrepts-Fiddletown family_moderately deep-Rock outcrop complex_35 to 50 percent slopes",1292
40,"Dystric Xerochrepts","Yes",464981,26549673,25.8,7,0.09,152,"105","Dystric Xerochrepts-Fiddletown family_moderately deep-Rock outcrop complex_35 to 50 percent slopes",1292
20,"Fiddletown family","Yes",464981,26549674,28,12,0.11,152,"105","Dystric Xerochrepts-Fiddletown family_moderately deep-Rock outcrop complex_35 to 50 percent slopes",1292
10,"Holland family","No",464981,26549675,NA,NA,NA,NA,"105","Dystric Xerochrepts-Fiddletown family_moderately deep-Rock outcrop complex_35 to 50 percent slopes",1292
10,"Lithic Xerumbrepts","No",464981,26549676,NA,NA,NA,NA,"105","Dystric Xerochrepts-Fiddletown family_moderately deep-Rock outcrop complex_35 to 50 percent slopes",1292
10,"Lithic Cryopsamments","No",464982,26549677,NA,NA,NA,NA,"106","Entic Cryumbrepts-Rock outcrop complex_10 to 50 percen t slopes",7634
10,"Unnamed","No",464982,26549678,NA,NA,NA,NA,"106","Entic Cryumbrepts-Rock outcrop complex_10 to 50 percen t slopes",7634
20,"Rock outcrop","Yes",464982,26549679,0.21,NA,NA,25,"106","Entic Cryumbrepts-Rock outcrop complex_10 to 50 percen t slopes",7634
60,"Entic Cryumbrepts","Yes",464982,26549680,92,5,0.06,152,"106","Entic Cryumbrepts-Rock outcrop complex_10 to 50 percen t slopes",7634
85,"Entic Cryumbrepts","Yes",464983,26549681,92,4.6,0.06,152,"107","Entic Cryumbrepts_deep_1 to 10 percent slopes",6276
10,"Unnamed","No",464983,26549682,NA,NA,NA,NA,"107","Entic Cryumbrepts_deep_1 to 10 percent slopes",6276
5,"Unnamed","No",464983,26549683,NA,NA,NA,NA,"107","Entic Cryumbrepts_deep_1 to 10 percent slopes",6276
10,"Dystric Lithic Xerochrepts","No",464984,26549684,NA,NA,NA,NA,"108","Fiddletown-Josephine_moderately deep-Deep families com plex_35 to 70 percent slopes",13523
10,"Rock outcrop","No",464984,26549685,NA,NA,NA,NA,"108","Fiddletown-Josephine_moderately deep-Deep families com plex_35 to 70 percent slopes",13523
10,"Sites family","No",464984,26549686,NA,NA,NA,NA,"108","Fiddletown-Josephine_moderately deep-Deep families com plex_35 to 70 percent slopes",13523
30,"Fiddletown","Yes",464984,26549687,28,12,0.11,152,"108","Fiddletown-Josephine_moderately deep-Deep families com plex_35 to 70 percent slopes",13523
20,"Josephine family","Yes",464984,26549688,9,17,0.16,152,"108","Fiddletown-Josephine_moderately deep-Deep families com plex_35 to 70 percent slopes",13523
20,"Josephine family","Yes",464984,26549689,9,17,0.13,200,"108","Fiddletown-Josephine_moderately deep-Deep families com plex_35 to 70 percent slopes",13523
45,"Fiddletown family","Yes",464985,26549690,28,12,0.11,152,"109","Fiddletown_moderately deep-Holland_sandy subsoil fami lies complex 15 to 35 percent slopes",7718
35,"Holland family","Yes",464985,26549691,16.22,10.1,0.14,142,"109","Fiddletown_moderately deep-Holland_sandy subsoil fami lies complex 15 to 35 percent slopes",7718
5,"Rock outcrop","No",464985,26549692,NA,NA,NA,NA,"109","Fiddletown_moderately deep-Holland_sandy subsoil fami lies complex 15 to 35 percent slopes",7718
5,"Lithic Xerumbrepts","No",464985,26549693,NA,NA,NA,NA,"109","Fiddletown_moderately deep-Holland_sandy subsoil fami lies complex 15 to 35 percent slopes",7718
5,"Gerle family","No",464985,26549694,NA,NA,NA,NA,"109","Fiddletown_moderately deep-Holland_sandy subsoil fami lies complex 15 to 35 percent slopes",7718
5,"Holland family","No",464985,26549695,NA,NA,NA,NA,"109","Fiddletown_moderately deep-Holland_sandy subsoil fami lies complex 15 to 35 percent slopes",7718
5,"Unnamed","No",464986,26549696,NA,NA,NA,NA,"110","Fiddletown family_moderately deep-Lithic Xerumbrepts c omplex_15 to 35 percent slopes",8164
5,"Rock outcrop","No",464986,26549697,NA,NA,NA,NA,"110","Fiddletown family_moderately deep-Lithic Xerumbrepts c omplex_15 to 35 percent slopes",8164
5,"Ultic Haploxeralfs","No",464986,26549698,NA,NA,NA,NA,"110","Fiddletown family_moderately deep-Lithic Xerumbrepts c omplex_15 to 35 percent slopes",8164
10,"Wintoner family","No",464986,26549699,NA,NA,NA,NA,"110","Fiddletown family_moderately deep-Lithic Xerumbrepts c omplex_15 to 35 percent slopes",8164
45,"Fiddletown family","Yes",464986,26549700,28,12,0.11,152,"110","Fiddletown family_moderately deep-Lithic Xerumbrepts c omplex_15 to 35 percent slopes",8164
30,"Lithic Xerumbrepts","Yes",464986,26549701,54.12,7,0.09,68,"110","Fiddletown family_moderately deep-Lithic Xerumbrepts c omplex_15 to 35 percent slopes",8164
40,"Fiddletown family","Yes",464987,26549702,28,12,0.11,152,"111","Fiddletown family_moderately deep-Lithic Xerumbrepts c omplex 35 to 60 percent slopes",1956
30,"Lithic Xerumbrepts","Yes",464987,26549703,54.12,7,0.09,68,"111","Fiddletown family_moderately deep-Lithic Xerumbrepts c omplex 35 to 60 percent slopes",1956
10,"Ovall family","No",464987,26549704,NA,NA,NA,NA,"111","Fiddletown family_moderately deep-Lithic Xerumbrepts c omplex 35 to 60 percent slopes",1956
10,"Rock outcrop","No",464987,26549705,NA,NA,NA,NA,"111","Fiddletown family_moderately deep-Lithic Xerumbrepts c omplex 35 to 60 percent slopes",1956
10,"Ultic Haploxeralfs","No",464987,26549706,NA,NA,NA,NA,"111","Fiddletown family_moderately deep-Lithic Xerumbrepts c omplex 35 to 60 percent slopes",1956
5,"Unnamed","No",464988,26549707,NA,NA,NA,NA,"112","Fiddletown_moderately deep-Ovall families complex_5 t o 35 percent slopes",2991
10,"Lithic Xerumbrepts","No",464988,26549708,NA,NA,NA,NA,"112","Fiddletown_moderately deep-Ovall families complex_5 t o 35 percent slopes",2991
10,"Holland family","No",464988,26549709,NA,NA,NA,NA,"112","Fiddletown_moderately deep-Ovall families complex_5 t o 35 percent slopes",2991
45,"Fiddletown family","Yes",464988,26549710,28,12,0.11,152,"112","Fiddletown_moderately deep-Ovall families complex_5 t o 35 percent slopes",2991
30,"Ovall family","Yes",464988,26549711,28,8.08,0.13,109,"112","Fiddletown_moderately deep-Ovall families complex_5 t o 35 percent slopes",2991
50,"Fiddletown family","Yes",464989,26549712,28,12,0.11,152,"113","Fiddletown_moderately deep-Ovall families complex_35 to 50 percent slopes",8321
30,"Ovall family","Yes",464989,26549713,28,8.08,0.13,109,"113","Fiddletown_moderately deep-Ovall families complex_35 to 50 percent slopes",8321
10,"Holland family","No",464989,26549714,NA,NA,NA,NA,"113","Fiddletown_moderately deep-Ovall families complex_35 to 50 percent slopes",8321
10,"Lithic Xerumbrepts","No",464989,26549715,NA,NA,NA,NA,"113","Fiddletown_moderately deep-Ovall families complex_35 to 50 percent slopes",8321
5,"Wintoner family","No",464990,26549716,NA,NA,NA,NA,"114","Gerle family_bouldery-Rock outcrop complex_5 to 35 pe rcent slopes",34354
10,"Gerle family","No",464990,26549717,NA,NA,NA,NA,"114","Gerle family_bouldery-Rock outcrop complex_5 to 35 pe rcent slopes",34354
10,"Gerle family","No",464990,26549718,NA,NA,NA,NA,"114","Gerle family_bouldery-Rock outcrop complex_5 to 35 pe rcent slopes",34354
50,"Gerle family","Yes",464990,26549719,28,8.75,0.11,152,"114","Gerle family_bouldery-Rock outcrop complex_5 to 35 pe rcent slopes",34354
25,"Rock outcrop","Yes",464990,26549720,0.21,NA,NA,25,"114","Gerle family_bouldery-Rock outcrop complex_5 to 35 pe rcent slopes",34354
50,"Gerle family","Yes",464991,26549721,28,8.75,0.11,152,"115","Gerle family_bouldery-Rock outcrop complex_35 to 50 p ercent slopes",4386
30,"Rock outcrop","Yes",464991,26549722,0.21,NA,NA,25,"115","Gerle family_bouldery-Rock outcrop complex_35 to 50 p ercent slopes",4386
5,"Lithic Xerumbrepts","No",464991,26549723,NA,NA,NA,NA,"115","Gerle family_bouldery-Rock outcrop complex_35 to 50 p ercent slopes",4386
5,"Wintoner family","No",464991,26549724,NA,NA,NA,NA,"115","Gerle family_bouldery-Rock outcrop complex_35 to 50 p ercent slopes",4386
5,"Gerle family","No",464991,26549725,NA,NA,NA,NA,"115","Gerle family_bouldery-Rock outcrop complex_35 to 50 p ercent slopes",4386
5,"Gerle family","No",464991,26549726,NA,NA,NA,NA,"115","Gerle family_bouldery-Rock outcrop complex_35 to 50 p ercent slopes",4386
5,"Wintoner family","No",464992,26549727,NA,NA,NA,NA,"116","Gerle family_deep_5 to 35 percent slopes",29544
10,"Gerle family","No",464992,26549728,NA,NA,NA,NA,"116","Gerle family_deep_5 to 35 percent slopes",29544
10,"Gerle family","No",464992,26549729,NA,NA,NA,NA,"116","Gerle family_deep_5 to 35 percent slopes",29544
75,"Gerle family","Yes",464992,26549730,28,8.75,0.11,200,"116","Gerle family_deep_5 to 35 percent slopes",29544
75,"Gerle family","Yes",464993,26549731,28,8.75,0.11,200,"117","Gerle family_deep_35 to 50 percent slopes",10678
5,"Unnamed","No",464993,26549732,NA,NA,NA,NA,"117","Gerle family_deep_35 to 50 percent slopes",10678
10,"Wintoner family","No",464993,26549733,NA,NA,NA,NA,"117","Gerle family_deep_35 to 50 percent slopes",10678
10,"Gerle family","No",464993,26549734,NA,NA,NA,NA,"117","Gerle family_deep_35 to 50 percent slopes",10678
5,"Wintoner family","No",464994,26549735,NA,NA,NA,NA,"118","Gerle family_deep-Moderately deep association_5 to 35 slopes",13231
5,"Gerle family","No",464994,26549736,NA,NA,NA,NA,"118","Gerle family_deep-Moderately deep association_5 to 35 slopes",13231
5,"Rock outcrop","No",464994,26549737,NA,NA,NA,NA,"118","Gerle family_deep-Moderately deep association_5 to 35 slopes",13231
5,"Lithic Xerumbrepts","No",464994,26549738,NA,NA,NA,NA,"118","Gerle family_deep-Moderately deep association_5 to 35 slopes",13231
60,"Gerle family","Yes",464994,26549739,28,8.75,0.11,200,"118","Gerle family_deep-Moderately deep association_5 to 35 slopes",13231
20,"Gerle family","Yes",464994,26549740,28,8.75,0.11,152,"118","Gerle family_deep-Moderately deep association_5 to 35 slopes",13231
40,"Gerle family","Yes",464995,26549741,28,8.75,0.11,200,"119","Gerle family_deep-Moderately deep association_35 to 5 0 percent slopes",2920
30,"Gerle family","Yes",464995,26549742,28,8.75,0.11,152,"119","Gerle family_deep-Moderately deep association_35 to 5 0 percent slopes",2920
10,"Wintoner family","No",464995,26549743,NA,NA,NA,NA,"119","Gerle family_deep-Moderately deep association_35 to 5 0 percent slopes",2920
10,"Gerle family","No",464995,26549744,NA,NA,NA,NA,"119","Gerle family_deep-Moderately deep association_35 to 5 0 percent slopes",2920
10,"Lithic Xerumbrepts","No",464995,26549745,NA,NA,NA,NA,"119","Gerle family_deep-Moderately deep association_35 to 5 0 percent slopes",2920
11,"Unnamed","No",464996,26549746,NA,NA,NA,NA,"120","Gerle_deep-Wintoner families complex_5 to 35 percent slopes",12155
12,"Lithic Xeropsamments","No",464996,26549747,NA,NA,NA,NA,"120","Gerle_deep-Wintoner families complex_5 to 35 percent slopes",12155
12,"Unnamed","No",464996,26549748,NA,NA,NA,NA,"120","Gerle_deep-Wintoner families complex_5 to 35 percent slopes",12155
40,"Gerle family","Yes",464996,26549749,28,8.75,0.11,200,"120","Gerle_deep-Wintoner families complex_5 to 35 percent slopes",12155
25,"Wintoner family","Yes",464996,26549750,6.86,21.02,0.14,152,"120","Gerle_deep-Wintoner families complex_5 to 35 percent slopes",12155
40,"Gerle family","Yes",464997,26549751,28,8.75,0.11,200,"121","Gerle_deep-Wintoner families complex_35 to 50 percent slopes",5337
25,"Wintoner family","Yes",464997,26549752,6.86,21.02,0.14,152,"121","Gerle_deep-Wintoner families complex_35 to 50 percent slopes",5337
12,"Lithic Xeropsamments","No",464997,26549753,NA,NA,NA,NA,"121","Gerle_deep-Wintoner families complex_35 to 50 percent slopes",5337
12,"Unnamed","No",464997,26549754,NA,NA,NA,NA,"121","Gerle_deep-Wintoner families complex_35 to 50 percent slopes",5337
11,"Unnamed","No",464997,26549755,NA,NA,NA,NA,"121","Gerle_deep-Wintoner families complex_35 to 50 percent slopes",5337
5,"Windy family","No",464998,26549756,NA,NA,NA,NA,"122","Gerle family_moderately deep-Deep-Rock outcrop complex _5 to 35 percent slopes",21980
5,"Gerle family","No",464998,26549757,NA,NA,NA,NA,"122","Gerle family_moderately deep-Deep-Rock outcrop complex _5 to 35 percent slopes",21980
10,"Lithic Xerumbrepts","No",464998,26549758,NA,NA,NA,NA,"122","Gerle family_moderately deep-Deep-Rock outcrop complex _5 to 35 percent slopes",21980
20,"Gerle family","Yes",464998,26549759,28,8.75,0.11,200,"122","Gerle family_moderately deep-Deep-Rock outcrop complex _5 to 35 percent slopes",21980
40,"Gerle family","Yes",464998,26549760,28,8.75,0.11,152,"122","Gerle family_moderately deep-Deep-Rock outcrop complex _5 to 35 percent slopes",21980
20,"Rock outcrop","Yes",464998,26549761,0.21,NA,NA,25,"122","Gerle family_moderately deep-Deep-Rock outcrop complex _5 to 35 percent slopes",21980
40,"Gerle family","Yes",464999,26549762,28,8.75,0.11,152,"123","Gerle family_moderately deep-Deep-Rock outcrop complex _35 to 60 percent slopes",7454
20,"Gerle family","Yes",464999,26549763,28,8.75,0.11,200,"123","Gerle family_moderately deep-Deep-Rock outcrop complex _35 to 60 percent slopes",7454
20,"Rock outcrop","Yes",464999,26549764,0.21,NA,NA,25,"123","Gerle family_moderately deep-Deep-Rock outcrop complex _35 to 60 percent slopes",7454
5,"Windy family","No",464999,26549765,NA,NA,NA,NA,"123","Gerle family_moderately deep-Deep-Rock outcrop complex _35 to 60 percent slopes",7454
5,"Gerle family","No",464999,26549766,NA,NA,NA,NA,"123","Gerle family_moderately deep-Deep-Rock outcrop complex _35 to 60 percent slopes",7454
10,"Lithic Xerumbrepts","No",464999,26549767,NA,NA,NA,NA,"123","Gerle family_moderately deep-Deep-Rock outcrop complex _35 to 60 percent slopes",7454
5,"Gerle family","No",465000,26549768,NA,NA,NA,NA,"124","Gerle family moderately deep-Rock outcrop complex_10 t o 35 percent slopes",17762
5,"Gerle family","No",465000,26549769,NA,NA,NA,NA,"124","Gerle family moderately deep-Rock outcrop complex_10 t o 35 percent slopes",17762
10,"Lithic Xerumbrepts","No",465000,26549770,NA,NA,NA,NA,"124","Gerle family moderately deep-Rock outcrop complex_10 t o 35 percent slopes",17762
45,"Gerle family","Yes",465000,26549771,28,8.75,0.11,152,"124","Gerle family moderately deep-Rock outcrop complex_10 t o 35 percent slopes",17762
35,"Rock outcrop","Yes",465000,26549772,0.21,NA,NA,25,"124","Gerle family moderately deep-Rock outcrop complex_10 t o 35 percent slopes",17762
45,"Gerle family","Yes",465001,26549773,28,8.75,0.11,152,"125","Gerle family_moderately deep-Rock outcrop complex_35 to 60 percent slopes",8050
35,"Rock outcrop","Yes",465001,26549774,0.21,NA,NA,25,"125","Gerle family_moderately deep-Rock outcrop complex_35 to 60 percent slopes",8050
10,"Lithic Xerumbrepts","No",465001,26549775,NA,NA,NA,NA,"125","Gerle family_moderately deep-Rock outcrop complex_35 to 60 percent slopes",8050
5,"Gerle family","No",465001,26549776,NA,NA,NA,NA,"125","Gerle family_moderately deep-Rock outcrop complex_35 to 60 percent slopes",8050
5,"Gerle family","No",465001,26549777,NA,NA,NA,NA,"125","Gerle family_moderately deep-Rock outcrop complex_35 to 60 percent slopes",8050
5,"Unnamed","No",465002,26549778,NA,NA,NA,NA,"126","Holland family_deep_5 to 35 percent slopes",15235
10,"Fiddletown family","No",465002,26549779,NA,NA,NA,NA,"126","Holland family_deep_5 to 35 percent slopes",15235
10,"Holland family","No",465002,26549780,NA,NA,NA,NA,"126","Holland family_deep_5 to 35 percent slopes",15235
75,"Holland family","Yes",465002,26549781,9,12.48,0.16,200,"126","Holland family_deep_5 to 35 percent slopes",15235
75,"Holland family","Yes",465003,26549782,9,12.48,0.16,200,"127","Holland family_deep_35 to 50 percent slopes",3419
10,"Fiddletown family","No",465003,26549783,NA,NA,NA,NA,"127","Holland family_deep_35 to 50 percent slopes",3419
10,"Holland family","No",465003,26549784,NA,NA,NA,NA,"127","Holland family_deep_35 to 50 percent slopes",3419
5,"Unnamed","No",465003,26549785,NA,NA,NA,NA,"127","Holland family_deep_35 to 50 percent slopes",3419
10,"Unnamed","No",465004,26549786,NA,NA,NA,NA,"128","Holland_deep-Fiddletown_moderately deep families comp lex_10 to 35 percent slopesn_moderately deep familie",5570
10,"Lithic Xerumbrepts","No",465004,26549787,NA,NA,NA,NA,"128","Holland_deep-Fiddletown_moderately deep families comp lex_10 to 35 percent slopesn_moderately deep familie",5570
10,"Holland family","No",465004,26549788,NA,NA,NA,NA,"128","Holland_deep-Fiddletown_moderately deep families comp lex_10 to 35 percent slopesn_moderately deep familie",5570
40,"Holland family","Yes",465004,26549789,9,12.48,0.16,200,"128","Holland_deep-Fiddletown_moderately deep families comp lex_10 to 35 percent slopesn_moderately deep familie",5570
30,"Fiddletown family","Yes",465004,26549790,28,12,0.11,152,"128","Holland_deep-Fiddletown_moderately deep families comp lex_10 to 35 percent slopesn_moderately deep familie",5570
40,"Holland family","Yes",465005,26549791,9,12.48,0.16,200,"129","Holland_deep-Fiddletown_moderately deep families comp lex_35 to 50 percent slopes",1976
30,"Fiddletown family","Yes",465005,26549792,28,12,0.11,152,"129","Holland_deep-Fiddletown_moderately deep families comp lex_35 to 50 percent slopes",1976
10,"Holland family","No",465005,26549793,NA,NA,NA,NA,"129","Holland_deep-Fiddletown_moderately deep families comp lex_35 to 50 percent slopes",1976
10,"Lithic Xerumbrepts","No",465005,26549794,NA,NA,NA,NA,"129","Holland_deep-Fiddletown_moderately deep families comp lex_35 to 50 percent slopes",1976
10,"Unnamed","No",465005,26549795,NA,NA,NA,NA,"129","Holland_deep-Fiddletown_moderately deep families comp lex_35 to 50 percent slopes",1976
5,"Rock outcrop","No",465006,26549796,NA,NA,NA,NA,"130","Holland family_deep-Moderately deep complex_5 to 35 p ercent slopes",27111
5,"Dystric Xerochrepts","No",465006,26549797,NA,NA,NA,NA,"130","Holland family_deep-Moderately deep complex_5 to 35 p ercent slopes",27111
10,"Lithic Xerumbrepts","No",465006,26549798,NA,NA,NA,NA,"130","Holland family_deep-Moderately deep complex_5 to 35 p ercent slopes",27111
20,"Holland family","Yes",465006,26549799,9,12.78,0.16,152,"130","Holland family_deep-Moderately deep complex_5 to 35 p ercent slopes",27111
60,"Holland family","Yes",465006,26549800,9,12.48,0.16,200,"130","Holland family_deep-Moderately deep complex_5 to 35 p ercent slopes",27111
40,"Holland family","Yes",465007,26549801,9,12.48,0.16,200,"131","Holland family_deep-Moderately deep families complex_35 to 50 percent slopes",2322
25,"Holland family","Yes",465007,26549802,9,12.78,0.16,152,"131","Holland family_deep-Moderately deep families complex_35 to 50 percent slopes",2322
12,"Fiddletown family","No",465007,26549803,NA,NA,NA,NA,"131","Holland family_deep-Moderately deep families complex_35 to 50 percent slopes",2322
12,"Ovall family","No",465007,26549804,NA,NA,NA,NA,"131","Holland family_deep-Moderately deep families complex_35 to 50 percent slopes",2322
11,"Unnamed","No",465007,26549805,NA,NA,NA,NA,"131","Holland family_deep-Moderately deep families complex_35 to 50 percent slopes",2322
5,"Lithic Xerumbrepts","No",465008,26549806,NA,NA,NA,NA,"132","Holland family_deep-Moderately deep_dark surface asso ciation_10 to 35 percent slopes",903
5,"Holland family","No",465008,26549807,NA,NA,NA,NA,"132","Holland family_deep-Moderately deep_dark surface asso ciation_10 to 35 percent slopes",903
70,"Holland family","Yes",465008,26549808,9,12.48,0.16,200,"132","Holland family_deep-Moderately deep_dark surface asso ciation_10 to 35 percent slopes",903
20,"Holland family","Yes",465008,26549809,9,13.5,0.16,109,"132","Holland family_deep-Moderately deep_dark surface asso ciation_10 to 35 percent slopes",903
50,"Holland family","Yes",465009,26549810,9,17,0.13,200,"133","Holland_deep-Josephine_moderately deep families compl ex_10 to 35 percent slopes",1814
30,"Josephine family","Yes",465009,26549811,9,17,0.15,152,"133","Holland_deep-Josephine_moderately deep families compl ex_10 to 35 percent slopes",1814
10,"Fiddletown family","No",465009,26549812,NA,NA,NA,NA,"133","Holland_deep-Josephine_moderately deep families compl ex_10 to 35 percent slopes",1814
10,"Holland family","No",465009,26549813,NA,NA,NA,NA,"133","Holland_deep-Josephine_moderately deep families compl ex_10 to 35 percent slopes",1814
10,"Fiddletown family","No",465010,26549814,NA,NA,NA,NA,"134","Holland_deep-Josephine_moderately deep families_comp lex_35 t to 60 percent slopes",1341
10,"Holland family","No",465010,26549815,NA,NA,NA,NA,"134","Holland_deep-Josephine_moderately deep families_comp lex_35 t to 60 percent slopes",1341
50,"Holland family","Yes",465010,26549816,9,17,0.13,200,"134","Holland_deep-Josephine_moderately deep families_comp lex_35 t to 60 percent slopes",1341
30,"Josephine family","Yes",465010,26549817,9,17,0.15,152,"134","Holland_deep-Josephine_moderately deep families_comp lex_35 t to 60 percent slopes",1341
40,"Holland family","Yes",465011,26549818,9,12.48,0.16,200,"135","Holland_deep-Wilder families complex_35 to 50 percent slopes",1185
30,"Wilder family","Yes",465011,26549819,28,11.1,0.11,329,"135","Holland_deep-Wilder families complex_35 to 50 percent slopes",1185
10,"Holland family","No",465011,26549820,NA,NA,NA,NA,"135","Holland_deep-Wilder families complex_35 to 50 percent slopes",1185
10,"Ovall family","No",465011,26549821,NA,NA,NA,NA,"135","Holland_deep-Wilder families complex_35 to 50 percent slopes",1185
10,"Fiddletown family","No",465011,26549822,NA,NA,NA,NA,"135","Holland_deep-Wilder families complex_35 to 50 percent slopes",1185
3,"McCarthy family","No",465012,26549823,NA,NA,NA,NA,"136","Holland family_deep-Moderately deep association-dark s urface_5 to 35 percent slopes",9671
3,"Rock outcrop","No",465012,26549824,NA,NA,NA,NA,"136","Holland family_deep-Moderately deep association-dark s urface_5 to 35 percent slopes",9671
4,"Lithic Xerumbrepts","No",465012,26549825,NA,NA,NA,NA,"136","Holland family_deep-Moderately deep association-dark s urface_5 to 35 percent slopes",9671
70,"Holland family","Yes",465012,26549826,9,13.5,0.16,152,"136","Holland family_deep-Moderately deep association-dark s urface_5 to 35 percent slopes",9671
20,"Holland family","Yes",465012,26549827,9,13.5,0.16,109,"136","Holland family_deep-Moderately deep association-dark s urface_5 to 35 percent slopes",9671
40,"Holland family","Yes",465013,26549828,9,13.5,0.16,152,"137","Hollan_deep dark surface-Moderately deep dark surface-McCarthy_moderately deep families complex_5 to 35 p",7969
30,"Holland family","Yes",465013,26549829,9,13.5,0.16,109,"137","Hollan_deep dark surface-Moderately deep dark surface-McCarthy_moderately deep families complex_5 to 35 p",7969
20,"McCarthy family","Yes",465013,26549830,28,15,0.09,114,"137","Hollan_deep dark surface-Moderately deep dark surface-McCarthy_moderately deep families complex_5 to 35 p",7969
5,"Rock outcrop","No",465013,26549831,NA,NA,NA,NA,"137","Hollan_deep dark surface-Moderately deep dark surface-McCarthy_moderately deep families complex_5 to 35 p",7969
5,"Lithic Xerumbrepts","No",465013,26549832,NA,NA,NA,NA,"137","Hollan_deep dark surface-Moderately deep dark surface-McCarthy_moderately deep families complex_5 to 35 p",7969
5,"Rock outcrop","No",465014,26549833,NA,NA,NA,NA,"138","Holland_deep_dark surface-Mod. deep_dark surface-Mcc arth_moderately deep families complex_35 to 50 perce",1929
10,"Lithic Xerumbrepts","No",465014,26549834,NA,NA,NA,NA,"138","Holland_deep_dark surface-Mod. deep_dark surface-Mcc arth_moderately deep families complex_35 to 50 perce",1929
10,"Unnamed","No",465014,26549835,NA,NA,NA,NA,"138","Holland_deep_dark surface-Mod. deep_dark surface-Mcc arth_moderately deep families complex_35 to 50 perce",1929
30,"Holland family","Yes",465014,26549836,9,13.5,0.16,152,"138","Holland_deep_dark surface-Mod. deep_dark surface-Mcc arth_moderately deep families complex_35 to 50 perce",1929
20,"McCarthy family","Yes",465014,26549837,28,15,0.09,114,"138","Holland_deep_dark surface-Mod. deep_dark surface-Mcc arth_moderately deep families complex_35 to 50 perce",1929
25,"Holland family","Yes",465014,26549838,9,13.5,0.16,109,"138","Holland_deep_dark surface-Mod. deep_dark surface-Mcc arth_moderately deep families complex_35 to 50 perce",1929
40,"Holland family","Yes",465015,26549839,9,12.78,0.16,152,"139","Holland family_moderately deep-Deep complex_5 to 35 p ercent slopes",2777
30,"Holland family","Yes",465015,26549840,9,12.48,0.16,200,"139","Holland family_moderately deep-Deep complex_5 to 35 p ercent slopes",2777
10,"Unnamed","No",465015,26549841,NA,NA,NA,NA,"139","Holland family_moderately deep-Deep complex_5 to 35 p ercent slopes",2777
10,"Unnamed","No",465015,26549842,NA,NA,NA,NA,"139","Holland family_moderately deep-Deep complex_5 to 35 p ercent slopes",2777
10,"Ovall family","No",465015,26549843,NA,NA,NA,NA,"139","Holland family_moderately deep-Deep complex_5 to 35 p ercent slopes",2777
10,"Unnamed","No",465016,26549844,NA,NA,NA,NA,"140","Holland family_moderately deep-Deep complex_35 to 50 percent slopes",2529
10,"Ovall family","No",465016,26549845,NA,NA,NA,NA,"140","Holland family_moderately deep-Deep complex_35 to 50 percent slopes",2529
50,"Holland family","Yes",465016,26549846,9,12.78,0.16,152,"140","Holland family_moderately deep-Deep complex_35 to 50 percent slopes",2529
30,"Holland family","Yes",465016,26549847,9,12.48,0.16,200,"140","Holland family_moderately deep-Deep complex_35 to 50 percent slopes",2529
40,"Holland family","Yes",465017,26549848,9,12.78,0.16,152,"141","Holland family_moderately deep-Lithic Xerumbrepts comp lex_10 to 35 percent slopes",3694
30,"Lithic Xerumbrepts","Yes",465017,26549849,24.15,7,0.07,68,"141","Holland family_moderately deep-Lithic Xerumbrepts comp lex_10 to 35 percent slopes",3694
10,"Dystric Xerochrepts","No",465017,26549850,NA,NA,NA,NA,"141","Holland family_moderately deep-Lithic Xerumbrepts comp lex_10 to 35 percent slopes",3694
10,"Rock outcrop","No",465017,26549851,NA,NA,NA,NA,"141","Holland family_moderately deep-Lithic Xerumbrepts comp lex_10 to 35 percent slopes",3694
10,"Holland family","No",465017,26549852,NA,NA,NA,NA,"141","Holland family_moderately deep-Lithic Xerumbrepts comp lex_10 to 35 percent slopes",3694
10,"Dystric Xerochrepts","No",465018,26549853,NA,NA,NA,NA,"142","Holland family_moderately deep-Lithic Xerumbrepts comp lex_35 t to 60 percent slopes",3540
10,"Rock outcrop","No",465018,26549854,NA,NA,NA,NA,"142","Holland family_moderately deep-Lithic Xerumbrepts comp lex_35 t to 60 percent slopes",3540
10,"Holland family","No",465018,26549855,NA,NA,NA,NA,"142","Holland family_moderately deep-Lithic Xerumbrepts comp lex_35 t to 60 percent slopes",3540
40,"Holland family","Yes",465018,26549856,9,12.78,0.16,152,"142","Holland family_moderately deep-Lithic Xerumbrepts comp lex_35 t to 60 percent slopes",3540
30,"Lithic Xerumbrepts","Yes",465018,26549857,31.08,7,0.07,68,"142","Holland family_moderately deep-Lithic Xerumbrepts comp lex_35 t to 60 percent slopes",3540
40,"Holland family","Yes",465019,26549858,9,12.78,0.16,152,"143","Holland family_moderately deep-Lithic Xerumbrepts-Rock complex_35 to 80 percent slopes",3711
20,"Lithic Xerumbrepts","Yes",465019,26549859,31.08,7,0.07,68,"143","Holland family_moderately deep-Lithic Xerumbrepts-Rock complex_35 to 80 percent slopes",3711
15,"Rock outcrop","Yes",465019,26549860,0.21,NA,NA,25,"143","Holland family_moderately deep-Lithic Xerumbrepts-Rock complex_35 to 80 percent slopes",3711
13,"Holland family","No",465019,26549861,NA,NA,NA,NA,"143","Holland family_moderately deep-Lithic Xerumbrepts-Rock complex_35 to 80 percent slopes",3711
12,"Fiddletown family","No",465019,26549862,NA,NA,NA,NA,"143","Holland family_moderately deep-Lithic Xerumbrepts-Rock complex_35 to 80 percent slopes",3711
5,"McCarthy family","No",465020,26549863,NA,NA,NA,NA,"144","Holland family modertely deep_dark surface-Lithic xeru mbrepts-Rock outcrop association_5 to 35 percent slo",3203
10,"Holland family","No",465020,26549864,NA,NA,NA,NA,"144","Holland family modertely deep_dark surface-Lithic xeru mbrepts-Rock outcrop association_5 to 35 percent slo",3203
40,"Holland family","Yes",465020,26549865,9,13.5,0.16,109,"144","Holland family modertely deep_dark surface-Lithic xeru mbrepts-Rock outcrop association_5 to 35 percent slo",3203
30,"Lithic Xerumbrepts","Yes",465020,26549866,39,15,0.15,50,"144","Holland family modertely deep_dark surface-Lithic xeru mbrepts-Rock outcrop association_5 to 35 percent slo",3203
15,"Rock outcrop","Yes",465020,26549867,0.21,NA,NA,25,"144","Holland family modertely deep_dark surface-Lithic xeru mbrepts-Rock outcrop association_5 to 35 percent slo",3203
25,"Holland family","Yes",465021,26549868,9,12.48,0.16,200,"145","Hugo-Holland_deep-Wilder families complex_5 to 35 per cent slopes",3778
30,"Hugo family","Yes",465021,26549869,9,15,0.13,279,"145","Hugo-Holland_deep-Wilder families complex_5 to 35 per cent slopes",3778
20,"Wilder family","Yes",465021,26549870,28,13.56,0.11,329,"145","Hugo-Holland_deep-Wilder families complex_5 to 35 per cent slopes",3778
5,"Unnamed","No",465021,26549871,NA,NA,NA,NA,"145","Hugo-Holland_deep-Wilder families complex_5 to 35 per cent slopes",3778
10,"Fiddletown family","No",465021,26549872,NA,NA,NA,NA,"145","Hugo-Holland_deep-Wilder families complex_5 to 35 per cent slopes",3778
10,"Unnamed","No",465021,26549873,NA,NA,NA,NA,"145","Hugo-Holland_deep-Wilder families complex_5 to 35 per cent slopes",3778
10,"Fiddletown family","No",465022,26549874,NA,NA,NA,NA,"146","Hugo-Holland_deep-Wilder families complex_35 to 50 pe rcent slopes",1848
10,"Unnamed","No",465022,26549875,NA,NA,NA,NA,"146","Hugo-Holland_deep-Wilder families complex_35 to 50 pe rcent slopes",1848
5,"Unnamed","No",465022,26549876,NA,NA,NA,NA,"146","Hugo-Holland_deep-Wilder families complex_35 to 50 pe rcent slopes",1848
30,"Hugo family","Yes",465022,26549877,9,15,0.13,279,"146","Hugo-Holland_deep-Wilder families complex_35 to 50 pe rcent slopes",1848
25,"Holland family","Yes",465022,26549878,9,12.48,0.16,200,"146","Hugo-Holland_deep-Wilder families complex_35 to 50 pe rcent slopes",1848
20,"Wilder family","Yes",465022,26549879,28,13.56,0.11,329,"146","Hugo-Holland_deep-Wilder families complex_35 to 50 pe rcent slopes",1848
50,"Inville family","Yes",465023,26549880,18.5,13.5,0.12,137,"147","Inville family_deep-Moderately deep complex_15 to 35 percent slopes",4299
20,"Inville family","Yes",465023,26549881,18.5,13.5,0.12,89,"147","Inville family_deep-Moderately deep complex_15 to 35 percent slopes",4299
10,"Wintoner family","No",465023,26549882,NA,NA,NA,NA,"147","Inville family_deep-Moderately deep complex_15 to 35 percent slopes",4299
10,"Rock outcrop","No",465023,26549883,NA,NA,NA,NA,"147","Inville family_deep-Moderately deep complex_15 to 35 percent slopes",4299
10,"Lithic Xerumbrepts","No",465023,26549884,NA,NA,NA,NA,"147","Inville family_deep-Moderately deep complex_15 to 35 percent slopes",4299
10,"Rock outcrop","No",465024,26549885,NA,NA,NA,NA,"148","Inville family_moderately deep-Deep complex_15 to 35 percent slopes",9517
10,"Lithic Xerumbrepts","No",465024,26549886,NA,NA,NA,NA,"148","Inville family_moderately deep-Deep complex_15 to 35 percent slopes",9517
35,"Inville family","Yes",465024,26549887,18.5,13.5,0.12,137,"148","Inville family_moderately deep-Deep complex_15 to 35 percent slopes",9517
45,"Inville family","Yes",465024,26549888,18.5,13.5,0.12,89,"148","Inville family_moderately deep-Deep complex_15 to 35 percent slopes",9517
45,"Inville family","Yes",465025,26549889,18.5,13.5,0.12,89,"149","Inville family_moderately deep-Deep complex_35 to 60 percent slopes",1296
35,"Inville family","Yes",465025,26549890,18.5,13.5,0.12,137,"149","Inville family_moderately deep-Deep complex_35 to 60 percent slopes",1296
10,"Rock outcrop","No",465025,26549891,NA,NA,NA,NA,"149","Inville family_moderately deep-Deep complex_35 to 60 percent slopes",1296
10,"Lithic Xerumbrepts","No",465025,26549892,NA,NA,NA,NA,"149","Inville family_moderately deep-Deep complex_35 to 60 percent slopes",1296
10,"Rock outcrop","No",465026,26549893,NA,NA,NA,NA,"150","Inville family_moderately deep-Lithic Cryumbrepts comp lex_20 to 50 percent slopes",2810
10,"Inville family","No",465026,26549894,NA,NA,NA,NA,"150","Inville family_moderately deep-Lithic Cryumbrepts comp lex_20 to 50 percent slopes",2810
50,"Inville family","Yes",465026,26549895,18.5,13.5,0.12,89,"150","Inville family_moderately deep-Lithic Cryumbrepts comp lex_20 to 50 percent slopes",2810
30,"Lithic Cryumbrepts","Yes",465026,26549896,42.47,15,0.15,38,"150","Inville family_moderately deep-Lithic Cryumbrepts comp lex_20 to 50 percent slopes",2810
75,"Josephine family","Yes",465027,26549897,9,17,0.13,200,"151","Josephine family_deep_5 to 35 percent slopes",584
5,"Sites family","No",465027,26549898,NA,NA,NA,NA,"151","Josephine family_deep_5 to 35 percent slopes",584
10,"Sites family","No",465027,26549899,NA,NA,NA,NA,"151","Josephine family_deep_5 to 35 percent slopes",584
10,"Josephine family","No",465027,26549900,NA,NA,NA,NA,"151","Josephine family_deep_5 to 35 percent slopes",584
5,"Sites family","No",465028,26549901,NA,NA,NA,NA,"152","Josephine family_deep_35 to 50 percent slopes",1237
10,"Sites family","No",465028,26549902,NA,NA,NA,NA,"152","Josephine family_deep_35 to 50 percent slopes",1237
10,"Josephine family","No",465028,26549903,NA,NA,NA,NA,"152","Josephine family_deep_35 to 50 percent slopes",1237
75,"Josephine family","Yes",465028,26549904,9,17,0.13,200,"152","Josephine family_deep_35 to 50 percent slopes",1237
50,"Josephine family","Yes",465029,26549905,9,17,0.13,200,"153","Josephine family_deep-Moderately deep complex_5 to 35 slopes",20689
25,"Josephine family","Yes",465029,26549906,9,17,0.15,152,"153","Josephine family_deep-Moderately deep complex_5 to 35 slopes",20689
10,"Sites family","No",465029,26549907,NA,NA,NA,NA,"153","Josephine family_deep-Moderately deep complex_5 to 35 slopes",20689
10,"Sites family","No",465029,26549908,NA,NA,NA,NA,"153","Josephine family_deep-Moderately deep complex_5 to 35 slopes",20689
5,"Unnamed","No",465029,26549909,NA,NA,NA,NA,"153","Josephine family_deep-Moderately deep complex_5 to 35 slopes",20689
10,"Unnamed","No",465030,26549910,NA,NA,NA,NA,"154","Josephine family_deep-Moderately deep complex_35 to 5 0 percent slopes",6686
10,"Unnamed","No",465030,26549911,NA,NA,NA,NA,"154","Josephine family_deep-Moderately deep complex_35 to 5 0 percent slopes",6686
10,"Unnamed","No",465030,26549912,NA,NA,NA,NA,"154","Josephine family_deep-Moderately deep complex_35 to 5 0 percent slopes",6686
40,"Josephine family","Yes",465030,26549913,9,17,0.13,200,"154","Josephine family_deep-Moderately deep complex_35 to 5 0 percent slopes",6686
30,"Josephine family","Yes",465030,26549914,9,17,0.15,152,"154","Josephine family_deep-Moderately deep complex_35 to 5 0 percent slopes",6686
45,"Josephine family","Yes",465031,26549915,9,17,0.13,200,"155","Josephine-Sites families association_deep_5 to 35 per cent slopes",7037
35,"Sites family","Yes",465031,26549916,8.5,16,0.14,200,"155","Josephine-Sites families association_deep_5 to 35 per cent slopes",7037
10,"Sites family","No",465031,26549917,NA,NA,NA,NA,"155","Josephine-Sites families association_deep_5 to 35 per cent slopes",7037
10,"Josephine family","No",465031,26549918,NA,NA,NA,NA,"155","Josephine-Sites families association_deep_5 to 35 per cent slopes",7037
5,"Unnamed","No",465032,26549919,NA,NA,NA,NA,"156","Josephine-Sites families association_deep 35 to 50 per cent slopes",795
10,"Sites family","No",465032,26549920,NA,NA,NA,NA,"156","Josephine-Sites families association_deep 35 to 50 per cent slopes",795
10,"Josephine family","No",465032,26549921,NA,NA,NA,NA,"156","Josephine-Sites families association_deep 35 to 50 per cent slopes",795
40,"Josephine family","Yes",465032,26549922,9,17,0.13,200,"156","Josephine-Sites families association_deep 35 to 50 per cent slopes",795
35,"Sites family","Yes",465032,26549923,8.5,16,0.14,200,"156","Josephine-Sites families association_deep 35 to 50 per cent slopes",795
40,"Josephine family","Yes",465033,26549924,9,17,0.15,152,"157","Josephine family_moderately deep-Dystric lithic xeroch repts association_5 to 35 percent slopes",21883
30,"Dystric Lithic Xerochrepts","Yes",465033,26549925,29.76,12,0.12,71,"157","Josephine family_moderately deep-Dystric lithic xeroch repts association_5 to 35 percent slopes",21883
10,"Rock outcrop","No",465033,26549926,NA,NA,NA,NA,"157","Josephine family_moderately deep-Dystric lithic xeroch repts association_5 to 35 percent slopes",21883
10,"Sites family","No",465033,26549927,NA,NA,NA,NA,"157","Josephine family_moderately deep-Dystric lithic xeroch repts association_5 to 35 percent slopes",21883
10,"Josephine family","No",465033,26549928,NA,NA,NA,NA,"157","Josephine family_moderately deep-Dystric lithic xeroch repts association_5 to 35 percent slopes",21883
10,"Josephine family","No",465034,26549929,NA,NA,NA,NA,"158","Josephine family_moderately deep-Dystric lithic xeroch repts association_35 to 70 percent slopes",19701
10,"Sites family","No",465034,26549930,NA,NA,NA,NA,"158","Josephine family_moderately deep-Dystric lithic xeroch repts association_35 to 70 percent slopes",19701
10,"Rock outcrop","No",465034,26549931,NA,NA,NA,NA,"158","Josephine family_moderately deep-Dystric lithic xeroch repts association_35 to 70 percent slopes",19701
30,"Dystric Lithic Xerochrepts","Yes",465034,26549932,29.76,12,0.12,71,"158","Josephine family_moderately deep-Dystric lithic xeroch repts association_35 to 70 percent slopes",19701
40,"Josephine family","Yes",465034,26549933,9,17,0.15,152,"158","Josephine family_moderately deep-Dystric lithic xeroch repts association_35 to 70 percent slopes",19701
30,"Josephine family","Yes",465035,26549934,9,17,0.13,200,"159","Josephine family_moderately deep-Deep complex_5 to 35 slopes",25083
40,"Josephine family","Yes",465035,26549935,9,17,0.15,152,"159","Josephine family_moderately deep-Deep complex_5 to 35 slopes",25083
10,"Dystric Lithic Xerochrepts","No",465035,26549936,NA,NA,NA,NA,"159","Josephine family_moderately deep-Deep complex_5 to 35 slopes",25083
10,"Sites family","No",465035,26549937,NA,NA,NA,NA,"159","Josephine family_moderately deep-Deep complex_5 to 35 slopes",25083
10,"Sites family","No",465035,26549938,NA,NA,NA,NA,"159","Josephine family_moderately deep-Deep complex_5 to 35 slopes",25083
10,"Unnamed","No",465036,26549939,NA,NA,NA,NA,"160","Josephine family_moderately deep-Deep complex_35 to 7 0 percent slopes",10203
10,"Sites family","No",465036,26549940,NA,NA,NA,NA,"160","Josephine family_moderately deep-Deep complex_35 to 7 0 percent slopes",10203
10,"Sites family","No",465036,26549941,NA,NA,NA,NA,"160","Josephine family_moderately deep-Deep complex_35 to 7 0 percent slopes",10203
45,"Josephine","Yes",465036,26549942,9,17,0.15,152,"160","Josephine family_moderately deep-Deep complex_35 to 7 0 percent slopes",10203
25,"Josephine","Yes",465036,26549943,9,17,0.13,200,"160","Josephine family_moderately deep-Deep complex_35 to 7 0 percent slopes",10203
40,"Josephine family","Yes",465037,26549944,9,17,0.15,152,"162","Josephine-Sites families complex_moderately deep_35 to 70 percent slopes",3012
30,"Sites family","Yes",465037,26549945,4.97,18.6,0.15,152,"162","Josephine-Sites families complex_moderately deep_35 to 70 percent slopes",3012
10,"Unnamed","No",465037,26549946,NA,NA,NA,NA,"162","Josephine-Sites families complex_moderately deep_35 to 70 percent slopes",3012
10,"Sites family","No",465037,26549947,NA,NA,NA,NA,"162","Josephine-Sites families complex_moderately deep_35 to 70 percent slopes",3012
10,"Josephine family","No",465037,26549948,NA,NA,NA,NA,"162","Josephine-Sites families complex_moderately deep_35 to 70 percent slopes",3012
10,"Lithic Cryumbrepts","No",465038,26549949,NA,NA,NA,NA,"163","Lithic cryuopsamments-Entic Cryumbrepts-Rock outcrop co mplex_20 to 60 percent slopes",9802
10,"Andic Cryumbrepts","No",465038,26549950,NA,NA,NA,NA,"163","Lithic cryuopsamments-Entic Cryumbrepts-Rock outcrop co mplex_20 to 60 percent slopes",9802
25,"Entic Cryumbrepts","Yes",465038,26549951,92,5,0.06,152,"163","Lithic cryuopsamments-Entic Cryumbrepts-Rock outcrop co mplex_20 to 60 percent slopes",9802
25,"Rock outcrop","Yes",465038,26549952,0.21,NA,NA,25,"163","Lithic cryuopsamments-Entic Cryumbrepts-Rock outcrop co mplex_20 to 60 percent slopes",9802
30,"Lithic Cryopsamments","Yes",465038,26549953,81.92,4.58,0.06,63,"163","Lithic cryuopsamments-Entic Cryumbrepts-Rock outcrop co mplex_20 to 60 percent slopes",9802
20,"Inville family","Yes",465039,26549954,18.5,13.5,0.12,89,"164","Lithic Cryumbrepts-Inville family_moderately deep-Rock complex_10 to 50 percent slopes",19395
40,"Lithic Cryumbrepts","Yes",465039,26549955,42.47,15,0.15,38,"164","Lithic Cryumbrepts-Inville family_moderately deep-Rock complex_10 to 50 percent slopes",19395
15,"Rock outcrop","Yes",465039,26549956,0.21,NA,NA,25,"164","Lithic Cryumbrepts-Inville family_moderately deep-Rock complex_10 to 50 percent slopes",19395
5,"Windy family","No",465039,26549957,NA,NA,NA,NA,"164","Lithic Cryumbrepts-Inville family_moderately deep-Rock complex_10 to 50 percent slopes",19395
10,"Windy family","No",465039,26549958,NA,NA,NA,NA,"164","Lithic Cryumbrepts-Inville family_moderately deep-Rock complex_10 to 50 percent slopes",19395
10,"Inville family","No",465039,26549959,NA,NA,NA,NA,"164","Lithic Cryumbrepts-Inville family_moderately deep-Rock complex_10 to 50 percent slopes",19395
10,"Rubble land","No",465040,26549960,NA,NA,NA,NA,"165","Lithic Cryumbrepts-Rock outcrop complex_10 to 100 perc ent slopes",20565
10,"Andic Cryumbrepts","No",465040,26549961,NA,NA,NA,NA,"165","Lithic Cryumbrepts-Rock outcrop complex_10 to 100 perc ent slopes",20565
50,"Lithic Cryumbrepts","Yes",465040,26549962,42.47,15,0.15,38,"165","Lithic Cryumbrepts-Rock outcrop complex_10 to 100 perc ent slopes",20565
30,"Rock outcrop","Yes",465040,26549963,0.21,NA,NA,25,"165","Lithic Cryumbrepts-Rock outcrop complex_10 to 100 perc ent slopes",20565
40,"Lithic Cryumbrepts","Yes",465041,26549964,42.47,15,0.15,38,"166","Lithic Cryumbrepts-Rock outcrop-Windy family_moderatel y deep complex_5 to 35 percent slopes",9332
30,"Rock outcrop","Yes",465041,26549965,0.21,NA,NA,25,"166","Lithic Cryumbrepts-Rock outcrop-Windy family_moderatel y deep complex_5 to 35 percent slopes",9332
20,"Windy family","Yes",465041,26549966,28,15.78,0.08,152,"166","Lithic Cryumbrepts-Rock outcrop-Windy family_moderatel y deep complex_5 to 35 percent slopes",9332
5,"Unnamed","No",465041,26549967,NA,NA,NA,NA,"166","Lithic Cryumbrepts-Rock outcrop-Windy family_moderatel y deep complex_5 to 35 percent slopes",9332
5,"Lithic Xerumbrepts","No",465041,26549968,NA,NA,NA,NA,"166","Lithic Cryumbrepts-Rock outcrop-Windy family_moderatel y deep complex_5 to 35 percent slopes",9332
5,"Lithic Xerumbrepts","No",465042,26549969,NA,NA,NA,NA,"167","Lithic Cryumbrepts-Rock outcrop-Windy family_moderatel y deep complex_35 to 70 percent slopes",3747
10,"Windy family","No",465042,26549970,NA,NA,NA,NA,"167","Lithic Cryumbrepts-Rock outcrop-Windy family_moderatel y deep complex_35 to 70 percent slopes",3747
40,"Lithic Cryumbrepts","Yes",465042,26549971,42.47,15,0.15,38,"167","Lithic Cryumbrepts-Rock outcrop-Windy family_moderatel y deep complex_35 to 70 percent slopes",3747
25,"Rock outcrop","Yes",465042,26549972,0.21,NA,NA,25,"167","Lithic Cryumbrepts-Rock outcrop-Windy family_moderatel y deep complex_35 to 70 percent slopes",3747
20,"Windy family","Yes",465042,26549973,28,15.78,0.08,152,"167","Lithic Cryumbrepts-Rock outcrop-Windy family_moderatel y deep complex_35 to 70 percent slopes",3747
30,"Rock outcrop","Yes",465043,26549974,0.21,NA,NA,25,"168","Lithic Xeropsamments-Rock outcrop complex_5 to 70 perc ent slopes",6348
40,"Lithic Xeropsamments","Yes",465043,26549975,81.92,4.37,0.06,63,"168","Lithic Xeropsamments-Rock outcrop complex_5 to 70 perc ent slopes",6348
10,"Gerle family","No",465043,26549976,NA,NA,NA,NA,"168","Lithic Xeropsamments-Rock outcrop complex_5 to 70 perc ent slopes",6348
10,"Fiddletown family","No",465043,26549977,NA,NA,NA,NA,"168","Lithic Xeropsamments-Rock outcrop complex_5 to 70 perc ent slopes",6348
10,"Unnamed","No",465043,26549978,NA,NA,NA,NA,"168","Lithic Xeropsamments-Rock outcrop complex_5 to 70 perc ent slopes",6348
5,"Ovall family","No",465044,26549979,NA,NA,NA,NA,"170","Lithic Xerumbrepts-Fiddletown family_moderately deep-Rock outcrop complex_35 to 70 percent slopes",30649
5,"Holland family","No",465044,26549980,NA,NA,NA,NA,"170","Lithic Xerumbrepts-Fiddletown family_moderately deep-Rock outcrop complex_35 to 70 percent slopes",30649
10,"Dystric Xerumbrepts","No",465044,26549981,NA,NA,NA,NA,"170","Lithic Xerumbrepts-Fiddletown family_moderately deep-Rock outcrop complex_35 to 70 percent slopes",30649
40,"Lithic Xerumbrepts","Yes",465044,26549982,54.12,7,0.09,68,"170","Lithic Xerumbrepts-Fiddletown family_moderately deep-Rock outcrop complex_35 to 70 percent slopes",30649
20,"Fiddletown family","Yes",465044,26549983,28,12,0.11,152,"170","Lithic Xerumbrepts-Fiddletown family_moderately deep-Rock outcrop complex_35 to 70 percent slopes",30649
20,"Rock outcrop","Yes",465044,26549984,0.21,NA,NA,25,"170","Lithic Xerumbrepts-Fiddletown family_moderately deep-Rock outcrop complex_35 to 70 percent slopes",30649
30,"Holland family","Yes",465045,26549985,9,12.48,0.16,200,"171","Lithic Xerumbrepts-Holland family_deep_association_5 percent slopes",2493
50,"Lithic Xerumbrepts","Yes",465045,26549986,31.08,7,0.07,68,"171","Lithic Xerumbrepts-Holland family_deep_association_5 percent slopes",2493
10,"Holland family","No",465045,26549987,NA,NA,NA,NA,"171","Lithic Xerumbrepts-Holland family_deep_association_5 percent slopes",2493
10,"Rock outcrop","No",465045,26549988,NA,NA,NA,NA,"171","Lithic Xerumbrepts-Holland family_deep_association_5 percent slopes",2493
5,"Lithic Xeropsamments","No",465046,26549989,NA,NA,NA,NA,"172","Lithic Xerumbrepts-Holland family_deep_association_3 5 to 70 percent slopes",6359
10,"Holland family","No",465046,26549990,NA,NA,NA,NA,"172","Lithic Xerumbrepts-Holland family_deep_association_3 5 to 70 percent slopes",6359
10,"Ovall family","No",465046,26549991,NA,NA,NA,NA,"172","Lithic Xerumbrepts-Holland family_deep_association_3 5 to 70 percent slopes",6359
40,"Lithic Xerumbrepts","Yes",465046,26549992,31.08,7,0.07,68,"172","Lithic Xerumbrepts-Holland family_deep_association_3 5 to 70 percent slopes",6359
35,"Holland family","Yes",465046,26549993,9,12.48,0.16,200,"172","Lithic Xerumbrepts-Holland family_deep_association_3 5 to 70 percent slopes",6359
30,"Rock outcrop","Yes",465047,26549994,0.21,NA,NA,25,"173","Lithic Xerumbrepts-Rock outcrop complex_5 to 35 percen t slopes",1309
55,"Lithic Xerumbrepts","Yes",465047,26549995,39,15,0.09,50,"173","Lithic Xerumbrepts-Rock outcrop complex_5 to 35 percen t slopes",1309
5,"Unnamed","No",465047,26549996,NA,NA,NA,NA,"173","Lithic Xerumbrepts-Rock outcrop complex_5 to 35 percen t slopes",1309
10,"Unnamed","No",465047,26549997,NA,NA,NA,NA,"173","Lithic Xerumbrepts-Rock outcrop complex_5 to 35 percen t slopes",1309
5,"Unnamed","No",465048,26549998,NA,NA,NA,NA,"174","Lithic Xerumbrepts-Rock outcrop complex_35 to 70 perce nt slopes",10940
10,"Unnamed","No",465048,26549999,NA,NA,NA,NA,"174","Lithic Xerumbrepts-Rock outcrop complex_35 to 70 perce nt slopes",10940
55,"Lithic Xerumbrepts","Yes",465048,26550000,31.08,7,0.07,68,"174","Lithic Xerumbrepts-Rock outcrop complex_35 to 70 perce nt slopes",10940
30,"Rock outcrop","Yes",465048,26550001,0.21,NA,NA,25,"174","Lithic Xerumbrepts-Rock outcrop complex_35 to 70 perce nt slopes",10940
20,"McCarthy family","Yes",465049,26550002,28,15,0.09,114,"175","Lithic Xerumbrepts-Rock outcrop-McCarthy family_modera tely deep complex_5 to 60 percent slopes",20348
20,"Rock outcrop","Yes",465049,26550003,0.21,NA,NA,25,"175","Lithic Xerumbrepts-Rock outcrop-McCarthy family_modera tely deep complex_5 to 60 percent slopes",20348
40,"Lithic Xerumbrepts","Yes",465049,26550004,39,15,0.15,50,"175","Lithic Xerumbrepts-Rock outcrop-McCarthy family_modera tely deep complex_5 to 60 percent slopes",20348
10,"Unnamed","No",465049,26550005,NA,NA,NA,NA,"175","Lithic Xerumbrepts-Rock outcrop-McCarthy family_modera tely deep complex_5 to 60 percent slopes",20348
10,"McCarthy family","No",465049,26550006,NA,NA,NA,NA,"175","Lithic Xerumbrepts-Rock outcrop-McCarthy family_modera tely deep complex_5 to 60 percent slopes",20348
12,"Rock outcrop","No",465050,26550007,NA,NA,NA,NA,"176","McCarthy family_deep-Moderately deep complex_5 to 35 percent slopes",14944
13,"Lithic Xerumbrepts","No",465050,26550008,NA,NA,NA,NA,"176","McCarthy family_deep-Moderately deep complex_5 to 35 percent slopes",14944
20,"McCarthy family","Yes",465050,26550009,28,15,0.09,114,"176","McCarthy family_deep-Moderately deep complex_5 to 35 percent slopes",14944
55,"McCarthy family","Yes",465050,26550010,28,18.92,0.09,152,"176","McCarthy family_deep-Moderately deep complex_5 to 35 percent slopes",14944
25,"McCarthy family","Yes",465051,26550011,28,15,0.09,114,"177","McCarthy family_deep-Moderately deep complex_35 to 50 slopes",1538
50,"McCarthy family","Yes",465051,26550012,28,18.92,0.09,152,"177","McCarthy family_deep-Moderately deep complex_35 to 50 slopes",1538
5,"Holland family","No",465051,26550013,NA,NA,NA,NA,"177","McCarthy family_deep-Moderately deep complex_35 to 50 slopes",1538
10,"Rock outcrop","No",465051,26550014,NA,NA,NA,NA,"177","McCarthy family_deep-Moderately deep complex_35 to 50 slopes",1538
10,"Lithic Xerumbrepts","No",465051,26550015,NA,NA,NA,NA,"177","McCarthy family_deep-Moderately deep complex_35 to 50 slopes",1538
10,"Rock outcrop","No",465052,26550016,NA,NA,NA,NA,"178","McCarthy_deep-Moderately deep-Holland_dark surface fa milies complex_5 to 35 percent slopes",5314
10,"Lithic Xerumbrepts","No",465052,26550017,NA,NA,NA,NA,"178","McCarthy_deep-Moderately deep-Holland_dark surface fa milies complex_5 to 35 percent slopes",5314
40,"McCarthy family","Yes",465052,26550018,28,18.92,0.09,152,"178","McCarthy_deep-Moderately deep-Holland_dark surface fa milies complex_5 to 35 percent slopes",5314
20,"McCarthy family","Yes",465052,26550019,28,15,0.09,114,"178","McCarthy_deep-Moderately deep-Holland_dark surface fa milies complex_5 to 35 percent slopes",5314
20,"Holland family","Yes",465052,26550020,9,13.5,0.16,137,"178","McCarthy_deep-Moderately deep-Holland_dark surface fa milies complex_5 to 35 percent slopes",5314
25,"McCarthy family","Yes",465053,26550021,28,18.92,0.09,152,"179","McCarthy family_moderately deep-Deep complex_5 to 35 percent slopes",12025
60,"McCarthy family","Yes",465053,26550022,28,15,0.09,114,"179","McCarthy family_moderately deep-Deep complex_5 to 35 percent slopes",12025
5,"Rock outcrop","No",465053,26550023,NA,NA,NA,NA,"179","McCarthy family_moderately deep-Deep complex_5 to 35 percent slopes",12025
10,"Lithic Xerumbrepts","No",465053,26550024,NA,NA,NA,NA,"179","McCarthy family_moderately deep-Deep complex_5 to 35 percent slopes",12025
10,"Rock outcrop","No",465054,26550025,NA,NA,NA,NA,"180","McCarthy family_moderately deep-Deep complex_35 to 60 slopes",3856
10,"Lithic Xerumbrepts","No",465054,26550026,NA,NA,NA,NA,"180","McCarthy family_moderately deep-Deep complex_35 to 60 slopes",3856
50,"McCarthy family","Yes",465054,26550027,28,15,0.09,114,"180","McCarthy family_moderately deep-Deep complex_35 to 60 slopes",3856
30,"McCarthy family","Yes",465054,26550028,28,18.92,0.09,152,"180","McCarthy family_moderately deep-Deep complex_35 to 60 slopes",3856
50,"McCarthy family","Yes",465055,26550029,28,15,0.09,114,"181","McCarthy family_moderately deep-Rock outcrop associati on_5 to 35 percent slopes",1365
25,"Rock outcrop","Yes",465055,26550030,0.21,NA,NA,25,"181","McCarthy family_moderately deep-Rock outcrop associati on_5 to 35 percent slopes",1365
5,"Unnamed","No",465055,26550031,NA,NA,NA,NA,"181","McCarthy family_moderately deep-Rock outcrop associati on_5 to 35 percent slopes",1365
10,"McCarthy family","No",465055,26550032,NA,NA,NA,NA,"181","McCarthy family_moderately deep-Rock outcrop associati on_5 to 35 percent slopes",1365
10,"Lithic Xerumbrepts","No",465055,26550033,NA,NA,NA,NA,"181","McCarthy family_moderately deep-Rock outcrop associati on_5 to 35 percent slopes",1365
5,"Unnamed","No",465056,26550034,NA,NA,NA,NA,"182","Pinole-Holland_deep families association_5 to 35 perc ent slope s",2932
5,"Unnamed","No",465056,26550035,NA,NA,NA,NA,"182","Pinole-Holland_deep families association_5 to 35 perc ent slope s",2932
10,"Josephine family","No",465056,26550036,NA,NA,NA,NA,"182","Pinole-Holland_deep families association_5 to 35 perc ent slope s",2932
30,"Holland family","Yes",465056,26550037,9,12.48,0.16,200,"182","Pinole-Holland_deep families association_5 to 35 perc ent slope s",2932
50,"Pinole family","Yes",465056,26550038,6.23,15,0.16,200,"182","Pinole-Holland_deep families association_5 to 35 perc ent slope s",2932
85,"Rock outcrop","Yes",465057,26550039,0.21,NA,NA,25,"183","Rock outcrop",131577
5,"Unnamed","No",465057,26550040,NA,NA,NA,NA,"183","Rock outcrop",131577
10,"Unnamed","No",465057,26550041,NA,NA,NA,NA,"183","Rock outcrop",131577
10,"Lithic Cryopsamments","No",465058,26550042,NA,NA,NA,NA,"184","Rock outcrop-Entic Cryumbrepts complex_10 to 50 percen t slopes",9505
30,"Entic Cryumbrepts","Yes",465058,26550043,92,5,0.06,152,"184","Rock outcrop-Entic Cryumbrepts complex_10 to 50 percen t slopes",9505
60,"Rock outcrop","Yes",465058,26550044,0.21,NA,NA,25,"184","Rock outcrop-Entic Cryumbrepts complex_10 to 50 percen t slopes",9505
30,"Fiddletown family","Yes",465059,26550045,28,12,0.11,152,"185","Rock outcrop-Fiddletown family_moderately deep complex _35 to 70 percent slopes",8870
50,"Rock outcrop","Yes",465059,26550046,0.21,NA,NA,25,"185","Rock outcrop-Fiddletown family_moderately deep complex _35 to 70 percent slopes",8870
5,"Unnamed","No",465059,26550047,NA,NA,NA,NA,"185","Rock outcrop-Fiddletown family_moderately deep complex _35 to 70 percent slopes",8870
5,"Holland family","No",465059,26550048,NA,NA,NA,NA,"185","Rock outcrop-Fiddletown family_moderately deep complex _35 to 70 percent slopes",8870
10,"Lithic Xerumbrepts","No",465059,26550049,NA,NA,NA,NA,"185","Rock outcrop-Fiddletown family_moderately deep complex _35 to 70 percent slopes",8870
5,"Gerle family","No",465060,26550050,NA,NA,NA,NA,"186","Rock outcrop-Gerle family_bouldery complex_5 to 35 pe rcent slopes",10194
5,"Gerle family","No",465060,26550051,NA,NA,NA,NA,"186","Rock outcrop-Gerle family_bouldery complex_5 to 35 pe rcent slopes",10194
10,"Lithic Xeropsamments","No",465060,26550052,NA,NA,NA,NA,"186","Rock outcrop-Gerle family_bouldery complex_5 to 35 pe rcent slopes",10194
15,"Gerle family","Yes",465060,26550053,28,8.75,0.11,152,"186","Rock outcrop-Gerle family_bouldery complex_5 to 35 pe rcent slopes",10194
60,"Rock outcrop","Yes",465060,26550054,0.21,NA,NA,25,"186","Rock outcrop-Gerle family_bouldery complex_5 to 35 pe rcent slopes",10194
60,"Rock outcrop","Yes",465061,26550055,0.21,NA,NA,25,"187","Rock outcrop-Gerle family_bouldery complex_35 to 50 p ercent sl slopes",3958
15,"Gerle family","Yes",465061,26550056,28,8.75,0.11,152,"187","Rock outcrop-Gerle family_bouldery complex_35 to 50 p ercent sl slopes",3958
5,"Gerle family","No",465061,26550057,NA,NA,NA,NA,"187","Rock outcrop-Gerle family_bouldery complex_35 to 50 p ercent sl slopes",3958
10,"Gerle family","No",465061,26550058,NA,NA,NA,NA,"187","Rock outcrop-Gerle family_bouldery complex_35 to 50 p ercent sl slopes",3958
10,"Lithic Xeropsamments","No",465061,26550059,NA,NA,NA,NA,"187","Rock outcrop-Gerle family_bouldery complex_35 to 50 p ercent sl slopes",3958
10,"Sites family","No",465062,26550060,NA,NA,NA,NA,"188","Sites family_deep_5 to 35 percent slopes",2309
10,"Josephine family","No",465062,26550061,NA,NA,NA,NA,"188","Sites family_deep_5 to 35 percent slopes",2309
10,"Unnamed","No",465062,26550062,NA,NA,NA,NA,"188","Sites family_deep_5 to 35 percent slopes",2309
70,"Sites family","Yes",465062,26550063,5.85,20,0.14,162,"188","Sites family_deep_5 to 35 percent slopes",2309
50,"Sites family","Yes",465063,26550064,4.97,18.6,0.15,152,"189","Sites familiy_moderately deep-Deep complex_5 to 35 pe rcent slopes",2385
30,"Sites family","Yes",465063,26550065,5.85,20,0.14,200,"189","Sites familiy_moderately deep-Deep complex_5 to 35 pe rcent slopes",2385
5,"Holland family","No",465063,26550066,NA,NA,NA,NA,"189","Sites familiy_moderately deep-Deep complex_5 to 35 pe rcent slopes",2385
5,"Rock outcrop","No",465063,26550067,NA,NA,NA,NA,"189","Sites familiy_moderately deep-Deep complex_5 to 35 pe rcent slopes",2385
5,"Josephine family","No",465063,26550068,NA,NA,NA,NA,"189","Sites familiy_moderately deep-Deep complex_5 to 35 pe rcent slopes",2385
5,"Unnamed","No",465063,26550069,NA,NA,NA,NA,"189","Sites familiy_moderately deep-Deep complex_5 to 35 pe rcent slopes",2385
5,"Rock outcrop","No",465064,26550070,NA,NA,NA,NA,"190","Ultic Haploxeralfs-Red Bluff family complex_35 to 60 p ercent slopes",8206
5,"Lithic Xerumbrepts","No",465064,26550071,NA,NA,NA,NA,"190","Ultic Haploxeralfs-Red Bluff family complex_35 to 60 p ercent slopes",8206
60,"Ultic Haploxeralfs","Yes",465064,26550072,17.31,12,0.14,152,"190","Ultic Haploxeralfs-Red Bluff family complex_35 to 60 p ercent slopes",8206
30,"Red Bluff family","Yes",465064,26550073,3.33,15.42,0.16,200,"190","Ultic Haploxeralfs-Red Bluff family complex_35 to 60 p ercent slopes",8206
30,"Ovall family","Yes",465065,26550074,28,8.08,0.13,109,"191","Wilder-Ovall familis complex_5 to 35 percent slopes",12874
50,"Wilder family","Yes",465065,26550075,28,9.46,0.13,304,"191","Wilder-Ovall familis complex_5 to 35 percent slopes",12874
10,"Fiddletown family","No",465065,26550076,NA,NA,NA,NA,"191","Wilder-Ovall familis complex_5 to 35 percent slopes",12874
10,"Josephine family","No",465065,26550077,NA,NA,NA,NA,"191","Wilder-Ovall familis complex_5 to 35 percent slopes",12874
10,"Fiddletown family","No",465066,26550078,NA,NA,NA,NA,"192","Wilder-Ovall families complex_35 to 50 percent slopes",5430
10,"Josephine family","No",465066,26550079,NA,NA,NA,NA,"192","Wilder-Ovall families complex_35 to 50 percent slopes",5430
50,"Wilder family","Yes",465066,26550080,28,9.46,0.13,200,"192","Wilder-Ovall families complex_35 to 50 percent slopes",5430
30,"Ovall family","Yes",465066,26550081,28,8.08,0.13,109,"192","Wilder-Ovall families complex_35 to 50 percent slopes",5430
50,"Windy family","Yes",465067,26550082,28,16.08,0.08,152,"193","Windy family_deep-Moderately deep complex_5 to 35 per cent slopes",23388
25,"Windy family","Yes",465067,26550083,28,15.78,0.08,152,"193","Windy family_deep-Moderately deep complex_5 to 35 per cent slopes",23388
5,"Holland family","No",465067,26550084,NA,NA,NA,NA,"193","Windy family_deep-Moderately deep complex_5 to 35 per cent slopes",23388
10,"Rock outcrop","No",465067,26550085,NA,NA,NA,NA,"193","Windy family_deep-Moderately deep complex_5 to 35 per cent slopes",23388
10,"Lithic Xerumbrepts","No",465067,26550086,NA,NA,NA,NA,"193","Windy family_deep-Moderately deep complex_5 to 35 per cent slopes",23388
10,"Unnamed","No",465068,26550087,NA,NA,NA,NA,"194","Windy family_deep-Moderately deep complex_35 to 50 pe rcent slopes",13141
10,"Unnamed","No",465068,26550088,NA,NA,NA,NA,"194","Windy family_deep-Moderately deep complex_35 to 50 pe rcent slopes",13141
10,"Holland family","No",465068,26550089,NA,NA,NA,NA,"194","Windy family_deep-Moderately deep complex_35 to 50 pe rcent slopes",13141
45,"Windy family","Yes",465068,26550090,28,16.08,0.08,152,"194","Windy family_deep-Moderately deep complex_35 to 50 pe rcent slopes",13141
25,"Windy family","Yes",465068,26550091,28,15.78,0.08,152,"194","Windy family_deep-Moderately deep complex_35 to 50 pe rcent slopes",13141
30,"Windy family","Yes",465069,26550092,28,16.08,0.08,152,"195","Windy family_moderately deep-Deep complex_5 to 35 per cent slopes",13905
50,"Windy family","Yes",465069,26550093,28,15.78,0.08,152,"195","Windy family_moderately deep-Deep complex_5 to 35 per cent slopes",13905
10,"Rock outcrop","No",465069,26550094,NA,NA,NA,NA,"195","Windy family_moderately deep-Deep complex_5 to 35 per cent slopes",13905
10,"Lithic Xerumbrepts","No",465069,26550095,NA,NA,NA,NA,"195","Windy family_moderately deep-Deep complex_5 to 35 per cent slopes",13905
10,"Rock outcrop","No",465070,26550096,NA,NA,NA,NA,"196","Windy family_moderately deep-Deep complex_35 to 60 pe rcent slopes",8218
10,"Lithic Xerumbrepts","No",465070,26550097,NA,NA,NA,NA,"196","Windy family_moderately deep-Deep complex_35 to 60 pe rcent slopes",8218
50,"Windy family","Yes",465070,26550098,28,15.78,0.08,152,"196","Windy family_moderately deep-Deep complex_35 to 60 pe rcent slopes",8218
30,"Windy family","Yes",465070,26550099,28,16.08,0.08,152,"196","Windy family_moderately deep-Deep complex_35 to 60 pe rcent slopes",8218
80,"Wintoner family","Yes",465071,26550100,6.86,21.02,0.14,152,"197","Wintoner family_5 to 35 percent slopes",14796
5,"Rock outcrop","No",465071,26550101,NA,NA,NA,NA,"197","Wintoner family_5 to 35 percent slopes",14796
5,"Lithic Xerumbrepts","No",465071,26550102,NA,NA,NA,NA,"197","Wintoner family_5 to 35 percent slopes",14796
10,"Fiddletown family","No",465071,26550103,NA,NA,NA,NA,"197","Wintoner family_5 to 35 percent slopes",14796
10,"Windy family","No",465072,26550104,NA,NA,NA,NA,"198","Wintoner-Inville families complex_15 to 40 percent slo pes",1406
10,"Windy family","No",465072,26550105,NA,NA,NA,NA,"198","Wintoner-Inville families complex_15 to 40 percent slo pes",1406
10,"Holland family","No",465072,26550106,NA,NA,NA,NA,"198","Wintoner-Inville families complex_15 to 40 percent slo pes",1406
40,"Wintoner family","Yes",465072,26550107,6.86,21.02,0.14,152,"198","Wintoner-Inville families complex_15 to 40 percent slo pes",1406
30,"Inville family","Yes",465072,26550108,18.5,13.5,0.12,137,"198","Wintoner-Inville families complex_15 to 40 percent slo pes",1406
50,"Wintoner family","Yes",465073,26550109,6.86,21.02,0.14,152,"199","Wintoner-Tallac families complex_15 to 40 percent slop es",19926
20,"Tallac family","Yes",465073,26550110,28,8.8,0.06,200,"199","Wintoner-Tallac families complex_15 to 40 percent slop es",19926
10,"Rock outcrop","No",465073,26550111,NA,NA,NA,NA,"199","Wintoner-Tallac families complex_15 to 40 percent slop es",19926
10,"Unnamed","No",465073,26550112,NA,NA,NA,NA,"199","Wintoner-Tallac families complex_15 to 40 percent slop es",19926
10,"Lithic Xerumbrepts","No",465073,26550113,NA,NA,NA,NA,"199","Wintoner-Tallac families complex_15 to 40 percent slop es",19926
10,"Unnamed","No",465074,26550114,NA,NA,NA,NA,"200","Xerolls_1 to 10 percent slopes",2806
90,"Xerolls","Yes",465074,26550115,9,13.68,0.16,152,"200","Xerolls_1 to 10 percent slopes",2806
100,"Water","Yes",465075,26550116,NA,NA,NA,NA,"W","Water",3216
40,"Lithnip","Yes",1670092,26550117,9.58,12.5,0.05,38,"100ty","Lithnip-Hawkinspeak-Rock outcrop complex_30 to 75 percent slopes",1817
30,"Hawkinspeak","Yes",1670092,26550118,17.74,19.97,0.1,109,"100ty","Lithnip-Hawkinspeak-Rock outcrop complex_30 to 75 percent slopes",1817
15,"Rock outcrop","Yes",1670092,26550119,NA,NA,NA,NA,"100ty","Lithnip-Hawkinspeak-Rock outcrop complex_30 to 75 percent slopes",1817
3,"Typic Cryaquolls","No",1670092,26550120,59.6,11.74,0.06,152,"100ty","Lithnip-Hawkinspeak-Rock outcrop complex_30 to 75 percent slopes",1817
1,"Aspocket","No",1670092,26550121,21.54,19.34,0.11,163,"100ty","Lithnip-Hawkinspeak-Rock outcrop complex_30 to 75 percent slopes",1817
1,"Chutes","No",1670092,26550122,NA,NA,NA,NA,"100ty","Lithnip-Hawkinspeak-Rock outcrop complex_30 to 75 percent slopes",1817
5,"Lostridge","No",1670092,26550123,28,NA,0.11,99,"100ty","Lithnip-Hawkinspeak-Rock outcrop complex_30 to 75 percent slopes",1817
3,"Hawkinspeak","No",1670092,26550124,17.74,19.97,0.1,109,"100ty","Lithnip-Hawkinspeak-Rock outcrop complex_30 to 75 percent slopes",1817
2,"Hawkridge","No",1670092,26550125,13.32,20.25,0.1,61,"100ty","Lithnip-Hawkinspeak-Rock outcrop complex_30 to 75 percent slopes",1817
1,"Chutes","No",1670093,26550126,NA,NA,NA,NA,"101ty","Lithnip-Rock outcrop-Fishsnooze complex_30 to 75 percent slopes",10032
25,"Rock outcrop","Yes",1670093,26550127,NA,NA,NA,NA,"101ty","Lithnip-Rock outcrop-Fishsnooze complex_30 to 75 percent slopes",10032
20,"Fishsnooze","Yes",1670093,26550128,28,NA,0.09,114,"101ty","Lithnip-Rock outcrop-Fishsnooze complex_30 to 75 percent slopes",10032
40,"Lithnip","Yes",1670093,26550129,9.58,12.5,0.06,38,"101ty","Lithnip-Rock outcrop-Fishsnooze complex_30 to 75 percent slopes",10032
3,"Lithnip","No",1670093,26550130,9.58,12.5,0.06,38,"101ty","Lithnip-Rock outcrop-Fishsnooze complex_30 to 75 percent slopes",10032
3,"Hawkinspeak","No",1670093,26550131,17.74,19.97,0.1,109,"101ty","Lithnip-Rock outcrop-Fishsnooze complex_30 to 75 percent slopes",10032
2,"Hawkridge","No",1670093,26550132,13.32,20.25,0.1,61,"101ty","Lithnip-Rock outcrop-Fishsnooze complex_30 to 75 percent slopes",10032
1,"Pachic Argicryolls","No",1670093,26550133,17.74,19.97,0.1,142,"101ty","Lithnip-Rock outcrop-Fishsnooze complex_30 to 75 percent slopes",10032
1,"Glaciers","No",1670093,26550134,NA,NA,NA,NA,"101ty","Lithnip-Rock outcrop-Fishsnooze complex_30 to 75 percent slopes",10032
1,"Thiefridge","No",1670093,26550135,27.92,27.48,0.11,68,"101ty","Lithnip-Rock outcrop-Fishsnooze complex_30 to 75 percent slopes",10032
1,"Florand","No",1670093,26550136,28,18.57,0.11,152,"101ty","Lithnip-Rock outcrop-Fishsnooze complex_30 to 75 percent slopes",10032
1,"Fishsnooze","No",1670093,26550137,28,NA,0.09,114,"101ty","Lithnip-Rock outcrop-Fishsnooze complex_30 to 75 percent slopes",10032
1,"Fishsnooze","No",1670093,26550138,28,30,0.09,114,"101ty","Lithnip-Rock outcrop-Fishsnooze complex_30 to 75 percent slopes",10032
25,"Rock outcrop","Yes",1670094,26550139,NA,NA,NA,NA,"102ty","Lithnip-Rock outcrop-Fishsnooze complex_8 to 30 percent slopes",776
20,"Fishsnooze","Yes",1670094,26550140,28,NA,0.09,114,"102ty","Lithnip-Rock outcrop-Fishsnooze complex_8 to 30 percent slopes",776
2,"Lithnip","No",1670094,26550141,9.58,12.5,0.06,38,"102ty","Lithnip-Rock outcrop-Fishsnooze complex_8 to 30 percent slopes",776
40,"Lithnip","Yes",1670094,26550142,9.58,12.5,0.06,38,"102ty","Lithnip-Rock outcrop-Fishsnooze complex_8 to 30 percent slopes",776
3,"Hawkinspeak","No",1670094,26550143,17.74,19.97,0.1,109,"102ty","Lithnip-Rock outcrop-Fishsnooze complex_8 to 30 percent slopes",776
2,"Hawkridge","No",1670094,26550144,13.32,20.25,0.1,61,"102ty","Lithnip-Rock outcrop-Fishsnooze complex_8 to 30 percent slopes",776
2,"Rubble land","No",1670094,26550145,NA,NA,NA,NA,"102ty","Lithnip-Rock outcrop-Fishsnooze complex_8 to 30 percent slopes",776
2,"Thiefridge","No",1670094,26550146,27.92,27.48,0.11,68,"102ty","Lithnip-Rock outcrop-Fishsnooze complex_8 to 30 percent slopes",776
1,"Florand","No",1670094,26550147,28,18.57,0.11,152,"102ty","Lithnip-Rock outcrop-Fishsnooze complex_8 to 30 percent slopes",776
1,"Fishsnooze","No",1670094,26550148,28,30,0.09,114,"102ty","Lithnip-Rock outcrop-Fishsnooze complex_8 to 30 percent slopes",776
1,"Aspocket","No",1670094,26550149,21.54,19.34,0.11,163,"102ty","Lithnip-Rock outcrop-Fishsnooze complex_8 to 30 percent slopes",776
1,"Glaciers","No",1670094,26550150,NA,NA,NA,NA,"102ty","Lithnip-Rock outcrop-Fishsnooze complex_8 to 30 percent slopes",776
25,"Jobsis","Yes",1670095,26550151,92,NA,0.04,152,"111ty","Whittell-Jobsis-Rock outcrop complex_30 to 75 percent slopes",7
15,"Rock outcrop","Yes",1670095,26550152,NA,NA,NA,NA,"111ty","Whittell-Jobsis-Rock outcrop complex_30 to 75 percent slopes",7
3,"Typic Cryorthents","No",1670095,26550153,92,NA,0.04,152,"111ty","Whittell-Jobsis-Rock outcrop complex_30 to 75 percent slopes",7
3,"Typic Cryorthents","No",1670095,26550154,92,NA,0.04,152,"111ty","Whittell-Jobsis-Rock outcrop complex_30 to 75 percent slopes",7
2,"Klauspeak","No",1670095,26550155,92,11.1,0.06,152,"111ty","Whittell-Jobsis-Rock outcrop complex_30 to 75 percent slopes",7
1,"Waterpeak","No",1670095,26550156,92,10,0.06,152,"111ty","Whittell-Jobsis-Rock outcrop complex_30 to 75 percent slopes",7
2,"Shalgran","No",1670095,26550157,66.52,11.06,0.06,152,"111ty","Whittell-Jobsis-Rock outcrop complex_30 to 75 percent slopes",7
1,"Buggin","No",1670095,26550158,46.36,9.66,0.06,66,"111ty","Whittell-Jobsis-Rock outcrop complex_30 to 75 percent slopes",7
1,"Typic Cryorthents","No",1670095,26550159,92,NA,0.04,152,"111ty","Whittell-Jobsis-Rock outcrop complex_30 to 75 percent slopes",7
1,"Chutes","No",1670095,26550160,NA,NA,NA,NA,"111ty","Whittell-Jobsis-Rock outcrop complex_30 to 75 percent slopes",7
1,"Glaciers","No",1670095,26550161,NA,NA,NA,NA,"111ty","Whittell-Jobsis-Rock outcrop complex_30 to 75 percent slopes",7
45,"Whittell","Yes",1670095,26550162,102,NA,0.04,152,"111ty","Whittell-Jobsis-Rock outcrop complex_30 to 75 percent slopes",7
40,"Sofgran","Yes",1670096,26550163,92,NA,0.05,152,"130ty","Sofgran-Klauspeak-Temo association",303
30,"Klauspeak","Yes",1670096,26550164,92,11.1,0.06,152,"130ty","Sofgran-Klauspeak-Temo association",303
15,"Temo","Yes",1670096,26550165,75.62,NA,0.05,152,"130ty","Sofgran-Klauspeak-Temo association",303
4,"Rock outcrop","No",1670096,26550166,NA,NA,NA,NA,"130ty","Sofgran-Klauspeak-Temo association",303
4,"Shalgran","No",1670096,26550167,66.52,11.06,0.06,152,"130ty","Sofgran-Klauspeak-Temo association",303
3,"Xeric Humicryepts","No",1670096,26550168,92,11.1,0.06,160,"130ty","Sofgran-Klauspeak-Temo association",303
2,"Stumpatil","No",1670096,26550169,28,11.2,0.08,152,"130ty","Sofgran-Klauspeak-Temo association",303
1,"Hopeval","No",1670096,26550170,13.56,17.66,0.17,152,"130ty","Sofgran-Klauspeak-Temo association",303
1,"Aquic Haplocryolls","No",1670096,26550171,28,20.6,0.09,152,"130ty","Sofgran-Klauspeak-Temo association",303
1,"Lostcannon","No",1670098,26550172,28,20.58,0.11,152,"131ty","Sofgran-Temo-Shalgran association",636
3,"Waterpeak","No",1670098,26550173,92,10.65,0.06,152,"131ty","Sofgran-Temo-Shalgran association",636
40,"Sofgran","Yes",1670098,26550174,92,NA,0.05,152,"131ty","Sofgran-Temo-Shalgran association",636
25,"Temo","Yes",1670098,26550175,75.62,NA,0.05,152,"131ty","Sofgran-Temo-Shalgran association",636
20,"Shalgran","Yes",1670098,26550176,66.52,11.06,0.06,152,"131ty","Sofgran-Temo-Shalgran association",636
2,"Rock outcrop","No",1670098,26550177,NA,NA,NA,NA,"131ty","Sofgran-Temo-Shalgran association",636
2,"Waterpeak","No",1670098,26550178,92,10,0.06,152,"131ty","Sofgran-Temo-Shalgran association",636
2,"Klauspeak","No",1670098,26550179,92,11.1,0.06,152,"131ty","Sofgran-Temo-Shalgran association",636
1,"Hopeval","No",1670098,26550180,13.56,17.66,0.17,152,"131ty","Sofgran-Temo-Shalgran association",636
4,"Buggin","No",1670098,26550181,46.36,9.66,0.06,66,"131ty","Sofgran-Temo-Shalgran association",636
3,"Hopeval","No",1670099,26550182,13.56,22.99,0.18,152,"240ty","Granylith-Hargran-Rock outcrop complex_8 to 30 percent slopes",261
3,"Typic Cryaquolls","No",1670099,26550183,50.1,16.08,0.15,152,"240ty","Granylith-Hargran-Rock outcrop complex_8 to 30 percent slopes",261
5,"Aquic Haplocryolls","No",1670099,26550184,28,20.6,0.09,152,"240ty","Granylith-Hargran-Rock outcrop complex_8 to 30 percent slopes",261
4,"Stumpatil","No",1670099,26550185,28,11.2,0.08,152,"240ty","Granylith-Hargran-Rock outcrop complex_8 to 30 percent slopes",261
45,"Granylith","Yes",1670099,26550186,69.92,6.26,0.04,63,"240ty","Granylith-Hargran-Rock outcrop complex_8 to 30 percent slopes",261
25,"Hargran","Yes",1670099,26550187,38.32,NA,0.14,124,"240ty","Granylith-Hargran-Rock outcrop complex_8 to 30 percent slopes",261
15,"Rock outcrop","Yes",1670099,26550188,NA,NA,NA,NA,"240ty","Granylith-Hargran-Rock outcrop complex_8 to 30 percent slopes",261
3,"Stumpatil","No",1670100,26550189,28,11.2,0.08,152,"250ty","Florand-Lostridge-Fishsnooze association",531
2,"Morscour","No",1670100,26550190,35.54,14,0.08,61,"250ty","Florand-Lostridge-Fishsnooze association",531
3,"Lithnip","No",1670100,26550191,9.58,12.5,0.06,38,"250ty","Florand-Lostridge-Fishsnooze association",531
3,"Aquic Haplocryolls","No",1670100,26550192,28,20.6,0.09,152,"250ty","Florand-Lostridge-Fishsnooze association",531
2,"Typic Cryaquolls","No",1670100,26550193,59.6,11.74,0.06,152,"250ty","Florand-Lostridge-Fishsnooze association",531
2,"Lithnip","No",1670100,26550194,9.58,12.5,0.06,38,"250ty","Florand-Lostridge-Fishsnooze association",531
40,"Florand","Yes",1670100,26550195,28,18.57,0.11,152,"250ty","Florand-Lostridge-Fishsnooze association",531
30,"Lostridge","Yes",1670100,26550196,28,NA,0.11,99,"250ty","Florand-Lostridge-Fishsnooze association",531
15,"Fishsnooze","Yes",1670100,26550197,28,NA,0.09,114,"250ty","Florand-Lostridge-Fishsnooze association",531
1,"Aspocket","No",1670101,26550198,21.54,19.34,0.11,163,"260ty","Hawkridge-Hawkinspeak association",77
2,"Typic Cryaquolls","No",1670101,26550199,59.6,11.74,0.06,152,"260ty","Hawkridge-Hawkinspeak association",77
3,"Thiefridge","No",1670101,26550200,27.92,23.5,0.11,68,"260ty","Hawkridge-Hawkinspeak association",77
4,"Lostridge","No",1670101,26550201,28,NA,0.11,99,"260ty","Hawkridge-Hawkinspeak association",77
3,"Rock outcrop","No",1670101,26550202,NA,NA,NA,NA,"260ty","Hawkridge-Hawkinspeak association",77
2,"Lithnip","No",1670101,26550203,9.58,12.5,0.06,38,"260ty","Hawkridge-Hawkinspeak association",77
35,"Hawkridge","Yes",1670101,26550204,13.32,20.08,0.09,61,"260ty","Hawkridge-Hawkinspeak association",77
30,"Hawkinspeak","Yes",1670101,26550205,17.74,19.97,0.1,109,"260ty","Hawkridge-Hawkinspeak association",77
20,"Hawkinspeak","Yes",1670101,26550206,17.74,19.97,0.1,109,"260ty","Hawkridge-Hawkinspeak association",77
55,"Chaix","Yes",1670104,26550207,28,7.78,0.09,152,"108ef","Chaix-Pilliken coarse sandy loams_30 to 75 percent slopes",569
25,"Pilliken","Yes",1670104,26550208,28,10,0.11,200,"108ef","Chaix-Pilliken coarse sandy loams_30 to 75 percent slopes",569
60,"Chaix","Yes",1670105,26550209,28,10.42,0.09,111,"109ef","Chaix-Rock outcrop complex_30 to 75 percent slopes_N Low Montane",337
20,"Rock outcrop","Yes",1670105,26550210,0,NA,NA,10,"109ef","Chaix-Rock outcrop complex_30 to 75 percent slopes_N Low Montane",337
5,"Cohasset","No",1670105,26550211,NA,NA,NA,NA,"109ef","Chaix-Rock outcrop complex_30 to 75 percent slopes_N Low Montane",337
5,"Hoda","No",1670105,26550212,NA,NA,NA,NA,"109ef","Chaix-Rock outcrop complex_30 to 75 percent slopes_N Low Montane",337
5,"Hotaw","No",1670105,26550213,NA,NA,NA,NA,"109ef","Chaix-Rock outcrop complex_30 to 75 percent slopes_N Low Montane",337
5,"Musick","No",1670105,26550214,NA,NA,NA,NA,"109ef","Chaix-Rock outcrop complex_30 to 75 percent slopes_N Low Montane",337
15,"Cryumbrepts","Yes",1670106,26550215,28,18.88,0.09,155,"220ef","Xerumbrepts-Cryumbrepts_wet association_5 to 50 percent slopes",87
55,"Xerumbrepts","Yes",1670106,26550216,91,12.76,0.08,155,"220ef","Xerumbrepts-Cryumbrepts_wet association_5 to 50 percent slopes",87
20,"Rock outcrop","Yes",1670108,26550217,NA,NA,NA,NA,"210yp","Rubble land-Typic Cryorthents-Rock outcrop-Xeric Dystrocryepts complex_30 to 80 percent slopes_mountainflanks_metamorphic_mafic_cryic",916
30,"Rubble land","Yes",1670108,26550218,NA,NA,NA,NA,"210yp","Rubble land-Typic Cryorthents-Rock outcrop-Xeric Dystrocryepts complex_30 to 80 percent slopes_mountainflanks_metamorphic_mafic_cryic",916
20,"Xeric Dystrocryepts","Yes",1670108,26550219,32.04,10.67,0.07,152,"210yp","Rubble land-Typic Cryorthents-Rock outcrop-Xeric Dystrocryepts complex_30 to 80 percent slopes_mountainflanks_metamorphic_mafic_cryic",916
3,"Humic Dystrocryepts","No",1670108,26550220,NA,NA,NA,NA,"210yp","Rubble land-Typic Cryorthents-Rock outcrop-Xeric Dystrocryepts complex_30 to 80 percent slopes_mountainflanks_metamorphic_mafic_cryic",916
1,"Water","No",1670108,26550221,NA,NA,NA,NA,"210yp","Rubble land-Typic Cryorthents-Rock outcrop-Xeric Dystrocryepts complex_30 to 80 percent slopes_mountainflanks_metamorphic_mafic_cryic",916
25,"Typic Cryorthents","Yes",1670108,26550222,17.55,NA,0.09,152,"210yp","Rubble land-Typic Cryorthents-Rock outcrop-Xeric Dystrocryepts complex_30 to 80 percent slopes_mountainflanks_metamorphic_mafic_cryic",916
1,"Histosols","No",1670108,26550223,NA,NA,NA,NA,"210yp","Rubble land-Typic Cryorthents-Rock outcrop-Xeric Dystrocryepts complex_30 to 80 percent slopes_mountainflanks_metamorphic_mafic_cryic",916
1,"Histosols","No",1670109,26550224,NA,NA,NA,NA,"224yp","Rock outcrop-Crazymule-Vitrandic Cryorthents association_0 to 45 percent slopes_joints_fractures_scoured_cryic",491
1,"Water","No",1670109,26550225,NA,NA,NA,NA,"224yp","Rock outcrop-Crazymule-Vitrandic Cryorthents association_0 to 45 percent slopes_joints_fractures_scoured_cryic",491
2,"Oxyaquic Dystrocryepts","No",1670109,26550226,NA,NA,NA,NA,"224yp","Rock outcrop-Crazymule-Vitrandic Cryorthents association_0 to 45 percent slopes_joints_fractures_scoured_cryic",491
2,"Typic Cryorthents","No",1670109,26550227,NA,NA,NA,NA,"224yp","Rock outcrop-Crazymule-Vitrandic Cryorthents association_0 to 45 percent slopes_joints_fractures_scoured_cryic",491
1,"Lithic Cryopsamments","No",1670109,26550228,NA,NA,NA,NA,"224yp","Rock outcrop-Crazymule-Vitrandic Cryorthents association_0 to 45 percent slopes_joints_fractures_scoured_cryic",491
15,"Vitrandic Cryorthents","Yes",1670109,26550229,91.74,NA,0.06,87,"224yp","Rock outcrop-Crazymule-Vitrandic Cryorthents association_0 to 45 percent slopes_joints_fractures_scoured_cryic",491
4,"Xeric Dystrocryepts","No",1670109,26550230,NA,NA,NA,NA,"224yp","Rock outcrop-Crazymule-Vitrandic Cryorthents association_0 to 45 percent slopes_joints_fractures_scoured_cryic",491
2,"Xeric Dystrocryepts","No",1670109,26550231,NA,NA,NA,NA,"224yp","Rock outcrop-Crazymule-Vitrandic Cryorthents association_0 to 45 percent slopes_joints_fractures_scoured_cryic",491
4,"Xeric Dystrocryepts","No",1670109,26550232,NA,NA,NA,NA,"224yp","Rock outcrop-Crazymule-Vitrandic Cryorthents association_0 to 45 percent slopes_joints_fractures_scoured_cryic",491
20,"Crazymule","Yes",1670109,26550233,91.74,NA,0.04,152,"224yp","Rock outcrop-Crazymule-Vitrandic Cryorthents association_0 to 45 percent slopes_joints_fractures_scoured_cryic",491
3,"Humic Lithic Dystrocryepts","No",1670109,26550234,NA,NA,NA,NA,"224yp","Rock outcrop-Crazymule-Vitrandic Cryorthents association_0 to 45 percent slopes_joints_fractures_scoured_cryic",491
2,"Badgerpass","No",1670109,26550235,NA,NA,NA,NA,"224yp","Rock outcrop-Crazymule-Vitrandic Cryorthents association_0 to 45 percent slopes_joints_fractures_scoured_cryic",491
3,"Humic Dystrocryepts","No",1670109,26550236,NA,NA,NA,NA,"224yp","Rock outcrop-Crazymule-Vitrandic Cryorthents association_0 to 45 percent slopes_joints_fractures_scoured_cryic",491
40,"Rock outcrop","Yes",1670109,26550237,NA,NA,NA,NA,"224yp","Rock outcrop-Crazymule-Vitrandic Cryorthents association_0 to 45 percent slopes_joints_fractures_scoured_cryic",491
1,"Histosols","No",1670110,26550238,NA,NA,NA,NA,"235yp","Canisrocks-Rock outcrop-Rubble land complex_30 to 80 percent slopes_mountainflanks_cryic",122
20,"Rubble land","Yes",1670110,26550239,NA,NA,NA,NA,"235yp","Canisrocks-Rock outcrop-Rubble land complex_30 to 80 percent slopes_mountainflanks_cryic",122
30,"Rock outcrop","Yes",1670110,26550240,NA,NA,NA,NA,"235yp","Canisrocks-Rock outcrop-Rubble land complex_30 to 80 percent slopes_mountainflanks_cryic",122
35,"Canisrocks","Yes",1670110,26550241,91.74,NA,0.04,172,"235yp","Canisrocks-Rock outcrop-Rubble land complex_30 to 80 percent slopes_mountainflanks_cryic",122
3,"Lithic Cryorthents","No",1670110,26550242,NA,NA,NA,NA,"235yp","Canisrocks-Rock outcrop-Rubble land complex_30 to 80 percent slopes_mountainflanks_cryic",122
10,"Xeric Dystrocryepts","No",1670110,26550243,NA,NA,NA,NA,"235yp","Canisrocks-Rock outcrop-Rubble land complex_30 to 80 percent slopes_mountainflanks_cryic",122
1,"Water","No",1670110,26550244,NA,NA,NA,NA,"235yp","Canisrocks-Rock outcrop-Rubble land complex_30 to 80 percent slopes_mountainflanks_cryic",122
3,"Vitrandic Cryorthents","No",1670111,26550245,NA,NA,NA,NA,"242yp","Rock outcrop-Canisrocks-Xeric Dystrocryepts complex_0 to 35 percent slopes_mountain slopes_cryic",122
4,"Humic Dystrocryepts","No",1670111,26550246,NA,NA,NA,NA,"242yp","Rock outcrop-Canisrocks-Xeric Dystrocryepts complex_0 to 35 percent slopes_mountain slopes_cryic",122
16,"Xeric Dystrocryepts","Yes",1670111,26550247,91.74,9.45,0.05,152,"242yp","Rock outcrop-Canisrocks-Xeric Dystrocryepts complex_0 to 35 percent slopes_mountain slopes_cryic",122
1,"Lithic Cryorthents","No",1670111,26550248,NA,NA,NA,NA,"242yp","Rock outcrop-Canisrocks-Xeric Dystrocryepts complex_0 to 35 percent slopes_mountain slopes_cryic",122
1,"Humic Lithic Dystroxerepts","No",1670111,26550249,NA,NA,NA,NA,"242yp","Rock outcrop-Canisrocks-Xeric Dystrocryepts complex_0 to 35 percent slopes_mountain slopes_cryic",122
4,"Typic Cryorthents","No",1670111,26550250,NA,NA,NA,NA,"242yp","Rock outcrop-Canisrocks-Xeric Dystrocryepts complex_0 to 35 percent slopes_mountain slopes_cryic",122
30,"Rock outcrop","Yes",1670111,26550251,NA,NA,NA,NA,"242yp","Rock outcrop-Canisrocks-Xeric Dystrocryepts complex_0 to 35 percent slopes_mountain slopes_cryic",122
14,"Glacierpoint","No",1670111,26550252,NA,NA,NA,NA,"242yp","Rock outcrop-Canisrocks-Xeric Dystrocryepts complex_0 to 35 percent slopes_mountain slopes_cryic",122
25,"Canisrocks","Yes",1670111,26550253,209.84,NA,0.05,152,"242yp","Rock outcrop-Canisrocks-Xeric Dystrocryepts complex_0 to 35 percent slopes_mountain slopes_cryic",122
1,"Water","No",1670111,26550254,NA,NA,NA,NA,"242yp","Rock outcrop-Canisrocks-Xeric Dystrocryepts complex_0 to 35 percent slopes_mountain slopes_cryic",122
1,"Histosols","No",1670111,26550255,NA,NA,NA,NA,"242yp","Rock outcrop-Canisrocks-Xeric Dystrocryepts complex_0 to 35 percent slopes_mountain slopes_cryic",122
3,"Typic Dystroxerepts","No",1670112,26550256,NA,NA,NA,NA,"248yp","Canisrocks-Rock outcrop-Glacierpoint complex_30 to 70 percent slopes_mountain slopes_cryic",396
3,"Dystric Xerorthents","No",1670112,26550257,NA,NA,NA,NA,"248yp","Canisrocks-Rock outcrop-Glacierpoint complex_30 to 70 percent slopes_mountain slopes_cryic",396
35,"Canisrocks","Yes",1670112,26550258,152.69,NA,0.03,152,"248yp","Canisrocks-Rock outcrop-Glacierpoint complex_30 to 70 percent slopes_mountain slopes_cryic",396
4,"Xeric Dystrocryepts","No",1670112,26550259,NA,NA,NA,NA,"248yp","Canisrocks-Rock outcrop-Glacierpoint complex_30 to 70 percent slopes_mountain slopes_cryic",396
30,"Rock outcrop","Yes",1670112,26550260,NA,NA,NA,NA,"248yp","Canisrocks-Rock outcrop-Glacierpoint complex_30 to 70 percent slopes_mountain slopes_cryic",396
5,"Lithic Cryorthents","No",1670112,26550261,NA,NA,NA,NA,"248yp","Canisrocks-Rock outcrop-Glacierpoint complex_30 to 70 percent slopes_mountain slopes_cryic",396
5,"Rubble land","No",1670112,26550262,NA,NA,NA,NA,"248yp","Canisrocks-Rock outcrop-Glacierpoint complex_30 to 70 percent slopes_mountain slopes_cryic",396
15,"Glacierpoint","Yes",1670112,26550263,91.74,9.12,0.05,163,"248yp","Canisrocks-Rock outcrop-Glacierpoint complex_30 to 70 percent slopes_mountain slopes_cryic",396
5,"Glacierpoint","No",1670113,26550264,NA,NA,NA,NA,"249yp","Rock outcrop-Canisrocks complex_30 to 70 percent slopes_mountain slopes_cryic",415
10,"Vitrandic Cryorthents","No",1670113,26550265,NA,NA,NA,NA,"249yp","Rock outcrop-Canisrocks complex_30 to 70 percent slopes_mountain slopes_cryic",415
45,"Rock outcrop","Yes",1670113,26550266,NA,NA,NA,NA,"249yp","Rock outcrop-Canisrocks complex_30 to 70 percent slopes_mountain slopes_cryic",415
4,"Vitrandic Dystrocryepts","No",1670113,26550267,NA,NA,NA,NA,"249yp","Rock outcrop-Canisrocks complex_30 to 70 percent slopes_mountain slopes_cryic",415
4,"Humic Lithic Dystrocryepts","No",1670113,26550268,NA,NA,NA,NA,"249yp","Rock outcrop-Canisrocks complex_30 to 70 percent slopes_mountain slopes_cryic",415
30,"Canisrocks","Yes",1670113,26550269,91.74,NA,0.04,172,"249yp","Rock outcrop-Canisrocks complex_30 to 70 percent slopes_mountain slopes_cryic",415
1,"Water","No",1670113,26550270,NA,NA,NA,NA,"249yp","Rock outcrop-Canisrocks complex_30 to 70 percent slopes_mountain slopes_cryic",415
1,"Histosols","No",1670113,26550271,NA,NA,NA,NA,"249yp","Rock outcrop-Canisrocks complex_30 to 70 percent slopes_mountain slopes_cryic",415
1,"Histosols","No",1670114,26550272,NA,NA,NA,NA,"252yp","Rock outcrop-Canisrocks-Xeric Dystrocryepts complex_5 to 45 percent slopes_moraines_mountain slopes_cryic",224
1,"Water","No",1670114,26550273,NA,NA,NA,NA,"252yp","Rock outcrop-Canisrocks-Xeric Dystrocryepts complex_5 to 45 percent slopes_moraines_mountain slopes_cryic",224
3,"Xeric Dystrocryepts","No",1670114,26550274,NA,NA,NA,NA,"252yp","Rock outcrop-Canisrocks-Xeric Dystrocryepts complex_5 to 45 percent slopes_moraines_mountain slopes_cryic",224
2,"Xeric Dystrocryepts","No",1670114,26550275,NA,NA,NA,NA,"252yp","Rock outcrop-Canisrocks-Xeric Dystrocryepts complex_5 to 45 percent slopes_moraines_mountain slopes_cryic",224
3,"Vitrandic Dystrocryepts","No",1670114,26550276,NA,NA,NA,NA,"252yp","Rock outcrop-Canisrocks-Xeric Dystrocryepts complex_5 to 45 percent slopes_moraines_mountain slopes_cryic",224
1,"Lithic Cryopsamments","No",1670114,26550277,NA,NA,NA,NA,"252yp","Rock outcrop-Canisrocks-Xeric Dystrocryepts complex_5 to 45 percent slopes_moraines_mountain slopes_cryic",224
2,"Lithic Cryorthents","No",1670114,26550278,NA,NA,NA,NA,"252yp","Rock outcrop-Canisrocks-Xeric Dystrocryepts complex_5 to 45 percent slopes_moraines_mountain slopes_cryic",224
2,"Typic Cryopsamments","No",1670114,26550279,NA,NA,NA,NA,"252yp","Rock outcrop-Canisrocks-Xeric Dystrocryepts complex_5 to 45 percent slopes_moraines_mountain slopes_cryic",224
1,"Rubble land","No",1670114,26550280,NA,NA,NA,NA,"252yp","Rock outcrop-Canisrocks-Xeric Dystrocryepts complex_5 to 45 percent slopes_moraines_mountain slopes_cryic",224
2,"Typic Cryorthents","No",1670114,26550281,NA,NA,NA,NA,"252yp","Rock outcrop-Canisrocks-Xeric Dystrocryepts complex_5 to 45 percent slopes_moraines_mountain slopes_cryic",224
2,"Typic Cryorthents","No",1670114,26550282,NA,NA,NA,NA,"252yp","Rock outcrop-Canisrocks-Xeric Dystrocryepts complex_5 to 45 percent slopes_moraines_mountain slopes_cryic",224
1,"Oxyaquic Dystrocryepts","No",1670114,26550283,NA,NA,NA,NA,"252yp","Rock outcrop-Canisrocks-Xeric Dystrocryepts complex_5 to 45 percent slopes_moraines_mountain slopes_cryic",224
3,"Oxyaquic Dystrocryepts","No",1670114,26550284,NA,NA,NA,NA,"252yp","Rock outcrop-Canisrocks-Xeric Dystrocryepts complex_5 to 45 percent slopes_moraines_mountain slopes_cryic",224
5,"Vitrandic Cryorthents","No",1670114,26550285,NA,NA,NA,NA,"252yp","Rock outcrop-Canisrocks-Xeric Dystrocryepts complex_5 to 45 percent slopes_moraines_mountain slopes_cryic",224
2,"Vitrandic Dystrocryepts","No",1670114,26550286,NA,NA,NA,NA,"252yp","Rock outcrop-Canisrocks-Xeric Dystrocryepts complex_5 to 45 percent slopes_moraines_mountain slopes_cryic",224
2,"Waterwheel","No",1670114,26550287,NA,NA,NA,NA,"252yp","Rock outcrop-Canisrocks-Xeric Dystrocryepts complex_5 to 45 percent slopes_moraines_mountain slopes_cryic",224
2,"Humic Lithic Dystrocryepts","No",1670114,26550288,NA,NA,NA,NA,"252yp","Rock outcrop-Canisrocks-Xeric Dystrocryepts complex_5 to 45 percent slopes_moraines_mountain slopes_cryic",224
20,"Rock outcrop","Yes",1670114,26550289,NA,NA,NA,NA,"252yp","Rock outcrop-Canisrocks-Xeric Dystrocryepts complex_5 to 45 percent slopes_moraines_mountain slopes_cryic",224
15,"Canisrocks","Yes",1670114,26550290,91.74,3.12,0.05,152,"252yp","Rock outcrop-Canisrocks-Xeric Dystrocryepts complex_5 to 45 percent slopes_moraines_mountain slopes_cryic",224
15,"Xeric Dystrocryepts","Yes",1670114,26550291,91.74,NA,0.06,155,"252yp","Rock outcrop-Canisrocks-Xeric Dystrocryepts complex_5 to 45 percent slopes_moraines_mountain slopes_cryic",224
1,"Oxyaquic Dystrocryepts","No",1670114,26550292,NA,NA,NA,NA,"252yp","Rock outcrop-Canisrocks-Xeric Dystrocryepts complex_5 to 45 percent slopes_moraines_mountain slopes_cryic",224
1,"Lithic Xerorthents","No",1670114,26550293,NA,NA,NA,NA,"252yp","Rock outcrop-Canisrocks-Xeric Dystrocryepts complex_5 to 45 percent slopes_moraines_mountain slopes_cryic",224
1,"Lithic Xeropsamments","No",1670114,26550294,NA,NA,NA,NA,"252yp","Rock outcrop-Canisrocks-Xeric Dystrocryepts complex_5 to 45 percent slopes_moraines_mountain slopes_cryic",224
2,"Xeric Haplocryalfs","No",1670114,26550295,NA,NA,NA,NA,"252yp","Rock outcrop-Canisrocks-Xeric Dystrocryepts complex_5 to 45 percent slopes_moraines_mountain slopes_cryic",224
10,"Glacierpoint","No",1670114,26550296,NA,NA,NA,NA,"252yp","Rock outcrop-Canisrocks-Xeric Dystrocryepts complex_5 to 45 percent slopes_moraines_mountain slopes_cryic",224
20,"Dystric Xerorthents","Yes",1670115,26550297,91.74,NA,0.04,152,"258yp","Typic Dystroxerepts-Badgerpass-Dystric Xerorthents complex_15 to 45 percent slopes_mountain slopes_moraines_frigid",808
20,"Badgerpass","Yes",1670115,26550298,91.74,12.14,0.05,169,"258yp","Typic Dystroxerepts-Badgerpass-Dystric Xerorthents complex_15 to 45 percent slopes_mountain slopes_moraines_frigid",808
3,"Rock outcrop","No",1670115,26550299,NA,NA,NA,NA,"258yp","Typic Dystroxerepts-Badgerpass-Dystric Xerorthents complex_15 to 45 percent slopes_mountain slopes_moraines_frigid",808
25,"Typic Dystroxerepts","Yes",1670115,26550300,38.39,10.37,0.12,152,"258yp","Typic Dystroxerepts-Badgerpass-Dystric Xerorthents complex_15 to 45 percent slopes_mountain slopes_moraines_frigid",808
3,"Nevadafalls","No",1670115,26550301,NA,NA,NA,NA,"258yp","Typic Dystroxerepts-Badgerpass-Dystric Xerorthents complex_15 to 45 percent slopes_mountain slopes_moraines_frigid",808
10,"Dystric Xeropsamments","No",1670115,26550302,NA,NA,NA,NA,"258yp","Typic Dystroxerepts-Badgerpass-Dystric Xerorthents complex_15 to 45 percent slopes_mountain slopes_moraines_frigid",808
11,"Dystric Xerorthents","No",1670115,26550303,NA,NA,NA,NA,"258yp","Typic Dystroxerepts-Badgerpass-Dystric Xerorthents complex_15 to 45 percent slopes_mountain slopes_moraines_frigid",808
5,"Typic Dystroxerepts","No",1670115,26550304,NA,NA,NA,NA,"258yp","Typic Dystroxerepts-Badgerpass-Dystric Xerorthents complex_15 to 45 percent slopes_mountain slopes_moraines_frigid",808
3,"Humic Dystroxerepts","No",1670115,26550305,NA,NA,NA,NA,"258yp","Typic Dystroxerepts-Badgerpass-Dystric Xerorthents complex_15 to 45 percent slopes_mountain slopes_moraines_frigid",808
25,"Craneflat","Yes",1670117,26550306,91.74,9.61,0.04,152,"260yp","Rock outcrop-Craneflat-Dystric Xerorthents complex_30 to 65 percent slopes_mountain slopes_frigid",169
45,"Rock outcrop","Yes",1670117,26550307,NA,NA,NA,NA,"260yp","Rock outcrop-Craneflat-Dystric Xerorthents complex_30 to 65 percent slopes_mountain slopes_frigid",169
2,"Humic Lithic Dystroxerepts","No",1670117,26550308,NA,NA,NA,NA,"260yp","Rock outcrop-Craneflat-Dystric Xerorthents complex_30 to 65 percent slopes_mountain slopes_frigid",169
3,"Typic Xeropsamments","No",1670117,26550309,NA,NA,NA,NA,"260yp","Rock outcrop-Craneflat-Dystric Xerorthents complex_30 to 65 percent slopes_mountain slopes_frigid",169
5,"Rubble land","No",1670117,26550310,NA,NA,NA,NA,"260yp","Rock outcrop-Craneflat-Dystric Xerorthents complex_30 to 65 percent slopes_mountain slopes_frigid",169
20,"Dystric Xerorthents","Yes",1670117,26550311,32.04,6.79,0.09,152,"260yp","Rock outcrop-Craneflat-Dystric Xerorthents complex_30 to 65 percent slopes_mountain slopes_frigid",169
5,"Rubble land","No",1670118,26550312,NA,NA,NA,NA,"262yp","Humic Dystroxerepts-Dystric Xerorthents-Rock outcrop association_30 to 70 percent slopes_mountain slopes_frigid",48
30,"Humic Dystroxerepts","Yes",1670118,26550313,30.77,14.76,0.03,152,"262yp","Humic Dystroxerepts-Dystric Xerorthents-Rock outcrop association_30 to 70 percent slopes_mountain slopes_frigid",48
25,"Dystric Xerorthents","Yes",1670118,26550314,91.74,NA,0.04,152,"262yp","Humic Dystroxerepts-Dystric Xerorthents-Rock outcrop association_30 to 70 percent slopes_mountain slopes_frigid",48
10,"Craneflat","No",1670118,26550315,NA,NA,NA,NA,"262yp","Humic Dystroxerepts-Dystric Xerorthents-Rock outcrop association_30 to 70 percent slopes_mountain slopes_frigid",48
10,"Humic Lithic Dystroxerepts","No",1670118,26550316,NA,NA,NA,NA,"262yp","Humic Dystroxerepts-Dystric Xerorthents-Rock outcrop association_30 to 70 percent slopes_mountain slopes_frigid",48
20,"Rock outcrop","Yes",1670118,26550317,NA,NA,NA,NA,"262yp","Humic Dystroxerepts-Dystric Xerorthents-Rock outcrop association_30 to 70 percent slopes_mountain slopes_frigid",48
10,"Dystric Xerorthents","No",1670121,26550318,NA,NA,NA,NA,"261yp","Typic Dystroxerepts-Dystric Xeropsamments-Badgerpass-Rock outcrop association_5 to 35 percent slopes_mountain valleys_mountain slopes_frigid",17
30,"Typic Dystroxerepts","Yes",1670121,26550319,30.77,NA,0.12,152,"261yp","Typic Dystroxerepts-Dystric Xeropsamments-Badgerpass-Rock outcrop association_5 to 35 percent slopes_mountain valleys_mountain slopes_frigid",17
20,"Dystric Xeropsamments","Yes",1670121,26550320,91.74,NA,0.07,152,"261yp","Typic Dystroxerepts-Dystric Xeropsamments-Badgerpass-Rock outcrop association_5 to 35 percent slopes_mountain valleys_mountain slopes_frigid",17
5,"Humic Lithic Dystroxerepts","No",1670121,26550321,NA,NA,NA,NA,"261yp","Typic Dystroxerepts-Dystric Xeropsamments-Badgerpass-Rock outcrop association_5 to 35 percent slopes_mountain valleys_mountain slopes_frigid",17
15,"Badgerpass","Yes",1670121,26550322,91.74,NA,0.06,152,"261yp","Typic Dystroxerepts-Dystric Xeropsamments-Badgerpass-Rock outcrop association_5 to 35 percent slopes_mountain valleys_mountain slopes_frigid",17
4,"Typic Dystroxerepts","No",1670121,26550323,NA,NA,NA,NA,"261yp","Typic Dystroxerepts-Dystric Xeropsamments-Badgerpass-Rock outcrop association_5 to 35 percent slopes_mountain valleys_mountain slopes_frigid",17
15,"Rock outcrop","Yes",1670121,26550324,NA,NA,NA,NA,"261yp","Typic Dystroxerepts-Dystric Xeropsamments-Badgerpass-Rock outcrop association_5 to 35 percent slopes_mountain valleys_mountain slopes_frigid",17
1,"Histosols","No",1670121,26550325,NA,NA,NA,NA,"261yp","Typic Dystroxerepts-Dystric Xeropsamments-Badgerpass-Rock outcrop association_5 to 35 percent slopes_mountain valleys_mountain slopes_frigid",17
5,"Glacierpoint","No",1670123,26550326,NA,NA,NA,NA,"267yp","Rock outcrop-Typic Cryorthents-Xeric Dystrocryepts complex_0 to 35 percent slopes_mountain slopes_joints_cryic",113
2,"Lithic Dystrocryepts","No",1670123,26550327,NA,NA,NA,NA,"267yp","Rock outcrop-Typic Cryorthents-Xeric Dystrocryepts complex_0 to 35 percent slopes_mountain slopes_joints_cryic",113
3,"Humic Dystrocryepts","No",1670123,26550328,NA,NA,NA,NA,"267yp","Rock outcrop-Typic Cryorthents-Xeric Dystrocryepts complex_0 to 35 percent slopes_mountain slopes_joints_cryic",113
40,"Rock outcrop","Yes",1670123,26550329,NA,NA,NA,NA,"267yp","Rock outcrop-Typic Cryorthents-Xeric Dystrocryepts complex_0 to 35 percent slopes_mountain slopes_joints_cryic",113
30,"Typic Cryorthents","Yes",1670123,26550330,190.78,NA,0.03,152,"267yp","Rock outcrop-Typic Cryorthents-Xeric Dystrocryepts complex_0 to 35 percent slopes_mountain slopes_joints_cryic",113
3,"Lithic Cryorthents","No",1670123,26550331,NA,NA,NA,NA,"267yp","Rock outcrop-Typic Cryorthents-Xeric Dystrocryepts complex_0 to 35 percent slopes_mountain slopes_joints_cryic",113
15,"Xeric Dystrocryepts","Yes",1670123,26550332,91.74,9.93,0.05,213,"267yp","Rock outcrop-Typic Cryorthents-Xeric Dystrocryepts complex_0 to 35 percent slopes_mountain slopes_joints_cryic",113
1,"Histosols","No",1670123,26550333,NA,NA,NA,NA,"267yp","Rock outcrop-Typic Cryorthents-Xeric Dystrocryepts complex_0 to 35 percent slopes_mountain slopes_joints_cryic",113
1,"Water","No",1670123,26550334,NA,NA,NA,NA,"267yp","Rock outcrop-Typic Cryorthents-Xeric Dystrocryepts complex_0 to 35 percent slopes_mountain slopes_joints_cryic",113
40,"Rock outcrop","Yes",1670126,26550335,NA,NA,NA,NA,"268yp","Rock outcrop-Canisrocks-Glacierpoint complex_30 to 80 percent slopes_mountain slopes_joints_cryic",229
4,"Oxyaquic Dystrocryepts","No",1670126,26550336,NA,NA,NA,NA,"268yp","Rock outcrop-Canisrocks-Glacierpoint complex_30 to 80 percent slopes_mountain slopes_joints_cryic",229
3,"Lithic Dystrocryepts","No",1670126,26550337,NA,NA,NA,NA,"268yp","Rock outcrop-Canisrocks-Glacierpoint complex_30 to 80 percent slopes_mountain slopes_joints_cryic",229
4,"Lithic Cryorthents","No",1670126,26550338,NA,NA,NA,NA,"268yp","Rock outcrop-Canisrocks-Glacierpoint complex_30 to 80 percent slopes_mountain slopes_joints_cryic",229
4,"Vitrandic Cryorthents","No",1670126,26550339,NA,NA,NA,NA,"268yp","Rock outcrop-Canisrocks-Glacierpoint complex_30 to 80 percent slopes_mountain slopes_joints_cryic",229
20,"Glacierpoint","Yes",1670126,26550340,91.74,9.12,0.05,163,"268yp","Rock outcrop-Canisrocks-Glacierpoint complex_30 to 80 percent slopes_mountain slopes_joints_cryic",229
25,"Canisrocks","Yes",1670126,26550341,91.74,3.12,0.05,152,"268yp","Rock outcrop-Canisrocks-Glacierpoint complex_30 to 80 percent slopes_mountain slopes_joints_cryic",229
3,"Histosols","No",1670127,26550342,NA,NA,NA,NA,"275yp","Oxyaquic Dystroxerepts-Dystric Xerorthents-Vitrandic Xerorthents-Rubble land complex_stony_0 to 20 percent slopes_mountain valleys_mesic",47
2,"Riverwash","No",1670127,26550343,NA,NA,NA,NA,"275yp","Oxyaquic Dystroxerepts-Dystric Xerorthents-Vitrandic Xerorthents-Rubble land complex_stony_0 to 20 percent slopes_mountain valleys_mesic",47
30,"Oxyaquic Dystroxerepts","Yes",1670127,26550344,33.31,10.35,0.07,152,"275yp","Oxyaquic Dystroxerepts-Dystric Xerorthents-Vitrandic Xerorthents-Rubble land complex_stony_0 to 20 percent slopes_mountain valleys_mesic",47
25,"Dystric Xerorthents","Yes",1670127,26550345,145.07,8.95,0.02,152,"275yp","Oxyaquic Dystroxerepts-Dystric Xerorthents-Vitrandic Xerorthents-Rubble land complex_stony_0 to 20 percent slopes_mountain valleys_mesic",47
20,"Vitrandic Xerorthents","Yes",1670127,26550346,53.63,12.43,0.11,158,"275yp","Oxyaquic Dystroxerepts-Dystric Xerorthents-Vitrandic Xerorthents-Rubble land complex_stony_0 to 20 percent slopes_mountain valleys_mesic",47
5,"Vitrandic Dystrudepts","No",1670127,26550347,NA,NA,NA,NA,"275yp","Oxyaquic Dystroxerepts-Dystric Xerorthents-Vitrandic Xerorthents-Rubble land complex_stony_0 to 20 percent slopes_mountain valleys_mesic",47
15,"Rubble land","Yes",1670127,26550348,NA,NA,NA,NA,"275yp","Oxyaquic Dystroxerepts-Dystric Xerorthents-Vitrandic Xerorthents-Rubble land complex_stony_0 to 20 percent slopes_mountain valleys_mesic",47
8,"Oxyaquic Eutrudepts","No",1670128,26550349,NA,NA,NA,NA,"276yp","Happyisles-Typic Dystroxerepts association_0 to 15 percent slopes_mountain valley floors_mesic",196
10,"Aquandic Humaquepts","No",1670128,26550350,NA,NA,NA,NA,"276yp","Happyisles-Typic Dystroxerepts association_0 to 15 percent slopes_mountain valley floors_mesic",196
7,"Cumulic Humaquepts","No",1670128,26550351,NA,NA,NA,NA,"276yp","Happyisles-Typic Dystroxerepts association_0 to 15 percent slopes_mountain valley floors_mesic",196
30,"Typic Dystroxerepts","Yes",1670128,26550352,28.23,24.26,0.07,152,"276yp","Happyisles-Typic Dystroxerepts association_0 to 15 percent slopes_mountain valley floors_mesic",196
40,"Happyisles","Yes",1670128,26550353,57.44,10.46,0.09,152,"276yp","Happyisles-Typic Dystroxerepts association_0 to 15 percent slopes_mountain valley floors_mesic",196
5,"Histosols","No",1670128,26550354,NA,NA,NA,NA,"276yp","Happyisles-Typic Dystroxerepts association_0 to 15 percent slopes_mountain valley floors_mesic",196
10,"Vitrandic Xerorthents","No",1670130,26550355,NA,NA,NA,NA,"278yp","Tuolumne-Rock outcrop-Humic Dystroxerepts-Rubble land complex_30 to 100 percent slopes_mountainflanks_mesic",5
27,"Tuolumne","Yes",1670130,26550356,35.85,7.05,0.04,152,"278yp","Tuolumne-Rock outcrop-Humic Dystroxerepts-Rubble land complex_30 to 100 percent slopes_mountainflanks_mesic",5
15,"Rubble land","Yes",1670130,26550357,NA,NA,NA,NA,"278yp","Tuolumne-Rock outcrop-Humic Dystroxerepts-Rubble land complex_30 to 100 percent slopes_mountainflanks_mesic",5
23,"Rock outcrop","Yes",1670130,26550358,NA,NA,NA,NA,"278yp","Tuolumne-Rock outcrop-Humic Dystroxerepts-Rubble land complex_30 to 100 percent slopes_mountainflanks_mesic",5
20,"Humic Dystroxerepts","Yes",1670130,26550359,91.74,12.31,0.03,152,"278yp","Tuolumne-Rock outcrop-Humic Dystroxerepts-Rubble land complex_30 to 100 percent slopes_mountainflanks_mesic",5
5,"Typic Xerorthents","No",1670130,26550360,NA,NA,NA,NA,"278yp","Tuolumne-Rock outcrop-Humic Dystroxerepts-Rubble land complex_30 to 100 percent slopes_mountainflanks_mesic",5
55,"Badgerpass","Yes",1670131,26550361,91.74,13.81,0.06,152,"287yp","Badgerpass-Waterwheel association_0 to 15 percent slopes_ridge crests_frigid",114
5,"Rock outcrop","No",1670131,26550362,NA,NA,NA,NA,"287yp","Badgerpass-Waterwheel association_0 to 15 percent slopes_ridge crests_frigid",114
40,"Waterwheel","Yes",1670131,26550363,91.74,13.2,0.06,152,"287yp","Badgerpass-Waterwheel association_0 to 15 percent slopes_ridge crests_frigid",114
15,"Typic Xerorthents","Yes",1670132,26550364,28.23,NA,0.07,152,"290yp","Humic Dystroxerepts-Tuolumne-Typic Xerorthents-Ultic Haploxeralfs complex_30 to 70 percent slopes_mountain slopes_mesic",120
40,"Humic Dystroxerepts","Yes",1670132,26550365,29.5,NA,0.05,152,"290yp","Humic Dystroxerepts-Tuolumne-Typic Xerorthents-Ultic Haploxeralfs complex_30 to 70 percent slopes_mountain slopes_mesic",120
15,"Ultic Haploxeralfs","Yes",1670132,26550366,17.43,19.69,0.1,152,"290yp","Humic Dystroxerepts-Tuolumne-Typic Xerorthents-Ultic Haploxeralfs complex_30 to 70 percent slopes_mountain slopes_mesic",120
30,"Tuolumne","Yes",1670132,26550367,91.74,NA,0.03,152,"290yp","Humic Dystroxerepts-Tuolumne-Typic Xerorthents-Ultic Haploxeralfs complex_30 to 70 percent slopes_mountain slopes_mesic",120
5,"Dystric Xeropsamments","No",1670134,26550368,NA,NA,NA,NA,"292yp","Humic Dystroxerepts-Typic Haploxerults complex_5 to 35 percent slopes_mountain footslopes_landslides_mesic",441
10,"Typic Xerorthents","No",1670134,26550369,NA,NA,NA,NA,"292yp","Humic Dystroxerepts-Typic Haploxerults complex_5 to 35 percent slopes_mountain footslopes_landslides_mesic",441
10,"Ultic Haploxeralfs","No",1670134,26550370,NA,NA,NA,NA,"292yp","Humic Dystroxerepts-Typic Haploxerults complex_5 to 35 percent slopes_mountain footslopes_landslides_mesic",441
30,"Typic Haploxerults","Yes",1670134,26550371,28.35,18.13,0.11,152,"292yp","Humic Dystroxerepts-Typic Haploxerults complex_5 to 35 percent slopes_mountain footslopes_landslides_mesic",441
10,"Humic Haploxerepts","No",1670134,26550372,NA,NA,NA,NA,"292yp","Humic Dystroxerepts-Typic Haploxerults complex_5 to 35 percent slopes_mountain footslopes_landslides_mesic",441
35,"Humic Dystroxerepts","Yes",1670134,26550373,91.74,10.8,0.05,152,"292yp","Humic Dystroxerepts-Typic Haploxerults complex_5 to 35 percent slopes_mountain footslopes_landslides_mesic",441
10,"Ultic Haploxeralfs","No",1670135,26550374,NA,NA,NA,NA,"295yp","Craneflat-Typic Dystroxerepts complex_15 to 45 percent slopes_landslides_mountain slopes_frigid",226
20,"Typic Dystroxerepts","Yes",1670135,26550375,30.77,15.37,0.08,152,"295yp","Craneflat-Typic Dystroxerepts complex_15 to 45 percent slopes_landslides_mountain slopes_frigid",226
10,"Vitrandic Dystroxerepts","No",1670135,26550376,NA,NA,NA,NA,"295yp","Craneflat-Typic Dystroxerepts complex_15 to 45 percent slopes_landslides_mountain slopes_frigid",226
30,"Craneflat","Yes",1670135,26550377,91.74,11.93,0.05,152,"295yp","Craneflat-Typic Dystroxerepts complex_15 to 45 percent slopes_landslides_mountain slopes_frigid",226
8,"Humic Dystroxerepts","No",1670135,26550378,NA,NA,NA,NA,"295yp","Craneflat-Typic Dystroxerepts complex_15 to 45 percent slopes_landslides_mountain slopes_frigid",226
2,"Rock outcrop","No",1670135,26550379,NA,NA,NA,NA,"295yp","Craneflat-Typic Dystroxerepts complex_15 to 45 percent slopes_landslides_mountain slopes_frigid",226
10,"Nevadafalls","No",1670135,26550380,NA,NA,NA,NA,"295yp","Craneflat-Typic Dystroxerepts complex_15 to 45 percent slopes_landslides_mountain slopes_frigid",226
10,"Badgerpass","No",1670135,26550381,NA,NA,NA,NA,"295yp","Craneflat-Typic Dystroxerepts complex_15 to 45 percent slopes_landslides_mountain slopes_frigid",226
20,"Ultic Palexeralfs","Yes",1670137,26550382,19.84,22.08,0.14,152,"296yp","Ultic Palexeralfs-Humic Dystroxerepts complex_10 to 35 percent slopes_mountain slopes_mesic",104
5,"Rock outcrop","No",1670137,26550383,NA,NA,NA,NA,"296yp","Ultic Palexeralfs-Humic Dystroxerepts complex_10 to 35 percent slopes_mountain slopes_mesic",104
5,"Dystric Xeropsamments","No",1670137,26550384,NA,NA,NA,NA,"296yp","Ultic Palexeralfs-Humic Dystroxerepts complex_10 to 35 percent slopes_mountain slopes_mesic",104
10,"Humic Dystroxerepts","No",1670137,26550385,NA,NA,NA,NA,"296yp","Ultic Palexeralfs-Humic Dystroxerepts complex_10 to 35 percent slopes_mountain slopes_mesic",104
10,"Ultic Palexeralfs","No",1670137,26550386,NA,NA,NA,NA,"296yp","Ultic Palexeralfs-Humic Dystroxerepts complex_10 to 35 percent slopes_mountain slopes_mesic",104
5,"Typic Palexerults","No",1670137,26550387,NA,NA,NA,NA,"296yp","Ultic Palexeralfs-Humic Dystroxerepts complex_10 to 35 percent slopes_mountain slopes_mesic",104
15,"Humic Dystroxerepts","Yes",1670137,26550388,38.39,18.35,0.1,268,"296yp","Ultic Palexeralfs-Humic Dystroxerepts complex_10 to 35 percent slopes_mountain slopes_mesic",104
10,"Dystric Xerorthents","No",1670137,26550389,NA,NA,NA,NA,"296yp","Ultic Palexeralfs-Humic Dystroxerepts complex_10 to 35 percent slopes_mountain slopes_mesic",104
10,"Vitrandic Haploxerepts","No",1670137,26550390,NA,NA,NA,NA,"296yp","Ultic Palexeralfs-Humic Dystroxerepts complex_10 to 35 percent slopes_mountain slopes_mesic",104
10,"Ultic Haploxeralfs","No",1670137,26550391,NA,NA,NA,NA,"296yp","Ultic Palexeralfs-Humic Dystroxerepts complex_10 to 35 percent slopes_mountain slopes_mesic",104
41,"Tuolumne","Yes",1670138,26550392,91.74,2.9,0.04,152,"298yp","Tuolumne-Typic Dystroxerepts complex_30 to 65 percent slopes_mountain slopes_landslides_mesic",743
31,"Typic Dystroxerepts","Yes",1670138,26550393,30.77,17,0.08,152,"298yp","Tuolumne-Typic Dystroxerepts complex_30 to 65 percent slopes_mountain slopes_landslides_mesic",743
14,"Humults","No",1670138,26550394,NA,NA,NA,NA,"298yp","Tuolumne-Typic Dystroxerepts complex_30 to 65 percent slopes_mountain slopes_landslides_mesic",743
14,"Ultic Haploxeralfs","No",1670138,26550395,NA,NA,NA,NA,"298yp","Tuolumne-Typic Dystroxerepts complex_30 to 65 percent slopes_mountain slopes_landslides_mesic",743
35,"Ultic Haploxeralfs","Yes",1670139,26550396,30.77,13.14,0.08,152,"299yp","Humic Dystroxerepts-Ultic Haploxeralfs complex_15 to 35 percent slopes_mountain slopes_moraines_mesic",208
14,"Typic Dystroxerepts","No",1670139,26550397,NA,NA,NA,NA,"299yp","Humic Dystroxerepts-Ultic Haploxeralfs complex_15 to 35 percent slopes_mountain slopes_moraines_mesic",208
46,"Humic Dystroxerepts","Yes",1670139,26550398,263.17,NA,0.03,152,"299yp","Humic Dystroxerepts-Ultic Haploxeralfs complex_15 to 35 percent slopes_mountain slopes_moraines_mesic",208
5,"Rock outcrop","No",1670139,26550399,NA,NA,NA,NA,"299yp","Humic Dystroxerepts-Ultic Haploxeralfs complex_15 to 35 percent slopes_mountain slopes_moraines_mesic",208
25,"Ultic Haploxeralfs","Yes",1670140,26550400,35.47,15.41,0.07,152,"300yp","Typic Dystroxerepts-Ultic Haploxeralfs complex_0 to 15 percent slopes_mountain slopes_moraines_mesic",37
14,"Humic Dystroxerepts","No",1670140,26550401,NA,NA,NA,NA,"300yp","Typic Dystroxerepts-Ultic Haploxeralfs complex_0 to 15 percent slopes_mountain slopes_moraines_mesic",37
35,"Typic Dystroxerepts","Yes",1670140,26550402,33.31,NA,0.08,152,"300yp","Typic Dystroxerepts-Ultic Haploxeralfs complex_0 to 15 percent slopes_mountain slopes_moraines_mesic",37
11,"Humults","No",1670140,26550403,NA,NA,NA,NA,"300yp","Typic Dystroxerepts-Ultic Haploxeralfs complex_0 to 15 percent slopes_mountain slopes_moraines_mesic",37
14,"Ultic Palexeralfs","No",1670140,26550404,NA,NA,NA,NA,"300yp","Typic Dystroxerepts-Ultic Haploxeralfs complex_0 to 15 percent slopes_mountain slopes_moraines_mesic",37
1,"Histosols","No",1670140,26550405,NA,NA,NA,NA,"300yp","Typic Dystroxerepts-Ultic Haploxeralfs complex_0 to 15 percent slopes_mountain slopes_moraines_mesic",37
40,"Rock outcrop","Yes",1670141,26550406,NA,NA,NA,NA,"307yp","Rock outcrop-Dystric Xeropsamments-Dystric Xerorthents association_0 to 35 percent slopes_mountain valleys_scoured_valley fill_mesic",20
9,"Typic Haploxerepts","No",1670141,26550407,NA,NA,NA,NA,"307yp","Rock outcrop-Dystric Xeropsamments-Dystric Xerorthents association_0 to 35 percent slopes_mountain valleys_scoured_valley fill_mesic",20
10,"Lithic Xerorthents","No",1670141,26550408,NA,NA,NA,NA,"307yp","Rock outcrop-Dystric Xeropsamments-Dystric Xerorthents association_0 to 35 percent slopes_mountain valleys_scoured_valley fill_mesic",20
20,"Dystric Xerorthents","Yes",1670141,26550409,91.74,11.08,0.02,152,"307yp","Rock outcrop-Dystric Xeropsamments-Dystric Xerorthents association_0 to 35 percent slopes_mountain valleys_scoured_valley fill_mesic",20
20,"Dystric Xeropsamments","Yes",1670141,26550410,9.17,10.31,0.06,152,"307yp","Rock outcrop-Dystric Xeropsamments-Dystric Xerorthents association_0 to 35 percent slopes_mountain valleys_scoured_valley fill_mesic",20
1,"Histosols","No",1670141,26550411,NA,NA,NA,NA,"307yp","Rock outcrop-Dystric Xeropsamments-Dystric Xerorthents association_0 to 35 percent slopes_mountain valleys_scoured_valley fill_mesic",20
20,"Tuolumne","Yes",1670142,26550412,9.17,NA,0.05,152,"303yp","Rock outcrop-Dystric Xeropsamments-Humic Dystroxerepts-Tuolumne complex_30 to 65 percent slopes_mountain slopes_mesic",436
20,"Humic Dystroxerepts","Yes",1670142,26550413,9.17,NA,0.04,152,"303yp","Rock outcrop-Dystric Xeropsamments-Humic Dystroxerepts-Tuolumne complex_30 to 65 percent slopes_mountain slopes_mesic",436
5,"Dystric Xerorthents","No",1670142,26550414,NA,NA,NA,NA,"303yp","Rock outcrop-Dystric Xeropsamments-Humic Dystroxerepts-Tuolumne complex_30 to 65 percent slopes_mountain slopes_mesic",436
5,"Ultic Palexeralfs","No",1670142,26550415,NA,NA,NA,NA,"303yp","Rock outcrop-Dystric Xeropsamments-Humic Dystroxerepts-Tuolumne complex_30 to 65 percent slopes_mountain slopes_mesic",436
20,"Dystric Xeropsamments","Yes",1670142,26550416,9.17,10.31,0.06,152,"303yp","Rock outcrop-Dystric Xeropsamments-Humic Dystroxerepts-Tuolumne complex_30 to 65 percent slopes_mountain slopes_mesic",436
30,"Rock outcrop","Yes",1670142,26550417,NA,NA,NA,NA,"303yp","Rock outcrop-Dystric Xeropsamments-Humic Dystroxerepts-Tuolumne complex_30 to 65 percent slopes_mountain slopes_mesic",436
20,"Typic Dystroxerepts","Yes",1670143,26550418,34.58,13.31,0.04,152,"309yp","Rock outcrop-Waterwheel-Typic Dystroxerepts association_30 to 80 percent slopes_mountain slopes_joints_frigid",89
50,"Rock outcrop","Yes",1670143,26550419,NA,NA,NA,NA,"309yp","Rock outcrop-Waterwheel-Typic Dystroxerepts association_30 to 80 percent slopes_mountain slopes_joints_frigid",89
25,"Waterwheel","Yes",1670143,26550420,34.58,14.17,0.06,152,"309yp","Rock outcrop-Waterwheel-Typic Dystroxerepts association_30 to 80 percent slopes_mountain slopes_joints_frigid",89
5,"Oxyaquic Dystroxerepts","No",1670143,26550421,NA,NA,NA,NA,"309yp","Rock outcrop-Waterwheel-Typic Dystroxerepts association_30 to 80 percent slopes_mountain slopes_joints_frigid",89
55,"Rock outcrop","Yes",1670144,26550422,NA,NA,NA,NA,"310yp","Rock outcrop-Humic Dystroxerepts-Humic Lithic Haploxerepts association_30 to 100 percent slopes_mountain slopes_mesic",196
25,"Humic Dystroxerepts","Yes",1670144,26550423,91.74,12.91,0.03,152,"310yp","Rock outcrop-Humic Dystroxerepts-Humic Lithic Haploxerepts association_30 to 100 percent slopes_mountain slopes_mesic",196
20,"Humic Lithic Haploxerepts","Yes",1670144,26550424,61.26,25.97,0.04,75,"310yp","Rock outcrop-Humic Dystroxerepts-Humic Lithic Haploxerepts association_30 to 100 percent slopes_mountain slopes_mesic",196
45,"Dystric Xerorthents","Yes",1670145,26550425,91.74,12.3,0.04,999,"316yp","Dystric Xerorthents-Rock outcrop-Rubble land complex_30 to 80 percent slopes_mountainflanks_thermic",429
35,"Rock outcrop","Yes",1670145,26550426,NA,NA,NA,NA,"316yp","Dystric Xerorthents-Rock outcrop-Rubble land complex_30 to 80 percent slopes_mountainflanks_thermic",429
20,"Rubble land","Yes",1670145,26550427,NA,NA,NA,NA,"316yp","Dystric Xerorthents-Rock outcrop-Rubble land complex_30 to 80 percent slopes_mountainflanks_thermic",429
14,"Humults","No",1670146,26550428,NA,NA,NA,NA,"318yp","Typic Dystroxerepts-Humic Dystroxerepts complex_0 to 20 percent slopes_ridge crests_frigid/mesic",20
5,"Rock outcrop","No",1670146,26550429,NA,NA,NA,NA,"318yp","Typic Dystroxerepts-Humic Dystroxerepts complex_0 to 20 percent slopes_ridge crests_frigid/mesic",20
5,"Humic Dystroxerepts","No",1670146,26550430,NA,NA,NA,NA,"318yp","Typic Dystroxerepts-Humic Dystroxerepts complex_0 to 20 percent slopes_ridge crests_frigid/mesic",20
36,"Humic Dystroxerepts","Yes",1670146,26550431,32.04,9.41,0.09,153,"318yp","Typic Dystroxerepts-Humic Dystroxerepts complex_0 to 20 percent slopes_ridge crests_frigid/mesic",20
40,"Typic Dystroxerepts","Yes",1670146,26550432,28.23,14.6,0.1,152,"318yp","Typic Dystroxerepts-Humic Dystroxerepts complex_0 to 20 percent slopes_ridge crests_frigid/mesic",20
20,"Humic Dystroxerepts","Yes",1670147,26550433,91.74,14.73,0.05,152,"320yp","Half Dome-Humic Dystroxerepts-Rock outcrop complex_30 to 60 percent slopes_mountain slopes_moraines_mesic",87
40,"Half Dome","Yes",1670147,26550434,59.98,15.43,0.06,154,"320yp","Half Dome-Humic Dystroxerepts-Rock outcrop complex_30 to 60 percent slopes_mountain slopes_moraines_mesic",87
9,"Tuolumne","No",1670147,26550435,NA,NA,NA,NA,"320yp","Half Dome-Humic Dystroxerepts-Rock outcrop complex_30 to 60 percent slopes_mountain slopes_moraines_mesic",87
20,"Rock outcrop","Yes",1670147,26550436,NA,NA,NA,NA,"320yp","Half Dome-Humic Dystroxerepts-Rock outcrop complex_30 to 60 percent slopes_mountain slopes_moraines_mesic",87
5,"Humic Lithic Haploxerepts","No",1670147,26550437,NA,NA,NA,NA,"320yp","Half Dome-Humic Dystroxerepts-Rock outcrop complex_30 to 60 percent slopes_mountain slopes_moraines_mesic",87
6,"Humic Dystroxerepts","No",1670147,26550438,NA,NA,NA,NA,"320yp","Half Dome-Humic Dystroxerepts-Rock outcrop complex_30 to 60 percent slopes_mountain slopes_moraines_mesic",87
10,"Rock outcrop","No",1670149,26550439,NA,NA,NA,NA,"322yp","Typic Xerorthents_45 to 100 percent slopes_mountain slopes_thermic",37
90,"Typic Xerorthents","Yes",1670149,26550440,29.5,7.78,0.08,152,"322yp","Typic Xerorthents_45 to 100 percent slopes_mountain slopes_thermic",37
45,"Humic Dystroxerepts","Yes",1670150,26550441,35.85,15,0.08,152,"323yp","Ultic Haploxeralfs-Humic Dystroxerepts complex_bouldery_10 to 35 percent slopes_mountain footslopes_thermic",18
55,"Ultic Haploxeralfs","Yes",1670150,26550442,28.23,17.94,0.09,152,"323yp","Ultic Haploxeralfs-Humic Dystroxerepts complex_bouldery_10 to 35 percent slopes_mountain footslopes_thermic",18
35,"Rock outcrop","Yes",1670151,26550443,NA,NA,NA,NA,"324yp","Humic Haploxerepts-Rock outcrop-Ultic Haploxeralfs association_45 to 100 percent slopes_metasedimentary_mountain slopes_thermic",6717
40,"Humic Haploxerepts","Yes",1670151,26550444,22.26,8.4,0.06,152,"324yp","Humic Haploxerepts-Rock outcrop-Ultic Haploxeralfs association_45 to 100 percent slopes_metasedimentary_mountain slopes_thermic",6717
25,"Ultic Haploxeralfs","Yes",1670151,26550445,6.5,5.91,0.1,152,"324yp","Humic Haploxerepts-Rock outcrop-Ultic Haploxeralfs association_45 to 100 percent slopes_metasedimentary_mountain slopes_thermic",6717
10,"Inceptic Haploxeralfs","No",1670152,26550446,NA,NA,NA,NA,"328yp","Clarkslodge-Ultic Palexeralfs complex_metasedimentary_15 to 45 percent slopes_mountain slopes_landslides_frigid",4785
10,"Humic Dystroxerepts","No",1670152,26550447,NA,NA,NA,NA,"328yp","Clarkslodge-Ultic Palexeralfs complex_metasedimentary_15 to 45 percent slopes_mountain slopes_landslides_frigid",4785
5,"Andic Dystrudepts","No",1670152,26550448,NA,NA,NA,NA,"328yp","Clarkslodge-Ultic Palexeralfs complex_metasedimentary_15 to 45 percent slopes_mountain slopes_landslides_frigid",4785
30,"Clarkslodge","Yes",1670152,26550449,12.47,13.11,0.09,152,"328yp","Clarkslodge-Ultic Palexeralfs complex_metasedimentary_15 to 45 percent slopes_mountain slopes_landslides_frigid",4785
5,"Humults","No",1670152,26550450,NA,NA,NA,NA,"328yp","Clarkslodge-Ultic Palexeralfs complex_metasedimentary_15 to 45 percent slopes_mountain slopes_landslides_frigid",4785
10,"Ultic Palexeralfs","No",1670152,26550451,NA,NA,NA,NA,"328yp","Clarkslodge-Ultic Palexeralfs complex_metasedimentary_15 to 45 percent slopes_mountain slopes_landslides_frigid",4785
15,"Ultic Palexeralfs","Yes",1670152,26550452,12.47,15.72,0.13,152,"328yp","Clarkslodge-Ultic Palexeralfs complex_metasedimentary_15 to 45 percent slopes_mountain slopes_landslides_frigid",4785
10,"Typic Haploxerults","No",1670152,26550453,NA,NA,NA,NA,"328yp","Clarkslodge-Ultic Palexeralfs complex_metasedimentary_15 to 45 percent slopes_mountain slopes_landslides_frigid",4785
5,"Ultic Haploxeralfs","No",1670152,26550454,NA,NA,NA,NA,"328yp","Clarkslodge-Ultic Palexeralfs complex_metasedimentary_15 to 45 percent slopes_mountain slopes_landslides_frigid",4785
100,"Dams","Yes",1670187,26550455,NA,NA,NA,NA,"DAM","Dams",39
1,"Unnamed","No",1670191,26550456,NA,NA,NA,NA,"LdCma","Loamy alluvial land",437
90,"Loamy alluvial land","Yes",1670191,26550457,15.35,10,0.12,152,"LdCma","Loamy alluvial land",437
2,"Unnamed","No",1670191,26550458,NA,NA,NA,NA,"LdCma","Loamy alluvial land",437
4,"Unnamed","No",1670191,26550459,NA,NA,NA,NA,"LdCma","Loamy alluvial land",437
3,"Unnamed","No",1670191,26550460,NA,NA,NA,NA,"LdCma","Loamy alluvial land",437
3,"Clarkslodge","No",1672461,26550461,NA,NA,NA,NA,"285yp","Waterwheel-Humic Dystroxerepts complex_15 to 45 percent slopes_mountain slopes_frigid",276
14,"Humic Dystrudepts","No",1672461,26550462,NA,NA,NA,NA,"285yp","Waterwheel-Humic Dystroxerepts complex_15 to 45 percent slopes_mountain slopes_frigid",276
30,"Waterwheel","Yes",1672461,26550463,54.9,8.56,0.05,152,"285yp","Waterwheel-Humic Dystroxerepts complex_15 to 45 percent slopes_mountain slopes_frigid",276
7,"Humic Dystroxerepts","No",1672461,26550464,NA,NA,NA,NA,"285yp","Waterwheel-Humic Dystroxerepts complex_15 to 45 percent slopes_mountain slopes_frigid",276
14,"Humic Dystroxerepts","No",1672461,26550465,NA,NA,NA,NA,"285yp","Waterwheel-Humic Dystroxerepts complex_15 to 45 percent slopes_mountain slopes_frigid",276
16,"Humic Dystroxerepts","Yes",1672461,26550466,91.74,8.53,0.07,152,"285yp","Waterwheel-Humic Dystroxerepts complex_15 to 45 percent slopes_mountain slopes_frigid",276
14,"Typic Dystroxerepts","No",1672461,26550467,NA,NA,NA,NA,"285yp","Waterwheel-Humic Dystroxerepts complex_15 to 45 percent slopes_mountain slopes_frigid",276
2,"Cumulic Humaquepts","No",1672461,26550468,NA,NA,NA,NA,"285yp","Waterwheel-Humic Dystroxerepts complex_15 to 45 percent slopes_mountain slopes_frigid",276
94,"Mined land","Yes",2925013,26550469,NA,NA,NA,NA,"1012","Mined land",10
6,"Water","No",2925013,26550470,NA,NA,NA,NA,"1012","Mined land",10
40,"Iron Mountain","Yes",2925014,26550471,2.73,NA,0.1,200,"3021","Iron Mountain-Crozier-Rock outcrop complex_15 to 60 percent slopes",291
35,"Crozier","Yes",2925014,26550472,13.98,17.13,0.2,116,"3021","Iron Mountain-Crozier-Rock outcrop complex_15 to 60 percent slopes",291
15,"Rock outcrop","Yes",2925014,26550473,NA,NA,NA,NA,"3021","Iron Mountain-Crozier-Rock outcrop complex_15 to 60 percent slopes",291
10,"McCarthy","No",2925014,26550474,13.98,19.77,0.14,200,"3021","Iron Mountain-Crozier-Rock outcrop complex_15 to 60 percent slopes",291
39,"Lilygap","Yes",2925015,26550475,32.72,32.13,0.2,200,"3033","Redapple-Lilygap complex_15 to 30 percent slopes_low precipitation",203
10,"Devilsnose","No",2925015,26550476,18.7,27.09,0.24,200,"3033","Redapple-Lilygap complex_15 to 30 percent slopes_low precipitation",203
47,"Redapple","Yes",2925015,26550477,15.25,19,0.25,200,"3033","Redapple-Lilygap complex_15 to 30 percent slopes_low precipitation",203
3,"Ledmount","No",2925015,26550478,10.38,13.1,0.12,200,"3033","Redapple-Lilygap complex_15 to 30 percent slopes_low precipitation",203
1,"Rock outcrop","No",2925015,26550479,NA,NA,NA,NA,"3033","Redapple-Lilygap complex_15 to 30 percent slopes_low precipitation",203
40,"Devilsnose","Yes",2925016,26550480,18.7,27.09,0.24,190,"3038","Devilsnose-Lilygap complex_30 to 60 percent slopes_low precipitation",111
35,"Lilygap","Yes",2925016,26550481,32.72,32.13,0.2,200,"3038","Devilsnose-Lilygap complex_30 to 60 percent slopes_low precipitation",111
12,"Redapple","No",2925016,26550482,15.25,19,0.25,200,"3038","Devilsnose-Lilygap complex_30 to 60 percent slopes_low precipitation",111
10,"Iron Mountain","No",2925016,26550483,2.55,17.1,0.18,200,"3038","Devilsnose-Lilygap complex_30 to 60 percent slopes_low precipitation",111
3,"Rock outcrop","No",2925016,26550484,NA,NA,NA,NA,"3038","Devilsnose-Lilygap complex_30 to 60 percent slopes_low precipitation",111
5,"Rock outcrop","No",2925017,26550485,NA,NA,NA,NA,"4040","Iron Mountain-Redapple-Devilsnose complex_3 to 15 percent slopes",624
30,"Redapple","Yes",2925017,26550486,15.25,19,0.25,200,"4040","Iron Mountain-Redapple-Devilsnose complex_3 to 15 percent slopes",624
25,"Devilsnose","Yes",2925017,26550487,18.7,27.09,0.24,190,"4040","Iron Mountain-Redapple-Devilsnose complex_3 to 15 percent slopes",624
5,"McCarthy","No",2925017,26550488,13.98,19.77,0.14,200,"4040","Iron Mountain-Redapple-Devilsnose complex_3 to 15 percent slopes",624
35,"Iron Mountain","Yes",2925017,26550489,8.43,4.1,0.09,200,"4040","Iron Mountain-Redapple-Devilsnose complex_3 to 15 percent slopes",624
2,"Rock outcrop","No",2925018,26550490,NA,NA,NA,NA,"4048","Devilsnose-Lilygap complex_30 to 60 percent slopes",241
50,"Devilsnose","Yes",2925018,26550491,18.7,27.09,0.24,190,"4048","Devilsnose-Lilygap complex_30 to 60 percent slopes",241
35,"Lilygap","Yes",2925018,26550492,32.72,32.13,0.2,200,"4048","Devilsnose-Lilygap complex_30 to 60 percent slopes",241
13,"Redapple","No",2925018,26550493,15.25,19,0.25,200,"4048","Devilsnose-Lilygap complex_30 to 60 percent slopes",241
10,"Devilsnose","No",2925019,26550494,18.7,27.09,0.24,200,"4046","Redapple-Lilygap complex_15 to 30 percent slopes",735
50,"Redapple","Yes",2925019,26550495,15.25,19,0.25,200,"4046","Redapple-Lilygap complex_15 to 30 percent slopes",735
39,"Lilygap","Yes",2925019,26550496,32.72,32.13,0.2,200,"4046","Redapple-Lilygap complex_15 to 30 percent slopes",735
1,"Rock outcrop","No",2925019,26550497,NA,NA,NA,NA,"4046","Redapple-Lilygap complex_15 to 30 percent slopes",735
50,"Holland","Yes",2925020,26550498,33.12,3.24,0.15,200,"6029","Holland-Chawanakee-Rock outcrop complex_45 to 90 percent slopes",733
25,"Chawanakee","Yes",2925020,26550499,47.94,13.62,0.1,51,"6029","Holland-Chawanakee-Rock outcrop complex_45 to 90 percent slopes",733
25,"Rock outcrop","Yes",2925020,26550500,NA,NA,NA,NA,"6029","Holland-Chawanakee-Rock outcrop complex_45 to 90 percent slopes",733
50,"Musick","Yes",2925021,26550501,27.08,1.9,0.17,200,"6033","Musick-Wukusick complex_3 to 15 percent slopes_low precipitation",31
45,"Wukusick","Yes",2925021,26550502,11.94,5.77,0.19,200,"6033","Musick-Wukusick complex_3 to 15 percent slopes_low precipitation",31
2,"Rock outcrop","No",2925021,26550503,NA,NA,NA,NA,"6033","Musick-Wukusick complex_3 to 15 percent slopes_low precipitation",31
3,"Humic Lithic Dystroxerepts","No",2925021,26550504,11.7,NA,0.19,200,"6033","Musick-Wukusick complex_3 to 15 percent slopes_low precipitation",31
2,"Rock outcrop","No",2925022,26550505,NA,NA,NA,NA,"6034","Musick-Wukusick complex_3 to 15 percent slopes",153
45,"Wukusick","Yes",2925022,26550506,11.94,5.77,0.19,200,"6034","Musick-Wukusick complex_3 to 15 percent slopes",153
50,"Musick","Yes",2925022,26550507,27.08,1.9,0.17,200,"6034","Musick-Wukusick complex_3 to 15 percent slopes",153
3,"Humic Lithic Dystroxerepts","No",2925022,26550508,11.7,NA,0.19,200,"6034","Musick-Wukusick complex_3 to 15 percent slopes",153
60,"Musick","Yes",2925023,26550509,12.32,NA,0.15,185,"6036","Musick-Wukusick complex_15 to 30 percent slopes_low precipitation",87
37,"Wukusick","Yes",2925023,26550510,13.58,NA,0.25,200,"6036","Musick-Wukusick complex_15 to 30 percent slopes_low precipitation",87
3,"Rock outcrop","No",2925023,26550511,NA,NA,NA,NA,"6036","Musick-Wukusick complex_15 to 30 percent slopes_low precipitation",87
65,"Musick","Yes",2925024,26550512,9,6.12,0.12,185,"6038","Musick-Wukusick complex_30 to 60 percent slopes_low precipitation",755
3,"Rock outcrop","No",2925024,26550513,NA,NA,NA,NA,"6038","Musick-Wukusick complex_30 to 60 percent slopes_low precipitation",755
32,"Wukusick","Yes",2925024,26550514,18.36,10.59,0.22,200,"6038","Musick-Wukusick complex_30 to 60 percent slopes_low precipitation",755
16,"Mantree","Yes",2925025,26550515,12.88,16.68,0.18,175,"6039","Holland-Wukusick-Mantree complex_30 to 60 percent slopes",159
4,"Rock outcrop","No",2925025,26550516,NA,NA,NA,NA,"6039","Holland-Wukusick-Mantree complex_30 to 60 percent slopes",159
20,"Wukusick","Yes",2925025,26550517,15.92,3.23,0.18,200,"6039","Holland-Wukusick-Mantree complex_30 to 60 percent slopes",159
60,"Holland","Yes",2925025,26550518,18.7,6.25,0.22,200,"6039","Holland-Wukusick-Mantree complex_30 to 60 percent slopes",159
30,"Hurleton","Yes",2925026,26550519,9,13.66,0.1,105,"6076","Auberry-Hurleton-Rock outcrop complex_20 to 60 percent slopes",86
45,"Auberry","Yes",2925026,26550520,8.52,12.93,0.14,168,"6076","Auberry-Hurleton-Rock outcrop complex_20 to 60 percent slopes",86
25,"Rock outcrop","Yes",2925026,26550521,NA,NA,NA,NA,"6076","Auberry-Hurleton-Rock outcrop complex_20 to 60 percent slopes",86
60,"Musick","Yes",2925027,26550522,7.3,NA,0.19,170,"6202","Musick-Ultic Haploxeralfs_moderately well drained_complex_1 to 8 percent slopes",2
30,"Ultic Haploxeralfs","Yes",2925027,26550523,32.24,7.1,0.27,115,"6202","Musick-Ultic Haploxeralfs_moderately well drained_complex_1 to 8 percent slopes",2
6,"Aquepts","No",2925027,26550524,37.22,14.5,0.16,98,"6202","Musick-Ultic Haploxeralfs_moderately well drained_complex_1 to 8 percent slopes",2
3,"Rock outcrop","No",2925027,26550525,NA,NA,NA,NA,"6202","Musick-Ultic Haploxeralfs_moderately well drained_complex_1 to 8 percent slopes",2
1,"Mined land","No",2925027,26550526,NA,NA,NA,NA,"6202","Musick-Ultic Haploxeralfs_moderately well drained_complex_1 to 8 percent slopes",2
10,"Hetchy","No",2925029,26550527,9,10.17,0.11,95,"7211","Millvilla-Luckymine complex_15 to 30 percent slopes",71
15,"Luckymine","Yes",2925029,26550528,6.36,9.61,0.14,60,"7211","Millvilla-Luckymine complex_15 to 30 percent slopes",71
10,"Wardsferry","No",2925029,26550529,12.32,10.86,0.18,139,"7211","Millvilla-Luckymine complex_15 to 30 percent slopes",71
1,"Mined land","No",2925029,26550530,NA,NA,NA,NA,"7211","Millvilla-Luckymine complex_15 to 30 percent slopes",71
64,"Millvilla","Yes",2925029,26550531,8.16,11.38,0.17,91,"7211","Millvilla-Luckymine complex_15 to 30 percent slopes",71
50,"Cumulic Humixerepts","Yes",3115230,26550532,18.12,5.66,0.15,100,"8110","Cumulic Humixerepts-Riverwash complex_0 to 8 percent slopes",249
20,"Riverwash","Yes",3115230,26550533,NA,NA,NA,NA,"8110","Cumulic Humixerepts-Riverwash complex_0 to 8 percent slopes",249
5,"Anthraltic Xerorthents","No",3115230,26550534,62.56,1.4,0.02,100,"8110","Cumulic Humixerepts-Riverwash complex_0 to 8 percent slopes",249
5,"Lithic Xerorthents","No",3115230,26550535,68.48,3.44,0.1,200,"8110","Cumulic Humixerepts-Riverwash complex_0 to 8 percent slopes",249
2,"Fluventic Haploxerepts","No",3115230,26550536,63.6,6.66,0.14,150,"8110","Cumulic Humixerepts-Riverwash complex_0 to 8 percent slopes",249
5,"Typic Fluvaquents","No",3115230,26550537,92,2.45,0.07,150,"8110","Cumulic Humixerepts-Riverwash complex_0 to 8 percent slopes",249
5,"Water","No",3115230,26550538,NA,NA,NA,NA,"8110","Cumulic Humixerepts-Riverwash complex_0 to 8 percent slopes",249
8,"Rock outcrop","No",3115230,26550539,NA,NA,NA,NA,"8110","Cumulic Humixerepts-Riverwash complex_0 to 8 percent slopes",249
55,"Sanguinetti","Yes",3115231,26550540,12.32,8.15,0.12,200,"8115","Sanguinetti-Copperopolis complex_30 to 60 percent slopes",76
5,"Millvilla","No",3115231,26550541,10.66,7.7,0.16,102,"8115","Sanguinetti-Copperopolis complex_30 to 60 percent slopes",76
2,"Rock outcrop","No",3115231,26550542,NA,NA,NA,NA,"8115","Sanguinetti-Copperopolis complex_30 to 60 percent slopes",76
38,"Copperopolis","Yes",3115231,26550543,23.64,32.4,0.16,200,"8115","Sanguinetti-Copperopolis complex_30 to 60 percent slopes",76
65,"Nedsgulch","Yes",3115232,26550544,19.58,6.31,0.22,200,"8160","Nedsgulch-Sites complex_3 to 15 percent slopes",73
25,"Sites","Yes",3115232,26550545,21.86,17.44,0.25,200,"8160","Nedsgulch-Sites complex_3 to 15 percent slopes",73
10,"Wallyhill","No",3115232,26550546,12.38,9.14,0.16,89,"8160","Nedsgulch-Sites complex_3 to 15 percent slopes",73
10,"Wallyhill","No",3115233,26550547,16.1,8.36,0.18,200,"8161","Nedsgulch-Sites complex_15 to 30 percent slopes",1377
10,"Lickinfork","No",3115233,26550548,24,5.5,0.12,152,"8161","Nedsgulch-Sites complex_15 to 30 percent slopes",1377
60,"Nedsgulch","Yes",3115233,26550549,14.52,5.6,0.18,200,"8161","Nedsgulch-Sites complex_15 to 30 percent slopes",1377
20,"Sites","Yes",3115233,26550550,13.9,12.02,0.24,200,"8161","Nedsgulch-Sites complex_15 to 30 percent slopes",1377
5,"Sites","No",3115234,26550551,8.78,NA,0.16,183,"8162","Nedsgulch-Arpatutu complex_30 to 60 percent slopes",2026
57,"Nedsgulch","Yes",3115234,26550552,11.52,8.24,0.19,200,"8162","Nedsgulch-Arpatutu complex_30 to 60 percent slopes",2026
25,"Arpatutu","Yes",3115234,26550553,18.66,6.01,0.12,200,"8162","Nedsgulch-Arpatutu complex_30 to 60 percent slopes",2026
10,"Wallyhill","No",3115234,26550554,13.62,7.03,0.2,104,"8162","Nedsgulch-Arpatutu complex_30 to 60 percent slopes",2026
3,"Rock outcrop","No",3115234,26550555,NA,NA,NA,NA,"8162","Nedsgulch-Arpatutu complex_30 to 60 percent slopes",2026
65,"Nedsgulch","Yes",3115235,26550556,9,7.56,0.13,200,"8171","Nedsgulch-Wallyhill complex_3 to 15 percent slopes",762
25,"Wallyhill","Yes",3115235,26550557,6.96,7.27,0.18,85,"8171","Nedsgulch-Wallyhill complex_3 to 15 percent slopes",762
10,"Fricot","No",3115235,26550558,15.73,7.46,0.13,72,"8171","Nedsgulch-Wallyhill complex_3 to 15 percent slopes",762
15,"Arpatutu","Yes",3115236,26550559,7.8,6.7,0.1,200,"8172","Nedsgulch-Wallyhill-Arpatutu complex_15 to 30 percent slopes",1131
1,"Mined land","No",3115236,26550560,NA,NA,NA,NA,"8172","Nedsgulch-Wallyhill-Arpatutu complex_15 to 30 percent slopes",1131
49,"Nedsgulch","Yes",3115236,26550561,10.88,5.07,0.15,200,"8172","Nedsgulch-Wallyhill-Arpatutu complex_15 to 30 percent slopes",1131
25,"Wallyhill","Yes",3115236,26550562,10.66,6.37,0.19,103,"8172","Nedsgulch-Wallyhill-Arpatutu complex_15 to 30 percent slopes",1131
10,"Fricot","No",3115236,26550563,7.1,11.57,0.12,71,"8172","Nedsgulch-Wallyhill-Arpatutu complex_15 to 30 percent slopes",1131
25,"Wallyhill","Yes",3115237,26550564,13.98,5.6,0.19,104,"8173","Nedsgulch-Wallyhill-Arpatutu complex_30 to 60 percent slopes",2065
45,"Nedsgulch","Yes",3115237,26550565,7.54,8.21,0.15,200,"8173","Nedsgulch-Wallyhill-Arpatutu complex_30 to 60 percent slopes",2065
10,"Fricot","No",3115237,26550566,7.1,11.57,0.12,71,"8173","Nedsgulch-Wallyhill-Arpatutu complex_30 to 60 percent slopes",2065
17,"Arpatutu","Yes",3115237,26550567,9,5.28,0.12,200,"8173","Nedsgulch-Wallyhill-Arpatutu complex_30 to 60 percent slopes",2065
3,"Rock outcrop","No",3115237,26550568,NA,NA,NA,NA,"8173","Nedsgulch-Wallyhill-Arpatutu complex_30 to 60 percent slopes",2065
40,"Hetchy","Yes",3115238,26550569,10.28,13.38,0.11,101,"8175","Copperopolis-Hetchy complex_8 to 30 percent slopes",15
50,"Copperopolis","Yes",3115238,26550570,18.66,16.25,0.13,200,"8175","Copperopolis-Hetchy complex_8 to 30 percent slopes",15
10,"Ultic Haploxeralfs","No",3115238,26550571,9,9.7,0.17,200,"8175","Copperopolis-Hetchy complex_8 to 30 percent slopes",15
30,"Moccasinhill","Yes",3115239,26550572,12.32,13.11,0.17,200,"8176","Sanguinetti-Moccasinhill-Deerflat complex_60 to 90 percent slopes_cool",4170
12,"Priestgrade","No",3115239,26550573,11.44,18.5,0.14,200,"8176","Sanguinetti-Moccasinhill-Deerflat complex_60 to 90 percent slopes_cool",4170
35,"Sanguinetti","Yes",3115239,26550574,9.22,14.11,0.1,200,"8176","Sanguinetti-Moccasinhill-Deerflat complex_60 to 90 percent slopes_cool",4170
20,"Deerflat","Yes",3115239,26550575,8.16,10.4,0.15,190,"8176","Sanguinetti-Moccasinhill-Deerflat complex_60 to 90 percent slopes_cool",4170
3,"Rock outcrop","No",3115239,26550576,NA,NA,NA,NA,"8176","Sanguinetti-Moccasinhill-Deerflat complex_60 to 90 percent slopes_cool",4170
45,"Moccasinhill","Yes",3115240,26550577,9,11.28,0.12,200,"8177","Moccasinhill-Copperopolis-Sanguinetti complex_30 to 60 percent slopes",556
30,"Copperopolis","Yes",3115240,26550578,13.88,16.99,0.12,200,"8177","Moccasinhill-Copperopolis-Sanguinetti complex_30 to 60 percent slopes",556
20,"Sanguinetti","Yes",3115240,26550579,9,10.27,0.17,200,"8177","Moccasinhill-Copperopolis-Sanguinetti complex_30 to 60 percent slopes",556
5,"Rock outcrop","No",3115240,26550580,NA,NA,NA,NA,"8177","Moccasinhill-Copperopolis-Sanguinetti complex_30 to 60 percent slopes",556
5,"Sanguinetti","No",3115241,26550581,9,10.86,0.1,200,"8178","Moccasinhill-Copperopolis complex_60 to 90 percent slopes",2742
45,"Moccasinhill","Yes",3115241,26550582,26.48,6.54,0.08,200,"8178","Moccasinhill-Copperopolis complex_60 to 90 percent slopes",2742
30,"Copperopolis","Yes",3115241,26550583,33.4,16.73,0.12,200,"8178","Moccasinhill-Copperopolis complex_60 to 90 percent slopes",2742
10,"Rock outcrop","No",3115241,26550584,NA,NA,NA,NA,"8178","Moccasinhill-Copperopolis complex_60 to 90 percent slopes",2742
10,"Millvilla","No",3115241,26550585,7.32,14.09,0.17,117,"8178","Moccasinhill-Copperopolis complex_60 to 90 percent slopes",2742
10,"Nedsgulch","No",3115242,26550586,13.02,8.67,0.19,152,"8190","Lickinfork-Arpatutu complex_40 to 90 percent slopes",278
35,"Arpatutu","Yes",3115242,26550587,10.66,5.2,0.1,200,"8190","Lickinfork-Arpatutu complex_40 to 90 percent slopes",278
50,"Lickinfork","Yes",3115242,26550588,10.66,12.26,0.13,152,"8190","Lickinfork-Arpatutu complex_40 to 90 percent slopes",278
5,"Rock outcrop","No",3115242,26550589,NA,NA,NA,NA,"8190","Lickinfork-Arpatutu complex_40 to 90 percent slopes",278
50,"Wallyhill","Yes",3115243,26550590,18.96,6.9,0.2,132,"8194","Wallyhill_deep-Lickinfork complex_40 to 90 percent slopes",1193
35,"Lickinfork","Yes",3115243,26550591,15.64,8.91,0.17,152,"8194","Wallyhill_deep-Lickinfork complex_40 to 90 percent slopes",1193
10,"Arpatutu","No",3115243,26550592,10.04,6.4,0.12,200,"8194","Wallyhill_deep-Lickinfork complex_40 to 90 percent slopes",1193
5,"Rock outcrop","No",3115243,26550593,NA,NA,NA,NA,"8194","Wallyhill_deep-Lickinfork complex_40 to 90 percent slopes",1193
5,"Bottlehill","No",3115244,26550594,21.76,11,0.2,200,"8286","Jocal gravelly silt loam_8 to 30 percent slopes",392
5,"Rock outcrop","No",3115244,26550595,NA,NA,NA,NA,"8286","Jocal gravelly silt loam_8 to 30 percent slopes",392
80,"Jocal","Yes",3115244,26550596,14.54,5.1,0.2,200,"8286","Jocal gravelly silt loam_8 to 30 percent slopes",392
10,"Mariposa","No",3115244,26550597,12.38,9.14,0.16,200,"8286","Jocal gravelly silt loam_8 to 30 percent slopes",392
50,"Jocal","Yes",3115245,26550598,15.38,12.41,0.22,200,"8287","Jocal-Fiddletown complex_30 to 60 percent slopes",1414
35,"Fiddletown","Yes",3115245,26550599,31.64,NA,0.11,200,"8287","Jocal-Fiddletown complex_30 to 60 percent slopes",1414
10,"Bottlehill","No",3115245,26550600,21.76,11,0.2,200,"8287","Jocal-Fiddletown complex_30 to 60 percent slopes",1414
5,"Rock outcrop","No",3115245,26550601,NA,NA,NA,NA,"8287","Jocal-Fiddletown complex_30 to 60 percent slopes",1414
10,"Bottlehill","No",3115246,26550602,21.76,11,0.2,200,"8289","Fiddletown-Rock outcrop complex_40 to 90 percent slopes",2615
25,"Rock outcrop","Yes",3115246,26550603,NA,NA,NA,NA,"8289","Fiddletown-Rock outcrop complex_40 to 90 percent slopes",2615
5,"Jocal","No",3115246,26550604,15.38,12.41,0.22,200,"8289","Fiddletown-Rock outcrop complex_40 to 90 percent slopes",2615
60,"Fiddletown","Yes",3115246,26550605,33.9,NA,0.16,200,"8289","Fiddletown-Rock outcrop complex_40 to 90 percent slopes",2615
40,"Aquariusmine","Yes",3115247,26550606,7.8,20.12,0.18,200,"8318","Aquariusmine-Hetchy-Rock outcrop complex_30 to 60 percent slopes",5
25,"Rock outcrop","Yes",3115247,26550607,NA,NA,NA,NA,"8318","Aquariusmine-Hetchy-Rock outcrop complex_30 to 60 percent slopes",5
25,"Hetchy","Yes",3115247,26550608,9,17.47,0.14,200,"8318","Aquariusmine-Hetchy-Rock outcrop complex_30 to 60 percent slopes",5
10,"Millvilla","No",3115247,26550609,5.88,11.93,0.16,80,"8318","Aquariusmine-Hetchy-Rock outcrop complex_30 to 60 percent slopes",5
40,"Mollic Haploxeralfs","Yes",3115248,26550610,9,15.28,0.11,200,"8319","Mollic Haploxeralfs-Pachic Argixerolls-Rock Outcrop complex_50 to 90 percent slopes",308
25,"Pachic Argixerolls","Yes",3115248,26550611,4.2,21.24,0.09,200,"8319","Mollic Haploxeralfs-Pachic Argixerolls-Rock Outcrop complex_50 to 90 percent slopes",308
35,"Rock outcrop","Yes",3115248,26550612,NA,NA,NA,NA,"8319","Mollic Haploxeralfs-Pachic Argixerolls-Rock Outcrop complex_50 to 90 percent slopes",308
3,"Rock outcrop","No",3115251,26550613,NA,NA,NA,NA,"6037","Musick-Wukusick complex_15 to 30 percent slopes",994
60,"Musick","Yes",3115251,26550614,12.32,NA,0.15,185,"6037","Musick-Wukusick complex_15 to 30 percent slopes",994
37,"Wukusick","Yes",3115251,26550615,18.36,10.59,0.22,200,"6037","Musick-Wukusick complex_15 to 30 percent slopes",994
49,"Gopheridge","Yes",3251986,26550616,4.92,17.15,0.13,200,"7092","Gopheridge-Jasperpeak-Rock outcrop complex_30 to 60 percent slopes",25
25,"Jasperpeak","Yes",3251986,26550617,10.04,21.82,0.13,200,"7092","Gopheridge-Jasperpeak-Rock outcrop complex_30 to 60 percent slopes",25
10,"Trabuco","No",3251986,26550618,4.52,32.94,0.1,130,"7092","Gopheridge-Jasperpeak-Rock outcrop complex_30 to 60 percent slopes",25
1,"Mined land","No",3251986,26550619,NA,NA,NA,NA,"7092","Gopheridge-Jasperpeak-Rock outcrop complex_30 to 60 percent slopes",25
15,"Rock outcrop","Yes",3251986,26550620,NA,NA,NA,NA,"7092","Gopheridge-Jasperpeak-Rock outcrop complex_30 to 60 percent slopes",25
3,"Mined land","No",3251987,26550621,NA,NA,NA,NA,"7102","Bigridge-Minniecreek complex_15 to 30 percent slopes",36
5,"Dunstone","No",3251987,26550622,9.94,NA,0.18,67,"7102","Bigridge-Minniecreek complex_15 to 30 percent slopes",36
5,"Trabuco","No",3251987,26550623,3.8,25.62,0.17,168,"7102","Bigridge-Minniecreek complex_15 to 30 percent slopes",36
5,"Rock outcrop","No",3251987,26550624,NA,NA,NA,NA,"7102","Bigridge-Minniecreek complex_15 to 30 percent slopes",36
58,"Bigridge","Yes",3251987,26550625,13.14,74.3,0.17,132,"7102","Bigridge-Minniecreek complex_15 to 30 percent slopes",36
24,"Minniecreek","Yes",3251987,26550626,14.78,16.9,0.19,97,"7102","Bigridge-Minniecreek complex_15 to 30 percent slopes",36
38,"Bigridge","Yes",3251988,26550627,13.14,74.3,0.17,132,"7103","Minniecreek-Bigridge complex_30 to 60 percent slopes",114
45,"Minniecreek","Yes",3251988,26550628,14.78,16.9,0.19,97,"7103","Minniecreek-Bigridge complex_30 to 60 percent slopes",114
5,"Trabuco","No",3251988,26550629,3.8,25.62,0.17,168,"7103","Minniecreek-Bigridge complex_30 to 60 percent slopes",114
5,"Dunstone","No",3251988,26550630,9.94,NA,0.18,67,"7103","Minniecreek-Bigridge complex_30 to 60 percent slopes",114
5,"Rock outcrop","No",3251988,26550631,NA,NA,NA,NA,"7103","Minniecreek-Bigridge complex_30 to 60 percent slopes",114
2,"Mined land","No",3251988,26550632,NA,NA,NA,NA,"7103","Minniecreek-Bigridge complex_30 to 60 percent slopes",114
9,"Jasperpeak","No",3251994,26550633,10.22,17.32,0.14,200,"7087","Loafercreek-Gopheridge complex_cool_15 to 30 percent slopes",96
20,"Gopheridge","Yes",3251994,26550634,12.84,12.18,0.2,200,"7087","Loafercreek-Gopheridge complex_cool_15 to 30 percent slopes",96
70,"Loafercreek","Yes",3251994,26550635,13.98,19.88,0.16,200,"7087","Loafercreek-Gopheridge complex_cool_15 to 30 percent slopes",96
1,"Rock outcrop","No",3251994,26550636,NA,NA,NA,NA,"7087","Loafercreek-Gopheridge complex_cool_15 to 30 percent slopes",96
35,"Wallyhill","Yes",3340457,26550637,5.04,NA,0.16,77,"8152","Fricot-Wallyhill complex_8 to 30 percent slopes",3142
50,"Fricot","Yes",3340457,26550638,4.95,NA,0.12,57,"8152","Fricot-Wallyhill complex_8 to 30 percent slopes",3142
5,"Rock outcrop","No",3340457,26550639,NA,NA,NA,NA,"8152","Fricot-Wallyhill complex_8 to 30 percent slopes",3142
10,"Nedsgulch","No",3340457,26550640,10.88,5.07,0.15,200,"8152","Fricot-Wallyhill complex_8 to 30 percent slopes",3142
10,"Nedsgulch","No",3340458,26550641,7.54,8.21,0.15,200,"8153","Wallyhill-Fricot complex_30 to 60 percent slopes",2841
5,"Rock outcrop","No",3340458,26550642,NA,NA,NA,NA,"8153","Wallyhill-Fricot complex_30 to 60 percent slopes",2841
25,"Fricot","Yes",3340458,26550643,4.95,NA,0.12,57,"8153","Wallyhill-Fricot complex_30 to 60 percent slopes",2841
60,"Wallyhill","Yes",3340458,26550644,10.42,7.2,0.17,200,"8153","Wallyhill-Fricot complex_30 to 60 percent slopes",2841
1,"Mined land","No",3356280,26550645,NA,NA,NA,NA,"6206","Musick-Hotaw complex_8 to 30 percent slopes",113
3,"Rock outcrop","No",3356280,26550646,NA,NA,NA,NA,"6206","Musick-Hotaw complex_8 to 30 percent slopes",113
64,"Musick","Yes",3356280,26550647,4.92,11.8,0.16,150,"6206","Musick-Hotaw complex_8 to 30 percent slopes",113
25,"Hotaw","Yes",3356280,26550648,6.6,10.75,0.12,81,"6206","Musick-Hotaw complex_8 to 30 percent slopes",113
5,"Wukusick","No",3356280,26550649,18.36,4.5,0.22,200,"6206","Musick-Hotaw complex_8 to 30 percent slopes",113
2,"Aqualfs","No",3356280,26550650,9,10.1,0.15,200,"6206","Musick-Hotaw complex_8 to 30 percent slopes",113
55,"Musick","Yes",3356281,26550651,4.84,10.51,0.16,205,"6207","Musick-Hotaw-Chawanakee complex_30 to 60 percent slopes",1
20,"Hotaw","Yes",3356281,26550652,4.48,12.37,0.17,119,"6207","Musick-Hotaw-Chawanakee complex_30 to 60 percent slopes",1
15,"Chawanakee","Yes",3356281,26550653,15.21,6.64,0.12,52,"6207","Musick-Hotaw-Chawanakee complex_30 to 60 percent slopes",1
5,"Wukusick","No",3356281,26550654,18.36,4.5,0.22,200,"6207","Musick-Hotaw-Chawanakee complex_30 to 60 percent slopes",1
4,"Rock outcrop","No",3356281,26550655,NA,NA,NA,NA,"6207","Musick-Hotaw-Chawanakee complex_30 to 60 percent slopes",1
1,"Mined land","No",3356281,26550656,NA,NA,NA,NA,"6207","Musick-Hotaw-Chawanakee complex_30 to 60 percent slopes",1
85,"Ahwahnee family","Yes",465076,26638265,28,11.3,0.11,152,"101","Ahwahnee family_5 to 35 percent slopes",3169
5,"Auberry family","No",465076,26638266,NA,NA,NA,NA,"101","Ahwahnee family_5 to 35 percent slopes",3169
5,"Rock outcrop","No",465076,26638267,NA,NA,NA,NA,"101","Ahwahnee family_5 to 35 percent slopes",3169
5,"Unnamed","No",465076,26638268,NA,NA,NA,NA,"101","Ahwahnee family_5 to 35 percent slopes",3169
5,"Auberry family","No",465077,26638269,NA,NA,NA,NA,"102","Ahwahnee family_35 to 65 percent slopes",8200
5,"Rock outcrop","No",465077,26638270,NA,NA,NA,NA,"102","Ahwahnee family_35 to 65 percent slopes",8200
5,"Unnamed","No",465077,26638271,NA,NA,NA,NA,"102","Ahwahnee family_35 to 65 percent slopes",8200
85,"Ahwahnee family","Yes",465077,26638272,28,11.3,0.11,152,"102","Ahwahnee family_35 to 65 percent slopes",8200
65,"Ahwahnee family","Yes",465078,26638273,28,11.3,0.11,152,"103","Ahwahnee family-Rock outcrop complex_35 to 75 percent slopes",7062
20,"Rock outcrop","Yes",465078,26638274,0.5,NA,NA,25,"103","Ahwahnee family-Rock outcrop complex_35 to 75 percent slopes",7062
5,"Unnamed","No",465078,26638275,NA,NA,NA,NA,"103","Ahwahnee family-Rock outcrop complex_35 to 75 percent slopes",7062
5,"Unnamed","No",465078,26638276,NA,NA,NA,NA,"103","Ahwahnee family-Rock outcrop complex_35 to 75 percent slopes",7062
5,"Auberry family","No",465078,26638277,NA,NA,NA,NA,"103","Ahwahnee family-Rock outcrop complex_35 to 75 percent slopes",7062
85,"Aquic Dystric Xerochrepts","Yes",465079,26638278,13.94,8.3,0.08,152,"104","Aquic dystric xerochepts_1 to 15 percent slopes",3763
2,"Rock outcrop","No",465079,26638279,NA,NA,NA,NA,"104","Aquic dystric xerochepts_1 to 15 percent slopes",3763
3,"Lithic Xeropsamments","No",465079,26638280,NA,NA,NA,NA,"104","Aquic dystric xerochepts_1 to 15 percent slopes",3763
5,"Umpa family","No",465079,26638281,NA,NA,NA,NA,"104","Aquic dystric xerochepts_1 to 15 percent slopes",3763
5,"Unnamed","No",465079,26638282,NA,NA,NA,NA,"104","Aquic dystric xerochepts_1 to 15 percent slopes",3763
5,"Rock outcrop","No",465080,26638283,NA,NA,NA,NA,"105","Auberry family_5 to 35 percent slopes",5431
5,"Ahwahnee family","No",465080,26638284,NA,NA,NA,NA,"105","Auberry family_5 to 35 percent slopes",5431
5,"Unnamed","No",465080,26638285,NA,NA,NA,NA,"105","Auberry family_5 to 35 percent slopes",5431
85,"Auberry family","Yes",465080,26638286,15.72,9.7,0.13,200,"105","Auberry family_5 to 35 percent slopes",5431
85,"Auberry family","Yes",465081,26638287,15.72,9.7,0.13,200,"106","Auberry family_35 to 65 percent slopes",8832
5,"Rock outcrop","No",465081,26638288,NA,NA,NA,NA,"106","Auberry family_35 to 65 percent slopes",8832
5,"Ahwahnee family","No",465081,26638289,NA,NA,NA,NA,"106","Auberry family_35 to 65 percent slopes",8832
5,"Tollhouse family","No",465081,26638290,NA,NA,NA,NA,"106","Auberry family_35 to 65 percent slopes",8832
2,"Rock outcrop","No",465082,26638291,NA,NA,NA,NA,"107","Auberry-Ahwahnee families asociation_5 to 35 percent slopes",8733
3,"Unnamed","No",465082,26638292,NA,NA,NA,NA,"107","Auberry-Ahwahnee families asociation_5 to 35 percent slopes",8733
5,"Unnamed","No",465082,26638293,NA,NA,NA,NA,"107","Auberry-Ahwahnee families asociation_5 to 35 percent slopes",8733
55,"Auberry family","Yes",465082,26638294,15.72,9.7,0.13,200,"107","Auberry-Ahwahnee families asociation_5 to 35 percent slopes",8733
35,"Ahwahnee family","Yes",465082,26638295,28,11.3,0.11,152,"107","Auberry-Ahwahnee families asociation_5 to 35 percent slopes",8733
45,"Auberry family","Yes",465083,26638296,15.72,9.7,0.13,200,"108","Auberry-Ahwahnee families association_35 to 65 percent slopes",12207
40,"Ahwahnee family","Yes",465083,26638297,28,11.3,0.11,152,"108","Auberry-Ahwahnee families association_35 to 65 percent slopes",12207
5,"Rock outcrop","No",465083,26638298,NA,NA,NA,NA,"108","Auberry-Ahwahnee families association_35 to 65 percent slopes",12207
5,"Unnamed","No",465083,26638299,NA,NA,NA,NA,"108","Auberry-Ahwahnee families association_35 to 65 percent slopes",12207
5,"Tollhouse family","No",465083,26638300,NA,NA,NA,NA,"108","Auberry-Ahwahnee families association_35 to 65 percent slopes",12207
10,"Ahwahnee family","No",465084,26638301,NA,NA,NA,NA,"109","Auberry family-Rock outcrop complex_35 to 75 percent slopes",2103
10,"Tollhouse family","No",465084,26638302,NA,NA,NA,NA,"109","Auberry family-Rock outcrop complex_35 to 75 percent slopes",2103
55,"Auberry family","Yes",465084,26638303,15.72,9.7,0.13,200,"109","Auberry family-Rock outcrop complex_35 to 75 percent slopes",2103
25,"Rock outcrop","Yes",465084,26638304,0.5,NA,NA,25,"109","Auberry family-Rock outcrop complex_35 to 75 percent slopes",2103
40,"Auberry family","Yes",465085,26638305,15.72,9.7,0.13,200,"110","Auberry-Tollhouse families-Rock outcrop association_25 to 65 percent slopes",10344
15,"Rock outcrop","Yes",465085,26638306,0.5,NA,NA,25,"110","Auberry-Tollhouse families-Rock outcrop association_25 to 65 percent slopes",10344
30,"Tollhouse family","Yes",465085,26638307,25.8,7,0.08,152,"110","Auberry-Tollhouse families-Rock outcrop association_25 to 65 percent slopes",10344
5,"Ahwahnee family","No",465085,26638308,NA,NA,NA,NA,"110","Auberry-Tollhouse families-Rock outcrop association_25 to 65 percent slopes",10344
5,"Unnamed","No",465085,26638309,NA,NA,NA,NA,"110","Auberry-Tollhouse families-Rock outcrop association_25 to 65 percent slopes",10344
5,"Unnamed","No",465085,26638310,NA,NA,NA,NA,"110","Auberry-Tollhouse families-Rock outcrop association_25 to 65 percent slopes",10344
5,"Cagwin family","No",465086,26638311,NA,NA,NA,NA,"111","Cagwin family_25 to 60 percent slopes",18647
5,"Lithic Xeropsamments","No",465086,26638312,NA,NA,NA,NA,"111","Cagwin family_25 to 60 percent slopes",18647
5,"Rock outcrop","No",465086,26638313,NA,NA,NA,NA,"111","Cagwin family_25 to 60 percent slopes",18647
85,"Cagwin family","Yes",465086,26638314,92,5.34,0.05,152,"111","Cagwin family_25 to 60 percent slopes",18647
70,"Cagwin family","Yes",465087,26638315,92,6.24,0.05,124,"112","Cagwin-Cannell families complex_2 to 25 percent slopes",16448
20,"Cannell family","Yes",465087,26638316,28,8.8,0.08,152,"112","Cagwin-Cannell families complex_2 to 25 percent slopes",16448
5,"Rock outcrop","No",465087,26638317,NA,NA,NA,NA,"112","Cagwin-Cannell families complex_2 to 25 percent slopes",16448
5,"Aquic Dystric Xerochrepts","No",465087,26638318,NA,NA,NA,NA,"112","Cagwin-Cannell families complex_2 to 25 percent slopes",16448
5,"Unnamed","No",465088,26638319,NA,NA,NA,NA,"113","Cagwin family-Lithic Xeropsamments-Rock outcrop complex_15 to 45 percent slopes",27057
5,"Unnamed","No",465088,26638320,NA,NA,NA,NA,"113","Cagwin family-Lithic Xeropsamments-Rock outcrop complex_15 to 45 percent slopes",27057
55,"Cagwin family","Yes",465088,26638321,92,5.34,0.05,152,"113","Cagwin family-Lithic Xeropsamments-Rock outcrop complex_15 to 45 percent slopes",27057
15,"Rock outcrop","Yes",465088,26638322,0.5,NA,NA,25,"113","Cagwin family-Lithic Xeropsamments-Rock outcrop complex_15 to 45 percent slopes",27057
20,"Lithic Xeropsamments","Yes",465088,26638323,51.74,7,0.05,152,"113","Cagwin family-Lithic Xeropsamments-Rock outcrop complex_15 to 45 percent slopes",27057
55,"Cagwin family","Yes",465089,26638324,92,5.34,0.05,152,"114","Cagwin family-Lithic Xeropsamments-Rock outcrop complex_45 to 65 percent slopes",17545
20,"Lithic Xeropsamments","Yes",465089,26638325,51.74,7,0.05,152,"114","Cagwin family-Lithic Xeropsamments-Rock outcrop complex_45 to 65 percent slopes",17545
15,"Rock outcrop","Yes",465089,26638326,0.5,NA,NA,25,"114","Cagwin family-Lithic Xeropsamments-Rock outcrop complex_45 to 65 percent slopes",17545
5,"Unnamed","No",465089,26638327,NA,NA,NA,NA,"114","Cagwin family-Lithic Xeropsamments-Rock outcrop complex_45 to 65 percent slopes",17545
5,"Unnamed","No",465089,26638328,NA,NA,NA,NA,"114","Cagwin family-Lithic Xeropsamments-Rock outcrop complex_45 to 65 percent slopes",17545
5,"Cagwin family","No",465090,26638329,NA,NA,NA,NA,"115","Cagwin family-Rock outcrop complex_15 to 35 percent slopes",3961
5,"Lithic Xeropsamments","No",465090,26638330,NA,NA,NA,NA,"115","Cagwin family-Rock outcrop complex_15 to 35 percent slopes",3961
75,"Cagwin family","Yes",465090,26638331,92,5.34,0.05,152,"115","Cagwin family-Rock outcrop complex_15 to 35 percent slopes",3961
15,"Rock outcrop","Yes",465090,26638332,0.5,NA,NA,25,"115","Cagwin family-Rock outcrop complex_15 to 35 percent slopes",3961
5,"Cagwin family","No",465091,26638333,NA,NA,NA,NA,"116","Cagwin family-Rock outcrop complex_35 to 65 percent slopes",10200
5,"Cannell family","No",465091,26638334,NA,NA,NA,NA,"116","Cagwin family-Rock outcrop complex_35 to 65 percent slopes",10200
5,"Sirretta family","No",465091,26638335,NA,NA,NA,NA,"116","Cagwin family-Rock outcrop complex_35 to 65 percent slopes",10200
70,"Cagwin family","Yes",465091,26638336,92,5.34,0.05,152,"116","Cagwin family-Rock outcrop complex_35 to 65 percent slopes",10200
15,"Rock outcrop","Yes",465091,26638337,0.5,NA,NA,25,"116","Cagwin family-Rock outcrop complex_35 to 65 percent slopes",10200
85,"Cannell family","Yes",465092,26638338,28,8.8,0.08,152,"117","Cannell family_15 to 45 percent slopes",7253
5,"Umpa family","No",465092,26638339,NA,NA,NA,NA,"117","Cannell family_15 to 45 percent slopes",7253
5,"Unnamed","No",465092,26638340,NA,NA,NA,NA,"117","Cannell family_15 to 45 percent slopes",7253
5,"Cagwin family","No",465092,26638341,NA,NA,NA,NA,"117","Cannell family_15 to 45 percent slopes",7253
5,"Rock outcrop","No",465093,26638342,NA,NA,NA,NA,"118","Chaix family_5 to 35 percent slopes",6048
5,"Chawanakee family","No",465093,26638343,NA,NA,NA,NA,"118","Chaix family_5 to 35 percent slopes",6048
5,"Unnamed","No",465093,26638344,NA,NA,NA,NA,"118","Chaix family_5 to 35 percent slopes",6048
85,"Chaix family","Yes",465093,26638345,28,8.5,0.09,152,"118","Chaix family_5 to 35 percent slopes",6048
85,"Chaix family","Yes",465094,26638346,28,8.5,0.09,152,"119","Chaix family_35 to 65 percent slopes",12044
5,"Rock outcrop","No",465094,26638347,NA,NA,NA,NA,"119","Chaix family_35 to 65 percent slopes",12044
5,"Chawanakee family","No",465094,26638348,NA,NA,NA,NA,"119","Chaix family_35 to 65 percent slopes",12044
5,"Unnamed","No",465094,26638349,NA,NA,NA,NA,"119","Chaix family_35 to 65 percent slopes",12044
5,"Shaver family","No",465095,26638350,NA,NA,NA,NA,"120","Chaix family_deep_5 to 45 percent slopes",19422
5,"Holland family","No",465095,26638351,NA,NA,NA,NA,"120","Chaix family_deep_5 to 45 percent slopes",19422
5,"Chaix family","No",465095,26638352,NA,NA,NA,NA,"120","Chaix family_deep_5 to 45 percent slopes",19422
5,"Cannell family","No",465095,26638353,NA,NA,NA,NA,"120","Chaix family_deep_5 to 45 percent slopes",19422
5,"Unnamed","No",465095,26638354,NA,NA,NA,NA,"120","Chaix family_deep_5 to 45 percent slopes",19422
75,"Chaix family","Yes",465095,26638355,28,10.6,0.09,200,"120","Chaix family_deep_5 to 45 percent slopes",19422
55,"Chaix family","Yes",465096,26638356,28,8.5,0.09,152,"121","Chaix family-Chaix family_deep complex_15 to 50 percent slopes",12198
30,"Chaix family","Yes",465096,26638357,28,10.6,0.09,200,"121","Chaix family-Chaix family_deep complex_15 to 50 percent slopes",12198
5,"Shaver family","No",465096,26638358,NA,NA,NA,NA,"121","Chaix family-Chaix family_deep complex_15 to 50 percent slopes",12198
5,"Holland family","No",465096,26638359,NA,NA,NA,NA,"121","Chaix family-Chaix family_deep complex_15 to 50 percent slopes",12198
5,"Rock outcrop","No",465096,26638360,NA,NA,NA,NA,"121","Chaix family-Chaix family_deep complex_15 to 50 percent slopes",12198
5,"Holland family","No",465097,26638361,NA,NA,NA,NA,"122","Chaix-Chawanakee families-Rock outcrop complex_15 to 35 percent slopes",10757
5,"Unnamed","No",465097,26638362,NA,NA,NA,NA,"122","Chaix-Chawanakee families-Rock outcrop complex_15 to 35 percent slopes",10757
40,"Chaix family","Yes",465097,26638363,28,8.5,0.09,152,"122","Chaix-Chawanakee families-Rock outcrop complex_15 to 35 percent slopes",10757
15,"Rock outcrop","Yes",465097,26638364,0.5,NA,NA,25,"122","Chaix-Chawanakee families-Rock outcrop complex_15 to 35 percent slopes",10757
35,"Chawanakee variant","Yes",465097,26638365,26.9,8.04,0.07,152,"122","Chaix-Chawanakee families-Rock outcrop complex_15 to 35 percent slopes",10757
40,"Chaix family","Yes",465098,26638366,28,8.5,0.09,152,"123","Chaix-Chawanakee families-Rock outcrop complex_35 to 65 percent slopes",14826
35,"Chawanakee variant","Yes",465098,26638367,26.9,8.04,0.07,152,"123","Chaix-Chawanakee families-Rock outcrop complex_35 to 65 percent slopes",14826
15,"Rock outcrop","Yes",465098,26638368,0.5,NA,NA,25,"123","Chaix-Chawanakee families-Rock outcrop complex_35 to 65 percent slopes",14826
5,"Unnamed","No",465098,26638369,NA,NA,NA,NA,"123","Chaix-Chawanakee families-Rock outcrop complex_35 to 65 percent slopes",14826
5,"Unnamed","No",465098,26638370,NA,NA,NA,NA,"123","Chaix-Chawanakee families-Rock outcrop complex_35 to 65 percent slopes",14826
5,"Rock outcrop","No",465099,26638371,NA,NA,NA,NA,"124","Chaix-Holland families complex_15 to 35 percent slopes",3918
5,"Chaix family","No",465099,26638372,NA,NA,NA,NA,"124","Chaix-Holland families complex_15 to 35 percent slopes",3918
5,"Holland family","No",465099,26638373,NA,NA,NA,NA,"124","Chaix-Holland families complex_15 to 35 percent slopes",3918
45,"Chaix family","Yes",465099,26638374,28,8.5,0.09,152,"124","Chaix-Holland families complex_15 to 35 percent slopes",3918
40,"Holland family","Yes",465099,26638375,15.46,13.02,0.14,200,"124","Chaix-Holland families complex_15 to 35 percent slopes",3918
45,"Chaix family","Yes",465100,26638376,28,8.5,0.09,152,"125","Chaix-Holland families complex_35 to 65 percent slopes",6140
40,"Holland family","Yes",465100,26638377,15.46,13.02,0.14,200,"125","Chaix-Holland families complex_35 to 65 percent slopes",6140
5,"Rock outcrop","No",465100,26638378,NA,NA,NA,NA,"125","Chaix-Holland families complex_35 to 65 percent slopes",6140
5,"Chaix family","No",465100,26638379,NA,NA,NA,NA,"125","Chaix-Holland families complex_35 to 65 percent slopes",6140
5,"Holland family","No",465100,26638380,NA,NA,NA,NA,"125","Chaix-Holland families complex_35 to 65 percent slopes",6140
60,"Chawanakee family","Yes",465101,26638381,26.9,8.04,0.07,152,"126","Chawanakee family-Rock outcrop complex_35 to 65 percent slopes",22211
30,"Rock outcrop","Yes",465101,26638382,0.5,NA,NA,25,"126","Chawanakee family-Rock outcrop complex_35 to 65 percent slopes",22211
5,"Chaix family","No",465101,26638383,NA,NA,NA,NA,"126","Chawanakee family-Rock outcrop complex_35 to 65 percent slopes",22211
5,"Unnamed","No",465101,26638384,NA,NA,NA,NA,"126","Chawanakee family-Rock outcrop complex_35 to 65 percent slopes",22211
5,"Rock outcrop","No",465102,26638385,NA,NA,NA,NA,"127","Coarsegold-Auberry families association_35 to 65 percent slopes",19935
5,"Unnamed","No",465102,26638386,NA,NA,NA,NA,"127","Coarsegold-Auberry families association_35 to 65 percent slopes",19935
5,"Ahwahnee family","No",465102,26638387,NA,NA,NA,NA,"127","Coarsegold-Auberry families association_35 to 65 percent slopes",19935
35,"Auberry family","Yes",465102,26638388,15.72,9.7,0.13,200,"127","Coarsegold-Auberry families association_35 to 65 percent slopes",19935
50,"Coarsegold","Yes",465102,26638389,3.96,15,0.15,152,"127","Coarsegold-Auberry families association_35 to 65 percent slopes",19935
40,"Coarsegold","Yes",465103,26638390,3.96,15,0.15,152,"128","Coarsegold-Auberry families-Rock outcrop association_35 to 85 percent slopes",9808
30,"Auberry family","Yes",465103,26638391,15.72,9.7,0.13,200,"128","Coarsegold-Auberry families-Rock outcrop association_35 to 85 percent slopes",9808
20,"Rock outcrop","Yes",465103,26638392,0.5,NA,NA,25,"128","Coarsegold-Auberry families-Rock outcrop association_35 to 85 percent slopes",9808
5,"Unnamed","No",465103,26638393,NA,NA,NA,NA,"128","Coarsegold-Auberry families-Rock outcrop association_35 to 85 percent slopes",9808
5,"Unnamed","No",465103,26638394,NA,NA,NA,NA,"128","Coarsegold-Auberry families-Rock outcrop association_35 to 85 percent slopes",9808
10,"Unnamed","No",465104,26638395,NA,NA,NA,NA,"129","Delpiedra family-Rock outcrop complex_30 to 60 percent slopes",652
10,"Unnamed","No",465104,26638396,NA,NA,NA,NA,"129","Delpiedra family-Rock outcrop complex_30 to 60 percent slopes",652
20,"Rock outcrop","Yes",465104,26638397,0.5,NA,NA,25,"129","Delpiedra family-Rock outcrop complex_30 to 60 percent slopes",652
60,"Delpiedra family","Yes",465104,26638398,5.6,15,0.12,152,"129","Delpiedra family-Rock outcrop complex_30 to 60 percent slopes",652
15,"Rock outcrop","Yes",465105,26638399,0.5,NA,NA,25,"130","Dystric Lithic Xerochrepts-Ultic Haploxeralfs-Rock outcrop association_50 to 80 percent slopes",17400
55,"Dystric Lithic Xerochrepts","Yes",465105,26638400,15.9,13.93,0.09,53,"130","Dystric Lithic Xerochrepts-Ultic Haploxeralfs-Rock outcrop association_50 to 80 percent slopes",17400
20,"Ultic Haploxeralfs","Yes",465105,26638401,9,12.48,0.14,152,"130","Dystric Lithic Xerochrepts-Ultic Haploxeralfs-Rock outcrop association_50 to 80 percent slopes",17400
5,"Unnamed","No",465105,26638402,NA,NA,NA,NA,"130","Dystric Lithic Xerochrepts-Ultic Haploxeralfs-Rock outcrop association_50 to 80 percent slopes",17400
5,"Unnamed","No",465105,26638403,NA,NA,NA,NA,"130","Dystric Lithic Xerochrepts-Ultic Haploxeralfs-Rock outcrop association_50 to 80 percent slopes",17400
5,"Lithic Xeropsamments","No",465106,26638404,NA,NA,NA,NA,"131","Dystric Xerochrepts and Typic Xerumbrepts_20 to 50 percent slopes",5256
5,"Cagwin family","No",465106,26638405,NA,NA,NA,NA,"131","Dystric Xerochrepts and Typic Xerumbrepts_20 to 50 percent slopes",5256
5,"Rock outcrop","No",465106,26638406,NA,NA,NA,NA,"131","Dystric Xerochrepts and Typic Xerumbrepts_20 to 50 percent slopes",5256
5,"Umpa family","No",465106,26638407,NA,NA,NA,NA,"131","Dystric Xerochrepts and Typic Xerumbrepts_20 to 50 percent slopes",5256
10,"Ultic Haploxeralfs","No",465106,26638408,NA,NA,NA,NA,"131","Dystric Xerochrepts and Typic Xerumbrepts_20 to 50 percent slopes",5256
45,"Dystric Xerochrepts","Yes",465106,26638409,28,19.8,0.1,152,"131","Dystric Xerochrepts and Typic Xerumbrepts_20 to 50 percent slopes",5256
25,"Typic Xerumbrepts","Yes",465106,26638410,28,18.8,0.14,200,"131","Dystric Xerochrepts and Typic Xerumbrepts_20 to 50 percent slopes",5256
10,"Rock outcrop","No",465107,26638411,NA,NA,NA,NA,"132","Entic Cryumbrepts_5 to 50 percent slopes",2987
10,"Cryorthents","No",465107,26638412,NA,NA,NA,NA,"132","Entic Cryumbrepts_5 to 50 percent slopes",2987
80,"Entic Cryumbrepts","Yes",465107,26638413,92,9.48,0.06,66,"132","Entic Cryumbrepts_5 to 50 percent slopes",2987
55,"Entic Cryumbrepts","Yes",465108,26638414,92,9.48,0.06,81,"133","Entic Cryumbrepts-Rock outcrop complex_15 to 55 percent slopes",18495
30,"Rock outcrop","Yes",465108,26638415,0.5,NA,NA,25,"133","Entic Cryumbrepts-Rock outcrop complex_15 to 55 percent slopes",18495
5,"Stecum family","No",465108,26638416,NA,NA,NA,NA,"133","Entic Cryumbrepts-Rock outcrop complex_15 to 55 percent slopes",18495
5,"Cryorthents","No",465108,26638417,NA,NA,NA,NA,"133","Entic Cryumbrepts-Rock outcrop complex_15 to 55 percent slopes",18495
5,"Unnamed","No",465108,26638418,NA,NA,NA,NA,"133","Entic Cryumbrepts-Rock outcrop complex_15 to 55 percent slopes",18495
20,"Cagwin family","Yes",465109,26638419,92,5.34,0.05,91,"134","Gerle-Cagwin families association_5 to 35 percent slopes",7721
65,"Gerle family","Yes",465109,26638420,28,9.3,0.09,152,"134","Gerle-Cagwin families association_5 to 35 percent slopes",7721
5,"Rock outcrop","No",465109,26638421,NA,NA,NA,NA,"134","Gerle-Cagwin families association_5 to 35 percent slopes",7721
5,"Cannell family","No",465109,26638422,NA,NA,NA,NA,"134","Gerle-Cagwin families association_5 to 35 percent slopes",7721
5,"Shaver family","No",465109,26638423,NA,NA,NA,NA,"134","Gerle-Cagwin families association_5 to 35 percent slopes",7721
10,"Rock outcrop","No",465110,26638424,NA,NA,NA,NA,"135","Gerle-Cagwin families association_35 to 55 percent slopes",11291
10,"Cannell family","No",465110,26638425,NA,NA,NA,NA,"135","Gerle-Cagwin families association_35 to 55 percent slopes",11291
50,"Gerle family","Yes",465110,26638426,28,9.3,0.09,152,"135","Gerle-Cagwin families association_35 to 55 percent slopes",11291
30,"Cagwin family","Yes",465110,26638427,92,5.34,0.05,152,"135","Gerle-Cagwin families association_35 to 55 percent slopes",11291
5,"Chaix family","No",465111,26638428,NA,NA,NA,NA,"136","Holland family_5 to 35 percent slopes",23195
5,"Unnamed","No",465111,26638429,NA,NA,NA,NA,"136","Holland family_5 to 35 percent slopes",23195
90,"Holland family","Yes",465111,26638430,15.46,13.02,0.14,200,"136","Holland family_5 to 35 percent slopes",23195
85,"Holland family","Yes",465112,26638431,15.46,13.02,0.14,200,"137","Holland family_35 to 65 percent slopes",31282
5,"Chaix family","No",465112,26638432,NA,NA,NA,NA,"137","Holland family_35 to 65 percent slopes",31282
5,"Chawanakee family","No",465112,26638433,NA,NA,NA,NA,"137","Holland family_35 to 65 percent slopes",31282
5,"Rock outcrop","No",465112,26638434,NA,NA,NA,NA,"137","Holland family_35 to 65 percent slopes",31282
5,"Rock outcrop","No",465113,26638435,NA,NA,NA,NA,"138","Holland-Chaix families complex_5 to 35 percent slopes",19295
5,"Auberry family","No",465113,26638436,NA,NA,NA,NA,"138","Holland-Chaix families complex_5 to 35 percent slopes",19295
5,"Ahwahnee family","No",465113,26638437,NA,NA,NA,NA,"138","Holland-Chaix families complex_5 to 35 percent slopes",19295
65,"Holland family","Yes",465113,26638438,15.46,13.02,0.14,200,"138","Holland-Chaix families complex_5 to 35 percent slopes",19295
20,"Chaix family","Yes",465113,26638439,28,8.5,0.09,152,"138","Holland-Chaix families complex_5 to 35 percent slopes",19295
60,"Holland family","Yes",465114,26638440,15.46,13.02,0.14,200,"139","Holland-Chaix families complex_35 to 65 percent slopes",35107
20,"Chaix family","Yes",465114,26638441,28,8.5,0.09,152,"139","Holland-Chaix families complex_35 to 65 percent slopes",35107
5,"Rock outcrop","No",465114,26638442,NA,NA,NA,NA,"139","Holland-Chaix families complex_35 to 65 percent slopes",35107
5,"Unnamed","No",465114,26638443,NA,NA,NA,NA,"139","Holland-Chaix families complex_35 to 65 percent slopes",35107
5,"Chawanakee family","No",465114,26638444,NA,NA,NA,NA,"139","Holland-Chaix families complex_35 to 65 percent slopes",35107
5,"Tollhouse family","No",465114,26638445,NA,NA,NA,NA,"139","Holland-Chaix families complex_35 to 65 percent slopes",35107
50,"Holland family","Yes",465115,26638446,15.46,13.02,0.14,200,"140","Holland-Chawanakee families complex_35 to 65 percent slopes",32172
35,"Chawanakee family","Yes",465115,26638447,26.9,8.04,0.07,152,"140","Holland-Chawanakee families complex_35 to 65 percent slopes",32172
5,"Rock outcrop","No",465115,26638448,NA,NA,NA,NA,"140","Holland-Chawanakee families complex_35 to 65 percent slopes",32172
5,"Chaix family","No",465115,26638449,NA,NA,NA,NA,"140","Holland-Chawanakee families complex_35 to 65 percent slopes",32172
5,"Unnamed","No",465115,26638450,NA,NA,NA,NA,"140","Holland-Chawanakee families complex_35 to 65 percent slopes",32172
5,"Chaix family","No",465116,26638451,NA,NA,NA,NA,"141","Holland-Chawanakee familes-Rock outcrop complex_15 to 35 percent slopes",7196
5,"Unnamed","No",465116,26638452,NA,NA,NA,NA,"141","Holland-Chawanakee familes-Rock outcrop complex_15 to 35 percent slopes",7196
45,"Holland family","Yes",465116,26638453,15.46,13.02,0.14,200,"141","Holland-Chawanakee familes-Rock outcrop complex_15 to 35 percent slopes",7196
30,"Chawanakee family","Yes",465116,26638454,26.9,8.04,0.07,152,"141","Holland-Chawanakee familes-Rock outcrop complex_15 to 35 percent slopes",7196
15,"Rock outcrop","Yes",465116,26638455,0.5,NA,NA,25,"141","Holland-Chawanakee familes-Rock outcrop complex_15 to 35 percent slopes",7196
50,"Holland family","Yes",465117,26638456,9,13.38,0.16,200,"142","Holland-Neuns families association_15 to 45 percent slopes",10519
35,"Neuns family","Yes",465117,26638457,9,13,0.08,78,"142","Holland-Neuns families association_15 to 45 percent slopes",10519
5,"Ultic Haploxeralfs","No",465117,26638458,NA,NA,NA,NA,"142","Holland-Neuns families association_15 to 45 percent slopes",10519
10,"Dystric Lithic Xerochrepts","No",465117,26638459,NA,NA,NA,NA,"142","Holland-Neuns families association_15 to 45 percent slopes",10519
5,"Aquic Dystric Xerochrepts","No",465118,26638460,NA,NA,NA,NA,"143","Ledford family-Entic Xerumbrepts-Rock outcrop association_10 to 45 percent slopes",18331
5,"Unnamed","No",465118,26638461,NA,NA,NA,NA,"143","Ledford family-Entic Xerumbrepts-Rock outcrop association_10 to 45 percent slopes",18331
5,"Unnamed","No",465118,26638462,NA,NA,NA,NA,"143","Ledford family-Entic Xerumbrepts-Rock outcrop association_10 to 45 percent slopes",18331
50,"Ledford family","Yes",465118,26638463,28,13.06,0.1,200,"143","Ledford family-Entic Xerumbrepts-Rock outcrop association_10 to 45 percent slopes",18331
20,"Entic Xerumbrepts","Yes",465118,26638464,46.28,7.78,0.08,152,"143","Ledford family-Entic Xerumbrepts-Rock outcrop association_10 to 45 percent slopes",18331
15,"Rock outcrop","Yes",465118,26638465,0.5,NA,NA,25,"143","Ledford family-Entic Xerumbrepts-Rock outcrop association_10 to 45 percent slopes",18331
10,"Sirretta family","No",465119,26638466,NA,NA,NA,NA,"144","Lithic Xeropsamments-Rock outcrop association_5 to 40 percent slopes",15098
10,"Cagwin family","No",465119,26638467,NA,NA,NA,NA,"144","Lithic Xeropsamments-Rock outcrop association_5 to 40 percent slopes",15098
45,"Lithic Xeropsamments","Yes",465119,26638468,73.52,5,0.07,152,"144","Lithic Xeropsamments-Rock outcrop association_5 to 40 percent slopes",15098
35,"Rock outcrop","Yes",465119,26638469,0.5,NA,NA,25,"144","Lithic Xeropsamments-Rock outcrop association_5 to 40 percent slopes",15098
50,"Lithic Xeropsamments","Yes",465120,26638470,73.52,5,0.07,152,"145","Lithic Xeropsamments-Rock outcrop association_40 to 65 percent slopes",9954
30,"Rock outcrop","Yes",465120,26638471,0.5,NA,NA,25,"145","Lithic Xeropsamments-Rock outcrop association_40 to 65 percent slopes",9954
5,"Entic Xerumbrepts","No",465120,26638472,NA,NA,NA,NA,"145","Lithic Xeropsamments-Rock outcrop association_40 to 65 percent slopes",9954
5,"Sirretta family","No",465120,26638473,NA,NA,NA,NA,"145","Lithic Xeropsamments-Rock outcrop association_40 to 65 percent slopes",9954
10,"Cagwin family","No",465120,26638474,NA,NA,NA,NA,"145","Lithic Xeropsamments-Rock outcrop association_40 to 65 percent slopes",9954
60,"Neuns family","Yes",465121,26638475,28,13.6,0.08,200,"146","Neuns family_25 to 60 percent slopes",8688
10,"Unnamed","No",465121,26638476,NA,NA,NA,NA,"146","Neuns family_25 to 60 percent slopes",8688
10,"Unnamed","No",465121,26638477,NA,NA,NA,NA,"146","Neuns family_25 to 60 percent slopes",8688
10,"Unnamed","No",465121,26638478,NA,NA,NA,NA,"146","Neuns family_25 to 60 percent slopes",8688
10,"Unnamed","No",465121,26638479,NA,NA,NA,NA,"146","Neuns family_25 to 60 percent slopes",8688
10,"Unnamed","No",465122,26638480,NA,NA,NA,NA,"147","Rock outcrop",20479
90,"Rock outcrop","Yes",465122,26638481,0.5,NA,NA,25,"147","Rock outcrop",20479
35,"Chawanakee family","Yes",465123,26638482,26.9,8.04,0.07,152,"148","Rock outcrop-Chawanakee family association_35 to 65 percent slopes",7995
50,"Rock outcrop","Yes",465123,26638483,0.5,NA,NA,25,"148","Rock outcrop-Chawanakee family association_35 to 65 percent slopes",7995
5,"Unnamed","No",465123,26638484,NA,NA,NA,NA,"148","Rock outcrop-Chawanakee family association_35 to 65 percent slopes",7995
5,"Unnamed","No",465123,26638485,NA,NA,NA,NA,"148","Rock outcrop-Chawanakee family association_35 to 65 percent slopes",7995
5,"Unnamed","No",465123,26638486,NA,NA,NA,NA,"148","Rock outcrop-Chawanakee family association_35 to 65 percent slopes",7995
10,"Entic Cryumbrepts","No",465124,26638487,NA,NA,NA,NA,"149","Rock outcrop-Cryorthents complex_5 to 50 percent slopes",8359
70,"Rock outcrop","Yes",465124,26638488,0.5,NA,NA,25,"149","Rock outcrop-Cryorthents complex_5 to 50 percent slopes",8359
20,"Cryorthents","Yes",465124,26638489,92,4.2,0.04,124,"149","Rock outcrop-Cryorthents complex_5 to 50 percent slopes",8359
5,"Unnamed","No",465125,26638490,NA,NA,NA,NA,"150","Rock outcrop-Dystric Lithic Xerochrepts complex_65 to 85 percent slopes",3095
45,"Dystric Lithic Xerochrepts","Yes",465125,26638491,37.68,13.93,0.09,53,"150","Rock outcrop-Dystric Lithic Xerochrepts complex_65 to 85 percent slopes",3095
50,"Rock outcrop","Yes",465125,26638492,0.5,NA,NA,25,"150","Rock outcrop-Dystric Lithic Xerochrepts complex_65 to 85 percent slopes",3095
30,"Entic Cryumbrepts","Yes",465126,26638493,92,9.48,0.06,81,"151","Rock outcrop-Entic Cryumbrepts association_25 to 60 percent slopes",11051
55,"Rock outcrop","Yes",465126,26638494,0.5,NA,NA,25,"151","Rock outcrop-Entic Cryumbrepts association_25 to 60 percent slopes",11051
5,"Stecum family","No",465126,26638495,NA,NA,NA,NA,"151","Rock outcrop-Entic Cryumbrepts association_25 to 60 percent slopes",11051
10,"Cryorthents","No",465126,26638496,NA,NA,NA,NA,"151","Rock outcrop-Entic Cryumbrepts association_25 to 60 percent slopes",11051
5,"Sirretta family","No",465127,26638497,NA,NA,NA,NA,"152","Rock outcrop-Lithic Xeropsamments complex_15 to 45 percent slopes",28060
5,"Unnamed","No",465127,26638498,NA,NA,NA,NA,"152","Rock outcrop-Lithic Xeropsamments complex_15 to 45 percent slopes",28060
5,"Unnamed","No",465127,26638499,NA,NA,NA,NA,"152","Rock outcrop-Lithic Xeropsamments complex_15 to 45 percent slopes",28060
25,"Lithic Xeropsamments","Yes",465127,26638500,73.52,5,0.07,152,"152","Rock outcrop-Lithic Xeropsamments complex_15 to 45 percent slopes",28060
60,"Rock outcrop","Yes",465127,26638501,0.5,NA,NA,25,"152","Rock outcrop-Lithic Xeropsamments complex_15 to 45 percent slopes",28060
60,"Rock outcrop","Yes",465128,26638502,0.5,NA,NA,25,"153","Rock outcrop-Lithic Xeropsamments complex_45 to 85 percent slopes",25687
25,"Lithic Xeropsamments","Yes",465128,26638503,73.52,5,0.07,152,"153","Rock outcrop-Lithic Xeropsamments complex_45 to 85 percent slopes",25687
5,"Cagwin family","No",465128,26638504,NA,NA,NA,NA,"153","Rock outcrop-Lithic Xeropsamments complex_45 to 85 percent slopes",25687
5,"Unnamed","No",465128,26638505,NA,NA,NA,NA,"153","Rock outcrop-Lithic Xeropsamments complex_45 to 85 percent slopes",25687
5,"Unnamed","No",465128,26638506,NA,NA,NA,NA,"153","Rock outcrop-Lithic Xeropsamments complex_45 to 85 percent slopes",25687
10,"Stecum family","No",465129,26638507,NA,NA,NA,NA,"154","Rock outcrop-Rubble land association",5820
60,"Rock outcrop","Yes",465129,26638508,0.5,NA,NA,25,"154","Rock outcrop-Rubble land association",5820
30,"Rubble land","Yes",465129,26638509,NA,NA,NA,NA,"154","Rock outcrop-Rubble land association",5820
60,"Rock outcrop","Yes",465130,26638510,0.5,NA,NA,25,"155","Rock outcrop-Stecum family association_35 to 65 percent slopes",3868
30,"Stecum family","Yes",465130,26638511,72.8,4.2,0.09,168,"155","Rock outcrop-Stecum family association_35 to 65 percent slopes",3868
5,"Entic Cryumbrepts","No",465130,26638512,NA,NA,NA,NA,"155","Rock outcrop-Stecum family association_35 to 65 percent slopes",3868
5,"Unnamed","No",465130,26638513,NA,NA,NA,NA,"155","Rock outcrop-Stecum family association_35 to 65 percent slopes",3868
80,"Shaver family","Yes",465131,26638514,28,7.78,0.11,200,"156","Shaver family_5 to 35 percent slopes",12267
5,"Rock outcrop","No",465131,26638515,NA,NA,NA,NA,"156","Shaver family_5 to 35 percent slopes",12267
5,"Holland family","No",465131,26638516,NA,NA,NA,NA,"156","Shaver family_5 to 35 percent slopes",12267
5,"Chaix family","No",465131,26638517,NA,NA,NA,NA,"156","Shaver family_5 to 35 percent slopes",12267
5,"Chaix family","No",465131,26638518,NA,NA,NA,NA,"156","Shaver family_5 to 35 percent slopes",12267
5,"Chaix family","No",465132,26638519,NA,NA,NA,NA,"157","Shaver family_35 to 65 percent slopes",17496
5,"Chaix family","No",465132,26638520,NA,NA,NA,NA,"157","Shaver family_35 to 65 percent slopes",17496
5,"Holland family","No",465132,26638521,NA,NA,NA,NA,"157","Shaver family_35 to 65 percent slopes",17496
5,"Rock outcrop","No",465132,26638522,NA,NA,NA,NA,"157","Shaver family_35 to 65 percent slopes",17496
80,"Shaver family","Yes",465132,26638523,28,7.78,0.11,200,"157","Shaver family_35 to 65 percent slopes",17496
5,"Unnamed","No",465133,26638524,NA,NA,NA,NA,"158","Sirretta family_25 to 50 percent slopes",14265
5,"Unnamed","No",465133,26638525,NA,NA,NA,NA,"158","Sirretta family_25 to 50 percent slopes",14265
5,"Umpa family","No",465133,26638526,NA,NA,NA,NA,"158","Sirretta family_25 to 50 percent slopes",14265
5,"Cagwin family","No",465133,26638527,NA,NA,NA,NA,"158","Sirretta family_25 to 50 percent slopes",14265
80,"Sirretta family","Yes",465133,26638528,68.96,5.52,0.06,177,"158","Sirretta family_25 to 50 percent slopes",14265
60,"Sirretta family","Yes",465134,26638529,68.96,5.52,0.06,177,"159","Sirretta family-Rock outcrop complex_15 to 45 percent slopes",12114
25,"Rock outcrop","Yes",465134,26638530,0.5,NA,NA,25,"159","Sirretta family-Rock outcrop complex_15 to 45 percent slopes",12114
5,"Unnamed","No",465134,26638531,NA,NA,NA,NA,"159","Sirretta family-Rock outcrop complex_15 to 45 percent slopes",12114
5,"Gerle family","No",465134,26638532,NA,NA,NA,NA,"159","Sirretta family-Rock outcrop complex_15 to 45 percent slopes",12114
5,"Cagwin family","No",465134,26638533,NA,NA,NA,NA,"159","Sirretta family-Rock outcrop complex_15 to 45 percent slopes",12114
5,"Unnamed","No",465135,26638534,NA,NA,NA,NA,"160","Sirretta family-Rock outcrop complex_45 to 65 percent slopes",8469
10,"Cagwin family","No",465135,26638535,NA,NA,NA,NA,"160","Sirretta family-Rock outcrop complex_45 to 65 percent slopes",8469
60,"Sirretta family","Yes",465135,26638536,68.96,5.52,0.06,177,"160","Sirretta family-Rock outcrop complex_45 to 65 percent slopes",8469
25,"Rock outcrop","Yes",465135,26638537,0.5,NA,NA,25,"160","Sirretta family-Rock outcrop complex_45 to 65 percent slopes",8469
55,"Sirretta family","Yes",465136,26638538,68.96,5.52,0.06,177,"161","Sirretta family and Umpa family_wet_2 to 25 percent slopes",24495
30,"Umpa family","Yes",465136,26638539,28,7.9,0.08,152,"161","Sirretta family and Umpa family_wet_2 to 25 percent slopes",24495
5,"Unnamed","No",465136,26638540,NA,NA,NA,NA,"161","Sirretta family and Umpa family_wet_2 to 25 percent slopes",24495
5,"Unnamed","No",465136,26638541,NA,NA,NA,NA,"161","Sirretta family and Umpa family_wet_2 to 25 percent slopes",24495
5,"Cagwin family","No",465136,26638542,NA,NA,NA,NA,"161","Sirretta family and Umpa family_wet_2 to 25 percent slopes",24495
10,"Entic Cryumbrepts","No",465137,26638543,NA,NA,NA,NA,"162","Stecum family_3 to 35 percent slopes",14203
10,"Aquic Cryumbrepts","No",465137,26638544,NA,NA,NA,NA,"162","Stecum family_3 to 35 percent slopes",14203
80,"Stecum family","Yes",465137,26638545,72.8,4.2,0.09,168,"162","Stecum family_3 to 35 percent slopes",14203
60,"Stecum family","Yes",465138,26638546,72.8,4.2,0.09,168,"163","Stecum family-Aquic Cryumbrepts association_1 to 25 percent slopes",13921
30,"Aquic Cryumbrepts","Yes",465138,26638547,9,8.04,0.08,152,"163","Stecum family-Aquic Cryumbrepts association_1 to 25 percent slopes",13921
5,"Entic Cryumbrepts","No",465138,26638548,NA,NA,NA,NA,"163","Stecum family-Aquic Cryumbrepts association_1 to 25 percent slopes",13921
5,"Unnamed","No",465138,26638549,NA,NA,NA,NA,"163","Stecum family-Aquic Cryumbrepts association_1 to 25 percent slopes",13921
5,"Entic Cryumbrepts","No",465139,26638550,NA,NA,NA,NA,"164","Stecum family-Rock outcrop complex_5 to 45 percent slopes",18515
5,"Aquic Cryumbrepts","No",465139,26638551,NA,NA,NA,NA,"164","Stecum family-Rock outcrop complex_5 to 45 percent slopes",18515
70,"Stecum family","Yes",465139,26638552,72.8,4.2,0.09,168,"164","Stecum family-Rock outcrop complex_5 to 45 percent slopes",18515
20,"Rock outcrop","Yes",465139,26638553,0.5,NA,NA,25,"164","Stecum family-Rock outcrop complex_5 to 45 percent slopes",18515
60,"Stecum family","Yes",465140,26638554,72.8,4.2,0.09,168,"165","Stecum family-Rock outcrop association_45 to 65 percent slopes",7415
30,"Rock outcrop","Yes",465140,26638555,0.5,NA,NA,25,"165","Stecum family-Rock outcrop association_45 to 65 percent slopes",7415
5,"Rubble land","No",465140,26638556,NA,NA,NA,NA,"165","Stecum family-Rock outcrop association_45 to 65 percent slopes",7415
5,"Entic Cryumbrepts","No",465140,26638557,NA,NA,NA,NA,"165","Stecum family-Rock outcrop association_45 to 65 percent slopes",7415
65,"Tollhouse family","Yes",465141,26638558,25.8,7,0.08,152,"166","Tollhouse family-Rock outcrop complex_30 to 60 percent slopes",15587
25,"Rock outcrop","Yes",465141,26638559,0.5,NA,NA,25,"166","Tollhouse family-Rock outcrop complex_30 to 60 percent slopes",15587
3,"Chaix family","No",465141,26638560,NA,NA,NA,NA,"166","Tollhouse family-Rock outcrop complex_30 to 60 percent slopes",15587
3,"Auberry family","No",465141,26638561,NA,NA,NA,NA,"166","Tollhouse family-Rock outcrop complex_30 to 60 percent slopes",15587
4,"Holland family","No",465141,26638562,NA,NA,NA,NA,"166","Tollhouse family-Rock outcrop complex_30 to 60 percent slopes",15587
5,"Unnamed","No",465142,26638563,NA,NA,NA,NA,"167","Tollhouse family-Rock outcrop association_60 to 85 percent slopes",7147
10,"Unnamed","No",465142,26638564,NA,NA,NA,NA,"167","Tollhouse family-Rock outcrop association_60 to 85 percent slopes",7147
55,"Tollhouse family","Yes",465142,26638565,25.8,7,0.08,152,"167","Tollhouse family-Rock outcrop association_60 to 85 percent slopes",7147
30,"Rock outcrop","Yes",465142,26638566,0.5,NA,NA,25,"167","Tollhouse family-Rock outcrop association_60 to 85 percent slopes",7147
85,"Typic Argixerolls","Yes",465143,26638567,16.6,15,0.11,150,"168","Typic Argixerolls_15 to 50 percent slopes",3455
5,"Rock outcrop","No",465143,26638568,NA,NA,NA,NA,"168","Typic Argixerolls_15 to 50 percent slopes",3455
5,"Coarsegold family","No",465143,26638569,NA,NA,NA,NA,"168","Typic Argixerolls_15 to 50 percent slopes",3455
5,"Auberry family","No",465143,26638570,NA,NA,NA,NA,"168","Typic Argixerolls_15 to 50 percent slopes",3455
10,"Rock outcrop","No",465144,26638571,NA,NA,NA,NA,"169","Typic Argixerolls-Coarsegold family association_35 to 65 percent slopes",1039
10,"Auberry family","No",465144,26638572,NA,NA,NA,NA,"169","Typic Argixerolls-Coarsegold family association_35 to 65 percent slopes",1039
50,"Typic Argixerolls","Yes",465144,26638573,12.82,15,0.11,150,"169","Typic Argixerolls-Coarsegold family association_35 to 65 percent slopes",1039
30,"Coarsegold","Yes",465144,26638574,3.96,15,0.15,152,"169","Typic Argixerolls-Coarsegold family association_35 to 65 percent slopes",1039
5,"Umpa family","No",465145,26638575,NA,NA,NA,NA,"170","Typic Xerumbrepts_5 to 20 percent slopes",6981
10,"Dystric Xerochrepts","No",465145,26638576,NA,NA,NA,NA,"170","Typic Xerumbrepts_5 to 20 percent slopes",6981
85,"Typic Xerumbrepts","Yes",465145,26638577,28,18.8,0.14,152,"170","Typic Xerumbrepts_5 to 20 percent slopes",6981
75,"Ultic Haploxeralfs","Yes",465146,26638578,16.6,13.2,0.06,137,"171","Ultic Haploxeralfs_deep_15 to 50 percent slopes",3459
5,"Typic Xerumbrepts","No",465146,26638579,NA,NA,NA,NA,"171","Ultic Haploxeralfs_deep_15 to 50 percent slopes",3459
10,"Dystric Xerochrepts","No",465146,26638580,NA,NA,NA,NA,"171","Ultic Haploxeralfs_deep_15 to 50 percent slopes",3459
10,"Rock outcrop","No",465146,26638581,NA,NA,NA,NA,"171","Ultic Haploxeralfs_deep_15 to 50 percent slopes",3459
5,"Unnamed","No",465147,26638582,NA,NA,NA,NA,"172","Ultic Haploxeralfs-Dystric Lithic Xerochrepts complex_15 to 50 percent slopes",8403
5,"Unnamed","No",465147,26638583,NA,NA,NA,NA,"172","Ultic Haploxeralfs-Dystric Lithic Xerochrepts complex_15 to 50 percent slopes",8403
5,"Rock outcrop","No",465147,26638584,NA,NA,NA,NA,"172","Ultic Haploxeralfs-Dystric Lithic Xerochrepts complex_15 to 50 percent slopes",8403
60,"Ultic Haploxeralfs","Yes",465147,26638585,9,12.48,0.14,152,"172","Ultic Haploxeralfs-Dystric Lithic Xerochrepts complex_15 to 50 percent slopes",8403
25,"Dystric Lithic Xerochrepts","Yes",465147,26638586,37.68,13.93,0.09,53,"172","Ultic Haploxeralfs-Dystric Lithic Xerochrepts complex_15 to 50 percent slopes",8403
50,"Ultic Haploxeralfs","Yes",465148,26638587,9,12.48,0.14,152,"173","Ultic Haploxeralfs-Dystric Lithic Xerochrepts complex_50 to 85 percent slopes",10003
35,"Dystric Lithic Xerochrepts","Yes",465148,26638588,37.68,13.93,0.09,53,"173","Ultic Haploxeralfs-Dystric Lithic Xerochrepts complex_50 to 85 percent slopes",10003
5,"Rock outcrop","No",465148,26638589,NA,NA,NA,NA,"173","Ultic Haploxeralfs-Dystric Lithic Xerochrepts complex_50 to 85 percent slopes",10003
5,"Holland family","No",465148,26638590,NA,NA,NA,NA,"173","Ultic Haploxeralfs-Dystric Lithic Xerochrepts complex_50 to 85 percent slopes",10003
5,"Neuns family","No",465148,26638591,NA,NA,NA,NA,"173","Ultic Haploxeralfs-Dystric Lithic Xerochrepts complex_50 to 85 percent slopes",10003
10,"Sirretta family","No",465149,26638592,NA,NA,NA,NA,"174","Umpa family_5 to 35 percent slopes",5700
10,"Gerle family","No",465149,26638593,NA,NA,NA,NA,"174","Umpa family_5 to 35 percent slopes",5700
80,"Umpa family","Yes",465149,26638594,28,12.9,0.07,152,"174","Umpa family_5 to 35 percent slopes",5700
80,"Umpa family","Yes",465150,26638595,28,12.9,0.07,152,"175","Umpa family_35 to 55 percent slopes",2071
10,"Sirretta family","No",465150,26638596,NA,NA,NA,NA,"175","Umpa family_35 to 55 percent slopes",2071
10,"Cannell family","No",465150,26638597,NA,NA,NA,NA,"175","Umpa family_35 to 55 percent slopes",2071
70,"Umpa family","Yes",465151,26638598,28,12.9,0.09,147,"176","Umpa family_deep_20 to 60 percent slopes",12266
10,"Rock outcrop","No",465151,26638599,NA,NA,NA,NA,"176","Umpa family_deep_20 to 60 percent slopes",12266
10,"Unnamed","No",465151,26638600,NA,NA,NA,NA,"176","Umpa family_deep_20 to 60 percent slopes",12266
10,"Unnamed","No",465151,26638601,NA,NA,NA,NA,"176","Umpa family_deep_20 to 60 percent slopes",12266
85,"Blasingame","Yes",1674957,26638237,4.59,18.5,0.15,152,"BcFef","Blasingame loam_45 to 70 percent slopes",21
3,"Tretten","No",1674957,26638238,NA,NA,NA,NA,"BcFef","Blasingame loam_45 to 70 percent slopes",21
3,"Trimmer","No",1674957,26638239,NA,NA,NA,NA,"BcFef","Blasingame loam_45 to 70 percent slopes",21
4,"Trabuco","No",1674957,26638240,NA,NA,NA,NA,"BcFef","Blasingame loam_45 to 70 percent slopes",21
2,"Rock outcrop","No",1674957,26638241,NA,NA,NA,NA,"BcFef","Blasingame loam_45 to 70 percent slopes",21
1,"Unnamed","No",1674957,26638242,NA,NA,NA,NA,"BcFef","Blasingame loam_45 to 70 percent slopes",21
1,"Vista","No",1674957,26638243,NA,NA,NA,NA,"BcFef","Blasingame loam_45 to 70 percent slopes",21
1,"Delpiedra","No",1674957,26638244,NA,NA,NA,NA,"BcFef","Blasingame loam_45 to 70 percent slopes",21
70,"Blasingame","Yes",1674958,26638245,4.59,18.5,0.15,152,"BgFef","Blasingame very rocky loam_45 to 70 percent slopes",13
20,"Rock outcrop","Yes",1674958,26638246,0,NA,0,25,"BgFef","Blasingame very rocky loam_45 to 70 percent slopes",13
5,"Unnamed","No",1674958,26638247,NA,NA,NA,NA,"BgFef","Blasingame very rocky loam_45 to 70 percent slopes",13
5,"Unnamed","No",1674958,26638248,NA,NA,NA,NA,"BgFef","Blasingame very rocky loam_45 to 70 percent slopes",13
85,"Riverwash","Yes",1674959,26638253,92,NA,0.05,152,"Rhef","Riverwash",20
5,"Hanford","No",1674959,26638254,NA,NA,NA,NA,"Rhef","Riverwash",20
5,"Visalia","No",1674959,26638255,NA,NA,NA,NA,"Rhef","Riverwash",20
5,"Grangeville","No",1674959,26638256,NA,NA,NA,NA,"Rhef","Riverwash",20
85,"Fancher","Yes",1674960,26638249,5.76,23.9,0.11,152,"FhFef","Fancher extremely stony loam_45 to 70 percent slopes",43
5,"Colluvial land","No",1674960,26638250,NA,NA,NA,NA,"FhFef","Fancher extremely stony loam_45 to 70 percent slopes",43
5,"Unnamed","No",1674960,26638251,NA,NA,NA,NA,"FhFef","Fancher extremely stony loam_45 to 70 percent slopes",43
5,"Unnamed","No",1674960,26638252,NA,NA,NA,NA,"FhFef","Fancher extremely stony loam_45 to 70 percent slopes",43
100,"Dams","Yes",1674961,26638602,NA,NA,NA,NA,"DAM","Dams",76
85,"Trabuco","Yes",1674962,26638257,4.96,21.25,0.15,152,"ToCef","Trabuco loam_9 to 15 percent slopes",4
15,"Unnamed","No",1674962,26638258,NA,NA,NA,NA,"ToCef","Trabuco loam_9 to 15 percent slopes",4
85,"Trimmer","Yes",1674963,26638259,7.24,15,0.15,152,"TxDef","Trimmer loam_15 to 30 percent slopes",43
5,"Unnamed","No",1674963,26638260,NA,NA,NA,NA,"TxDef","Trimmer loam_15 to 30 percent slopes",43
10,"Unnamed","No",1674963,26638261,NA,NA,NA,NA,"TxDef","Trimmer loam_15 to 30 percent slopes",43
85,"Trimmer","Yes",1674964,26638262,7.24,15,0.15,152,"TxFef","Trimmer loam_45 to 70 percent slopes",49
5,"Unnamed","No",1674964,26638263,NA,NA,NA,NA,"TxFef","Trimmer loam_45 to 70 percent slopes",49
10,"Unnamed","No",1674964,26638264,NA,NA,NA,NA,"TxFef","Trimmer loam_45 to 70 percent slopes",49
85,"Boomer","Yes",1674970,26638229,5.6,15.2,0.16,149,"BoDma","Boomer loam_2 to 15 percent slopes",52
5,"Josephine","No",1674970,26638230,NA,NA,NA,NA,"BoDma","Boomer loam_2 to 15 percent slopes",52
5,"Unnamed","No",1674970,26638231,NA,NA,NA,NA,"BoDma","Boomer loam_2 to 15 percent slopes",52
5,"Unnamed","No",1674970,26638232,NA,NA,NA,NA,"BoDma","Boomer loam_2 to 15 percent slopes",52
100,"Water","Yes",1674978,26638233,NA,NA,NA,NA,"W","Water",14077
20,"Rock outcrop","Yes",1674980,26638603,NA,NA,NA,NA,"210yp","Rubble land-Typic Cryorthents-Rock outcrop-Xeric Dystrocryepts complex_30 to 80 percent slopes_mountainflanks_metamorphic_mafic_cryic",162
30,"Rubble land","Yes",1674980,26638604,NA,NA,NA,NA,"210yp","Rubble land-Typic Cryorthents-Rock outcrop-Xeric Dystrocryepts complex_30 to 80 percent slopes_mountainflanks_metamorphic_mafic_cryic",162
20,"Xeric Dystrocryepts","Yes",1674980,26638605,32.04,10.67,0.07,152,"210yp","Rubble land-Typic Cryorthents-Rock outcrop-Xeric Dystrocryepts complex_30 to 80 percent slopes_mountainflanks_metamorphic_mafic_cryic",162
3,"Humic Dystrocryepts","No",1674980,26638606,NA,NA,NA,NA,"210yp","Rubble land-Typic Cryorthents-Rock outcrop-Xeric Dystrocryepts complex_30 to 80 percent slopes_mountainflanks_metamorphic_mafic_cryic",162
1,"Water","No",1674980,26638607,NA,NA,NA,NA,"210yp","Rubble land-Typic Cryorthents-Rock outcrop-Xeric Dystrocryepts complex_30 to 80 percent slopes_mountainflanks_metamorphic_mafic_cryic",162
25,"Typic Cryorthents","Yes",1674980,26638608,17.55,NA,0.09,152,"210yp","Rubble land-Typic Cryorthents-Rock outcrop-Xeric Dystrocryepts complex_30 to 80 percent slopes_mountainflanks_metamorphic_mafic_cryic",162
1,"Histosols","No",1674980,26638609,NA,NA,NA,NA,"210yp","Rubble land-Typic Cryorthents-Rock outcrop-Xeric Dystrocryepts complex_30 to 80 percent slopes_mountainflanks_metamorphic_mafic_cryic",162
7,"Humic Lithic Dystrocryepts","No",1674981,26638610,NA,NA,NA,NA,"219yp","Rock outcrop-Rubble land-Canisrocks association_0 to 80 percent slopes_cirqued mountainflanks_cryic",2906
2,"Water","No",1674981,26638611,NA,NA,NA,NA,"219yp","Rock outcrop-Rubble land-Canisrocks association_0 to 80 percent slopes_cirqued mountainflanks_cryic",2906
15,"Canisrocks","Yes",1674981,26638612,91.74,3.12,0.05,152,"219yp","Rock outcrop-Rubble land-Canisrocks association_0 to 80 percent slopes_cirqued mountainflanks_cryic",2906
1,"Histosols","No",1674981,26638613,NA,NA,NA,NA,"219yp","Rock outcrop-Rubble land-Canisrocks association_0 to 80 percent slopes_cirqued mountainflanks_cryic",2906
10,"Lithic Cryorthents","No",1674981,26638614,NA,NA,NA,NA,"219yp","Rock outcrop-Rubble land-Canisrocks association_0 to 80 percent slopes_cirqued mountainflanks_cryic",2906
40,"Rock outcrop","Yes",1674981,26638615,NA,NA,NA,NA,"219yp","Rock outcrop-Rubble land-Canisrocks association_0 to 80 percent slopes_cirqued mountainflanks_cryic",2906
25,"Rubble land","Yes",1674981,26638616,NA,NA,NA,NA,"219yp","Rock outcrop-Rubble land-Canisrocks association_0 to 80 percent slopes_cirqued mountainflanks_cryic",2906
2,"Typic Cryorthents","No",1674982,26638617,NA,NA,NA,NA,"225yp","Canisrocks-Rock outcrop-Rubble land-Vitrandic Dystrocryepts association_2 to 30 percent slopes_glacially scoured mountain valleys_cryic",269
2,"Vitrandic Dystrocryepts","No",1674982,26638618,NA,NA,NA,NA,"225yp","Canisrocks-Rock outcrop-Rubble land-Vitrandic Dystrocryepts association_2 to 30 percent slopes_glacially scoured mountain valleys_cryic",269
16,"Rock outcrop","Yes",1674982,26638619,NA,NA,NA,NA,"225yp","Canisrocks-Rock outcrop-Rubble land-Vitrandic Dystrocryepts association_2 to 30 percent slopes_glacially scoured mountain valleys_cryic",269
14,"Rubble land","Yes",1674982,26638620,NA,NA,NA,NA,"225yp","Canisrocks-Rock outcrop-Rubble land-Vitrandic Dystrocryepts association_2 to 30 percent slopes_glacially scoured mountain valleys_cryic",269
12,"Vitrandic Cryorthents","No",1674982,26638621,NA,NA,NA,NA,"225yp","Canisrocks-Rock outcrop-Rubble land-Vitrandic Dystrocryepts association_2 to 30 percent slopes_glacially scoured mountain valleys_cryic",269
4,"Oxyaquic Cryorthents","No",1674982,26638622,NA,NA,NA,NA,"225yp","Canisrocks-Rock outcrop-Rubble land-Vitrandic Dystrocryepts association_2 to 30 percent slopes_glacially scoured mountain valleys_cryic",269
2,"Water","No",1674982,26638623,NA,NA,NA,NA,"225yp","Canisrocks-Rock outcrop-Rubble land-Vitrandic Dystrocryepts association_2 to 30 percent slopes_glacially scoured mountain valleys_cryic",269
17,"Canisrocks","Yes",1674982,26638624,91.74,3.12,0.05,152,"225yp","Canisrocks-Rock outcrop-Rubble land-Vitrandic Dystrocryepts association_2 to 30 percent slopes_glacially scoured mountain valleys_cryic",269
1,"Histosols","No",1674982,26638625,NA,NA,NA,NA,"225yp","Canisrocks-Rock outcrop-Rubble land-Vitrandic Dystrocryepts association_2 to 30 percent slopes_glacially scoured mountain valleys_cryic",269
2,"Humic Cryaquepts","No",1674982,26638626,NA,NA,NA,NA,"225yp","Canisrocks-Rock outcrop-Rubble land-Vitrandic Dystrocryepts association_2 to 30 percent slopes_glacially scoured mountain valleys_cryic",269
6,"Lithic Cryorthents","No",1674982,26638627,NA,NA,NA,NA,"225yp","Canisrocks-Rock outcrop-Rubble land-Vitrandic Dystrocryepts association_2 to 30 percent slopes_glacially scoured mountain valleys_cryic",269
2,"Oxyaquic Dystrocryepts","No",1674982,26638628,NA,NA,NA,NA,"225yp","Canisrocks-Rock outcrop-Rubble land-Vitrandic Dystrocryepts association_2 to 30 percent slopes_glacially scoured mountain valleys_cryic",269
2,"Ultic Vitricryands","No",1674982,26638629,NA,NA,NA,NA,"225yp","Canisrocks-Rock outcrop-Rubble land-Vitrandic Dystrocryepts association_2 to 30 percent slopes_glacially scoured mountain valleys_cryic",269
2,"Typic Vitricryands","No",1674982,26638630,NA,NA,NA,NA,"225yp","Canisrocks-Rock outcrop-Rubble land-Vitrandic Dystrocryepts association_2 to 30 percent slopes_glacially scoured mountain valleys_cryic",269
1,"Typic Dystrocryepts","No",1674982,26638631,NA,NA,NA,NA,"225yp","Canisrocks-Rock outcrop-Rubble land-Vitrandic Dystrocryepts association_2 to 30 percent slopes_glacially scoured mountain valleys_cryic",269
2,"Oxyaquic Cryopsamments","No",1674982,26638632,NA,NA,NA,NA,"225yp","Canisrocks-Rock outcrop-Rubble land-Vitrandic Dystrocryepts association_2 to 30 percent slopes_glacially scoured mountain valleys_cryic",269
13,"Vitrandic Dystrocryepts","Yes",1674982,26638633,66.34,NA,0.04,152,"225yp","Canisrocks-Rock outcrop-Rubble land-Vitrandic Dystrocryepts association_2 to 30 percent slopes_glacially scoured mountain valleys_cryic",269
1,"Typic Cryopsamments","No",1674983,26638642,NA,NA,NA,NA,"247yp","Canisrocks-Xeric Dystrocryepts association_5 to 30 percent slopes_mountain valleys_moraines_cryic",1806
2,"Histic Cryaquepts","No",1674983,26638643,NA,NA,NA,NA,"247yp","Canisrocks-Xeric Dystrocryepts association_5 to 30 percent slopes_mountain valleys_moraines_cryic",1806
3,"Xeric Dystrocryepts","No",1674983,26638644,NA,NA,NA,NA,"247yp","Canisrocks-Xeric Dystrocryepts association_5 to 30 percent slopes_mountain valleys_moraines_cryic",1806
1,"Histosols","No",1674983,26638645,NA,NA,NA,NA,"247yp","Canisrocks-Xeric Dystrocryepts association_5 to 30 percent slopes_mountain valleys_moraines_cryic",1806
1,"Water","No",1674983,26638646,NA,NA,NA,NA,"247yp","Canisrocks-Xeric Dystrocryepts association_5 to 30 percent slopes_mountain valleys_moraines_cryic",1806
1,"Vitrandic Dystrocryepts","No",1674983,26638647,NA,NA,NA,NA,"247yp","Canisrocks-Xeric Dystrocryepts association_5 to 30 percent slopes_mountain valleys_moraines_cryic",1806
15,"Xeric Dystrocryepts","Yes",1674983,26638648,91.74,NA,0.06,153,"247yp","Canisrocks-Xeric Dystrocryepts association_5 to 30 percent slopes_mountain valleys_moraines_cryic",1806
11,"Rock outcrop","No",1674983,26638649,NA,NA,NA,NA,"247yp","Canisrocks-Xeric Dystrocryepts association_5 to 30 percent slopes_mountain valleys_moraines_cryic",1806
25,"Canisrocks","Yes",1674983,26638650,91.74,NA,0.05,152,"247yp","Canisrocks-Xeric Dystrocryepts association_5 to 30 percent slopes_mountain valleys_moraines_cryic",1806
3,"Typic Dystrocryepts","No",1674983,26638651,NA,NA,NA,NA,"247yp","Canisrocks-Xeric Dystrocryepts association_5 to 30 percent slopes_mountain valleys_moraines_cryic",1806
1,"Lithic Cryopsamments","No",1674983,26638652,NA,NA,NA,NA,"247yp","Canisrocks-Xeric Dystrocryepts association_5 to 30 percent slopes_mountain valleys_moraines_cryic",1806
11,"Humic Dystrocryepts","No",1674983,26638653,NA,NA,NA,NA,"247yp","Canisrocks-Xeric Dystrocryepts association_5 to 30 percent slopes_mountain valleys_moraines_cryic",1806
11,"Oxyaquic Dystrocryepts","No",1674983,26638654,NA,NA,NA,NA,"247yp","Canisrocks-Xeric Dystrocryepts association_5 to 30 percent slopes_mountain valleys_moraines_cryic",1806
11,"Typic Cryorthents","No",1674983,26638655,NA,NA,NA,NA,"247yp","Canisrocks-Xeric Dystrocryepts association_5 to 30 percent slopes_mountain valleys_moraines_cryic",1806
3,"Xeric Dystrocryepts","No",1674983,26638656,NA,NA,NA,NA,"247yp","Canisrocks-Xeric Dystrocryepts association_5 to 30 percent slopes_mountain valleys_moraines_cryic",1806
3,"Typic Dystroxerepts","No",1674984,26638634,NA,NA,NA,NA,"248yp","Canisrocks-Rock outcrop-Glacierpoint complex_30 to 70 percent slopes_mountain slopes_cryic",599
3,"Dystric Xerorthents","No",1674984,26638635,NA,NA,NA,NA,"248yp","Canisrocks-Rock outcrop-Glacierpoint complex_30 to 70 percent slopes_mountain slopes_cryic",599
35,"Canisrocks","Yes",1674984,26638636,152.69,NA,0.03,152,"248yp","Canisrocks-Rock outcrop-Glacierpoint complex_30 to 70 percent slopes_mountain slopes_cryic",599
4,"Xeric Dystrocryepts","No",1674984,26638637,NA,NA,NA,NA,"248yp","Canisrocks-Rock outcrop-Glacierpoint complex_30 to 70 percent slopes_mountain slopes_cryic",599
30,"Rock outcrop","Yes",1674984,26638638,NA,NA,NA,NA,"248yp","Canisrocks-Rock outcrop-Glacierpoint complex_30 to 70 percent slopes_mountain slopes_cryic",599
5,"Lithic Cryorthents","No",1674984,26638639,NA,NA,NA,NA,"248yp","Canisrocks-Rock outcrop-Glacierpoint complex_30 to 70 percent slopes_mountain slopes_cryic",599
5,"Rubble land","No",1674984,26638640,NA,NA,NA,NA,"248yp","Canisrocks-Rock outcrop-Glacierpoint complex_30 to 70 percent slopes_mountain slopes_cryic",599
15,"Glacierpoint","Yes",1674984,26638641,91.74,9.12,0.05,163,"248yp","Canisrocks-Rock outcrop-Glacierpoint complex_30 to 70 percent slopes_mountain slopes_cryic",599
2,"Craneflat","No",1674985,26638657,NA,NA,NA,NA,"253yp","Canisrocks-Glacierpoint-Humic Dystrocryepts complex_15 to 55 percent slopes_lateral moraines_cryic",1211
25,"Canisrocks","Yes",1674985,26638658,62.53,NA,0.05,152,"253yp","Canisrocks-Glacierpoint-Humic Dystrocryepts complex_15 to 55 percent slopes_lateral moraines_cryic",1211
3,"Typic Cryopsamments","No",1674985,26638659,NA,NA,NA,NA,"253yp","Canisrocks-Glacierpoint-Humic Dystrocryepts complex_15 to 55 percent slopes_lateral moraines_cryic",1211
7,"Xeric Dystrocryepts","No",1674985,26638660,NA,NA,NA,NA,"253yp","Canisrocks-Glacierpoint-Humic Dystrocryepts complex_15 to 55 percent slopes_lateral moraines_cryic",1211
15,"Humic Dystrocryepts","Yes",1674985,26638661,46.01,16.5,0.05,152,"253yp","Canisrocks-Glacierpoint-Humic Dystrocryepts complex_15 to 55 percent slopes_lateral moraines_cryic",1211
5,"Oxyaquic Dystrocryepts","No",1674985,26638662,NA,NA,NA,NA,"253yp","Canisrocks-Glacierpoint-Humic Dystrocryepts complex_15 to 55 percent slopes_lateral moraines_cryic",1211
10,"Vitrandic Dystrocryepts","No",1674985,26638663,NA,NA,NA,NA,"253yp","Canisrocks-Glacierpoint-Humic Dystrocryepts complex_15 to 55 percent slopes_lateral moraines_cryic",1211
18,"Glacierpoint","Yes",1674985,26638664,30.77,11.86,0.06,152,"253yp","Canisrocks-Glacierpoint-Humic Dystrocryepts complex_15 to 55 percent slopes_lateral moraines_cryic",1211
5,"Vitrandic Cryorthents","No",1674985,26638665,NA,NA,NA,NA,"253yp","Canisrocks-Glacierpoint-Humic Dystrocryepts complex_15 to 55 percent slopes_lateral moraines_cryic",1211
8,"Xeric Dystrocryepts","No",1674985,26638666,NA,NA,NA,NA,"253yp","Canisrocks-Glacierpoint-Humic Dystrocryepts complex_15 to 55 percent slopes_lateral moraines_cryic",1211
2,"Xeric Dystrocryepts","No",1674985,26638667,NA,NA,NA,NA,"253yp","Canisrocks-Glacierpoint-Humic Dystrocryepts complex_15 to 55 percent slopes_lateral moraines_cryic",1211
25,"Craneflat","Yes",1674986,26638676,91.74,9.61,0.04,152,"260yp","Rock outcrop-Craneflat-Dystric Xerorthents complex_30 to 65 percent slopes_mountain slopes_frigid",166
45,"Rock outcrop","Yes",1674986,26638677,NA,NA,NA,NA,"260yp","Rock outcrop-Craneflat-Dystric Xerorthents complex_30 to 65 percent slopes_mountain slopes_frigid",166
2,"Humic Lithic Dystroxerepts","No",1674986,26638678,NA,NA,NA,NA,"260yp","Rock outcrop-Craneflat-Dystric Xerorthents complex_30 to 65 percent slopes_mountain slopes_frigid",166
3,"Typic Xeropsamments","No",1674986,26638679,NA,NA,NA,NA,"260yp","Rock outcrop-Craneflat-Dystric Xerorthents complex_30 to 65 percent slopes_mountain slopes_frigid",166
5,"Rubble land","No",1674986,26638680,NA,NA,NA,NA,"260yp","Rock outcrop-Craneflat-Dystric Xerorthents complex_30 to 65 percent slopes_mountain slopes_frigid",166
20,"Dystric Xerorthents","Yes",1674986,26638681,32.04,6.79,0.09,152,"260yp","Rock outcrop-Craneflat-Dystric Xerorthents complex_30 to 65 percent slopes_mountain slopes_frigid",166
10,"Dystric Xerorthents","No",1674987,26638682,NA,NA,NA,NA,"261yp","Typic Dystroxerepts-Dystric Xeropsamments-Badgerpass-Rock outcrop association_5 to 35 percent slopes_mountain valleys_mountain slopes_frigid",620
30,"Typic Dystroxerepts","Yes",1674987,26638683,30.77,NA,0.12,152,"261yp","Typic Dystroxerepts-Dystric Xeropsamments-Badgerpass-Rock outcrop association_5 to 35 percent slopes_mountain valleys_mountain slopes_frigid",620
20,"Dystric Xeropsamments","Yes",1674987,26638684,91.74,NA,0.07,152,"261yp","Typic Dystroxerepts-Dystric Xeropsamments-Badgerpass-Rock outcrop association_5 to 35 percent slopes_mountain valleys_mountain slopes_frigid",620
5,"Humic Lithic Dystroxerepts","No",1674987,26638685,NA,NA,NA,NA,"261yp","Typic Dystroxerepts-Dystric Xeropsamments-Badgerpass-Rock outcrop association_5 to 35 percent slopes_mountain valleys_mountain slopes_frigid",620
15,"Badgerpass","Yes",1674987,26638686,91.74,NA,0.06,152,"261yp","Typic Dystroxerepts-Dystric Xeropsamments-Badgerpass-Rock outcrop association_5 to 35 percent slopes_mountain valleys_mountain slopes_frigid",620
4,"Typic Dystroxerepts","No",1674987,26638687,NA,NA,NA,NA,"261yp","Typic Dystroxerepts-Dystric Xeropsamments-Badgerpass-Rock outcrop association_5 to 35 percent slopes_mountain valleys_mountain slopes_frigid",620
15,"Rock outcrop","Yes",1674987,26638688,NA,NA,NA,NA,"261yp","Typic Dystroxerepts-Dystric Xeropsamments-Badgerpass-Rock outcrop association_5 to 35 percent slopes_mountain valleys_mountain slopes_frigid",620
1,"Histosols","No",1674987,26638689,NA,NA,NA,NA,"261yp","Typic Dystroxerepts-Dystric Xeropsamments-Badgerpass-Rock outcrop association_5 to 35 percent slopes_mountain valleys_mountain slopes_frigid",620
3,"Histosols","No",1674988,26638749,NA,NA,NA,NA,"275yp","Oxyaquic Dystroxerepts-Dystric Xerorthents-Vitrandic Xerorthents-Rubble land complex_stony_0 to 20 percent slopes_mountain valleys_mesic",147
2,"Riverwash","No",1674988,26638750,NA,NA,NA,NA,"275yp","Oxyaquic Dystroxerepts-Dystric Xerorthents-Vitrandic Xerorthents-Rubble land complex_stony_0 to 20 percent slopes_mountain valleys_mesic",147
30,"Oxyaquic Dystroxerepts","Yes",1674988,26638751,33.31,10.35,0.07,152,"275yp","Oxyaquic Dystroxerepts-Dystric Xerorthents-Vitrandic Xerorthents-Rubble land complex_stony_0 to 20 percent slopes_mountain valleys_mesic",147
25,"Dystric Xerorthents","Yes",1674988,26638752,145.07,8.95,0.02,152,"275yp","Oxyaquic Dystroxerepts-Dystric Xerorthents-Vitrandic Xerorthents-Rubble land complex_stony_0 to 20 percent slopes_mountain valleys_mesic",147
20,"Vitrandic Xerorthents","Yes",1674988,26638753,53.63,12.43,0.11,158,"275yp","Oxyaquic Dystroxerepts-Dystric Xerorthents-Vitrandic Xerorthents-Rubble land complex_stony_0 to 20 percent slopes_mountain valleys_mesic",147
5,"Vitrandic Dystrudepts","No",1674988,26638754,NA,NA,NA,NA,"275yp","Oxyaquic Dystroxerepts-Dystric Xerorthents-Vitrandic Xerorthents-Rubble land complex_stony_0 to 20 percent slopes_mountain valleys_mesic",147
15,"Rubble land","Yes",1674988,26638755,NA,NA,NA,NA,"275yp","Oxyaquic Dystroxerepts-Dystric Xerorthents-Vitrandic Xerorthents-Rubble land complex_stony_0 to 20 percent slopes_mountain valleys_mesic",147
8,"Oxyaquic Eutrudepts","No",1674989,26638743,NA,NA,NA,NA,"276yp","Happyisles-Typic Dystroxerepts association_0 to 15 percent slopes_mountain valley floors_mesic",34
10,"Aquandic Humaquepts","No",1674989,26638744,NA,NA,NA,NA,"276yp","Happyisles-Typic Dystroxerepts association_0 to 15 percent slopes_mountain valley floors_mesic",34
7,"Cumulic Humaquepts","No",1674989,26638745,NA,NA,NA,NA,"276yp","Happyisles-Typic Dystroxerepts association_0 to 15 percent slopes_mountain valley floors_mesic",34
30,"Typic Dystroxerepts","Yes",1674989,26638746,28.23,24.26,0.07,152,"276yp","Happyisles-Typic Dystroxerepts association_0 to 15 percent slopes_mountain valley floors_mesic",34
40,"Happyisles","Yes",1674989,26638747,57.44,10.46,0.09,152,"276yp","Happyisles-Typic Dystroxerepts association_0 to 15 percent slopes_mountain valley floors_mesic",34
5,"Histosols","No",1674989,26638748,NA,NA,NA,NA,"276yp","Happyisles-Typic Dystroxerepts association_0 to 15 percent slopes_mountain valley floors_mesic",34
10,"Vitrandic Xerorthents","No",1674990,26638690,NA,NA,NA,NA,"278yp","Tuolumne-Rock outcrop-Humic Dystroxerepts-Rubble land complex_30 to 100 percent slopes_mountainflanks_mesic",541
27,"Tuolumne","Yes",1674990,26638691,35.85,7.05,0.04,152,"278yp","Tuolumne-Rock outcrop-Humic Dystroxerepts-Rubble land complex_30 to 100 percent slopes_mountainflanks_mesic",541
15,"Rubble land","Yes",1674990,26638692,NA,NA,NA,NA,"278yp","Tuolumne-Rock outcrop-Humic Dystroxerepts-Rubble land complex_30 to 100 percent slopes_mountainflanks_mesic",541
23,"Rock outcrop","Yes",1674990,26638693,NA,NA,NA,NA,"278yp","Tuolumne-Rock outcrop-Humic Dystroxerepts-Rubble land complex_30 to 100 percent slopes_mountainflanks_mesic",541
20,"Humic Dystroxerepts","Yes",1674990,26638694,91.74,12.31,0.03,152,"278yp","Tuolumne-Rock outcrop-Humic Dystroxerepts-Rubble land complex_30 to 100 percent slopes_mountainflanks_mesic",541
5,"Typic Xerorthents","No",1674990,26638695,NA,NA,NA,NA,"278yp","Tuolumne-Rock outcrop-Humic Dystroxerepts-Rubble land complex_30 to 100 percent slopes_mountainflanks_mesic",541
30,"Humic Dystroxerepts","Yes",1674991,26638696,53.63,11.33,0.04,152,"280yp","Typic Dystroxerepts-Humic Dystroxerepts-Rock outcrop association_15 to 45 percent slopes_mountain slopes_frigid",2574
35,"Typic Dystroxerepts","Yes",1674991,26638697,33.31,11.57,0.09,152,"280yp","Typic Dystroxerepts-Humic Dystroxerepts-Rock outcrop association_15 to 45 percent slopes_mountain slopes_frigid",2574
10,"Humic Lithic Dystroxerepts","No",1674991,26638698,NA,NA,NA,NA,"280yp","Typic Dystroxerepts-Humic Dystroxerepts-Rock outcrop association_15 to 45 percent slopes_mountain slopes_frigid",2574
25,"Rock outcrop","Yes",1674991,26638699,NA,NA,NA,NA,"280yp","Typic Dystroxerepts-Humic Dystroxerepts-Rock outcrop association_15 to 45 percent slopes_mountain slopes_frigid",2574
50,"Clarkslodge","Yes",1674992,26638700,34.58,18.35,0.07,152,"282yp","Clarkslodge-Craneflat-Nevadafalls complex_0 to 30 percent slopes_mountain slopes_hummocky_frigid",406
25,"Craneflat","Yes",1674992,26638701,84.12,12.35,0.04,152,"282yp","Clarkslodge-Craneflat-Nevadafalls complex_0 to 30 percent slopes_mountain slopes_hummocky_frigid",406
25,"Nevadafalls","Yes",1674992,26638702,91.74,5.52,0.06,152,"282yp","Clarkslodge-Craneflat-Nevadafalls complex_0 to 30 percent slopes_mountain slopes_hummocky_frigid",406
3,"Clarkslodge","No",1674993,26638703,NA,NA,NA,NA,"285yp","Waterwheel-Humic Dystroxerepts complex_15 to 45 percent slopes_mountain slopes_frigid",1486
14,"Humic Dystrudepts","No",1674993,26638704,NA,NA,NA,NA,"285yp","Waterwheel-Humic Dystroxerepts complex_15 to 45 percent slopes_mountain slopes_frigid",1486
30,"Waterwheel","Yes",1674993,26638705,54.9,8.56,0.05,152,"285yp","Waterwheel-Humic Dystroxerepts complex_15 to 45 percent slopes_mountain slopes_frigid",1486
7,"Humic Dystroxerepts","No",1674993,26638706,NA,NA,NA,NA,"285yp","Waterwheel-Humic Dystroxerepts complex_15 to 45 percent slopes_mountain slopes_frigid",1486
14,"Humic Dystroxerepts","No",1674993,26638707,NA,NA,NA,NA,"285yp","Waterwheel-Humic Dystroxerepts complex_15 to 45 percent slopes_mountain slopes_frigid",1486
16,"Humic Dystroxerepts","Yes",1674993,26638708,91.74,8.53,0.07,152,"285yp","Waterwheel-Humic Dystroxerepts complex_15 to 45 percent slopes_mountain slopes_frigid",1486
14,"Typic Dystroxerepts","No",1674993,26638709,NA,NA,NA,NA,"285yp","Waterwheel-Humic Dystroxerepts complex_15 to 45 percent slopes_mountain slopes_frigid",1486
2,"Cumulic Humaquepts","No",1674993,26638710,NA,NA,NA,NA,"285yp","Waterwheel-Humic Dystroxerepts complex_15 to 45 percent slopes_mountain slopes_frigid",1486
15,"Typic Xerorthents","Yes",1674994,26638739,28.23,NA,0.07,152,"290yp","Humic Dystroxerepts-Tuolumne-Typic Xerorthents-Ultic Haploxeralfs complex_30 to 70 percent slopes_mountain slopes_mesic",364
40,"Humic Dystroxerepts","Yes",1674994,26638740,29.5,NA,0.05,152,"290yp","Humic Dystroxerepts-Tuolumne-Typic Xerorthents-Ultic Haploxeralfs complex_30 to 70 percent slopes_mountain slopes_mesic",364
15,"Ultic Haploxeralfs","Yes",1674994,26638741,17.43,19.69,0.1,152,"290yp","Humic Dystroxerepts-Tuolumne-Typic Xerorthents-Ultic Haploxeralfs complex_30 to 70 percent slopes_mountain slopes_mesic",364
30,"Tuolumne","Yes",1674994,26638742,91.74,NA,0.03,152,"290yp","Humic Dystroxerepts-Tuolumne-Typic Xerorthents-Ultic Haploxeralfs complex_30 to 70 percent slopes_mountain slopes_mesic",364
5,"Dystric Xeropsamments","No",1674995,26638711,NA,NA,NA,NA,"292yp","Humic Dystroxerepts-Typic Haploxerults complex_5 to 35 percent slopes_mountain footslopes_landslides_mesic",718
10,"Typic Xerorthents","No",1674995,26638712,NA,NA,NA,NA,"292yp","Humic Dystroxerepts-Typic Haploxerults complex_5 to 35 percent slopes_mountain footslopes_landslides_mesic",718
10,"Ultic Haploxeralfs","No",1674995,26638713,NA,NA,NA,NA,"292yp","Humic Dystroxerepts-Typic Haploxerults complex_5 to 35 percent slopes_mountain footslopes_landslides_mesic",718
30,"Typic Haploxerults","Yes",1674995,26638714,28.35,18.13,0.11,152,"292yp","Humic Dystroxerepts-Typic Haploxerults complex_5 to 35 percent slopes_mountain footslopes_landslides_mesic",718
10,"Humic Haploxerepts","No",1674995,26638715,NA,NA,NA,NA,"292yp","Humic Dystroxerepts-Typic Haploxerults complex_5 to 35 percent slopes_mountain footslopes_landslides_mesic",718
35,"Humic Dystroxerepts","Yes",1674995,26638716,91.74,10.8,0.05,152,"292yp","Humic Dystroxerepts-Typic Haploxerults complex_5 to 35 percent slopes_mountain footslopes_landslides_mesic",718
18,"Vitrandic Dystrocryepts","Yes",1674996,26638736,29.5,11.44,0.1,152,"293yp","Xeric Dystrocryepts-Vitrandic Dystrocryepts association_0 to 25 percent slopes_mountain slopes_summits_cryic",47
70,"Xeric Dystrocryepts","Yes",1674996,26638737,91.74,NA,0.08,152,"293yp","Xeric Dystrocryepts-Vitrandic Dystrocryepts association_0 to 25 percent slopes_mountain slopes_summits_cryic",47
12,"Humic Dystroxerepts","No",1674996,26638738,NA,NA,NA,NA,"293yp","Xeric Dystrocryepts-Vitrandic Dystrocryepts association_0 to 25 percent slopes_mountain slopes_summits_cryic",47
20,"Ultic Palexeralfs","Yes",1674997,26638717,19.84,22.08,0.14,152,"296yp","Ultic Palexeralfs-Humic Dystroxerepts complex_10 to 35 percent slopes_mountain slopes_mesic",1281
5,"Rock outcrop","No",1674997,26638718,NA,NA,NA,NA,"296yp","Ultic Palexeralfs-Humic Dystroxerepts complex_10 to 35 percent slopes_mountain slopes_mesic",1281
5,"Dystric Xeropsamments","No",1674997,26638719,NA,NA,NA,NA,"296yp","Ultic Palexeralfs-Humic Dystroxerepts complex_10 to 35 percent slopes_mountain slopes_mesic",1281
10,"Humic Dystroxerepts","No",1674997,26638720,NA,NA,NA,NA,"296yp","Ultic Palexeralfs-Humic Dystroxerepts complex_10 to 35 percent slopes_mountain slopes_mesic",1281
10,"Ultic Palexeralfs","No",1674997,26638721,NA,NA,NA,NA,"296yp","Ultic Palexeralfs-Humic Dystroxerepts complex_10 to 35 percent slopes_mountain slopes_mesic",1281
5,"Typic Palexerults","No",1674997,26638722,NA,NA,NA,NA,"296yp","Ultic Palexeralfs-Humic Dystroxerepts complex_10 to 35 percent slopes_mountain slopes_mesic",1281
15,"Humic Dystroxerepts","Yes",1674997,26638723,38.39,18.35,0.1,268,"296yp","Ultic Palexeralfs-Humic Dystroxerepts complex_10 to 35 percent slopes_mountain slopes_mesic",1281
10,"Dystric Xerorthents","No",1674997,26638724,NA,NA,NA,NA,"296yp","Ultic Palexeralfs-Humic Dystroxerepts complex_10 to 35 percent slopes_mountain slopes_mesic",1281
10,"Vitrandic Haploxerepts","No",1674997,26638725,NA,NA,NA,NA,"296yp","Ultic Palexeralfs-Humic Dystroxerepts complex_10 to 35 percent slopes_mountain slopes_mesic",1281
10,"Ultic Haploxeralfs","No",1674997,26638726,NA,NA,NA,NA,"296yp","Ultic Palexeralfs-Humic Dystroxerepts complex_10 to 35 percent slopes_mountain slopes_mesic",1281
10,"Humic Dystroxerepts","No",1674998,26638731,NA,NA,NA,NA,"297yp","Typic Xerorthents-Rock outcrop-Typic Xeropsamments complex_15 to 45 percent slopes_mountain slopes_mesic",1272
30,"Typic Xerorthents","Yes",1674998,26638732,91.74,11.76,0.06,152,"297yp","Typic Xerorthents-Rock outcrop-Typic Xeropsamments complex_15 to 45 percent slopes_mountain slopes_mesic",1272
25,"Rock outcrop","Yes",1674998,26638733,NA,NA,NA,NA,"297yp","Typic Xerorthents-Rock outcrop-Typic Xeropsamments complex_15 to 45 percent slopes_mountain slopes_mesic",1272
10,"Lithic Xerorthents","No",1674998,26638734,NA,NA,NA,NA,"297yp","Typic Xerorthents-Rock outcrop-Typic Xeropsamments complex_15 to 45 percent slopes_mountain slopes_mesic",1272
25,"Typic Xeropsamments","Yes",1674998,26638735,91.74,9.87,0.06,152,"297yp","Typic Xerorthents-Rock outcrop-Typic Xeropsamments complex_15 to 45 percent slopes_mountain slopes_mesic",1272
35,"Ultic Haploxeralfs","Yes",1674999,26638727,30.77,13.14,0.08,152,"299yp","Humic Dystroxerepts-Ultic Haploxeralfs complex_15 to 35 percent slopes_mountain slopes_moraines_mesic",109
14,"Typic Dystroxerepts","No",1674999,26638728,NA,NA,NA,NA,"299yp","Humic Dystroxerepts-Ultic Haploxeralfs complex_15 to 35 percent slopes_mountain slopes_moraines_mesic",109
46,"Humic Dystroxerepts","Yes",1674999,26638729,263.17,NA,0.03,152,"299yp","Humic Dystroxerepts-Ultic Haploxeralfs complex_15 to 35 percent slopes_mountain slopes_moraines_mesic",109
5,"Rock outcrop","No",1674999,26638730,NA,NA,NA,NA,"299yp","Humic Dystroxerepts-Ultic Haploxeralfs complex_15 to 35 percent slopes_mountain slopes_moraines_mesic",109
14,"Happyisles","No",1675000,26638756,NA,NA,NA,NA,"302yp","Typic Haploxerults-Ultic Haploxeralfs complex_0 to 30 percent slopes_mountain slopes_hummocky_mesic",713
45,"Typic Haploxerults","Yes",1675000,26638757,18.32,22.94,0.14,152,"302yp","Typic Haploxerults-Ultic Haploxeralfs complex_0 to 30 percent slopes_mountain slopes_hummocky_mesic",713
41,"Ultic Haploxeralfs","Yes",1675000,26638758,35.47,15.41,0.07,152,"302yp","Typic Haploxerults-Ultic Haploxeralfs complex_0 to 30 percent slopes_mountain slopes_hummocky_mesic",713
20,"Tuolumne","Yes",1675001,26638759,9.17,NA,0.05,152,"303yp","Rock outcrop-Dystric Xeropsamments-Humic Dystroxerepts-Tuolumne complex_30 to 65 percent slopes_mountain slopes_mesic",5379
20,"Humic Dystroxerepts","Yes",1675001,26638760,9.17,NA,0.04,152,"303yp","Rock outcrop-Dystric Xeropsamments-Humic Dystroxerepts-Tuolumne complex_30 to 65 percent slopes_mountain slopes_mesic",5379
5,"Dystric Xerorthents","No",1675001,26638761,NA,NA,NA,NA,"303yp","Rock outcrop-Dystric Xeropsamments-Humic Dystroxerepts-Tuolumne complex_30 to 65 percent slopes_mountain slopes_mesic",5379
5,"Ultic Palexeralfs","No",1675001,26638762,NA,NA,NA,NA,"303yp","Rock outcrop-Dystric Xeropsamments-Humic Dystroxerepts-Tuolumne complex_30 to 65 percent slopes_mountain slopes_mesic",5379
20,"Dystric Xeropsamments","Yes",1675001,26638763,9.17,10.31,0.06,152,"303yp","Rock outcrop-Dystric Xeropsamments-Humic Dystroxerepts-Tuolumne complex_30 to 65 percent slopes_mountain slopes_mesic",5379
30,"Rock outcrop","Yes",1675001,26638764,NA,NA,NA,NA,"303yp","Rock outcrop-Dystric Xeropsamments-Humic Dystroxerepts-Tuolumne complex_30 to 65 percent slopes_mountain slopes_mesic",5379
10,"Rock outcrop","No",1675002,26638671,NA,NA,NA,NA,"322yp","Typic Xerorthents_45 to 100 percent slopes_mountain slopes_thermic",649
90,"Typic Xerorthents","Yes",1675002,26638672,29.5,7.78,0.08,152,"322yp","Typic Xerorthents_45 to 100 percent slopes_mountain slopes_thermic",649
35,"Rock outcrop","Yes",1675003,26638673,NA,NA,NA,NA,"324yp","Humic Haploxerepts-Rock outcrop-Ultic Haploxeralfs association_45 to 100 percent slopes_metasedimentary_mountain slopes_thermic",4087
40,"Humic Haploxerepts","Yes",1675003,26638674,22.26,8.4,0.06,152,"324yp","Humic Haploxerepts-Rock outcrop-Ultic Haploxeralfs association_45 to 100 percent slopes_metasedimentary_mountain slopes_thermic",4087
25,"Ultic Haploxeralfs","Yes",1675003,26638675,6.5,5.91,0.1,152,"324yp","Humic Haploxerepts-Rock outcrop-Ultic Haploxeralfs association_45 to 100 percent slopes_metasedimentary_mountain slopes_thermic",4087
100,"Wilderness Area","Yes",1675004,26638765,NA,NA,NA,NA,"WIL","Wilderness Area",21660
5,"Tujunga","No",1675006,26638234,NA,NA,NA,NA,"VdAm","Visalia sandy loam_0 to 3 percent slopes",113
10,"Hanford","No",1675006,26638235,NA,NA,NA,NA,"VdAm","Visalia sandy loam_0 to 3 percent slopes",113
85,"Visalia","Yes",1675006,26638236,28,10,0.12,152,"VdAm","Visalia sandy loam_0 to 3 percent slopes",113
40,"Dystric Xerorthents","Yes",1697116,26638668,91.74,11.08,0.02,152,"321yp","Dystric Xeropsamments-Dystric Xerorthents association_0 to 20 percent slopes_mountain valleys_thermic",13
50,"Dystric Xeropsamments","Yes",1697116,26638669,202.22,12.4,0.05,154,"321yp","Dystric Xeropsamments-Dystric Xerorthents association_0 to 20 percent slopes_mountain valleys_thermic",13
10,"Riverwash","No",1697116,26638670,NA,NA,NA,NA,"321yp","Dystric Xeropsamments-Dystric Xerorthents association_0 to 20 percent slopes_mountain valleys_thermic",13
15,"Arpatutu","Yes",3251989,26638776,7.8,6.7,0.1,200,"8172","Nedsgulch-Wallyhill-Arpatutu complex_15 to 30 percent slopes",261
1,"Mined land","No",3251989,26638777,NA,NA,NA,NA,"8172","Nedsgulch-Wallyhill-Arpatutu complex_15 to 30 percent slopes",261
49,"Nedsgulch","Yes",3251989,26638778,10.88,5.07,0.15,200,"8172","Nedsgulch-Wallyhill-Arpatutu complex_15 to 30 percent slopes",261
25,"Wallyhill","Yes",3251989,26638779,10.66,6.37,0.19,103,"8172","Nedsgulch-Wallyhill-Arpatutu complex_15 to 30 percent slopes",261
10,"Fricot","No",3251989,26638780,7.1,11.57,0.12,71,"8172","Nedsgulch-Wallyhill-Arpatutu complex_15 to 30 percent slopes",261
25,"Wallyhill","Yes",3251990,26638771,13.98,5.6,0.19,104,"8173","Nedsgulch-Wallyhill-Arpatutu complex_30 to 60 percent slopes",1337
45,"Nedsgulch","Yes",3251990,26638772,7.54,8.21,0.15,200,"8173","Nedsgulch-Wallyhill-Arpatutu complex_30 to 60 percent slopes",1337
10,"Fricot","No",3251990,26638773,7.1,11.57,0.12,71,"8173","Nedsgulch-Wallyhill-Arpatutu complex_30 to 60 percent slopes",1337
17,"Arpatutu","Yes",3251990,26638774,9,5.28,0.12,200,"8173","Nedsgulch-Wallyhill-Arpatutu complex_30 to 60 percent slopes",1337
3,"Rock outcrop","No",3251990,26638775,NA,NA,NA,NA,"8173","Nedsgulch-Wallyhill-Arpatutu complex_30 to 60 percent slopes",1337
5,"Sites","No",3251991,26638786,8.78,NA,0.16,183,"8162","Nedsgulch-Arpatutu complex_30 to 60 percent slopes",62
57,"Nedsgulch","Yes",3251991,26638787,11.52,8.24,0.19,200,"8162","Nedsgulch-Arpatutu complex_30 to 60 percent slopes",62
25,"Arpatutu","Yes",3251991,26638788,18.66,6.01,0.12,200,"8162","Nedsgulch-Arpatutu complex_30 to 60 percent slopes",62
10,"Wallyhill","No",3251991,26638789,13.62,7.03,0.2,104,"8162","Nedsgulch-Arpatutu complex_30 to 60 percent slopes",62
3,"Rock outcrop","No",3251991,26638790,NA,NA,NA,NA,"8162","Nedsgulch-Arpatutu complex_30 to 60 percent slopes",62
3,"Mined land","No",3251992,26638795,NA,NA,NA,NA,"7102","Bigridge-Minniecreek complex_15 to 30 percent slopes",12
5,"Dunstone","No",3251992,26638796,9.94,NA,0.18,67,"7102","Bigridge-Minniecreek complex_15 to 30 percent slopes",12
5,"Trabuco","No",3251992,26638797,3.8,25.62,0.17,168,"7102","Bigridge-Minniecreek complex_15 to 30 percent slopes",12
5,"Rock outcrop","No",3251992,26638798,NA,NA,NA,NA,"7102","Bigridge-Minniecreek complex_15 to 30 percent slopes",12
58,"Bigridge","Yes",3251992,26638799,13.14,74.3,0.17,132,"7102","Bigridge-Minniecreek complex_15 to 30 percent slopes",12
24,"Minniecreek","Yes",3251992,26638800,14.78,16.9,0.19,97,"7102","Bigridge-Minniecreek complex_15 to 30 percent slopes",12
38,"Bigridge","Yes",3251993,26638801,13.14,74.3,0.17,132,"7103","Minniecreek-Bigridge complex_30 to 60 percent slopes",338
45,"Minniecreek","Yes",3251993,26638802,14.78,16.9,0.19,97,"7103","Minniecreek-Bigridge complex_30 to 60 percent slopes",338
5,"Trabuco","No",3251993,26638803,3.8,25.62,0.17,168,"7103","Minniecreek-Bigridge complex_30 to 60 percent slopes",338
5,"Dunstone","No",3251993,26638804,9.94,NA,0.18,67,"7103","Minniecreek-Bigridge complex_30 to 60 percent slopes",338
5,"Rock outcrop","No",3251993,26638805,NA,NA,NA,NA,"7103","Minniecreek-Bigridge complex_30 to 60 percent slopes",338
2,"Mined land","No",3251993,26638806,NA,NA,NA,NA,"7103","Minniecreek-Bigridge complex_30 to 60 percent slopes",338
35,"Wallyhill","Yes",3340459,26638807,5.04,NA,0.16,77,"8152","Fricot-Wallyhill complex_8 to 30 percent slopes",214
50,"Fricot","Yes",3340459,26638808,4.95,NA,0.12,57,"8152","Fricot-Wallyhill complex_8 to 30 percent slopes",214
5,"Rock outcrop","No",3340459,26638809,NA,NA,NA,NA,"8152","Fricot-Wallyhill complex_8 to 30 percent slopes",214
10,"Nedsgulch","No",3340459,26638810,10.88,5.07,0.15,200,"8152","Fricot-Wallyhill complex_8 to 30 percent slopes",214
10,"Nedsgulch","No",3340460,26638811,7.54,8.21,0.15,200,"8153","Wallyhill-Fricot complex_30 to 60 percent slopes",197
5,"Rock outcrop","No",3340460,26638812,NA,NA,NA,NA,"8153","Wallyhill-Fricot complex_30 to 60 percent slopes",197
25,"Fricot","Yes",3340460,26638813,4.95,NA,0.12,57,"8153","Wallyhill-Fricot complex_30 to 60 percent slopes",197
60,"Wallyhill","Yes",3340460,26638814,10.42,7.2,0.17,200,"8153","Wallyhill-Fricot complex_30 to 60 percent slopes",197
10,"Nedsgulch","No",3340461,26638791,13.02,8.67,0.19,152,"8190","Lickinfork-Arpatutu complex_40 to 90 percent slopes",331
35,"Arpatutu","Yes",3340461,26638792,10.66,5.2,0.1,200,"8190","Lickinfork-Arpatutu complex_40 to 90 percent slopes",331
50,"Lickinfork","Yes",3340461,26638793,10.66,12.26,0.13,152,"8190","Lickinfork-Arpatutu complex_40 to 90 percent slopes",331
5,"Rock outcrop","No",3340461,26638794,NA,NA,NA,NA,"8190","Lickinfork-Arpatutu complex_40 to 90 percent slopes",331
30,"Moccasinhill","Yes",3340462,26638781,12.32,13.11,0.17,200,"8176","Sanguinetti-Moccasinhill-Deerflat complex_60 to 90 percent slopes_cool",272
12,"Priestgrade","No",3340462,26638782,11.44,18.5,0.14,200,"8176","Sanguinetti-Moccasinhill-Deerflat complex_60 to 90 percent slopes_cool",272
35,"Sanguinetti","Yes",3340462,26638783,9.22,14.11,0.1,200,"8176","Sanguinetti-Moccasinhill-Deerflat complex_60 to 90 percent slopes_cool",272
20,"Deerflat","Yes",3340462,26638784,8.16,10.4,0.15,190,"8176","Sanguinetti-Moccasinhill-Deerflat complex_60 to 90 percent slopes_cool",272
3,"Rock outcrop","No",3340462,26638785,NA,NA,NA,NA,"8176","Sanguinetti-Moccasinhill-Deerflat complex_60 to 90 percent slopes_cool",272
5,"Sanguinetti","No",3340463,26638766,9,10.86,0.1,200,"8178","Moccasinhill-Copperopolis complex_60 to 90 percent slopes",486
45,"Moccasinhill","Yes",3340463,26638767,26.48,6.54,0.08,200,"8178","Moccasinhill-Copperopolis complex_60 to 90 percent slopes",486
30,"Copperopolis","Yes",3340463,26638768,33.4,16.73,0.12,200,"8178","Moccasinhill-Copperopolis complex_60 to 90 percent slopes",486
10,"Rock outcrop","No",3340463,26638769,NA,NA,NA,NA,"8178","Moccasinhill-Copperopolis complex_60 to 90 percent slopes",486
10,"Millvilla","No",3340463,26638770,7.32,14.09,0.17,117,"8178","Moccasinhill-Copperopolis complex_60 to 90 percent slopes",486
30,"Holland","Yes",3356282,26638815,9.8,NA,0.17,200,"6054","Shaver-Holland-Chawanakee complex_8 to 30 percent slopes",636
38,"Shaver","Yes",3356282,26638816,10.9,NA,0.16,142,"6054","Shaver-Holland-Chawanakee complex_8 to 30 percent slopes",636
28,"Chawanakee","Yes",3356282,26638817,25.34,5.9,0.17,61,"6054","Shaver-Holland-Chawanakee complex_8 to 30 percent slopes",636
2,"Rock outcrop","No",3356282,26638818,NA,NA,NA,NA,"6054","Shaver-Holland-Chawanakee complex_8 to 30 percent slopes",636
2,"Aqualfs","No",3356282,26638819,9,10.1,0.15,200,"6054","Shaver-Holland-Chawanakee complex_8 to 30 percent slopes",636
5,"Rock outcrop","No",3356283,26638832,NA,NA,NA,NA,"6055","Shaver-Lithic Humixerepts-Holland complex_30 to 60 percent slopes",231
35,"Lithic Humixerepts","Yes",3356283,26638833,10.21,NA,0.12,200,"6055","Shaver-Lithic Humixerepts-Holland complex_30 to 60 percent slopes",231
20,"Holland","Yes",3356283,26638834,9.8,NA,0.17,200,"6055","Shaver-Lithic Humixerepts-Holland complex_30 to 60 percent slopes",231
40,"Shaver","Yes",3356283,26638835,10.9,NA,0.16,142,"6055","Shaver-Lithic Humixerepts-Holland complex_30 to 60 percent slopes",231
1,"Mined land","No",3356284,26638820,NA,NA,NA,NA,"6206","Musick-Hotaw complex_8 to 30 percent slopes",1258
3,"Rock outcrop","No",3356284,26638821,NA,NA,NA,NA,"6206","Musick-Hotaw complex_8 to 30 percent slopes",1258
64,"Musick","Yes",3356284,26638822,4.92,11.8,0.16,150,"6206","Musick-Hotaw complex_8 to 30 percent slopes",1258
25,"Hotaw","Yes",3356284,26638823,6.6,10.75,0.12,81,"6206","Musick-Hotaw complex_8 to 30 percent slopes",1258
5,"Wukusick","No",3356284,26638824,18.36,4.5,0.22,200,"6206","Musick-Hotaw complex_8 to 30 percent slopes",1258
2,"Aqualfs","No",3356284,26638825,9,10.1,0.15,200,"6206","Musick-Hotaw complex_8 to 30 percent slopes",1258
55,"Musick","Yes",3356285,26638826,4.84,10.51,0.16,205,"6207","Musick-Hotaw-Chawanakee complex_30 to 60 percent slopes",562
20,"Hotaw","Yes",3356285,26638827,4.48,12.37,0.17,119,"6207","Musick-Hotaw-Chawanakee complex_30 to 60 percent slopes",562
15,"Chawanakee","Yes",3356285,26638828,15.21,6.64,0.12,52,"6207","Musick-Hotaw-Chawanakee complex_30 to 60 percent slopes",562
5,"Wukusick","No",3356285,26638829,18.36,4.5,0.22,200,"6207","Musick-Hotaw-Chawanakee complex_30 to 60 percent slopes",562
4,"Rock outcrop","No",3356285,26638830,NA,NA,NA,NA,"6207","Musick-Hotaw-Chawanakee complex_30 to 60 percent slopes",562
1,"Mined land","No",3356285,26638831,NA,NA,NA,NA,"6207","Musick-Hotaw-Chawanakee complex_30 to 60 percent slopes",562
100,"Water","Yes",2766840,26677936,NA,NA,NA,NA,"W","Water",9534
49,"Typic Cryorthents","Yes",2766852,26677937,92,4.5,0.06,150,"1101","Rock outcrop_granitic crags-Typic Cryorthents complex_30 to 100 percent slopes",19178
2,"Benchlake","No",2766852,26677938,86.48,6.67,0.04,200,"1101","Rock outcrop_granitic crags-Typic Cryorthents complex_30 to 100 percent slopes",19178
49,"Rock outcrop","Yes",2766852,26677939,NA,NA,NA,NA,"1101","Rock outcrop_granitic crags-Typic Cryorthents complex_30 to 100 percent slopes",19178
5,"McDermand","No",2766853,26677940,74.08,2.5,0.04,200,"1201","Rock outcrop_metamorphic crags-Typic Cryorthents_metamorphic complex_30 to 90 percent slopes",4961
45,"Typic Cryorthents","Yes",2766853,26677941,423.3,NA,0,150,"1201","Rock outcrop_metamorphic crags-Typic Cryorthents_metamorphic complex_30 to 90 percent slopes",4961
50,"Rock outcrop","Yes",2766853,26677942,NA,NA,NA,NA,"1201","Rock outcrop_metamorphic crags-Typic Cryorthents_metamorphic complex_30 to 90 percent slopes",4961
1,"Water","No",2766854,26677943,NA,NA,NA,NA,"2110","Rock outcrop_granitic-Benchlake_moist-Langille complex_2 to 45 percent slopes",59004
5,"McGee","No",2766854,26677944,58.72,NA,0.18,150,"2110","Rock outcrop_granitic-Benchlake_moist-Langille complex_2 to 45 percent slopes",59004
7,"McDermand","No",2766854,26677945,218.6,2.7,0.04,200,"2110","Rock outcrop_granitic-Benchlake_moist-Langille complex_2 to 45 percent slopes",59004
15,"Langille","Yes",2766854,26677946,52.54,NA,0.06,200,"2110","Rock outcrop_granitic-Benchlake_moist-Langille complex_2 to 45 percent slopes",59004
15,"Benchlake","Yes",2766854,26677947,46.02,4.8,0.04,200,"2110","Rock outcrop_granitic-Benchlake_moist-Langille complex_2 to 45 percent slopes",59004
5,"Isosceles","No",2766854,26677948,55.36,NA,0.11,200,"2110","Rock outcrop_granitic-Benchlake_moist-Langille complex_2 to 45 percent slopes",59004
3,"Forgotten","No",2766854,26677949,194.6,5.48,0.04,150,"2110","Rock outcrop_granitic-Benchlake_moist-Langille complex_2 to 45 percent slopes",59004
10,"Langille","No",2766854,26677950,33.12,6.21,0.1,200,"2110","Rock outcrop_granitic-Benchlake_moist-Langille complex_2 to 45 percent slopes",59004
4,"Typic Cryorthents","No",2766854,26677951,122.4,NA,0.01,150,"2110","Rock outcrop_granitic-Benchlake_moist-Langille complex_2 to 45 percent slopes",59004
35,"Rock outcrop","Yes",2766854,26677952,NA,NA,NA,NA,"2110","Rock outcrop_granitic-Benchlake_moist-Langille complex_2 to 45 percent slopes",59004
8,"Canisrocks","No",2766855,26677953,77.92,9.43,0.09,160,"2130","Rock outcrop_granitic-Typic Cryorthents_warm complex_30 to 90 percent slopes",19467
5,"Isosceles","No",2766855,26677954,55.36,NA,0.11,200,"2130","Rock outcrop_granitic-Typic Cryorthents_warm complex_30 to 90 percent slopes",19467
2,"Forgotten","No",2766855,26677955,194.6,5.48,0.04,150,"2130","Rock outcrop_granitic-Typic Cryorthents_warm complex_30 to 90 percent slopes",19467
25,"Typic Cryorthents","Yes",2766855,26677956,122.4,NA,0.01,150,"2130","Rock outcrop_granitic-Typic Cryorthents_warm complex_30 to 90 percent slopes",19467
10,"Glacierpoint","No",2766855,26677957,43.36,5.55,0.04,150,"2130","Rock outcrop_granitic-Typic Cryorthents_warm complex_30 to 90 percent slopes",19467
50,"Rock outcrop","Yes",2766855,26677958,NA,NA,NA,NA,"2130","Rock outcrop_granitic-Typic Cryorthents_warm complex_30 to 90 percent slopes",19467
10,"Lackey","No",2766857,26677959,92,14.23,0.07,150,"3134","Rock outcrop_granitic-Dorst-Lackey complex_45 to 125 percent slopes",21598
20,"Dorst","Yes",2766857,26677960,62.57,5.57,0.03,200,"3134","Rock outcrop_granitic-Dorst-Lackey complex_45 to 125 percent slopes",21598
20,"Lackey","Yes",2766857,26677961,92,18.03,0.1,150,"3134","Rock outcrop_granitic-Dorst-Lackey complex_45 to 125 percent slopes",21598
5,"Typic Xerorthents","No",2766857,26677962,92,NA,0.03,200,"3134","Rock outcrop_granitic-Dorst-Lackey complex_45 to 125 percent slopes",21598
5,"Tigerlily","No",2766857,26677963,25.22,6,0.23,150,"3134","Rock outcrop_granitic-Dorst-Lackey complex_45 to 125 percent slopes",21598
40,"Rock outcrop","Yes",2766857,26677964,NA,NA,NA,NA,"3134","Rock outcrop_granitic-Dorst-Lackey complex_45 to 125 percent slopes",21598
10,"Typic Xerorthents","No",2766858,26677965,92,NA,0.03,200,"3130","Lackey_cool-Rock outcrop_granitic-Tuohy_steep complex_15 to 100 percent slopes",14403
10,"Windowpeak","No",2766858,26677966,92,77.9,0.11,155,"3130","Lackey_cool-Rock outcrop_granitic-Tuohy_steep complex_15 to 100 percent slopes",14403
5,"Tigerlily","No",2766858,26677967,25.22,6,0.23,150,"3130","Lackey_cool-Rock outcrop_granitic-Tuohy_steep complex_15 to 100 percent slopes",14403
40,"Lackey","Yes",2766858,26677968,92,31.67,0.09,150,"3130","Lackey_cool-Rock outcrop_granitic-Tuohy_steep complex_15 to 100 percent slopes",14403
15,"Tuohy","Yes",2766858,26677969,22.89,20.62,0.14,200,"3130","Lackey_cool-Rock outcrop_granitic-Tuohy_steep complex_15 to 100 percent slopes",14403
20,"Rock outcrop","Yes",2766858,26677970,NA,NA,NA,NA,"3130","Lackey_cool-Rock outcrop_granitic-Tuohy_steep complex_15 to 100 percent slopes",14403
40,"Dorst","Yes",2766859,26677971,86.48,4.84,0.06,200,"3131","Dorst_moist-Beetlerock-Rock outcrop_granitic complex_15 to 100 percent slopes",23842
20,"Beetlerock","Yes",2766859,26677972,92,77.9,0.11,152,"3131","Dorst_moist-Beetlerock-Rock outcrop_granitic complex_15 to 100 percent slopes",23842
10,"Windowpeak","No",2766859,26677973,92,77.9,0.11,155,"3131","Dorst_moist-Beetlerock-Rock outcrop_granitic complex_15 to 100 percent slopes",23842
8,"Hockett","No",2766859,26677974,65.12,4.27,0.08,200,"3131","Dorst_moist-Beetlerock-Rock outcrop_granitic complex_15 to 100 percent slopes",23842
2,"Tigerlily","No",2766859,26677975,25.22,6,0.23,150,"3131","Dorst_moist-Beetlerock-Rock outcrop_granitic complex_15 to 100 percent slopes",23842
20,"Rock outcrop","Yes",2766859,26677976,NA,NA,NA,NA,"3131","Dorst_moist-Beetlerock-Rock outcrop_granitic complex_15 to 100 percent slopes",23842
15,"Dorst","Yes",2766860,26677977,47.86,16.52,0.09,200,"3140","Lackey_cool-Dorst complex_15 to 60 percent slopes",17726
5,"Dorst","No",2766860,26677978,73.61,NA,0.03,200,"3140","Lackey_cool-Dorst complex_15 to 60 percent slopes",17726
5,"Rock outcrop","No",2766860,26677979,NA,NA,NA,NA,"3140","Lackey_cool-Dorst complex_15 to 60 percent slopes",17726
2,"Typic Xerorthents","No",2766860,26677980,92,NA,0.03,200,"3140","Lackey_cool-Dorst complex_15 to 60 percent slopes",17726
5,"Windowpeak","No",2766860,26677981,92,77.9,0.11,155,"3140","Lackey_cool-Dorst complex_15 to 60 percent slopes",17726
65,"Lackey","Yes",2766860,26677982,92,31.67,0.09,150,"3140","Lackey_cool-Dorst complex_15 to 60 percent slopes",17726
3,"Tigerlily","No",2766860,26677983,25.22,6,0.23,150,"3140","Lackey_cool-Dorst complex_15 to 60 percent slopes",17726
45,"Beetlerock","Yes",2766861,26677984,92,77.9,0.11,152,"3141","Beetlerock-Windowpeak complex_15 to 45 percent slopes",44731
12,"Dorst","No",2766861,26677985,86.48,4.84,0.06,200,"3141","Beetlerock-Windowpeak complex_15 to 45 percent slopes",44731
25,"Windowpeak","Yes",2766861,26677986,92,77.9,0.11,155,"3141","Beetlerock-Windowpeak complex_15 to 45 percent slopes",44731
5,"Rock outcrop","No",2766861,26677987,NA,NA,NA,NA,"3141","Beetlerock-Windowpeak complex_15 to 45 percent slopes",44731
10,"Doncecil","No",2766861,26677988,92,12.97,0.06,200,"3141","Beetlerock-Windowpeak complex_15 to 45 percent slopes",44731
3,"Tigerlily","No",2766861,26677989,25.22,6,0.23,150,"3141","Beetlerock-Windowpeak complex_15 to 45 percent slopes",44731
5,"Rock outcrop","No",2766862,26677990,NA,NA,NA,NA,"3150","Lackey-Cahoon complex_2 to 30 percent slopes",8706
10,"Hockett","No",2766862,26677991,65.12,4.27,0.08,200,"3150","Lackey-Cahoon complex_2 to 30 percent slopes",8706
20,"Cahoon","Yes",2766862,26677992,36.96,77.9,0.15,150,"3150","Lackey-Cahoon complex_2 to 30 percent slopes",8706
5,"Tigerlily","No",2766862,26677993,25.22,6,0.23,150,"3150","Lackey-Cahoon complex_2 to 30 percent slopes",8706
60,"Lackey","Yes",2766862,26677994,247.8,9.13,0.05,130,"3150","Lackey-Cahoon complex_2 to 30 percent slopes",8706
5,"Rock outcrop","No",2766863,26677995,NA,NA,NA,NA,"3151","Cahoon-Windowpeak-Hockett complex_2 to 30 percent slopes",6109
20,"Windowpeak","Yes",2766863,26677996,82.34,77.9,0.13,150,"3151","Cahoon-Windowpeak-Hockett complex_2 to 30 percent slopes",6109
55,"Cahoon","Yes",2766863,26677997,36.96,77.9,0.15,150,"3151","Cahoon-Windowpeak-Hockett complex_2 to 30 percent slopes",6109
15,"Hockett","Yes",2766863,26677998,65.12,4.27,0.08,200,"3151","Cahoon-Windowpeak-Hockett complex_2 to 30 percent slopes",6109
5,"Tigerlily","No",2766863,26677999,25.22,6,0.23,150,"3151","Cahoon-Windowpeak-Hockett complex_2 to 30 percent slopes",6109
4,"Rock outcrop","No",2766864,26678000,NA,NA,NA,NA,"3152","Bellecanyon-Kanawyer complex_2 to 30 percent slopes",9097
38,"Bellecanyon","Yes",2766864,26678001,92,77.9,0.1,160,"3152","Bellecanyon-Kanawyer complex_2 to 30 percent slopes",9097
35,"Kanawyer","Yes",2766864,26678002,137.6,NA,0.05,190,"3152","Bellecanyon-Kanawyer complex_2 to 30 percent slopes",9097
10,"Cahoon","No",2766864,26678003,36.96,77.9,0.15,150,"3152","Bellecanyon-Kanawyer complex_2 to 30 percent slopes",9097
1,"Water","No",2766864,26678004,NA,NA,NA,NA,"3152","Bellecanyon-Kanawyer complex_2 to 30 percent slopes",9097
5,"Dorst","No",2766864,26678005,86.48,4.84,0.06,200,"3152","Bellecanyon-Kanawyer complex_2 to 30 percent slopes",9097
2,"Funston","No",2766864,26678006,134.54,NA,0.06,150,"3152","Bellecanyon-Kanawyer complex_2 to 30 percent slopes",9097
5,"Tigerlily","No",2766864,26678007,25.22,6,0.23,150,"3152","Bellecanyon-Kanawyer complex_2 to 30 percent slopes",9097
5,"Rock outcrop","No",2766867,26678008,NA,NA,NA,NA,"3242","Beetlerock-Dorst_moist-Pigchute complex_15 to 60 percent slopes",2128
27,"Dorst","Yes",2766867,26678009,23.55,12.3,0.04,200,"3242","Beetlerock-Dorst_moist-Pigchute complex_15 to 60 percent slopes",2128
20,"Pigchute","Yes",2766867,26678010,19.94,38.47,0.12,163,"3242","Beetlerock-Dorst_moist-Pigchute complex_15 to 60 percent slopes",2128
10,"Mineralking","No",2766867,26678011,18.54,14.2,0.15,160,"3242","Beetlerock-Dorst_moist-Pigchute complex_15 to 60 percent slopes",2128
35,"Beetlerock","Yes",2766867,26678012,92,14.73,0.11,150,"3242","Beetlerock-Dorst_moist-Pigchute complex_15 to 60 percent slopes",2128
3,"Tigerlily","No",2766867,26678013,25.22,6,0.22,150,"3242","Beetlerock-Dorst_moist-Pigchute complex_15 to 60 percent slopes",2128
12,"Vitrandic Xeropsamments","No",2766868,26678014,92,6.23,0.07,266,"4020","Canyonview-Oxyaquic Xerofluvents_occasionally flooded-Tuolumne complex_1 to 35 percent slopes",4595
3,"Water","No",2766868,26678015,NA,NA,NA,NA,"4020","Canyonview-Oxyaquic Xerofluvents_occasionally flooded-Tuolumne complex_1 to 35 percent slopes",4595
5,"Aquic Xerofluvents","No",2766868,26678016,92,1.03,0.01,150,"4020","Canyonview-Oxyaquic Xerofluvents_occasionally flooded-Tuolumne complex_1 to 35 percent slopes",4595
15,"Tuolumne","Yes",2766868,26678017,92,11.13,0.06,150,"4020","Canyonview-Oxyaquic Xerofluvents_occasionally flooded-Tuolumne complex_1 to 35 percent slopes",4595
20,"Oxyaquic Xerofluvents","Yes",2766868,26678018,83.72,10.47,0.07,200,"4020","Canyonview-Oxyaquic Xerofluvents_occasionally flooded-Tuolumne complex_1 to 35 percent slopes",4595
45,"Canyonview","Yes",2766868,26678019,70.24,NA,0.08,150,"4020","Canyonview-Oxyaquic Xerofluvents_occasionally flooded-Tuolumne complex_1 to 35 percent slopes",4595
5,"Littlebaugh","No",2766869,26678020,66.4,8.39,0.07,200,"4121","Canyonview-Canyonview_bouldery complex_15 to 70 percent slopes",1400
47,"Canyonview","Yes",2766869,26678021,80.48,13.94,0.07,165,"4121","Canyonview-Canyonview_bouldery complex_15 to 70 percent slopes",1400
35,"Canyonview","Yes",2766869,26678022,92,5.54,0.04,150,"4121","Canyonview-Canyonview_bouldery complex_15 to 70 percent slopes",1400
10,"Rock outcrop","No",2766869,26678023,NA,NA,NA,NA,"4121","Canyonview-Canyonview_bouldery complex_15 to 70 percent slopes",1400
3,"Skellog","No",2766869,26678024,64.02,39.78,0.17,150,"4121","Canyonview-Canyonview_bouldery complex_15 to 70 percent slopes",1400
35,"Azalea","Yes",2766871,26678025,56.16,NA,0.11,200,"4131","Azalea-Canyonview_bouldery-Rock outcrop_granitic complex_15 to 100 percent slopes",5424
8,"Tharpslog","No",2766871,26678026,83.04,12.17,0.09,210,"4131","Azalea-Canyonview_bouldery-Rock outcrop_granitic complex_15 to 100 percent slopes",5424
2,"Skellog","No",2766871,26678027,64.02,39.78,0.17,150,"4131","Azalea-Canyonview_bouldery-Rock outcrop_granitic complex_15 to 100 percent slopes",5424
30,"Canyonview","Yes",2766871,26678028,92,5.54,0.04,150,"4131","Azalea-Canyonview_bouldery-Rock outcrop_granitic complex_15 to 100 percent slopes",5424
25,"Rock outcrop","Yes",2766871,26678029,NA,NA,NA,NA,"4131","Azalea-Canyonview_bouldery-Rock outcrop_granitic complex_15 to 100 percent slopes",5424
15,"Canisrocks","Yes",2777231,26678030,77.92,9.43,0.09,160,"2138","Rock outcrop_granitic-Canisrocks-Typic Cryorthents_warm complex_30 to 100 percent slopes",37672
5,"Isosceles","No",2777231,26678031,55.36,NA,0.11,200,"2138","Rock outcrop_granitic-Canisrocks-Typic Cryorthents_warm complex_30 to 100 percent slopes",37672
2,"Forgotten","No",2777231,26678032,194.6,5.48,0.04,150,"2138","Rock outcrop_granitic-Canisrocks-Typic Cryorthents_warm complex_30 to 100 percent slopes",37672
7,"Isosceles","No",2777231,26678033,52.73,NA,0.07,200,"2138","Rock outcrop_granitic-Canisrocks-Typic Cryorthents_warm complex_30 to 100 percent slopes",37672
9,"Langille","No",2777231,26678034,33.12,6.21,0.1,200,"2138","Rock outcrop_granitic-Canisrocks-Typic Cryorthents_warm complex_30 to 100 percent slopes",37672
15,"Typic Cryorthents","Yes",2777231,26678035,122.4,NA,0.01,150,"2138","Rock outcrop_granitic-Canisrocks-Typic Cryorthents_warm complex_30 to 100 percent slopes",37672
7,"Glacierpoint","No",2777231,26678036,43.36,5.55,0.04,150,"2138","Rock outcrop_granitic-Canisrocks-Typic Cryorthents_warm complex_30 to 100 percent slopes",37672
40,"Rock outcrop","Yes",2777231,26678037,NA,NA,NA,NA,"2138","Rock outcrop_granitic-Canisrocks-Typic Cryorthents_warm complex_30 to 100 percent slopes",37672
18,"Pigchute","Yes",2777232,26678038,28.48,11.14,0.11,150,"3138","Rock outcrop_granitic-Doncecil_cool-Pigchute_avalanche complex_15 to 125 percent slopes",21472
27,"Doncecil","Yes",2777232,26678039,38.24,7.79,0.06,150,"3138","Rock outcrop_granitic-Doncecil_cool-Pigchute_avalanche complex_15 to 125 percent slopes",21472
6,"Typic Xerorthents","No",2777232,26678040,92,NA,0.03,200,"3138","Rock outcrop_granitic-Doncecil_cool-Pigchute_avalanche complex_15 to 125 percent slopes",21472
13,"Tuohy","No",2777232,26678041,22.89,20.62,0.14,200,"3138","Rock outcrop_granitic-Doncecil_cool-Pigchute_avalanche complex_15 to 125 percent slopes",21472
4,"Tigerlily","No",2777232,26678042,25.22,6,0.23,150,"3138","Rock outcrop_granitic-Doncecil_cool-Pigchute_avalanche complex_15 to 125 percent slopes",21472
32,"Rock outcrop","Yes",2777232,26678043,NA,NA,NA,NA,"3138","Rock outcrop_granitic-Doncecil_cool-Pigchute_avalanche complex_15 to 125 percent slopes",21472
36,"Pigchute","Yes",2777235,26678044,60,77.9,0.1,150,"3137","Pigchute_cool-Lackey-Tuohy complex_15 to 60 percent slopes",5059
25,"Lackey","Yes",2777235,26678045,92,11.02,0.06,150,"3137","Pigchute_cool-Lackey-Tuohy complex_15 to 60 percent slopes",5059
20,"Tuohy","Yes",2777235,26678046,22.89,20.62,0.14,200,"3137","Pigchute_cool-Lackey-Tuohy complex_15 to 60 percent slopes",5059
5,"Typic Xerorthents","No",2777235,26678047,92,NA,0.03,200,"3137","Pigchute_cool-Lackey-Tuohy complex_15 to 60 percent slopes",5059
7,"Pigchute","No",2777235,26678048,28.48,11.14,0.11,150,"3137","Pigchute_cool-Lackey-Tuohy complex_15 to 60 percent slopes",5059
5,"Rock outcrop","No",2777235,26678049,NA,NA,NA,NA,"3137","Pigchute_cool-Lackey-Tuohy complex_15 to 60 percent slopes",5059
2,"Tigerlily","No",2777235,26678050,25.22,6,0.23,150,"3137","Pigchute_cool-Lackey-Tuohy complex_15 to 60 percent slopes",5059
10,"Funston","No",2777236,26678051,134.54,NA,0.06,150,"3124","Lackey_moraine-Tuohy complex_2 to 30 percent slopes",5698
1,"Water","No",2777236,26678052,NA,NA,NA,NA,"3124","Lackey_moraine-Tuohy complex_2 to 30 percent slopes",5698
2,"Rock outcrop","No",2777236,26678053,NA,NA,NA,NA,"3124","Lackey_moraine-Tuohy complex_2 to 30 percent slopes",5698
7,"Windowpeak","No",2777236,26678054,92,5.3,0.04,200,"3124","Lackey_moraine-Tuohy complex_2 to 30 percent slopes",5698
5,"Tigerlily","No",2777236,26678055,25.22,6,0.23,150,"3124","Lackey_moraine-Tuohy complex_2 to 30 percent slopes",5698
25,"Tuohy","Yes",2777236,26678056,21.85,7.52,0.1,200,"3124","Lackey_moraine-Tuohy complex_2 to 30 percent slopes",5698
50,"Lackey","Yes",2777236,26678057,92,8.38,0.05,150,"3124","Lackey_moraine-Tuohy complex_2 to 30 percent slopes",5698
35,"Littlepete","Yes",2777237,26678058,52.32,10.8,0.13,150,"7062","Littlepete-Ladderlake_warm-Mendel complex_0 to 5 percent slopes",479
32,"Ladderlake","Yes",2777237,26678059,30.78,NA,0.24,150,"7062","Littlepete-Ladderlake_warm-Mendel complex_0 to 5 percent slopes",479
10,"Terric Cryosaprists","No",2777237,26678060,9,93.5,0.41,155,"7062","Littlepete-Ladderlake_warm-Mendel complex_0 to 5 percent slopes",479
20,"Mendel","Yes",2777237,26678061,75.36,6.67,0.04,150,"7062","Littlepete-Ladderlake_warm-Mendel complex_0 to 5 percent slopes",479
2,"Water","No",2777237,26678062,NA,NA,NA,NA,"7062","Littlepete-Ladderlake_warm-Mendel complex_0 to 5 percent slopes",479
1,"Rock outcrop","No",2777237,26678063,NA,NA,NA,NA,"7062","Littlepete-Ladderlake_warm-Mendel complex_0 to 5 percent slopes",479
33,"Evolution","Yes",2777238,26678064,101.92,NA,0.04,165,"2124","Evolution-Siberian complex_5 to 40 percent slopes",7535
10,"McGee","No",2777238,26678065,58.72,NA,0.18,150,"2124","Evolution-Siberian complex_5 to 40 percent slopes",7535
7,"Mendel","No",2777238,26678066,75.36,6.67,0.04,150,"2124","Evolution-Siberian complex_5 to 40 percent slopes",7535
3,"Rock outcrop","No",2777238,26678067,NA,NA,NA,NA,"2124","Evolution-Siberian complex_5 to 40 percent slopes",7535
25,"Siberian","Yes",2777238,26678068,92,4.71,0.08,155,"2124","Evolution-Siberian complex_5 to 40 percent slopes",7535
5,"Ledumhill","No",2777238,26678069,53.1,NA,0.12,150,"2124","Evolution-Siberian complex_5 to 40 percent slopes",7535
10,"Isosceles","No",2777238,26678070,24.33,NA,0.14,200,"2124","Evolution-Siberian complex_5 to 40 percent slopes",7535
2,"Water","No",2777238,26678071,NA,NA,NA,NA,"2124","Evolution-Siberian complex_5 to 40 percent slopes",7535
3,"Rockcreek","No",2777238,26678072,79.98,84.67,0.31,165,"2124","Evolution-Siberian complex_5 to 40 percent slopes",7535
2,"Glacierpoint","No",2777238,26678073,43.36,5.55,0.04,150,"2124","Evolution-Siberian complex_5 to 40 percent slopes",7535
35,"Mendel","Yes",2777241,26678074,65.12,10.59,0.06,150,"2112","Mendel_basin-Ladderlake-Littlepete_cool complex_0 to 5 percent slopes",1862
25,"Littlepete","Yes",2777241,26678075,97.86,4.09,0.06,150,"2112","Mendel_basin-Ladderlake-Littlepete_cool complex_0 to 5 percent slopes",1862
3,"Rock outcrop","No",2777241,26678076,NA,NA,NA,NA,"2112","Mendel_basin-Ladderlake-Littlepete_cool complex_0 to 5 percent slopes",1862
5,"Water","No",2777241,26678077,NA,NA,NA,NA,"2112","Mendel_basin-Ladderlake-Littlepete_cool complex_0 to 5 percent slopes",1862
2,"Forgotten","No",2777241,26678078,80.48,15.92,0.06,150,"2112","Mendel_basin-Ladderlake-Littlepete_cool complex_0 to 5 percent slopes",1862
30,"Ladderlake","Yes",2777241,26678079,59.16,53.47,0.22,150,"2112","Mendel_basin-Ladderlake-Littlepete_cool complex_0 to 5 percent slopes",1862
15,"McDermand","Yes",2777243,26678080,218.6,2.7,0.04,200,"2114","Rock outcrop_granitic-Isosceles-McDermand complex_2 to 20 percent slopes",24318
30,"Isosceles","Yes",2777243,26678081,55.36,NA,0.11,200,"2114","Rock outcrop_granitic-Isosceles-McDermand complex_2 to 20 percent slopes",24318
9,"Ladderlake","No",2777243,26678082,26.02,NA,0.26,150,"2114","Rock outcrop_granitic-Isosceles-McDermand complex_2 to 20 percent slopes",24318
1,"Water","No",2777243,26678083,NA,NA,NA,NA,"2114","Rock outcrop_granitic-Isosceles-McDermand complex_2 to 20 percent slopes",24318
5,"Raelakes","No",2777243,26678084,39.52,NA,0.06,200,"2114","Rock outcrop_granitic-Isosceles-McDermand complex_2 to 20 percent slopes",24318
4,"Forgotten","No",2777243,26678085,194.6,5.48,0.04,150,"2114","Rock outcrop_granitic-Isosceles-McDermand complex_2 to 20 percent slopes",24318
36,"Rock outcrop","Yes",2777243,26678086,NA,NA,NA,NA,"2114","Rock outcrop_granitic-Isosceles-McDermand complex_2 to 20 percent slopes",24318
10,"Isosceles","No",2777244,26678087,55.36,NA,0.11,200,"2137","Canisrocks-Typic Cryorthents_warm-Rock outcrop_granitic complex_30 to 100 percent slopes",27624
23,"Canisrocks","Yes",2777244,26678088,77.92,9.43,0.09,160,"2137","Canisrocks-Typic Cryorthents_warm-Rock outcrop_granitic complex_30 to 100 percent slopes",27624
10,"Forgotten","No",2777244,26678089,194.6,5.48,0.04,150,"2137","Canisrocks-Typic Cryorthents_warm-Rock outcrop_granitic complex_30 to 100 percent slopes",27624
10,"McDermand","No",2777244,26678090,218.6,2.7,0.04,200,"2137","Canisrocks-Typic Cryorthents_warm-Rock outcrop_granitic complex_30 to 100 percent slopes",27624
20,"Typic Cryorthents","Yes",2777244,26678091,122.4,NA,0.01,150,"2137","Canisrocks-Typic Cryorthents_warm-Rock outcrop_granitic complex_30 to 100 percent slopes",27624
12,"Glacierpoint","No",2777244,26678092,43.36,5.55,0.04,150,"2137","Canisrocks-Typic Cryorthents_warm-Rock outcrop_granitic complex_30 to 100 percent slopes",27624
15,"Rock outcrop","Yes",2777244,26678093,NA,NA,NA,NA,"2137","Canisrocks-Typic Cryorthents_warm-Rock outcrop_granitic complex_30 to 100 percent slopes",27624
15,"Glaciers","Yes",2777246,26678094,NA,NA,NA,NA,"1011","Typic Cryorthents_moraine-Glaciers complex_15 to 90 percent slopes",5090
3,"Rock outcrop","No",2777246,26678095,NA,NA,NA,NA,"1011","Typic Cryorthents_moraine-Glaciers complex_15 to 90 percent slopes",5090
82,"Typic Cryorthents","Yes",2777246,26678096,92,4.5,0.06,150,"1011","Typic Cryorthents_moraine-Glaciers complex_15 to 90 percent slopes",5090
2,"Benchlake","No",2777248,26678097,86.48,6.67,0.04,200,"1102","Rock outcrop_granitic crags_30 to 100 percent slopes",32881
10,"Typic Cryorthents","No",2777248,26678098,92,4.5,0.06,150,"1102","Rock outcrop_granitic crags_30 to 100 percent slopes",32881
88,"Rock outcrop","Yes",2777248,26678099,NA,NA,NA,NA,"1102","Rock outcrop_granitic crags_30 to 100 percent slopes",32881
10,"Typic Cryorthents","No",2777249,26678100,423.3,NA,0,150,"1202","Rock outcrop_metamorphic crags_30 to 100 percent slopes",5194
90,"Rock outcrop","Yes",2777249,26678101,NA,NA,NA,NA,"1202","Rock outcrop_metamorphic crags_30 to 100 percent slopes",5194
10,"Rock outcrop","No",2777251,26678102,NA,NA,NA,NA,"1103","Typic Cryorthents_30 to 90 percent slopes",34469
2,"Canisrocks","No",2777251,26678103,92,2.3,0.03,152,"1103","Typic Cryorthents_30 to 90 percent slopes",34469
1,"Forgotten","No",2777251,26678104,71.52,3.47,0.06,150,"1103","Typic Cryorthents_30 to 90 percent slopes",34469
87,"Typic Cryorthents","Yes",2777251,26678105,92,4.5,0.06,150,"1103","Typic Cryorthents_30 to 90 percent slopes",34469
10,"Rock outcrop","No",2924631,26678106,NA,NA,NA,NA,"1203","Typic Cryorthents_metamorphic_30 to 90 percent slopes",3751
90,"Typic Cryorthents","Yes",2924631,26678107,423.3,NA,0,150,"1203","Typic Cryorthents_metamorphic_30 to 90 percent slopes",3751
10,"Siberian","No",2924633,26678108,45.92,NA,0.11,175,"2235","Rock outcrop_metamorphic-Typic Cryorthents_warm metamorphic-Benchlake_warm complex_15 to 100 percent slopes",6588
15,"Benchlake","Yes",2924633,26678109,11.88,NA,0.07,200,"2235","Rock outcrop_metamorphic-Typic Cryorthents_warm metamorphic-Benchlake_warm complex_15 to 100 percent slopes",6588
5,"Benchlake","No",2924633,26678110,8.93,NA,NA,200,"2235","Rock outcrop_metamorphic-Typic Cryorthents_warm metamorphic-Benchlake_warm complex_15 to 100 percent slopes",6588
5,"Rockcreek","No",2924633,26678111,79.98,84.67,0.31,165,"2235","Rock outcrop_metamorphic-Typic Cryorthents_warm metamorphic-Benchlake_warm complex_15 to 100 percent slopes",6588
20,"Typic Cryorthents","Yes",2924633,26678112,423.3,NA,0,150,"2235","Rock outcrop_metamorphic-Typic Cryorthents_warm metamorphic-Benchlake_warm complex_15 to 100 percent slopes",6588
45,"Rock outcrop","Yes",2924633,26678113,NA,NA,NA,NA,"2235","Rock outcrop_metamorphic-Typic Cryorthents_warm metamorphic-Benchlake_warm complex_15 to 100 percent slopes",6588
15,"Forgotten","Yes",2924634,26678114,80.48,15.92,0.06,150,"2116","Findome-Evolution_dry-Forgotten complex_2 to 20 percent slopes",5159
20,"Evolution","Yes",2924634,26678115,66.4,NA,0.06,150,"2116","Findome-Evolution_dry-Forgotten complex_2 to 20 percent slopes",5159
65,"Findome","Yes",2924634,26678116,64.76,NA,0.06,100,"2116","Findome-Evolution_dry-Forgotten complex_2 to 20 percent slopes",5159
8,"Windowpeak","No",2924635,26678117,92,5.3,0.04,200,"3120","Lackey-Windowpeak_warm-Halstead complex_6 to 45 percent slopes",7355
10,"Funston","No",2924635,26678118,134.54,NA,0.06,150,"3120","Lackey-Windowpeak_warm-Halstead complex_6 to 45 percent slopes",7355
5,"Tigerlily","No",2924635,26678119,25.22,6,0.23,150,"3120","Lackey-Windowpeak_warm-Halstead complex_6 to 45 percent slopes",7355
20,"Windowpeak","Yes",2924635,26678120,92,10.08,0.06,150,"3120","Lackey-Windowpeak_warm-Halstead complex_6 to 45 percent slopes",7355
15,"Halstead","Yes",2924635,26678121,92,15.07,0.1,200,"3120","Lackey-Windowpeak_warm-Halstead complex_6 to 45 percent slopes",7355
40,"Lackey","Yes",2924635,26678122,247.8,9.13,0.05,130,"3120","Lackey-Windowpeak_warm-Halstead complex_6 to 45 percent slopes",7355
1,"Rock outcrop","No",2924635,26678123,NA,NA,NA,NA,"3120","Lackey-Windowpeak_warm-Halstead complex_6 to 45 percent slopes",7355
1,"Water","No",2924635,26678124,NA,NA,NA,NA,"3120","Lackey-Windowpeak_warm-Halstead complex_6 to 45 percent slopes",7355
10,"Rock outcrop","No",2924636,26678125,NA,NA,NA,NA,"3142","Mineralking_warm-Lackey-Typic Xerorthents complex_30 to 60 percent slopes",10866
10,"Lackey","No",2924636,26678126,92,14.23,0.07,150,"3142","Mineralking_warm-Lackey-Typic Xerorthents complex_30 to 60 percent slopes",10866
30,"Mineralking","Yes",2924636,26678127,31.84,30.99,0.12,150,"3142","Mineralking_warm-Lackey-Typic Xerorthents complex_30 to 60 percent slopes",10866
20,"Lackey","Yes",2924636,26678128,92,18.03,0.1,150,"3142","Mineralking_warm-Lackey-Typic Xerorthents complex_30 to 60 percent slopes",10866
10,"Dorst","No",2924636,26678129,62.57,5.57,0.03,200,"3142","Mineralking_warm-Lackey-Typic Xerorthents complex_30 to 60 percent slopes",10866
15,"Typic Xerorthents","Yes",2924636,26678130,92,NA,0.03,200,"3142","Mineralking_warm-Lackey-Typic Xerorthents complex_30 to 60 percent slopes",10866
5,"Tigerlily","No",2924636,26678131,25.22,6,0.23,150,"3142","Mineralking_warm-Lackey-Typic Xerorthents complex_30 to 60 percent slopes",10866
5,"Rock outcrop","No",2924637,26678132,NA,NA,NA,NA,"3227","Lackey-Hockett complex_2 to 30 percent slopes",959
9,"Tigerlily","No",2924637,26678133,25.22,6,0.22,150,"3227","Lackey-Hockett complex_2 to 30 percent slopes",959
3,"Water","No",2924637,26678134,NA,NA,NA,NA,"3227","Lackey-Hockett complex_2 to 30 percent slopes",959
13,"Funston","No",2924637,26678135,134.54,NA,0.06,150,"3227","Lackey-Hockett complex_2 to 30 percent slopes",959
20,"Hockett","Yes",2924637,26678136,65.12,4.27,0.08,200,"3227","Lackey-Hockett complex_2 to 30 percent slopes",959
50,"Lackey","Yes",2924637,26678137,247.8,9.13,0.05,130,"3227","Lackey-Hockett complex_2 to 30 percent slopes",959
10,"Windowpeak","No",2924638,26678138,92,77.9,0.06,150,"3235","Rock outcrop_metamorphic-Marmot-Windowpeak_dry complex_30 to 100 percent slopes",7296
15,"Windowpeak","Yes",2924638,26678139,92,12.78,0.07,150,"3235","Rock outcrop_metamorphic-Marmot-Windowpeak_dry complex_30 to 100 percent slopes",7296
10,"Mineralking","No",2924638,26678140,28,11.37,0.09,150,"3235","Rock outcrop_metamorphic-Marmot-Windowpeak_dry complex_30 to 100 percent slopes",7296
20,"Marmot","Yes",2924638,26678141,31.84,15.24,0.07,200,"3235","Rock outcrop_metamorphic-Marmot-Windowpeak_dry complex_30 to 100 percent slopes",7296
5,"Tigerlily","No",2924638,26678142,25.22,6,0.22,150,"3235","Rock outcrop_metamorphic-Marmot-Windowpeak_dry complex_30 to 100 percent slopes",7296
5,"Typic Xerorthents","No",2924638,26678143,209.8,NA,0.02,200,"3235","Rock outcrop_metamorphic-Marmot-Windowpeak_dry complex_30 to 100 percent slopes",7296
35,"Rock outcrop","Yes",2924638,26678144,NA,NA,NA,NA,"3235","Rock outcrop_metamorphic-Marmot-Windowpeak_dry complex_30 to 100 percent slopes",7296
40,"Tharpslog","Yes",2924639,26678145,84.32,9.62,0.1,205,"4145","Tharpslog-Bearhill-Tinybaugh complex_15 to 45 percent slopes",12197
25,"Bearhill","Yes",2924639,26678146,31.22,18,0.16,170,"4145","Tharpslog-Bearhill-Tinybaugh complex_15 to 45 percent slopes",12197
15,"Tinybaugh","Yes",2924639,26678147,69.47,13.6,0.08,200,"4145","Tharpslog-Bearhill-Tinybaugh complex_15 to 45 percent slopes",12197
5,"Rock outcrop","No",2924639,26678148,NA,NA,NA,NA,"4145","Tharpslog-Bearhill-Tinybaugh complex_15 to 45 percent slopes",12197
10,"Canyonview","No",2924639,26678149,92,12.85,0.07,160,"4145","Tharpslog-Bearhill-Tinybaugh complex_15 to 45 percent slopes",12197
5,"Littlebaugh","No",2924639,26678150,66.4,8.39,0.07,200,"4145","Tharpslog-Bearhill-Tinybaugh complex_15 to 45 percent slopes",12197
40,"Tharpslog","Yes",2924640,26678151,92,11.11,0.1,206,"4146","Tharpslog-Canyonview_warm-Cabincove complex_20 to 70 percent slopes",22969
30,"Canyonview","Yes",2924640,26678152,81.76,11.15,0.09,155,"4146","Tharpslog-Canyonview_warm-Cabincove complex_20 to 70 percent slopes",22969
5,"Rock outcrop","No",2924640,26678153,NA,NA,NA,NA,"4146","Tharpslog-Canyonview_warm-Cabincove complex_20 to 70 percent slopes",22969
10,"Tinybaugh","No",2924640,26678154,69.47,13.6,0.08,200,"4146","Tharpslog-Canyonview_warm-Cabincove complex_20 to 70 percent slopes",22969
15,"Cabincove","Yes",2924640,26678155,80.48,13.41,0.12,147,"4146","Tharpslog-Canyonview_warm-Cabincove complex_20 to 70 percent slopes",22969
30,"Generalgrant","Yes",2924641,26678156,85.6,8.12,0.07,205,"4147","Tharpslog-Generalgrant_steep-Sherman complex_3 to 45 percent slopes",2149
20,"Sherman","Yes",2924641,26678157,27.6,12.51,0.16,207,"4147","Tharpslog-Generalgrant_steep-Sherman complex_3 to 45 percent slopes",2149
8,"Azalea","No",2924641,26678158,28,7.35,0.07,200,"4147","Tharpslog-Generalgrant_steep-Sherman complex_3 to 45 percent slopes",2149
40,"Tharpslog","Yes",2924641,26678159,92,17.67,0.09,210,"4147","Tharpslog-Generalgrant_steep-Sherman complex_3 to 45 percent slopes",2149
2,"Rock outcrop","No",2924641,26678160,NA,NA,NA,NA,"4147","Tharpslog-Generalgrant_steep-Sherman complex_3 to 45 percent slopes",2149
5,"Cabincove","No",2924642,26678161,84.32,7.71,0.08,200,"5141","Edencreek-Grunigen-Edencreek_warm complex_30 to 80 percent slopes",18783
25,"Grunigen","Yes",2924642,26678162,19.94,17.62,0.15,200,"5141","Edencreek-Grunigen-Edencreek_warm complex_30 to 80 percent slopes",18783
5,"Rock outcrop","No",2924642,26678163,NA,NA,NA,NA,"5141","Edencreek-Grunigen-Edencreek_warm complex_30 to 80 percent slopes",18783
35,"Edencreek","Yes",2924642,26678164,30.56,17.1,0.13,92,"5141","Edencreek-Grunigen-Edencreek_warm complex_30 to 80 percent slopes",18783
10,"Mororock","No",2924642,26678165,9.84,20.33,0.16,153,"5141","Edencreek-Grunigen-Edencreek_warm complex_30 to 80 percent slopes",18783
20,"Edencreek","Yes",2924642,26678166,31.84,16.97,0.13,90,"5141","Edencreek-Grunigen-Edencreek_warm complex_30 to 80 percent slopes",18783
45,"Yuccacreek","Yes",2924644,26678167,30.56,10.77,0.13,165,"6040","Fryespoint-Yuccacreek_warm complex_15 to 60 percent slopes",166
45,"Fryespoint","Yes",2924644,26678168,92,4.2,0.06,155,"6040","Fryespoint-Yuccacreek_warm complex_15 to 60 percent slopes",166
10,"Andregg","No",2924644,26678169,29.28,10.39,0.13,79,"6040","Fryespoint-Yuccacreek_warm complex_15 to 60 percent slopes",166
30,"Shepherdsaddle","Yes",2924645,26678170,6.36,21.18,0.19,150,"6140","Ashmountain-Shepherdsaddle-Ahwahnee complex_6 to 60 percent slopes",2105
5,"Rock outcrop","No",2924645,26678171,NA,NA,NA,NA,"6140","Ashmountain-Shepherdsaddle-Ahwahnee complex_6 to 60 percent slopes",2105
10,"Andregg","No",2924645,26678172,29.28,10.39,0.13,79,"6140","Ashmountain-Shepherdsaddle-Ahwahnee complex_6 to 60 percent slopes",2105
31,"Ashmountain","Yes",2924645,26678173,15.46,10.27,0.15,150,"6140","Ashmountain-Shepherdsaddle-Ahwahnee complex_6 to 60 percent slopes",2105
24,"Ahwahnee","Yes",2924645,26678174,20.02,10.62,0.13,107,"6140","Ashmountain-Shepherdsaddle-Ahwahnee complex_6 to 60 percent slopes",2105
15,"Shepherdsaddle","Yes",2924646,26678175,6.36,21.18,0.19,150,"6141","Andregg-Fryespoint-Shepherdsaddle complex_30 to 60 percent slopes",7342
10,"Yuccacreek","No",2924646,26678176,35.68,17.5,0.16,183,"6141","Andregg-Fryespoint-Shepherdsaddle complex_30 to 60 percent slopes",7342
30,"Fryespoint","Yes",2924646,26678177,20.02,11.38,0.07,200,"6141","Andregg-Fryespoint-Shepherdsaddle complex_30 to 60 percent slopes",7342
40,"Andregg","Yes",2924646,26678178,29.28,10.39,0.13,79,"6141","Andregg-Fryespoint-Shepherdsaddle complex_30 to 60 percent slopes",7342
5,"Rock outcrop","No",2924646,26678179,NA,NA,NA,NA,"6141","Andregg-Fryespoint-Shepherdsaddle complex_30 to 60 percent slopes",7342
25,"Gratwell","Yes",2924647,26678180,38.24,22.62,0.17,150,"4148","Tharpslog-Gratwell-Generalgrant complex_8 to 60 percent slopes",12945
45,"Tharpslog","Yes",2924647,26678181,83.04,12.17,0.09,210,"4148","Tharpslog-Gratwell-Generalgrant complex_8 to 60 percent slopes",12945
2,"Rock outcrop","No",2924647,26678182,NA,NA,NA,NA,"4148","Tharpslog-Gratwell-Generalgrant complex_8 to 60 percent slopes",12945
3,"Tinybaugh","No",2924647,26678183,69.47,13.6,0.08,200,"4148","Tharpslog-Gratwell-Generalgrant complex_8 to 60 percent slopes",12945
10,"Canyonview","No",2924647,26678184,81.76,11.15,0.09,155,"4148","Tharpslog-Gratwell-Generalgrant complex_8 to 60 percent slopes",12945
15,"Generalgrant","Yes",2924647,26678185,90.56,9.39,0.06,230,"4148","Tharpslog-Gratwell-Generalgrant complex_8 to 60 percent slopes",12945
80,"Homersnose","Yes",2924648,26678186,22.04,24.19,0.21,150,"4242","Homersnose gravelly silt loam_15 to 60 percent slopes",4375
9,"Skellog","No",2924648,26678187,30.56,11.7,0.09,150,"4242","Homersnose gravelly silt loam_15 to 60 percent slopes",4375
1,"Rock outcrop","No",2924648,26678188,NA,NA,NA,NA,"4242","Homersnose gravelly silt loam_15 to 60 percent slopes",4375
4,"Littlebaugh","No",2924648,26678189,30.56,NA,0.1,200,"4242","Homersnose gravelly silt loam_15 to 60 percent slopes",4375
6,"Canyonview family","No",2924648,26678190,33.12,25.31,0.09,200,"4242","Homersnose gravelly silt loam_15 to 60 percent slopes",4375
3,"Rock outcrop","No",2924649,26678191,NA,NA,NA,NA,"5241","Colonymill_cool-Whiskeylog-Ladybug complex_30 to 90 percent slopes",13909
40,"Colonymill","Yes",2924649,26678192,21.68,22.45,0.22,200,"5241","Colonymill_cool-Whiskeylog-Ladybug complex_30 to 90 percent slopes",13909
12,"Kaweah","No",2924649,26678193,12.32,17.6,0.13,150,"5241","Colonymill_cool-Whiskeylog-Ladybug complex_30 to 90 percent slopes",13909
19,"Whiskeylog","Yes",2924649,26678194,14.98,15.61,0.17,150,"5241","Colonymill_cool-Whiskeylog-Ladybug complex_30 to 90 percent slopes",13909
16,"Ladybug","Yes",2924649,26678195,10.88,21.01,0.19,200,"5241","Colonymill_cool-Whiskeylog-Ladybug complex_30 to 90 percent slopes",13909
10,"Mororock","No",2924649,26678196,9.84,20.33,0.16,153,"5241","Colonymill_cool-Whiskeylog-Ladybug complex_30 to 90 percent slopes",13909
70,"Siberian","Yes",2924682,26678197,168,NA,0.05,155,"2150","Siberian_dry-Lapin complex_5 to 25 percent slopes",29218
19,"Lapin","Yes",2924682,26678198,162.32,NA,0.04,105,"2150","Siberian_dry-Lapin complex_5 to 25 percent slopes",29218
10,"Raelakes","No",2924682,26678199,71.52,NA,0.05,200,"2150","Siberian_dry-Lapin complex_5 to 25 percent slopes",29218
1,"Rock outcrop","No",2924682,26678200,NA,NA,NA,NA,"2150","Siberian_dry-Lapin complex_5 to 25 percent slopes",29218
15,"Langille","Yes",2924683,26678201,28,NA,0.03,200,"1115","Rock outcrop_granitic-Isosceles_cool-Langille_cool complex_5 to 75 percent slopes",47405
9,"Canisrocks","No",2924683,26678202,92,NA,0.02,150,"1115","Rock outcrop_granitic-Isosceles_cool-Langille_cool complex_5 to 75 percent slopes",47405
22,"Isosceles","Yes",2924683,26678203,74.46,8.43,0.09,200,"1115","Rock outcrop_granitic-Isosceles_cool-Langille_cool complex_5 to 75 percent slopes",47405
5,"McDermand","No",2924683,26678204,67.68,NA,0.08,200,"1115","Rock outcrop_granitic-Isosceles_cool-Langille_cool complex_5 to 75 percent slopes",47405
3,"Forgotten","No",2924683,26678205,71.52,3.47,0.06,150,"1115","Rock outcrop_granitic-Isosceles_cool-Langille_cool complex_5 to 75 percent slopes",47405
1,"Water","No",2924683,26678206,NA,NA,NA,NA,"1115","Rock outcrop_granitic-Isosceles_cool-Langille_cool complex_5 to 75 percent slopes",47405
5,"Typic Cryorthents","No",2924683,26678207,92,NA,0.01,150,"1115","Rock outcrop_granitic-Isosceles_cool-Langille_cool complex_5 to 75 percent slopes",47405
40,"Rock outcrop","Yes",2924683,26678208,NA,NA,NA,NA,"1115","Rock outcrop_granitic-Isosceles_cool-Langille_cool complex_5 to 75 percent slopes",47405
94,"Polemonium","Yes",2924684,26678209,107.46,NA,0.04,161,"1151","Polemonium very gravelly coarse sand_10 to 30 percent slopes",4812
5,"Rock outcrop","No",2924684,26678210,NA,NA,NA,NA,"1151","Polemonium very gravelly coarse sand_10 to 30 percent slopes",4812
1,"Forgotten","No",2924684,26678211,71.52,3.47,0.06,150,"1151","Polemonium very gravelly coarse sand_10 to 30 percent slopes",4812
70,"Lackey","Yes",2924686,26678212,83.72,16.59,0.13,178,"3143","Lackey-Doncecil complex_30 to 60 percent slopes",11661
25,"Doncecil","Yes",2924686,26678213,92,NA,0.04,150,"3143","Lackey-Doncecil complex_30 to 60 percent slopes",11661
5,"Tigerlily","No",2924686,26678214,25.22,6,0.23,150,"3143","Lackey-Doncecil complex_30 to 60 percent slopes",11661
25,"Canisrocks","Yes",2924687,26678215,282,1.7,0.01,165,"2140","Siberian_dry-Canisrocks_dry complex_15 to 60 percent slopes",27606
45,"Siberian","Yes",2924687,26678216,92,NA,0.06,175,"2140","Siberian_dry-Canisrocks_dry complex_15 to 60 percent slopes",27606
3,"Raelakes","No",2924687,26678217,71.52,NA,0.05,200,"2140","Siberian_dry-Canisrocks_dry complex_15 to 60 percent slopes",27606
5,"Rock outcrop","No",2924687,26678218,NA,NA,NA,NA,"2140","Siberian_dry-Canisrocks_dry complex_15 to 60 percent slopes",27606
10,"Lapin","No",2924687,26678219,162.32,NA,0.04,105,"2140","Siberian_dry-Canisrocks_dry complex_15 to 60 percent slopes",27606
10,"Typic Cryorthents","No",2924687,26678220,122.4,NA,0.01,150,"2140","Siberian_dry-Canisrocks_dry complex_15 to 60 percent slopes",27606
2,"Forgotten","No",2924687,26678221,80.48,15.92,0.06,150,"2140","Siberian_dry-Canisrocks_dry complex_15 to 60 percent slopes",27606
55,"Skellog","Yes",2924689,26678222,34.4,24.9,0.1,150,"4149","Skellog_moist-Tharpslog family-Tharpslog complex_10 to 50 percent slopes",1779
15,"Tharpslog","Yes",2924689,26678223,92,18.45,0.11,190,"4149","Skellog_moist-Tharpslog family-Tharpslog complex_10 to 50 percent slopes",1779
10,"Sherman","No",2924689,26678224,49.76,12.85,0.15,295,"4149","Skellog_moist-Tharpslog family-Tharpslog complex_10 to 50 percent slopes",1779
20,"Tharpslog family","Yes",2924689,26678225,92,13.67,0.1,182,"4149","Skellog_moist-Tharpslog family-Tharpslog complex_10 to 50 percent slopes",1779
18,"Canisrocks","Yes",2924690,26678226,202.2,NA,0.04,130,"1137","Rock outcrop_granitic-Typic Cryorthents-Canisrocks_scree complex_30 to 100 percent slopes",26076
1,"Forgotten","No",2924690,26678227,71.52,3.47,0.06,150,"1137","Rock outcrop_granitic-Typic Cryorthents-Canisrocks_scree complex_30 to 100 percent slopes",26076
9,"Benchlake","No",2924690,26678228,117,NA,0.04,200,"1137","Rock outcrop_granitic-Typic Cryorthents-Canisrocks_scree complex_30 to 100 percent slopes",26076
3,"Langille","No",2924690,26678229,52.32,NA,0.07,200,"1137","Rock outcrop_granitic-Typic Cryorthents-Canisrocks_scree complex_30 to 100 percent slopes",26076
30,"Typic Cryorthents","Yes",2924690,26678230,92,4.5,0.06,150,"1137","Rock outcrop_granitic-Typic Cryorthents-Canisrocks_scree complex_30 to 100 percent slopes",26076
39,"Rock outcrop","Yes",2924690,26678231,NA,NA,NA,NA,"1137","Rock outcrop_granitic-Typic Cryorthents-Canisrocks_scree complex_30 to 100 percent slopes",26076
15,"Typic Cryorthents","Yes",2924691,26678232,423.3,NA,0,150,"1215","Rock outcrop_metamorphic-Benchlake family-Typic Cryorthents_metamorphic complex_10 to 120 percent slopes",3401
1,"Water","No",2924691,26678233,NA,NA,NA,NA,"1215","Rock outcrop_metamorphic-Benchlake family-Typic Cryorthents_metamorphic complex_10 to 120 percent slopes",3401
10,"McDermand","No",2924691,26678234,74.08,2.5,0.04,200,"1215","Rock outcrop_metamorphic-Benchlake family-Typic Cryorthents_metamorphic complex_10 to 120 percent slopes",3401
15,"Benchlake family","Yes",2924691,26678235,51.61,NA,0.03,200,"1215","Rock outcrop_metamorphic-Benchlake family-Typic Cryorthents_metamorphic complex_10 to 120 percent slopes",3401
5,"Forgotten","No",2924691,26678236,38.24,9.21,0.11,150,"1215","Rock outcrop_metamorphic-Benchlake family-Typic Cryorthents_metamorphic complex_10 to 120 percent slopes",3401
54,"Rock outcrop","Yes",2924691,26678237,NA,NA,NA,NA,"1215","Rock outcrop_metamorphic-Benchlake family-Typic Cryorthents_metamorphic complex_10 to 120 percent slopes",3401
2,"Water","No",2924692,26678238,NA,NA,NA,NA,"2147","Typic Cryorthents_warm-Rock outcrop_granitic-McGee complex_5 to 60 percent slopes",5858
15,"McGee","Yes",2924692,26678239,58.72,NA,0.18,150,"2147","Typic Cryorthents_warm-Rock outcrop_granitic-McGee complex_5 to 60 percent slopes",5858
9,"Benchlake","No",2924692,26678240,46.02,4.8,0.04,200,"2147","Typic Cryorthents_warm-Rock outcrop_granitic-McGee complex_5 to 60 percent slopes",5858
9,"Rockcreek","No",2924692,26678241,79.98,84.67,0.31,165,"2147","Typic Cryorthents_warm-Rock outcrop_granitic-McGee complex_5 to 60 percent slopes",5858
14,"Ledumhill","No",2924692,26678242,53.1,NA,0.12,150,"2147","Typic Cryorthents_warm-Rock outcrop_granitic-McGee complex_5 to 60 percent slopes",5858
26,"Typic Cryorthents","Yes",2924692,26678243,122.4,NA,0.01,150,"2147","Typic Cryorthents_warm-Rock outcrop_granitic-McGee complex_5 to 60 percent slopes",5858
25,"Rock outcrop","Yes",2924692,26678244,NA,NA,NA,NA,"2147","Typic Cryorthents_warm-Rock outcrop_granitic-McGee complex_5 to 60 percent slopes",5858
15,"Canisrocks","Yes",2924694,26678245,42.08,NA,0.1,150,"2230","Typic Cryorthents_warm metamorphic-Rock outcrop_metamorphic-Canisrocks complex_30 to 100 percent slopes",6854
5,"Benchlake","No",2924694,26678246,11.88,NA,0.07,200,"2230","Typic Cryorthents_warm metamorphic-Rock outcrop_metamorphic-Canisrocks complex_30 to 100 percent slopes",6854
5,"Rockcreek","No",2924694,26678247,79.98,84.67,0.31,165,"2230","Typic Cryorthents_warm metamorphic-Rock outcrop_metamorphic-Canisrocks complex_30 to 100 percent slopes",6854
5,"Langille","No",2924694,26678248,33.12,6.21,0.1,200,"2230","Typic Cryorthents_warm metamorphic-Rock outcrop_metamorphic-Canisrocks complex_30 to 100 percent slopes",6854
50,"Typic Cryorthents","Yes",2924694,26678249,423.3,NA,0,150,"2230","Typic Cryorthents_warm metamorphic-Rock outcrop_metamorphic-Canisrocks complex_30 to 100 percent slopes",6854
20,"Rock outcrop","Yes",2924694,26678250,NA,NA,NA,NA,"2230","Typic Cryorthents_warm metamorphic-Rock outcrop_metamorphic-Canisrocks complex_30 to 100 percent slopes",6854
10,"Canisrocks","No",2924695,26678251,282,1.7,0.01,165,"2133","Siberian_dry-Rockcreek complex_10 to 60 percent slopes",9592
40,"Siberian","Yes",2924695,26678252,92,NA,0.06,175,"2133","Siberian_dry-Rockcreek complex_10 to 60 percent slopes",9592
5,"Rock outcrop","No",2924695,26678253,NA,NA,NA,NA,"2133","Siberian_dry-Rockcreek complex_10 to 60 percent slopes",9592
8,"McGee","No",2924695,26678254,58.72,NA,0.18,150,"2133","Siberian_dry-Rockcreek complex_10 to 60 percent slopes",9592
15,"Rockcreek","Yes",2924695,26678255,79.98,84.67,0.31,165,"2133","Siberian_dry-Rockcreek complex_10 to 60 percent slopes",9592
7,"Isosceles","No",2924695,26678256,52.73,NA,0.07,200,"2133","Siberian_dry-Rockcreek complex_10 to 60 percent slopes",9592
10,"Typic Cryorthents","No",2924695,26678257,122.4,NA,0.01,150,"2133","Siberian_dry-Rockcreek complex_10 to 60 percent slopes",9592
5,"Glacierpoint","No",2924695,26678258,43.36,5.55,0.04,150,"2133","Siberian_dry-Rockcreek complex_10 to 60 percent slopes",9592
20,"Typic Xerorthents","Yes",2924696,26678259,92,NA,0.03,200,"3110","Rock outcrop_granitic-Typic Xerorthents-Dorst complex_10 to 100 percent slopes",4224
10,"Windowpeak","No",2924696,26678260,92,5.3,0.04,200,"3110","Rock outcrop_granitic-Typic Xerorthents-Dorst complex_10 to 100 percent slopes",4224
15,"Dorst","Yes",2924696,26678261,47.86,16.52,0.09,200,"3110","Rock outcrop_granitic-Typic Xerorthents-Dorst complex_10 to 100 percent slopes",4224
5,"Dorst","No",2924696,26678262,73.61,NA,0.03,200,"3110","Rock outcrop_granitic-Typic Xerorthents-Dorst complex_10 to 100 percent slopes",4224
1,"Water","No",2924696,26678263,NA,NA,NA,NA,"3110","Rock outcrop_granitic-Typic Xerorthents-Dorst complex_10 to 100 percent slopes",4224
1,"Wager","No",2924696,26678264,26.84,7.5,0.4,178,"3110","Rock outcrop_granitic-Typic Xerorthents-Dorst complex_10 to 100 percent slopes",4224
3,"Tigerlily","No",2924696,26678265,25.22,6,0.23,150,"3110","Rock outcrop_granitic-Typic Xerorthents-Dorst complex_10 to 100 percent slopes",4224
45,"Rock outcrop","Yes",2924696,26678266,NA,NA,NA,NA,"3110","Rock outcrop_granitic-Typic Xerorthents-Dorst complex_10 to 100 percent slopes",4224
20,"Littlepete","Yes",2924697,26678267,52.32,10.8,0.13,150,"7064","Rockcreek-Evolution_wet-Littlepete complex_1 to 20 percent slopes",1938
30,"Rockcreek","Yes",2924697,26678268,79.98,84.67,0.31,165,"7064","Rockcreek-Evolution_wet-Littlepete complex_1 to 20 percent slopes",1938
10,"Mendel","No",2924697,26678269,75.36,6.67,0.04,150,"7064","Rockcreek-Evolution_wet-Littlepete complex_1 to 20 percent slopes",1938
22,"Evolution","Yes",2924697,26678270,92,8.91,0.05,150,"7064","Rockcreek-Evolution_wet-Littlepete complex_1 to 20 percent slopes",1938
2,"Water","No",2924697,26678271,NA,NA,NA,NA,"7064","Rockcreek-Evolution_wet-Littlepete complex_1 to 20 percent slopes",1938
4,"Forgotten","No",2924697,26678272,80.48,15.92,0.06,150,"7064","Rockcreek-Evolution_wet-Littlepete complex_1 to 20 percent slopes",1938
12,"Terric Cryosaprists","No",2924697,26678273,9,93.5,0.41,155,"7064","Rockcreek-Evolution_wet-Littlepete complex_1 to 20 percent slopes",1938
35,"Sherman","Yes",2924698,26678274,36.96,20.92,0.17,198,"4247","Sherman-Gratwell_cool-Skellog_concave complex_6 to 45 percent slopes",544
13,"Gratwell","No",2924698,26678275,39.52,NA,0.14,150,"4247","Sherman-Gratwell_cool-Skellog_concave complex_6 to 45 percent slopes",544
27,"Gratwell","Yes",2924698,26678276,29.96,21.64,0.18,150,"4247","Sherman-Gratwell_cool-Skellog_concave complex_6 to 45 percent slopes",544
25,"Skellog","Yes",2924698,26678277,30.56,16.61,0.12,150,"4247","Sherman-Gratwell_cool-Skellog_concave complex_6 to 45 percent slopes",544
10,"Sherman","No",2924699,26678278,35.68,19.95,0.15,150,"4248","Skellog_concave-Canyonview family_concave-Gratwell complex_15 to 70 percent slopes",813
8,"Gratwell","No",2924699,26678279,29.28,11.67,0.13,157,"4248","Skellog_concave-Canyonview family_concave-Gratwell complex_15 to 70 percent slopes",813
45,"Skellog","Yes",2924699,26678280,30.56,16.61,0.12,150,"4248","Skellog_concave-Canyonview family_concave-Gratwell complex_15 to 70 percent slopes",813
17,"Gratwell","Yes",2924699,26678281,30.56,11.21,0.13,171,"4248","Skellog_concave-Canyonview family_concave-Gratwell complex_15 to 70 percent slopes",813
20,"Canyonview family","Yes",2924699,26678282,92,NA,0.11,150,"4248","Skellog_concave-Canyonview family_concave-Gratwell complex_15 to 70 percent slopes",813
10,"Gratwell","No",2924700,26678283,30.56,14.42,0.16,150,"4246","Sherman-Skellog complex_5 to 30 percent slopes",295
10,"Typic Xerofluvents","No",2924700,26678284,282,4.28,0.04,150,"4246","Sherman-Skellog complex_5 to 30 percent slopes",295
60,"Sherman","Yes",2924700,26678285,31.84,17.9,0.12,150,"4246","Sherman-Skellog complex_5 to 30 percent slopes",295
20,"Skellog","Yes",2924700,26678286,30.56,12.42,0.12,151,"4246","Sherman-Skellog complex_5 to 30 percent slopes",295
25,"Typic Cryorthents","Yes",2924864,26678287,423.3,NA,0,150,"1237","Rock outcrop_metamorphic-Typic Cryorthents_metamorphic-Benchlake family complex_10 to 100 percent slopes",2106
5,"Forgotten","No",2924864,26678288,38.24,9.21,0.11,150,"1237","Rock outcrop_metamorphic-Typic Cryorthents_metamorphic-Benchlake family complex_10 to 100 percent slopes",2106
10,"Canisrocks","No",2924864,26678289,92,NA,0.02,150,"1237","Rock outcrop_metamorphic-Typic Cryorthents_metamorphic-Benchlake family complex_10 to 100 percent slopes",2106
5,"McDermand","No",2924864,26678290,74.08,2.5,0.04,200,"1237","Rock outcrop_metamorphic-Typic Cryorthents_metamorphic-Benchlake family complex_10 to 100 percent slopes",2106
15,"Benchlake family","Yes",2924864,26678291,51.61,NA,0.03,200,"1237","Rock outcrop_metamorphic-Typic Cryorthents_metamorphic-Benchlake family complex_10 to 100 percent slopes",2106
40,"Rock outcrop","Yes",2924864,26678292,NA,NA,NA,NA,"1237","Rock outcrop_metamorphic-Typic Cryorthents_metamorphic-Benchlake family complex_10 to 100 percent slopes",2106
35,"Lapin","Yes",2924865,26678293,75.36,NA,0.1,160,"2118","Siberian-Lapin_moraine complex_3 to 30 percent slopes",3067
40,"Siberian","Yes",2924865,26678294,194.6,NA,0.07,125,"2118","Siberian-Lapin_moraine complex_3 to 30 percent slopes",3067
10,"Isosceles","No",2924865,26678295,13.46,NA,0.1,200,"2118","Siberian-Lapin_moraine complex_3 to 30 percent slopes",3067
1,"Rock outcrop","No",2924865,26678296,NA,NA,NA,NA,"2118","Siberian-Lapin_moraine complex_3 to 30 percent slopes",3067
10,"McGee","No",2924865,26678297,58.72,NA,0.18,150,"2118","Siberian-Lapin_moraine complex_3 to 30 percent slopes",3067
4,"Ledumhill","No",2924865,26678298,53.1,NA,0.12,150,"2118","Siberian-Lapin_moraine complex_3 to 30 percent slopes",3067
60,"Windowpeak","Yes",2924866,26678299,92,77.9,0.11,155,"3145","Windowpeak-Halstead complex_15 to 60 percent slopes",18493
5,"Rock outcrop","No",2924866,26678300,NA,NA,NA,NA,"3145","Windowpeak-Halstead complex_15 to 60 percent slopes",18493
10,"Beetlerock","No",2924866,26678301,92,77.9,0.11,152,"3145","Windowpeak-Halstead complex_15 to 60 percent slopes",18493
15,"Halstead","Yes",2924866,26678302,92,15.07,0.1,200,"3145","Windowpeak-Halstead complex_15 to 60 percent slopes",18493
5,"Lackey","No",2924866,26678303,92,31.67,0.09,150,"3145","Windowpeak-Halstead complex_15 to 60 percent slopes",18493
5,"Tigerlily","No",2924866,26678304,25.22,6,0.23,150,"3145","Windowpeak-Halstead complex_15 to 60 percent slopes",18493
10,"Rock outcrop","No",2924867,26678305,NA,NA,NA,NA,"3234","Marmot-Mineralking_avalanche-Mineralking complex_30 to 70 percent slopes",6030
30,"Marmot","Yes",2924867,26678306,31.84,15.24,0.07,200,"3234","Marmot-Mineralking_avalanche-Mineralking complex_30 to 70 percent slopes",6030
15,"Mineralking","Yes",2924867,26678307,18.54,14.2,0.15,160,"3234","Marmot-Mineralking_avalanche-Mineralking complex_30 to 70 percent slopes",6030
20,"Mineralking","Yes",2924867,26678308,28,11.37,0.09,150,"3234","Marmot-Mineralking_avalanche-Mineralking complex_30 to 70 percent slopes",6030
5,"Tigerlily","No",2924867,26678309,25.22,6,0.22,150,"3234","Marmot-Mineralking_avalanche-Mineralking complex_30 to 70 percent slopes",6030
10,"Windowpeak","No",2924867,26678310,92,12.78,0.07,150,"3234","Marmot-Mineralking_avalanche-Mineralking complex_30 to 70 percent slopes",6030
10,"Typic Xerorthents","No",2924867,26678311,209.8,NA,0.02,200,"3234","Marmot-Mineralking_avalanche-Mineralking complex_30 to 70 percent slopes",6030
8,"Hockett","No",2924868,26678312,65.12,4.27,0.08,200,"3156","Cahoon-Kanawyer complex_2 to 30 percent slopes",7295
5,"Rock outcrop","No",2924868,26678313,NA,NA,NA,NA,"3156","Cahoon-Kanawyer complex_2 to 30 percent slopes",7295
35,"Kanawyer","Yes",2924868,26678314,137.6,NA,0.05,190,"3156","Cahoon-Kanawyer complex_2 to 30 percent slopes",7295
40,"Cahoon","Yes",2924868,26678315,36.96,77.9,0.15,150,"3156","Cahoon-Kanawyer complex_2 to 30 percent slopes",7295
10,"Lackey","No",2924868,26678316,92,31.67,0.09,150,"3156","Cahoon-Kanawyer complex_2 to 30 percent slopes",7295
2,"Tigerlily","No",2924868,26678317,25.22,6,0.23,150,"3156","Cahoon-Kanawyer complex_2 to 30 percent slopes",7295
50,"Canyonview","Yes",2924870,26678318,92,5.54,0.04,150,"4134","Canyonview_bouldery-Littlebaugh-Rock outcrop_granitic complex_30 to 100 percent slopes",9111
30,"Littlebaugh","Yes",2924870,26678319,66.4,8.39,0.07,200,"4134","Canyonview_bouldery-Littlebaugh-Rock outcrop_granitic complex_30 to 100 percent slopes",9111
20,"Rock outcrop","Yes",2924870,26678320,NA,NA,NA,NA,"4134","Canyonview_bouldery-Littlebaugh-Rock outcrop_granitic complex_30 to 100 percent slopes",9111
20,"Kaweah","Yes",2924871,26678321,12.32,17.6,0.13,150,"5131","Rock outcrop_granitic-Edencreek-Kaweah complex_30 to 90 percent slopes",2545
5,"Grunigen","No",2924871,26678322,19.94,17.62,0.15,200,"5131","Rock outcrop_granitic-Edencreek-Kaweah complex_30 to 90 percent slopes",2545
20,"Edencreek","Yes",2924871,26678323,30.56,17.1,0.13,92,"5131","Rock outcrop_granitic-Edencreek-Kaweah complex_30 to 90 percent slopes",2545
10,"Mororock","No",2924871,26678324,9.84,20.33,0.16,153,"5131","Rock outcrop_granitic-Edencreek-Kaweah complex_30 to 90 percent slopes",2545
5,"Edencreek","No",2924871,26678325,31.84,16.97,0.13,90,"5131","Rock outcrop_granitic-Edencreek-Kaweah complex_30 to 90 percent slopes",2545
40,"Rock outcrop","Yes",2924871,26678326,NA,NA,NA,NA,"5131","Rock outcrop_granitic-Edencreek-Kaweah complex_30 to 90 percent slopes",2545
25,"Potwisha","Yes",2924872,26678327,12.06,7.67,0.1,200,"5235","Kaweah-Colonymill-Potwisha-Rock outcrop_marble complex_30 to 100 percent slopes",1176
25,"Colonymill","Yes",2924872,26678328,12.32,21.59,0.18,160,"5235","Kaweah-Colonymill-Potwisha-Rock outcrop_marble complex_30 to 100 percent slopes",1176
30,"Kaweah","Yes",2924872,26678329,12.32,17.6,0.13,150,"5235","Kaweah-Colonymill-Potwisha-Rock outcrop_marble complex_30 to 100 percent slopes",1176
5,"Edencreek","No",2924872,26678330,31.84,16.97,0.13,90,"5235","Kaweah-Colonymill-Potwisha-Rock outcrop_marble complex_30 to 100 percent slopes",1176
15,"Rock outcrop","Yes",2924872,26678331,NA,NA,NA,NA,"5235","Kaweah-Colonymill-Potwisha-Rock outcrop_marble complex_30 to 100 percent slopes",1176
55,"Fryespoint","Yes",2924873,26678332,20.02,11.38,0.07,200,"6131","Fryespoint-Rock outcrop_granitic complex_30 to 90 percent slopes",493
10,"Yuccacreek","No",2924873,26678333,35.68,17.5,0.16,183,"6131","Fryespoint-Rock outcrop_granitic complex_30 to 90 percent slopes",493
35,"Rock outcrop","Yes",2924873,26678334,NA,NA,NA,NA,"6131","Fryespoint-Rock outcrop_granitic complex_30 to 90 percent slopes",493
50,"Potwisha","Yes",2924874,26678335,26.4,12.99,0.1,200,"6235","Potwisha-Buckeyeflat family_marble-Rock outcrop_marble complex_30 to 100 percent slopes",269
10,"Aquariusmine","No",2924874,26678336,2.96,33.32,0.12,200,"6235","Potwisha-Buckeyeflat family_marble-Rock outcrop_marble complex_30 to 100 percent slopes",269
25,"Buckeyeflat family","Yes",2924874,26678337,13.18,14.64,0.16,200,"6235","Potwisha-Buckeyeflat family_marble-Rock outcrop_marble complex_30 to 100 percent slopes",269
15,"Rock outcrop","Yes",2924874,26678338,NA,NA,NA,NA,"6235","Potwisha-Buckeyeflat family_marble-Rock outcrop_marble complex_30 to 100 percent slopes",269
25,"Buckeyeflat","Yes",2924875,26678339,16.82,NA,0.16,200,"6241","Yuccacreek-Buckeyeflat-Yuccacreek_steep complex_30 to 125 percent slopes",1432
20,"Yuccacreek","Yes",2924875,26678340,9,8.92,0.18,150,"6241","Yuccacreek-Buckeyeflat-Yuccacreek_steep complex_30 to 125 percent slopes",1432
10,"Shepherdsaddle","No",2924875,26678341,6.36,21.18,0.19,150,"6241","Yuccacreek-Buckeyeflat-Yuccacreek_steep complex_30 to 125 percent slopes",1432
45,"Yuccacreek","Yes",2924875,26678342,20.62,21.01,0.2,150,"6241","Yuccacreek-Buckeyeflat-Yuccacreek_steep complex_30 to 125 percent slopes",1432
20,"Pineridge","Yes",2924876,26678343,33.12,5.4,0.11,174,"7070","Wager-Pineridge complex_0 to 8 percent slopes",2048
10,"Hydraquentic Humaquepts","No",2924876,26678344,77.6,NA,0.14,150,"7070","Wager-Pineridge complex_0 to 8 percent slopes",2048
5,"Fluvaquentic Haplosaprists","No",2924876,26678345,20,NA,0.38,165,"7070","Wager-Pineridge complex_0 to 8 percent slopes",2048
64,"Wager","Yes",2924876,26678346,26.84,61.17,0.4,178,"7070","Wager-Pineridge complex_0 to 8 percent slopes",2048
1,"Water","No",2924876,26678347,NA,NA,NA,NA,"7070","Wager-Pineridge complex_0 to 8 percent slopes",2048
49,"Wobonuch","Yes",2924877,26678348,43.14,29.27,0.21,208,"7080","Wobonuch-Wuksachi complex_0 to 12 percent slopes",243
40,"Wuksachi","Yes",2924877,26678349,28.04,NA,0.41,160,"7080","Wobonuch-Wuksachi complex_0 to 12 percent slopes",243
10,"Oxyaquic Xerofluvents","No",2924877,26678350,217.4,2.9,0.04,192,"7080","Wobonuch-Wuksachi complex_0 to 12 percent slopes",243
1,"Water","No",2924877,26678351,NA,NA,NA,NA,"7080","Wobonuch-Wuksachi complex_0 to 12 percent slopes",243
5,"Typic Fluvaquents","No",2924878,26678352,92,0.1,0.04,150,"7090","Oxyaquic Xerofluvents_warm-Typic Xerofluvents complex_3 to 15 percent slopes",343
14,"Rock outcrop","No",2924878,26678353,NA,NA,NA,NA,"7090","Oxyaquic Xerofluvents_warm-Typic Xerofluvents complex_3 to 15 percent slopes",343
13,"Water","No",2924878,26678354,NA,NA,NA,NA,"7090","Oxyaquic Xerofluvents_warm-Typic Xerofluvents complex_3 to 15 percent slopes",343
30,"Typic Xerofluvents","Yes",2924878,26678355,92,3.63,0.04,150,"7090","Oxyaquic Xerofluvents_warm-Typic Xerofluvents complex_3 to 15 percent slopes",343
38,"Oxyaquic Xerofluvents","Yes",2924878,26678356,282,0.1,0.01,150,"7090","Oxyaquic Xerofluvents_warm-Typic Xerofluvents complex_3 to 15 percent slopes",343
10,"Mororock","No",3171631,26678357,9.84,20.33,0.16,153,"5142","Bearhill_warm-Edencreek_warm-Grunigen complex_15 to 45 percent slopes",1000
35,"Bearhill","Yes",3171631,26678358,72.8,11.18,0.11,175,"5142","Bearhill_warm-Edencreek_warm-Grunigen complex_15 to 45 percent slopes",1000
20,"Grunigen","Yes",3171631,26678359,19.94,17.62,0.15,200,"5142","Bearhill_warm-Edencreek_warm-Grunigen complex_15 to 45 percent slopes",1000
7,"Rock outcrop","No",3171631,26678360,NA,NA,NA,NA,"5142","Bearhill_warm-Edencreek_warm-Grunigen complex_15 to 45 percent slopes",1000
28,"Edencreek","Yes",3171631,26678361,31.84,16.97,0.13,90,"5142","Bearhill_warm-Edencreek_warm-Grunigen complex_15 to 45 percent slopes",1000
1,"Water","No",3231030,26678362,NA,NA,NA,NA,"3126","Funston-Pineridge complex_0 to 3 percent slopes_braided",1228
4,"Aeric Endoaquents","No",3231030,26678363,282,1.8,0.01,150,"3126","Funston-Pineridge complex_0 to 3 percent slopes_braided",1228
40,"Pineridge","Yes",3231030,26678364,42.76,14.13,0.17,150,"3126","Funston-Pineridge complex_0 to 3 percent slopes_braided",1228
55,"Funston","Yes",3231030,26678365,259.2,9.82,0.03,150,"3126","Funston-Pineridge complex_0 to 3 percent slopes_braided",1228
5,"Typic Xerorthents","No",3231031,26678366,92,NA,0.03,200,"3127","Doncecil-Lackey complex_3 to 45 percent slopes",1210
35,"Lackey","Yes",3231031,26678367,247.8,9.13,0.05,130,"3127","Doncecil-Lackey complex_3 to 45 percent slopes",1210
50,"Doncecil","Yes",3231031,26678368,171.8,10.76,0.05,150,"3127","Doncecil-Lackey complex_3 to 45 percent slopes",1210
10,"Canyonview","No",3231031,26678369,92,21.14,0.09,150,"3127","Doncecil-Lackey complex_3 to 45 percent slopes",1210
35,"Littlebaugh","Yes",3231033,26678370,30.56,NA,0.1,200,"4230","Littlebaugh-Rock outcrop_metamorphic-Skellog complex_30 to 120 percent slopes",899
25,"Skellog","Yes",3231033,26678371,30.56,11.7,0.09,150,"4230","Littlebaugh-Rock outcrop_metamorphic-Skellog complex_30 to 120 percent slopes",899
5,"Homersnose","No",3231033,26678372,22.04,24.19,0.21,150,"4230","Littlebaugh-Rock outcrop_metamorphic-Skellog complex_30 to 120 percent slopes",899
10,"Canyonview family","No",3231033,26678373,33.12,25.31,0.09,200,"4230","Littlebaugh-Rock outcrop_metamorphic-Skellog complex_30 to 120 percent slopes",899
25,"Rock outcrop","Yes",3231033,26678374,NA,NA,NA,NA,"4230","Littlebaugh-Rock outcrop_metamorphic-Skellog complex_30 to 120 percent slopes",899
15,"McDermand","Yes",3231034,26678375,74.08,2.5,0.04,200,"2219","Rock outcrop_metamorphic-Benchlake family_moist-McDermand complex_15 to 120 percent slopes",1701
9,"Isosceles","No",3231034,26678376,14.1,12.3,0.04,200,"2219","Rock outcrop_metamorphic-Benchlake family_moist-McDermand complex_15 to 120 percent slopes",1701
5,"Canisrocks","No",3231034,26678377,92,6.3,0.09,150,"2219","Rock outcrop_metamorphic-Benchlake family_moist-McDermand complex_15 to 120 percent slopes",1701
1,"Water","No",3231034,26678378,NA,NA,NA,NA,"2219","Rock outcrop_metamorphic-Benchlake family_moist-McDermand complex_15 to 120 percent slopes",1701
5,"Forgotten","No",3231034,26678379,38.24,9.21,0.11,150,"2219","Rock outcrop_metamorphic-Benchlake family_moist-McDermand complex_15 to 120 percent slopes",1701
10,"Typic Cryorthents","No",3231034,26678380,423.3,NA,0,150,"2219","Rock outcrop_metamorphic-Benchlake family_moist-McDermand complex_15 to 120 percent slopes",1701
15,"Benchlake family","Yes",3231034,26678381,86.72,NA,0.08,200,"2219","Rock outcrop_metamorphic-Benchlake family_moist-McDermand complex_15 to 120 percent slopes",1701
40,"Rock outcrop","Yes",3231034,26678382,NA,NA,NA,NA,"2219","Rock outcrop_metamorphic-Benchlake family_moist-McDermand complex_15 to 120 percent slopes",1701
35,"Oxyaquic Xerofluvents","Yes",3233139,26678383,282,2.31,0.01,150,"5020","Oxyaquic Xerofluvents_frequently flooded-Mollic Xerofluvents complex_2 to 15 percent slopes",245
5,"Grunigen","No",3233139,26678384,19.94,17.62,0.15,200,"5020","Oxyaquic Xerofluvents_frequently flooded-Mollic Xerofluvents complex_2 to 15 percent slopes",245
28,"Mollic Xerofluvents","Yes",3233139,26678385,266.8,12.59,0.07,150,"5020","Oxyaquic Xerofluvents_frequently flooded-Mollic Xerofluvents complex_2 to 15 percent slopes",245
6,"Typic Fluvaquents","No",3233139,26678386,92,0.1,0.04,150,"5020","Oxyaquic Xerofluvents_frequently flooded-Mollic Xerofluvents complex_2 to 15 percent slopes",245
14,"Rock outcrop","No",3233139,26678387,NA,NA,NA,NA,"5020","Oxyaquic Xerofluvents_frequently flooded-Mollic Xerofluvents complex_2 to 15 percent slopes",245
12,"Water","No",3233139,26678388,NA,NA,NA,NA,"5020","Oxyaquic Xerofluvents_frequently flooded-Mollic Xerofluvents complex_2 to 15 percent slopes",245
12,"Canyonview","No",3233140,26678389,81.76,11.15,0.09,155,"5134","Littlebaugh_warm-Rock outcrop_granitic-Mororock_cool complex_30 to 120 percent slopes",2593
45,"Littlebaugh","Yes",3233140,26678390,66.4,8.39,0.07,200,"5134","Littlebaugh_warm-Rock outcrop_granitic-Mororock_cool complex_30 to 120 percent slopes",2593
15,"Mororock","Yes",3233140,26678391,9.84,20.33,0.16,153,"5134","Littlebaugh_warm-Rock outcrop_granitic-Mororock_cool complex_30 to 120 percent slopes",2593
5,"Canyonview","No",3233140,26678392,92,5.54,0.04,150,"5134","Littlebaugh_warm-Rock outcrop_granitic-Mororock_cool complex_30 to 120 percent slopes",2593
23,"Rock outcrop","Yes",3233140,26678393,NA,NA,NA,NA,"5134","Littlebaugh_warm-Rock outcrop_granitic-Mororock_cool complex_30 to 120 percent slopes",2593
