PlotID,Latitude,Longitude,Site,UnitID,UniqueID,geometry,TotalDepth,CEC_50cm,ksat_50cm,AWC_50cm
FFS7CONTROL,36.581770773686074,-118.76234382448804,Sequoia,FFS7CONTROL,Sequoia_FFS_FFS7CONTROL,"POLYGON ((-118.76288784879824 36.581315624932095, -118.76290817962115 36.582209529126175, -118.76179979382638 36.58222592098752, -118.76177947576988 36.58133201626233, -118.76288784879824 36.581315624932095))",191.83673469387756,14.350000000000001,72.21642857142858,0.10551020408163267
FFS5BURN,36.585279066869546,-118.75470032640638,Sequoia,FFS5BURN,Sequoia_FFS_FFS5BURN,"POLYGON ((-118.75524390655013 36.58482438159643, -118.755264132695 36.58571744399305, -118.75415673992174 36.585733750691496, -118.75413652652152 36.584840687767056, -118.75524390655013 36.58482438159643))",163.8421052631579,59.5661052631579,89.19389473684211,0.10221052631578946
FFS6BURN,36.58563549061608,-118.75902433744822,Sequoia,FFS6BURN,Sequoia_FFS_FFS6BURN,"POLYGON ((-118.75955386424457 36.58519252257646, -118.7595736169569 36.58606253221012, -118.75849480463417 36.58607845727906, -118.7584750640172 36.585208447143245, -118.75955386424457 36.58519252257646))",190.0,12.728947368421053,67.86684210526315,0.10789473684210524
FFS2BURN,36.59548383806887,-118.74643105875165,Sequoia,FFS2BURN,Sequoia_FFS_FFS2BURN,"POLYGON ((-118.74697366335567 36.59503010354259, -118.74699376116044 36.59592137009581, -118.74588844782879 36.59593757114798, -118.74586836272405 36.59504630407147, -118.74697366335567 36.59503010354259))",167.2520838595715,62.2108540738689,94.13364219281607,0.09701209740657148
LOTHAR,36.562388816873536,-118.74199727274632,TharpsCreek,LOTHAR,Sequoia_Tharp_LOTHAR,"POLYGON ((-118.7425685192587 36.56191098240621, -118.74258960685505 36.562849643735305, -118.74142601923677 36.5628666497371, -118.74140494570399 36.5619279878293, -118.7425685192587 36.56191098240621))",191.83673469387756,14.350000000000001,72.21642857142858,0.10551020408163268
UPTHAR,36.565101837489074,-118.74249357894826,TharpsCreek,UPTHAR,Sequoia_Tharp_UPTHAR,"POLYGON ((-118.74304282648188 36.564642415259236, -118.74306310892332 36.56554490192687, -118.74194432494551 36.5655612582363, -118.74192405550629 36.56465877103355, -118.74304282648188 36.564642415259236))",191.83673469387756,14.35,72.21642857142858,0.10551020408163267
LOLOG,36.55901476889841,-118.73647994318128,TharpsCreek,LOLOG,Sequoia_Tharp_LOLOG,"POLYGON ((-118.73704746439839 36.55854008555897, -118.7370683451458 36.559472610705825, -118.73591241505915 36.55948945065429, -118.73589154818977 36.55855692493811, -118.73704746439839 36.55854008555897))",191.83673469387756,14.350000000000001,72.21642857142858,0.10551020408163266
UPLOG,36.559882779946726,-118.73305615571994,TharpsCreek,UPLOG,Sequoia_Tharp_UPLOG,"POLYGON ((-118.73358661383624 36.55943913329422, -118.73360609169957 36.56031071653171, -118.73252569157137 36.56032642521537, -118.73250622583203 36.559454841481525, -118.73358661383624 36.55943913329422))",191.50659732456145,14.192560546500214,72.25342551814671,0.10485438263485271
,39.06857208473448,-120.16135308339753,WLakeTahoe,MCK 13-3 C,UPFUb_MCK 13-3 C,"POLYGON ((-120.1619923020843 39.06691129460784, -120.1620121654813 39.06691254102498, -120.16203177651622 39.06691529921329, -120.16205094632518 39.066919542610144, -120.16206949029352 39.06692523034962, -120.16208722983365 39.06693230765603, -120.16210399410468 39.06694070637147, -120.16211962165808 39.0669503456122, -120.1621339619922 39.06696113254755, -120.16214687700175 39.06697296329392, -120.16215824230783 39.06698572391526, -120.1621679484559 39.06699929152024, -120.16217590196965 39.06701353544581, -120.16218202625151 39.067028318515504, -120.16218626232026 39.06704349836052, -120.16218856937896 39.06705892879088, -120.16224848046048 39.06873605803064, -120.16224883628891 39.06875159043954, -120.16224723741331 39.06876707524396, -120.16224369923054 39.068782363316686, -120.16223825581407 39.06879730742494, -120.16223095958588 39.06881176364851, -120.16222188081173 39.06882559276573, -120.16186577845002 39.0693484493673, -120.16185500441352 39.06936151815636, -120.1618426390153 39.069373700791196, -120.16182880134066 39.069384879945815, -120.16181362465394 39.069394947958386, -120.16179725511527 39.06940380786796, -120.16177985037268 39.06941137434831, -120.16176157804414 39.069417574529695, -120.16174261410308 39.069422348700655, -120.16019009078933 39.069807943388284, -120.16017061770607 39.069811245304244, -120.1601508232125 39.06981304342664, -120.16013089794174 39.06981332043849, -120.16011103378625 39.069812073672054, -120.16009142205 39.069809315134485, -120.16007225160588 39.06980507139225, -120.16005370707686 39.06979938331517, -120.16003596705774 39.06979230568295, -120.16001920239532 39.069783906657456, -120.16000357454294 39.06977426712639, -120.15998923400564 39.069763479924156, -120.15997631889054 39.06975164893795, -120.15996495357703 39.06973888810708, -120.15995524751878 39.069725320325816, -120.15994729418976 39.06971107625965, -120.15994117018387 39.069696293087105, -120.15993693447763 39.06968111317843, -120.15993462786197 39.06966568272459, -120.15993427254965 39.06965015032943, -120.15993587196118 39.06963466557832, -120.15993941069209 39.06961937759773, -120.15994485466139 39.069604433619105, -120.15995215143948 39.06958997756083, -120.15996123075362 39.06957614864222, -120.16047754516553 39.06880495109728, -120.16180995186046 39.066990572262306, -120.16182072551734 39.06697750345966, -120.16183309047535 39.066965320807405, -120.16184692765295 39.06695414163066, -120.16186210379053 39.066944073590484, -120.16187847273392 39.06693521364714, -120.16189587684167 39.06692764712629, -120.1619141485035 39.06692144689726, -120.16193311175425 39.06691667267132, -120.16195258396846 39.06691337042663, -120.16197237761926 39.066911571965434, -120.1619923020843 39.06691129460784))",167.89838006188634,6.166730737252802,59.900323362035074,0.09814413292075774
,39.05902146803905,-120.16212917717812,WLakeTahoe,MCK 13-3 T,UPFUb_MCK 13-3 T,"POLYGON ((-120.16268333997135 39.0571623813141, -120.16270320066245 39.05716362751435, -120.1627228090535 39.05716638549133, -120.16274197630618 39.05717062868445, -120.16276051783043 39.05717631622974, -120.1627782550622 39.05718339335336, -120.16279501718282 39.05719179189922, -120.1628106427645 39.05720143098516, -120.16282498132453 39.057212217782045, -120.16283789477474 39.05722404840759, -120.16284925875125 39.057236808926895, -120.1628589638123 39.05725037644964, -120.16286691649209 39.057264620313546, -120.162873040201 39.05727940334273, -120.16287727596338 39.057294583168826, -120.16287958298528 39.05731001360196, -120.16287993904758 39.057325546038705, -120.16292114376975 39.06004726459636, -120.16291954535335 39.06006274944308, -120.16291600786423 39.06007803757777, -120.16291056536917 39.0600929817671, -120.16290327028133 39.060107438090085, -120.16289419285553 39.060121267324064, -120.16288342051152 39.0601343362855, -120.16287105699253 39.06014651911273, -120.1628572213657 39.060157698477894, -120.16284204687567 39.06016776671718, -120.16282567966141 39.06017662686742, -120.16213123799855 39.06049304957118, -120.16211383553797 39.06050061619407, -120.16209556558358 39.06050681652244, -120.16207660408593 39.060511590843454, -120.16205713365568 39.060514893177526, -120.16203734180495 39.060516691721176, -120.16201741914128 39.06051696915342, -120.16199755753215 39.060515722802435, -120.16197794825695 39.0605129646714, -120.16195878016487 39.06050872132284, -120.1619402378562 39.06050303362282, -120.16192249990442 39.06049595634739, -120.16190573713641 39.06048755765499, -120.16189011098722 39.060477918430074, -120.1609882277555 39.05991541001857, -120.1609738889667 39.05990462299, -120.16096097537893 39.05989279215597, -120.1609496113568 39.05988003145431, -120.16093990634162 39.05986646377804, -120.16093195379723 39.05985221979165, -120.16092583031006 39.059837436672915, -120.16092159485154 39.059822256791506, -120.1609192882103 39.0598068263382, -120.16091893259932 39.05979129391678, -120.16092053144196 39.0597758091129, -120.16092406933927 39.059760521053526, -120.16092951221825 39.05974557697087, -120.16160193282816 39.05824844744691, -120.16160922796206 39.05823399120415, -120.16190611060411 39.057745727644175, -120.16191518788536 39.057731898478124, -120.16192596000998 39.05771882959459, -120.16193832323607 39.05770664685359, -120.1625241512137 39.05721640936941, -120.16253798628757 39.057205230019484, -120.1625531601577 39.0571951617934, -120.16256952669166 39.05718630165321, -120.16258692827127 39.05717873492648, -120.16260519731065 39.05717253448449, -120.16262415786976 39.05716776004054, -120.16264362734917 39.05716445757494, -120.16266341824834 39.05716265889206, -120.16268333997135 39.0571623813141))",181.55174769557007,5.607125828518253,120.73153727031885,0.08890678682969853
,39.17463084791244,-120.15756924967732,WLakeTahoe,TWC 3 C,UPFUb_TWC 3 C,"POLYGON ((-120.15703846446984 39.17405962277211, -120.15885270803317 39.17413093345416, -120.15887260140299 39.174132181499225, -120.15889224182072 39.17413494126754, -120.15891144013966 39.174139186181286, -120.1589300114705 39.17414487535988, -120.15894777696212 39.174151954013844, -120.15896456552377 39.17416035397224, -120.15898021547298 39.17416999433942, -120.1589945760924 39.17418078227381, -120.15900750908133 39.17419261388222, -120.15901888988782 39.17420537522031, -120.15902860890796 39.17421894338981, -120.15903657254155 39.17423318772227, -120.15904270409352 39.17424797103728, -120.15904694451255 39.174263150963725, -120.15904925295993 39.174278581310766, -120.15904960720282 39.17429411347576, -120.15904800382827 39.17430959787549, -120.1590444582765 39.17432488538656, -120.15903900469185 39.17433982878167, -120.15903169559427 39.174354284147455, -120.15902260137348 39.17436811227049, -120.15834858657 39.17529759346263, -120.15833779453372 39.17531066109587, -120.15832540887466 39.17532284245434, -120.15831154887326 39.17533402022436, -120.1582963480089 39.17534408675745, -120.15827995267452 39.17535294510687, -120.15826252076663 39.17536050996143, -120.15824422016478 39.17536670846707, -120.15822522711467 39.17537148092842, -120.15820572453084 39.17537478138387, -120.1581859002351 39.17537657804803, -120.15816594514742 39.175376853617976, -120.15814605144753 39.17537560543986, -120.15738508100368 39.175302976378795, -120.15736544033774 39.17530021634675, -120.15674576467563 39.17516797073289, -120.15672656623244 39.175163725456976, -120.15670799483739 39.17515803592421, -120.1566902293441 39.17515095692831, -120.1566734408446 39.175142556644296, -120.15665779102191 39.17513291597194, -120.15664343059257 39.17512212775671, -120.15663049785529 39.175110295895514, -120.15661911735923 39.17509753433612, -120.15660939870425 39.17508396597978, -120.15612100401496 39.17427925961559, -120.156113040978 39.17426501510518, -120.1561069100485 39.174250231658405, -120.15610267026968 39.174235051648125, -120.15610036247163 39.174219621266346, -120.15610000887851 39.17420408911613, -120.15610161289432 39.174188604780575, -120.15610515907015 39.1741733173821, -120.15611061325333 39.174158374146565, -120.15611792291598 39.174143918985166, -120.15612701766112 39.17413009110861, -120.1561378099007 39.17411702368654, -120.1561501956991 39.174104842564844, -120.15616405577406 39.17409366505392, -120.15617925664546 39.17408359879878, -120.15619565192091 39.17407474074252, -120.15621308370545 39.174067176192594, -120.15623138412217 39.17406097799935, -120.15625037692897 39.174056205854484, -120.15626987921588 39.17405290571606, -120.15628970316634 39.17405110936607, -120.15630965786617 39.17405083410428, -120.15703846446984 39.17405962277211))",193.42529057677638,22.645774705655274,96.44909362115678,0.14891426306768935
,39.17138098229174,-120.1580331759667,WLakeTahoe,TWC 3 T,UPFUb_TWC 3 T,"POLYGON ((-120.15948438045235 39.170515777682766, -120.15950427282371 39.17051702558337, -120.15952391227412 39.17051978521042, -120.15954310966622 39.170524029987426, -120.15956168011961 39.17052971903514, -120.15957944479153 39.17053679756532, -120.15959623259931 39.17054519740826, -120.15961188186758 39.170554837669364, -120.15962624188562 39.17056562550814, -120.15963917435852 39.17057745703231, -120.15965055473927 39.170590218298265, -120.15966027342807 39.170603786408556, -120.15966823682791 39.1706180306952, -120.15967436824599 39.170632813978315, -120.15967860863228 39.170647993887016, -120.1596809171484 39.17066342423068, -120.15968127156074 39.17067895640668, -120.15967966845484 39.170694440831674, -120.15941502131855 39.17209336602881, -120.15941147598632 39.17210865356323, -120.1594060226784 39.17212359698969, -120.15939871391208 39.172138052394594, -120.15938962007385 39.1721518805641, -120.15937882874162 39.17216494832494, -120.1593664438414 39.17217712982695, -120.1593525846463 39.17218830775513, -120.15933738462792 39.17219837445943, -120.15932099017101 39.1722072329915, -120.1593035591637 39.17221479803835, -120.15928525947683 39.17222099674407, -120.15926626734733 39.172225769411426, -120.15924676568083 39.17222907007674, -120.15922694229026 39.17223086695267, -120.15920698808699 39.17223114273421, -120.15778663599545 39.17215143609748, -120.15776674321293 39.172150187887674, -120.15685586100429 39.17206488742534, -120.15683622125891 39.1720621273366, -120.15681702364378 39.172057882104575, -120.15679845304349 39.17205219261346, -120.15678068830397 39.17204511365652, -120.15676390051004 39.17203671340849, -120.15674825133789 39.172027072768735, -120.15617453870894 39.1716166724912, -120.15616017904071 39.171605884239725, -120.15614724699698 39.171594052345306, -120.15613586712016 39.17158129075601, -120.15612614900424 39.171567722373396, -120.15611818623915 39.17155347786877, -120.15611205550981 39.17153869442484, -120.15610781585742 39.17152351441453, -120.15610550811094 39.17150808402977, -120.15610515449391 39.17149255187369, -120.15610675841067 39.17147706752939, -120.15611030441328 39.17146178011945, -120.15611575835065 39.1714468368698, -120.15612306769728 39.17143238169177, -120.15648158630547 39.17086457136003, -120.15649068051889 39.170850743430016, -120.15650147215415 39.17083767594676, -120.15651385728148 39.17082549475679, -120.15652771662512 39.17081431717113, -120.15654291671194 39.17080425083556, -120.15655931115711 39.17079539269388, -120.15657674207371 39.170787828054436, -120.15659504159316 39.17078162976839, -120.15661403348203 39.170776857528324, -120.1566335348391 39.17077355729327, -120.15944460383024 39.17051785045781, -120.15946442673321 39.17051605352643, -120.15948438045235 39.170515777682766))",193.4933196210773,22.708956680549775,96.62698957200375,0.14882922676231314
,39.15565994480428,-120.1887883815008,WLakeTahoe,WRD 20-16 C,UPFUb_WRD 20-16 C,"POLYGON ((-120.18929766134484 39.15511330997372, -120.18931755022307 39.15511455264137, -120.18933718689061 39.15511730712916, -120.1893563822369 39.155121546910046, -120.18937495140125 39.155127231152896, -120.1893927155534 39.15513430511575, -120.18940950361555 39.1551427006729, -120.18942515390997 39.15515233697102, -120.189439515716 39.15516312120777, -120.18945245072157 39.15517494952556, -120.18946383435527 39.15518770801169, -120.18947355698592 39.15520127379544, -120.18948152497866 39.15521551623127, -120.1894876615963 39.15523029815709, -120.18949190773886 39.155245477215104, -120.18949422251248 39.155260907222875, -120.18949458362333 39.15527643958104, -120.18949298759242 39.15529192470447, -120.18948944978915 39.15530721346285, -120.18948400428332 39.155322158616855, -120.18947670351703 39.155336616236184, -120.18883365535008 39.1563751381694, -120.18882456936375 39.15638896895704, -120.18881378590937 39.15640203976588, -120.18880140883705 39.15641422471638, -120.18878755734438 39.15642540646033, -120.18877236482899 39.15643547731093, -120.18875597760324 39.156444340279904, -120.18873855348568 39.156451910011555, -120.18872026028075 39.156458113604835, -120.18870127416295 39.156462891315414, -120.18868177798004 39.15646619713108, -120.18866195949218 39.15646799921487, -120.18864200956342 39.15646828021164, -120.18862212032381 39.15646703741529, -120.18860248331887 39.15646428279473, -120.18858328766488 39.1564600428787, -120.18856471822754 39.156454358500206, -120.18854695384154 39.15644728440326, -120.18853016558842 39.15643888871576, -120.18851451514865 39.156429252293215, -120.18850015324477 39.15641846794012, -120.18848721818976 39.15640663951622, -120.18847583455504 39.156393880936186, -120.18846611197065 39.15638031507254, -120.18845814406973 39.15636607257237, -120.18845200758655 39.15635129059907, -120.18844776161778 39.15633611151138, -120.18822167537907 39.155330662871066, -120.18821936088399 39.15531523284822, -120.18821900005446 39.15529970049643, -120.18822059636425 39.1552842154007, -120.18822413443871 39.155268926690816, -120.18822958020314 39.15525398160522, -120.18823688121071 39.15523952407298, -120.18824596714789 39.1552256933276, -120.18825675051134 39.15521262256635, -120.18826912745101 39.15520043766731, -120.18828297876988 39.15518925597719, -120.18829817107223 39.155179185181346, -120.18831455804815 39.15517032226654, -120.18833198188257 39.15516275258702, -120.18835027477522 39.15515654904256, -120.18836926055646 39.155151771376325, -120.18838875638386 39.15514846559964, -120.1884085745032 39.15514666354877, -120.18927771179548 39.15511359109358, -120.18929766134484 39.15511330997372))",199.37,19.3818,87.05799999999999,0.19900000000000004
,39.155907261228585,-120.19328868975478,WLakeTahoe,WRD 20-16 T,UPFUb_WRD 20-16 T,"POLYGON ((-120.19303875873875 39.15531165275484, -120.19482947148015 39.15538182917678, -120.194849360588 39.15538307090529, -120.19486899760173 39.15538582447014, -120.19488819340734 39.15539006335316, -120.19490676313984 39.15539574673192, -120.19492452796341 39.15540281987274, -120.19494131679377 39.15541121465782, -120.19495696794584 39.155420850241285, -120.1949713306907 39.15543163382769, -120.19498426670727 39.155443461565696, -120.19499565141433 39.15545621954821, -120.19500537517044 39.15546978490931, -120.19501334432978 39.15548402700757, -120.19501948214405 39.1554988086841, -120.19502372950171 39.15551398758357, -120.19502604549716 39.15552941752506, -120.19502640782483 39.155544949909796, -120.19502481299405 39.155560435152445, -120.19502127636258 39.15557572412152, -120.195015831989 39.155590669575666, -120.19500853230451 39.1556051275817, -120.19451286765207 39.15643101761814, -120.19450378274479 39.15644484888936, -120.19449300030193 39.15645792026231, -120.19448062416392 39.15647010585208, -120.19446677351942 39.156481288304285, -120.19445158175775 39.15649135992529, -120.19443519518411 39.1565002237194, -120.19441777161074 39.15650779432298, -120.19439947883683 39.15651399882659, -120.1943804930328 39.15651877747714, -120.1943609970433 39.15652208425335, -120.19434117862662 39.156523887309014, -120.19432122864617 39.156524169279606, -120.19430133923252 39.156522927449686, -120.19131551379603 39.15624374525942, -120.19129587672022 39.156240991091686, -120.19127668093759 39.156236751616085, -120.19125811131502 39.1562310676614, -120.19124034668913 39.15622399396758, -120.19122355814363 39.156215598658605, -120.19120790736189 39.156205962586355, -120.19119354506967 39.15619517855195, -120.19118060958372 39.156183350412064, -120.19116922547961 39.15617059207862, -120.19115950239193 39.15615702642176, -120.19115153395867 39.156142784086626, -120.19114539691918 39.156128002235, -120.19114115037549 39.15611282322443, -120.19113883522292 39.15609739323725, -120.19113847375644 39.15608186087278, -120.19114006945577 39.15606637571614, -120.1911436069523 39.15605108689766, -120.19114905217674 39.15603614165689, -120.19115635268761 39.15602168392435, -120.19116543817604 39.15600785293548, -120.19117622114312 39.1559947818899, -120.19118859774252 39.15598259666842, -120.19120244878056 39.15597141462091, -120.19121764086422 39.15596134343607, -120.19123402768565 39.15595248010445, -120.1912514514313 39.15594490998435, -120.19294221717642 39.155328026618356, -120.19296050975096 39.15532182233617, -120.19297949531028 39.155317043908184, -120.19299899101422 39.15531373735305, -120.19301880910963 39.15531193451451, -120.19303875873875 39.15531165275484))",198.27,19.659299999999998,84.87119999999999,0.2032
,39.149309897067624,-120.1875476596324,WLakeTahoe,WRD 20-9 C,UPFUb_WRD 20-9 C,"POLYGON ((-120.18810407266396 39.14789537494476, -120.18812395948194 39.14789661774279, -120.18814359409896 39.14789937235997, -120.18816278742413 39.14790361226809, -120.18818135461629 39.1479092966348, -120.18819911686413 39.14791637071692, -120.18821590310817 39.14792476638759, -120.18823155168826 39.147934402792394, -120.18924603423119 39.14860753498992, -120.18926039473648 39.148618319209874, -120.18927332857697 39.14863014751444, -120.18928471119249 39.14864290599104, -120.18929443296167 39.14865647176903, -120.18930240025782 39.14867071420297, -120.18930853635064 39.148685496130724, -120.18931278214512 39.14870067519454, -120.18931509675069 39.148716105211896, -120.18931545787524 39.148731637583346, -120.18931386203961 39.1487471227236, -120.18931032461136 39.14876241150225, -120.18930487965658 39.1487773566797, -120.18929757961214 39.14879181432546, -120.18928849478064 39.14880564520413, -120.18927771265314 39.14881871611633, -120.18790122358548 39.150262949655186, -120.18788884750212 39.15027513455352, -120.18787499713524 39.15028631623793, -120.18785980587143 39.15029638702223, -120.18784342001112 39.15030524991875, -120.18782599735961 39.15031281957255, -120.18780770570733 39.150319023083284, -120.18778872121376 39.15032380070745, -120.18697134207167 39.150511264690316, -120.18695184748661 39.150514570276215, -120.18693203065325 39.150516372126404, -120.18691208241978 39.150516652888044, -120.18689219489994 39.15051540985725, -120.18687255962267 39.150512655005244, -120.18685336568755 39.15050841486294, -120.18683479794382 39.150502730265515, -120.18572827992668 39.15010662958156, -120.18571051741112 39.1500995551136, -120.18569373098515 39.15009115907632, -120.18567808231165 39.15008152232861, -120.18566372209614 39.15007073767812, -120.18565078863536 39.15005890898746, -120.18563940648534 39.15004615017382, -120.18562968526187 39.150032584112026, -120.18562171858498 39.15001834145104, -120.18561558317714 39.15000355935585, -120.18561133812462 39.149988380186315, -120.18560902430842 39.14997295012632, -120.18560866401057 39.14995741777586, -120.18561026069963 39.14994193271991, -120.18561379899741 39.14992664408791, -120.18561924482692 39.14991169911752, -120.18562654574077 39.1498972417367, -120.18563563142635 39.14988341117751, -120.18564641438277 39.14987034063543, -120.18565879076381 39.14985815598639, -120.18794469255165 39.14794943023721, -120.18795854242703 39.1479382485234, -120.18797373314959 39.147928177703584, -120.18799011842466 39.14791931476476, -120.18800754045358 39.14791174506147, -120.18802583145343 39.147905541493635, -120.18804481527276 39.147900763804735, -120.18806430908818 39.14789745800621, -120.18808412516468 39.14789565593461, -120.18810407266396 39.14789537494476))",197.4829690449244,19.7469596530181,84.373034758654,0.20316054060772068
,39.14676059484943,-120.18266120320823,WLakeTahoe,WRD 20-9 T,UPFUb_WRD 20-9 T,"POLYGON ((-120.18113597398832 39.14565486903894, -120.18115585998274 39.14565611300048, -120.1824695454013 39.14578700092358, -120.1824891791581 39.145789756466094, -120.18250837152115 39.14579399727468, -120.18252693765864 39.14579968250833, -120.18254469876935 39.14580675741556, -120.18256148380482 39.14581515386151, -120.18369505322104 39.14640112540807, -120.18371070082178 39.14641076238807, -120.18372506001313 39.14642154724737, -120.18373799250827 39.146433376122395, -120.18442554211117 39.1471797234742, -120.18443692360343 39.147192482387176, -120.18444664423319 39.14720604853175, -120.18445461038476 39.14722029125896, -120.18446074533882 39.147235073403856, -120.18446499001134 39.147250252606575, -120.18446730352261 39.14726568268327, -120.18446766359097 39.14728121503389, -120.18446606674748 39.147296700073454, -120.18446252836934 39.14731198867237, -120.18445708253194 39.14732693359287, -120.18444978168054 39.147341390906924, -120.18444069612544 39.147355221382306, -120.18442991336484 39.14736829182356, -120.18441753724208 39.1473804763547, -120.1844036869458 39.14739165763155, -120.18438849586191 39.1474017279718, -120.18437211028913 39.147410590392106, -120.18435468802997 39.147418159542035, -120.18433639687106 39.14742436252618, -120.18281368198788 39.14789203651295, -120.18279469786816 39.14789681333574, -120.1827752038593 39.14790011824257, -120.18275538770044 39.14790191940522, -120.18273544023324 39.147902199477485, -120.18271555356412 39.1479009557621, -120.18269591921378 39.14789820023687, -120.18267672627289 39.14789395943922, -120.18265815958105 39.14788827421066, -120.18264039794659 39.14788119930341, -120.18262361242445 39.147872802853136, -120.18260796466883 39.1478631657227, -120.18202092747468 39.14749761457411, -120.1820065683474 39.14748682950782, -120.18199363597168 39.14747500044583, -120.18198225489314 39.14746224130896, -120.18197253471726 39.147448674975095, -120.18094747960241 39.14588334150044, -120.18093951430785 39.145869098561725, -120.1809333802041 39.14585431625948, -120.18092913636485 39.145839136955615, -120.18092682365942 39.145823706835266, -120.1809264643592 39.14580817449903, -120.18092806192307 39.14579268953177, -120.18093160096443 39.14577740106201, -120.18093704739917 39.14576245632591, -120.18094434877408 39.14574799924912, -120.18095343477201 39.14573416906082, -120.18096421788914 39.14572109895286, -120.18097659427771 39.14570891479705, -120.18099044474604 39.145697733933, -120.18100563590663 39.145687664037986, -120.1810220214605 39.14567880209019, -120.18103944360632 39.14567123343454, -120.18105773456006 39.14566503096091, -120.18107671817076 39.14566025440219, -120.18109621161692 39.145656949759015, -120.18111602716722 39.14565514885672, -120.18113597398832 39.14565486903894))",198.26999999999998,19.659299999999998,84.87119999999999,0.2032
10,40.63313333295059,-121.74188333614055,LaTour,10,LaTour_10,"POLYGON ((-121.74174993647752 40.633131879365415, -121.74175076585658 40.633121924956086, -121.74175287195924 40.6331120804125, -121.74175623450202 40.633102440542885, -121.74176082110134 40.63309309818436, -121.74176658758523 40.6330841433088, -121.74177347841903 40.63307566215639, -121.74178142724 40.63306773640503, -121.74179035749647 40.63306044238387, -121.74180018318516 40.63305385033808, -121.74181080967945 40.63304802375245, -121.74182213464057 40.63304301873999, -121.7418340490032 40.63303888350157, -121.74184643802592 40.633035657861534, -121.74185918239614 40.63303337288451, -121.74187215937913 40.63303205057598, -121.74188524399997 40.63303170367046, -121.74189831024721 40.63303233550878, -121.74191123228633 40.633033940006094, -121.74192388567151 40.633036501710244, -121.74193614854427 40.63303999595076, -121.74194790280686 40.633044389076325, -121.7419590352596 40.633049638778914, -121.7419694386912 40.633055694501245, -121.74197901291102 40.63306249792357, -121.74198766571412 40.63306998352546, -121.74199531376921 40.63307807921667, -121.74200188342112 40.633086707031495, -121.74200731140029 40.633095783879526, -121.74201154543185 40.6331052223459, -121.7420145447393 40.633114931533186, -121.74201628043721 40.63312481793663, -121.74201673580929 40.63313478634487, -121.74201590646945 40.633144740756684, -121.74201380040417 40.63315458530556, -121.74201043789543 40.6331642251831, -121.74200585132559 40.63317356755188, -121.74200008486532 40.6331825224396, -121.74199319404852 40.63319100360565, -121.74198524523723 40.633198929371574, -121.74197631498276 40.63320622340768, -121.74196648928829 40.63321281546823, -121.74195586278063 40.6332186420678, -121.74194453779918 40.633223647092954, -121.74193262340992 40.63322778234228, -121.74192023435535 40.63323100799098, -121.7419074899493 40.63323329297413, -121.74189451292781 40.633234615286014, -121.74188142826733 40.63323496219201, -121.74186836198085 40.633234330351186, -121.74185543990437 40.6332327258486, -121.74184278648514 40.63323016413651, -121.74183052358296 40.63322666988576, -121.74181876929671 40.633222276748015, -121.74180763682695 40.63321702703178, -121.74179723338568 40.6332109712949, -121.74178765916388 40.63320416785763, -121.74177900636656 40.63319668224098, -121.7417713583248 40.63318858653577, -121.74176478869323 40.63317995870828, -121.74175936074072 40.63317088184939, -121.74175512674101 40.633161443374334, -121.74175212746937 40.63315173418093, -121.74175039180994 40.63314184777411, -121.74174993647752 40.633131879365415))",200.0,25.0,9.0,0.13
22,40.62986666628403,-121.73748333614061,LaTour,22,LaTour_22,"POLYGON ((-121.73734994320436 40.629865207712506, -121.73735077318337 40.629855253338405, -121.73735287981536 40.62984540887771, -121.7373562428118 40.6298357691379, -121.73736082978476 40.62982642695482, -121.7373665965587 40.62981747229864, -121.73737348759612 40.62980899140742, -121.73738143653232 40.6298010659566, -121.73739036681454 40.629793772272365, -121.73740019243924 40.62978718059668, -121.73741081878042 40.6297813544108, -121.73742214350077 40.62977634982385, -121.73743405753731 40.62977221503253, -121.7374464461518 40.62976898985704, -121.73745919003551 40.62976670535743, -121.73747216645842 40.62976538353459, -121.73748525045099 40.629765037118354, -121.73749831600787 40.62976566944489, -121.73751123730112 40.629767274424594, -121.73752388989215 40.62976983660069, -121.73753615193013 40.62977333129814, -121.7375479053253 40.629777724861256, -121.7375590368864 40.62978297497782, -121.73756943941066 40.62978903108648, -121.73757901271624 40.62979583486384, -121.73758766460699 40.62980332078604, -121.73759531176037 40.62981141675974, -121.73760188052997 40.6298200448165, -121.73760730765459 40.62982912186359, -121.7376115408677 40.62983856048423, -121.73761453940071 40.62984826977952, -121.73761627437554 40.62985815624368, -121.73761672908294 40.6298681246647, -121.73761589914318 40.62987807904127, -121.73761379254857 40.62988792350727, -121.73761042958614 40.62989756325502, -121.73760584264262 40.62990690544836, -121.73760007589235 40.62991586011671, -121.73759318487191 40.62992434102156, -121.73758523594537 40.62993226648696, -121.73757630566514 40.62993956018612, -121.73756648003466 40.629946151876545, -121.73755585368015 40.62995197807642, -121.73754452893942 40.629956982676056, -121.73753261487626 40.629961117478224, -121.73752022622996 40.62996434266238, -121.73750748231038 40.62996662716814, -121.737494505849 40.629967948994334, -121.7374814218168 40.629968295411, -121.7374683562207 40.62996766308201, -121.7374554348901 40.62996605809701, -121.73744278226498 40.629963495912975, -121.7374305201976 40.62996000120527, -121.73741876677876 40.629955607629974, -121.73740763520067 40.629950357499794, -121.73739723266674 40.62994430137655, -121.73738765935917 40.629937497584244, -121.73737900747423 40.6299300116473, -121.73737136033417 40.62992191565964, -121.73736479158497 40.629913287590206, -121.73735936448693 40.62990421053223, -121.73735513130568 40.629894771902904, -121.73735213280851 40.62988506260148, -121.73735039787216 40.629875176133964, -121.73734994320436 40.629865207712506))",142.125,32.4375,28.000000000000004,0.07
23,40.63354999961721,-121.73741666947454,LaTour,23,LaTour_23,"POLYGON ((-121.73728326921155 40.6335485408603, -121.73728409926011 40.633538586493735, -121.73728620603154 40.63352874204228, -121.73728956923601 40.63351910231332, -121.73729415648347 40.633509760142616, -121.73729992359584 40.63350080550019, -121.73730681503234 40.63349232462404, -121.73731476442441 40.63348439918937, -121.73732369521488 40.63347710552226, -121.7373335213954 40.63347051386453, -121.73734414833453 40.63346468769721, -121.7373554736892 40.633459683129246, -121.73736738839038 40.63345554835725, -121.7373797776934 40.63345232320111, -121.73739252228289 40.63345003872074, -121.73740549942205 40.63344871691688, -121.73741858413445 40.63344837051913, -121.73743165040774 40.63344900286351, -121.73744457240716 40.63345060786022, -121.73745722568731 40.63345317005234, -121.73746948839066 40.63345666476471, -121.73748124242114 40.633461058341425, -121.7374923745813 40.633466308470155, -121.7375027776626 40.633472364589494, -121.73751235147787 40.63347916837587, -121.73752100382603 40.633486654305365, -121.73752865138015 40.63349475028457, -121.73753522048995 40.633503378344976, -121.73754064789098 40.633512455393856, -121.73754488131401 40.633521894014386, -121.73754787998843 40.63353160330765, -121.73754961503481 40.63354148976792, -121.73755006974322 40.63355145818321, -121.73754923973391 40.63356141255226, -121.73754713299986 40.63357125700902, -121.73754376982943 40.63358089674591, -121.73753918261137 40.633590238926885, -121.73753341552268 40.63359919358146, -121.73752652410315 40.63360767447126, -121.73751857472078 40.63361559992049, -121.73750964393228 40.63362289360254, -121.73749981774597 40.63362948527503, -121.73748919079351 40.63363531145634, -121.73747786541846 40.63364031603695, -121.73746595069063 40.63364445081986, -121.7374535613558 40.633647675984655, -121.73744081673046 40.63364996047115, -121.73742783955284 40.63365128227838, -121.73741475480078 40.63365162867658, -121.73740168848825 40.63365099632971, -121.73738876645146 40.633649391327694, -121.73737611313726 40.63364682912763, -121.73736385040446 40.63364333440504, -121.73735209635035 40.63363894081613, -121.7373409641732 40.63363369067376, -121.73733056108217 40.63362763453987, -121.73732098726497 40.633620830738536, -121.73731233492258 40.6336133447943, -121.73730468738177 40.63360524880111, -121.73729811829237 40.63359662072803, -121.73729269091798 40.633587543668284, -121.73728845752682 40.633578105039064, -121.73728545888822 40.63356839573967, -121.73728372388034 40.63355850927606, -121.73728326921155 40.6335485408603))",144.46170647168105,32.13721050741896,27.23287390130558,0.07242250346956133
47,40.611699999618125,-121.72821666947368,LaTour,47,LaTour_47,"POLYGON ((-121.72808331314802 40.61169853088177, -121.72808414420662 40.611688576560915, -121.72808625155528 40.61167873225086, -121.72808961489854 40.61166909275759, -121.72809420184505 40.611659750914626, -121.7280999682196 40.61165079668883, -121.7281068584885 40.61164231631413, -121.72811480629446 40.61163439146099, -121.72812373509562 40.61162709844984, -121.72813355890273 40.61162050751618, -121.7281441831072 40.61161468213407, -121.72815550539237 40.61160967840492, -121.72816741671873 40.611605544517225, -121.72817980237403 40.61160232028239, -121.72819254307817 40.611600036751454, -121.72820551613167 40.611598715915974, -121.72821859659754 40.611598370496274, -121.72823165850424 40.61159900381894, -121.72824457605907 40.61160060978472, -121.72825722485948 40.61160317292743, -121.72826948309105 40.61160666856265, -121.72828123270074 40.61161106302569, -121.72829236053373 40.611616313995654, -121.72830275942319 40.611622370902985, -121.72831232922222 40.611629175416596, -121.72832097776848 40.6116366620055, -121.72832862177161 40.61164475856997, -121.72833518761557 40.61165338713589, -121.72834061206733 40.611662464605594, -121.7283448428861 40.61167190355826, -121.7283478393263 40.61168161309176, -121.72834957253009 40.61169149969802, -121.72835002580524 40.61170146816372, -121.72834919478579 40.611711422487055, -121.72834708747445 40.61172126680241, -121.7283437241652 40.61173090630361, -121.7283391372481 40.61174024815685, -121.72833337089719 40.611749202394805, -121.72832648064525 40.61175768278314, -121.72831853284892 40.611765607650845, -121.72830960404971 40.61177290067692, -121.72829978023684 40.61177949162532, -121.72828915601902 40.61178531702141, -121.72827783371348 40.61179032076319, -121.72826592236055 40.611794454661776, -121.72825353667339 40.61179767890527, -121.72824079593343 40.61179996244232, -121.72822782284148 40.61180128328113, -121.72821474233604 40.61180162870128, -121.7282016803901 40.611800995376136, -121.72818876279797 40.611799389405036, -121.72817611396357 40.611796826254405, -121.72816385570262 40.61179333060893, -121.72815210606929 40.61178893613372, -121.72814097821932 40.61178368515014, -121.72813057932025 40.61177762822823, -121.72812100951923 40.61177082369969, -121.72811236097878 40.61176333709605, -121.72810471698898 40.61175524051761, -121.7280981511654 40.61174661193903, -121.72809272674023 40.61173753445846, -121.72808849595332 40.61172809549713, -121.72808549954891 40.611718385957516, -121.72808376638355 40.6117084993479, -121.72808331314802 40.61169853088177))",142.125,32.4375,28.0,0.07
64,40.629449999617314,-121.72401666947586,LaTour,64,LaTour_64,"POLYGON ((-121.72388327806482 40.629448525503854, -121.72388411003475 40.62943857125586, -121.72388621862386 40.62942872706976, -121.72388958352471 40.62941908775033, -121.72389417233099 40.62940974612941, -121.72389994084956 40.62940079217175, -121.72390683352607 40.62939231210869, -121.72391478398008 40.62938438760766, -121.72392371564419 40.62937709498573, -121.7239335425016 40.62937050447465, -121.72394416991438 40.62936467954438, -121.7239554955349 40.62935967629204, -121.72396741029152 40.62935554290146, -121.7239797994391 40.62935231917931, -121.72399254366373 40.629350036171665, -121.72400552023213 40.62934871586507, -121.72401860417341 40.629348370974704, -121.72403166948259 40.6293490048221, -121.7240445903342 40.62935061130296, -121.72405724229391 40.62935317494609, -121.72406950351692 40.629356671062304, -121.72408125592136 40.62936106598226, -121.72409238632552 40.62936631738062, -121.72410278753775 40.62937237468378, -121.72411235938883 40.62937917955679, -121.72412100969662 40.629386666465216, -121.72412865515386 40.62939476330627, -121.72413522213043 40.6294033921031, -121.72414064738241 40.629412469755906, -121.72414487866135 40.62942190884206, -121.72414787521723 40.62943161845816, -121.72414960819101 40.62944150509533, -121.72415006089274 40.629451473539945, -121.72414922896205 40.629461427790424, -121.72414712041032 40.629471271981835, -121.72414375554352 40.62948091130919, -121.72413916676665 40.62949025294036, -121.72413339827172 40.62949920691021, -121.72412650561218 40.62950768698693, -121.72411855516782 40.62951561150252, -121.72410962350565 40.629522904139385, -121.72409979664245 40.62952949466522, -121.7240891692163 40.62953531960947, -121.72407784357542 40.629540322874476, -121.72406592879211 40.62954445627593, -121.72405353961274 40.62954768000674, -121.72404079535224 40.6295499630205, -121.72402781874537 40.62955128333044, -121.72401473476447 40.629551628221236, -121.72400166941605 40.629550994371364, -121.72398874852706 40.62954938788517, -121.72397609653333 40.62954682423409, -121.72396383528091 40.62954332810764, -121.72395208285283 40.6295389331755, -121.7239409524317 40.629533681763505, -121.72393055120982 40.629527624445764, -121.72392097935679 40.62952081955782, -121.7239123290548 40.62951333263464, -121.72390468361093 40.62950523577964, -121.72389811665474 40.62949660697013, -121.72389269142937 40.62948752930645, -121.72388846018228 40.629478090211634, -121.72388546366228 40.629468380589415, -121.72388373072694 40.629458493948896, -121.72388327806482 40.629448525503854))",160.0,16.17,19.61,0.18000000000000002
66,40.61544999961796,-121.72363333614125,LaTour,66,LaTour_66,"POLYGON ((-121.7234999725976 40.615448525478115, -121.72350080439669 40.615438571207534, -121.7235029125482 40.61542872699931, -121.72350627674892 40.615419087658445, -121.7235108645993 40.615409746016965, -121.72351663191543 40.61540079203984, -121.72352352315453 40.61539231195859, -121.72353147194994 40.61538438744082, -121.7235404017503 40.61537709480378, -121.72355022655674 40.61537050427931, -121.72356085175106 40.61536467933758, -121.72357217500704 40.61535967607575, -121.72358408727581 40.615355542677776, -121.72359647383607 40.61535231895041, -121.72360921539901 40.615350035939734, -121.72362218925686 40.61534871563236, -121.72363527046487 40.61534837074348, -121.7236483330444 40.61534900459458, -121.72366125119622 40.61535061108133, -121.72367390051203 40.6153531747325, -121.72368615917249 40.61535667085884, -121.72369790912046 40.61536106579084, -121.7237090371978 40.61536631720314, -121.72371943623533 40.61537237452194, -121.72372900608468 40.61537917941215, -121.72373765458312 40.615386666339184, -121.72374529844072 40.61539476320002, -121.7237518640428 40.61540339201774, -121.7237572881587 40.61541246969222, -121.72376151855086 40.61542190880066, -121.72376451447784 40.61543161843945, -121.72376624708667 40.615441505099525, -121.72376669969086 40.615451473566985, -121.72376586793096 40.61546142784006, -121.72376375981679 40.615471272053604, -121.72376039565007 40.6154809114024, -121.72375580782908 40.615490253054155, -121.72375004053659 40.61549920704343, -121.72374314931444 40.61550768713832, -121.72373520052868 40.61551561167065, -121.72372627073025 40.61552290432264, -121.72371644591801 40.61552949486183, -121.72370582071036 40.615535319817525, -121.72369449743401 40.615540323092034, -121.72368258513865 40.61554445650086, -121.72367019854653 40.615547680236894, -121.72365745694776 40.615549963253684, -121.72364448305147 40.61555128356439, -121.72363140180387 40.61555162845371, -121.72361833918514 40.615550994600135, -121.72360542099597 40.61554938810805, -121.72359277164611 40.615546824448955, -121.72358051295629 40.61554332831237, -121.72356876298474 40.61553893336817, -121.72355763489043 40.615533681942246, -121.72354723584328 40.61552762460891, -121.72353766599191 40.61552081970374, -121.7235290174993 40.61551333276199, -121.72352137365505 40.61550523588716, -121.72351480807333 40.61549660705682, -121.72350938398404 40.61548752937145, -121.72350515362369 40.61547809025434, -121.72350215773258 40.615468380609435, -121.72350042516219 40.615458493946015, -121.7234999725976 40.615448525478115))",142.125,32.4375,28.0,0.07
87,40.63286666628387,-121.71458333614414,LaTour,87,LaTour_87,"POLYGON ((-121.71444993842609 40.632865181172406, -121.71445077185113 40.63285522702005, -121.71445288194205 40.63284538303456, -121.71445624837705 40.632835744018806, -121.71446083873491 40.63282640280171, -121.7144666088076 40.63281744934412, -121.71447350302583 40.63280896987253, -121.7144814549943 40.63280104604874, -121.71449038813095 40.63279375418327, -121.71450021640493 40.632787164500556, -121.71451084516458 40.63278134046262, -121.71452217204931 40.632776338157974, -121.7145340879754 40.63277220576132, -121.71454647818622 40.632768983069745, -121.71455922335787 40.632766701119415, -121.71457220074781 40.63276538188668, -121.71458528537723 40.63276503807639, -121.71459835123461 40.63276567299969, -121.71461127248914 40.63276728054188, -121.71462392470264 40.63276984522155, -121.71463618602785 40.632773342339576, -121.71464793838192 40.63277773821692, -121.71465906858361 40.63278299051906, -121.71466946944324 40.63278904866367, -121.71467904079495 40.63279585430769, -121.7146876904615 40.632803341909295, -121.71469533514168 40.63281143935894, -121.71470190121292 40.632820068674015, -121.71470732544006 40.632829146749664, -121.71471155558442 40.6328385861592, -121.71471455090698 40.63284829599611, -121.71471628256059 40.632858182749416, -121.71471673386796 40.63286815120433, -121.71471590048216 40.63287810535918, -121.71471379042858 40.63288794935001, -121.71471042402764 40.6328975883737, -121.71470583369917 40.63290692960106, -121.71470006365013 40.63291588307085, -121.71469316944885 40.632924362556075, -121.71468521749003 40.63293228639442, -121.71467628435528 40.632939578274865, -121.7146664560755 40.63294616797231, -121.71465582730247 40.63295199202422, -121.71464450039733 40.632956994341534, -121.71463258444466 40.63296112674906, -121.7146201942019 40.632964349449296, -121.71460744899444 40.63296663140574, -121.71459447156602 40.63296795064181, -121.71458138689692 40.63296829445252, -121.71456832100029 40.63296765952675, -121.71455539970837 40.63296605197923, -121.71454274746087 40.632963487291605, -121.71453048610627 40.63295999016331, -121.71451873372855 40.63295559427377, -121.71450760350989 40.63295034195799, -121.71449720264066 40.63294428379882, -121.71448763128697 40.63293747813985, -121.7144789816263 40.63292999052352, -121.71447133695948 40.632921893059894, -121.71446477090859 40.632913263732135, -121.71445934670813 40.63290418564563, -121.71445511659562 40.632894746227414, -121.71445212130894 40.63288503638439, -121.71445038969382 40.63287514962774, -121.71444993842609 40.632865181172406))",142.125,32.4375,28.0,0.07
88,40.629399999617306,-121.71463333614372,LaTour,88,LaTour_88,"POLYGON ((-121.7144999453217 40.62939851466747, -121.71450077868275 40.62938856050813, -121.7145028886439 40.62937871651418, -121.7145062548845 40.62936907748858, -121.71451084498537 40.6293597362603, -121.71451661474087 40.62935078279031, -121.71452350858478 40.629342303305265, -121.71453146012531 40.62933437946705, -121.71454039278474 40.62932708758633, -121.71455022053657 40.629320497887704, -121.71456084873428 40.629314673833356, -121.71457217502274 40.62930967151189, -121.71458409032383 40.629305539098254, -121.71459647988718 40.629302316389676, -121.71460922439482 40.62930003442246, -121.71462220111084 40.62929871517313, -121.71463528506285 40.62929837134671, -121.71464835024585 40.62929900625446, -121.71466127083549 40.62930061378187, -121.71467392240004 40.629303178447685, -121.71468618309846 40.62930667555286, -121.71469793485393 40.629311071418535, -121.71470906449102 40.629316323710285, -121.71471946482544 40.62932238184582, -121.71472903569644 40.629329187482256, -121.71473768493132 40.6293366750778, -121.71474532923315 40.62934477252299, -121.7147518949829 40.629353401835225, -121.71475731894856 40.629362479909716, -121.71476154889395 40.62937191931976, -121.71476454408196 40.62938162915883, -121.71476627566676 40.62939151591593, -121.7147667269717 40.62940148437625, -121.71476589364988 40.62941143853809, -121.7147637837261 40.62942128253736, -121.71476041751949 40.62943092157092, -121.71475582744803 40.62944026280946, -121.71475005771615 40.62944921629163, -121.71474316388921 40.62945769579031, -121.71473521235829 40.62946561964309, -121.71472627970083 40.62947291153876, -121.71471645194316 40.62947950125213, -121.7147058237321 40.629485325320466, -121.71469449742322 40.62949032765457, -121.7146825820955 40.62949446007907, -121.71467019250031 40.62949768279632, -121.71465744795675 40.62949996476966, -121.71464447120228 40.62950128402232, -121.71463138721066 40.629501627849166, -121.71461832198841 40.62950099293893, -121.7146054013614 40.629499385406184, -121.71459274976287 40.629496820732435, -121.71458048903504 40.62949332361698, -121.71456873725592 40.629488927739125, -121.71455760760189 40.62948367543376, -121.71454720725782 40.62947761728363, -121.71453763638489 40.62947081163223, -121.71452898715583 40.62946332402197, -121.71452134286736 40.6294552265628, -121.714514777138 40.62944659723791, -121.71450935319899 40.62943751915255, -121.71450512328546 40.62942807973384, -121.7145021281333 40.62941836988866, -121.714500396587 40.62940848312823, -121.7144999453217 40.62939851466747))",142.125,32.4375,28.0,0.07
99,40.61484999961792,-121.70893333614319,LaTour,99,LaTour_99,"POLYGON ((-121.70879997456097 40.614848508522314, -121.7088008085298 40.614838554389735, -121.70880291881126 40.61482871048149, -121.70880628508164 40.614819071599676, -121.70881087492145 40.61480973057191, -121.70881664412758 40.61480077735723, -121.70882353713911 40.61479229817983, -121.70883148757231 40.614784374698615, -121.70884041885999 40.614777083220815, -121.70885024498904 40.614770493967164, -121.70886087132841 40.61476467039556, -121.70887219554093 40.61475966858996, -121.70888410856854 40.61475553672032, -121.7088964956826 40.61475231457863, -121.70890923758895 40.614750033195776, -121.70892221157652 40.61474871454263, -121.70893529269932 40.61474837131847, -121.70894835497954 40.61474900682874, -121.70896127262081 40.614750614953174, -121.70897392121982 40.614753180204715, -121.70898617896401 40.61475667787872, -121.70899792780514 40.61476107429082, -121.70900905459568 40.61476632710132, -121.70901945217888 40.614772385722986, -121.70902902042042 40.6147791918082, -121.70903766717299 40.61478667981089, -121.70904530916347 40.61479477761764, -121.70905187279521 40.61480340724239, -121.70905729485648 40.614812485577296, -121.70906152312953 40.614821925193205, -121.70906451689332 40.614831635181574, -121.70906624731569 40.614841522029984, -121.70906669773125 40.61485149052273, -121.70906586380165 40.614861444657805, -121.70906375355752 40.61487128857138, -121.70906038732112 40.61488092746114, -121.70905579751069 40.61489026849916, -121.70905002832815 40.614899221726034, -121.70904313533356 40.614907700917065, -121.70903518490998 40.61491562441285, -121.70902625362423 40.61492291590557, -121.70901642748939 40.61492950517397, -121.70900580113663 40.61493532875953, -121.7089944769037 40.614940330577774, -121.70898256384947 40.614944462458276, -121.70897017670356 40.614947684608616, -121.70895743476137 40.61494996599759, -121.70894446073537 40.614951284654076, -121.70893137957297 40.61495162787865, -121.70891831725355 40.61495099236589, -121.70890539957493 40.614949384236134, -121.70889275094197 40.61494681897665, -121.70888049316837 40.61494332129238, -121.70886874430367 40.61493892486809, -121.70885761749616 40.61493367204395, -121.70884721990333 40.614927613407716, -121.70883765165988 40.614920807307534, -121.70882900491313 40.61491331929013, -121.70882136293598 40.61490522146943, -121.70881479932464 40.61489659183202, -121.70880937729002 40.61488751348625, -121.70880514904883 40.6148780738617, -121.70880215532087 40.614868363867224, -121.70880042493694 40.61485847701549, -121.70879997456097 40.614848508522314))",142.125,32.4375,28.0,0.07
101,40.62229999961757,-121.70961666947703,LaTour,101,LaTour_101,"POLYGON ((-121.70948329304316 40.622298509086974, -121.70948412703238 40.622288554961884, -121.70948623747707 40.6222787110556, -121.70948960405194 40.62226907217022, -121.70949419433455 40.622259731133376, -121.70949996411758 40.62225077790425, -121.7095068578345 40.622242298707086, -121.70951480909478 40.62223437520106, -121.70952374132337 40.62222708369359, -121.70953356849792 40.622220494405724, -121.70954419597747 40.62221467079567, -121.7095555214138 40.62220966894777, -121.70956743573707 40.622205537032364, -121.70957982420617 40.62220231484193, -121.70959256751388 40.622200033407765, -121.70960554293565 40.62219871470125, -121.70961862551162 40.622198371422215, -121.70963168925009 40.62219900687662, -121.70964460834058 40.6222006149447, -121.7096572583658 40.62220318013997, -121.70966951749953 40.62220667775833, -121.70968126768005 40.62221107411593, -121.70969239574704 40.62221632687362, -121.70970279453142 40.62222238544468, -121.70971236388728 40.62222919148194, -121.70972101165653 40.62223667943983, -121.70972865455636 40.622244777205346, -121.7097352189813 40.62225340679283, -121.709740641712 40.622262485094794, -121.70974487052429 40.62227192468239, -121.70974786469183 40.622281634647386, -121.70974959537872 40.62229152147755, -121.70975004591692 40.62230148995737, -121.70974921196697 40.62231144408495, -121.7097471015596 40.62232128799658, -121.70974373501872 40.6223309268899, -121.70973914476549 40.62234026793699, -121.70973337500607 40.62234922117833, -121.7097264813061 40.62235770038911, -121.70971853005544 40.62236562390972, -121.70970959782882 40.62237291543211, -121.70969977064841 40.622379504734724, -121.70968914315547 40.62238532835875, -121.70967781769876 40.62239033021932, -121.70966590334886 40.62239446214557, -121.7096535148479 40.62239768434466, -121.70964077150434 40.62239996578494, -121.70962779604412 40.622401284494785, -121.70961471342851 40.62240162777424, -121.70960164965082 40.622400992317345, -121.70958873052301 40.62239938424394, -121.70957608046378 40.6223968190407, -121.70956382130065 40.62239332141209, -121.70955207109651 40.622388925042316, -121.70954094301258 40.62238367227098, -121.7095305442186 40.62237761368532, -121.70952097486082 40.62237080763313, -121.70951232709737 40.62236331966053, -121.70950468421091 40.62235522188103, -121.70949811980637 40.622346592280905, -121.7094926971023 40.62233751396807, -121.7094884683219 40.62232807437181, -121.70948547419017 40.622318364400726, -121.70948374354175 40.62230847756722, -121.70948329304316 40.622298509086974))",142.125,32.4375,28.0,0.07
102,40.62569999961745,-121.70963333614401,LaTour,102,LaTour_102,"POLYGON ((-121.7094999529458 40.62569850900386, -121.7095007869881 40.625688554884995, -121.7095028975505 40.625678710985646, -121.70950626430661 40.625669072107904, -121.70951085483219 40.6256597310793, -121.7095166249176 40.62565077785889, -121.70952351899341 40.625642298670925, -121.70953147066565 40.625634375174414, -121.70954040335519 40.62562708367675, -121.70955023103544 40.625620494398824, -121.70956085906036 40.62561467079876, -121.70957218507665 40.62560966896083, -121.70958410000877 40.6256055370553, -121.70959648910981 40.625602314874484, -121.7096092330664 40.62560003344962, -121.7096222091478 40.62559871475204, -121.70963529238783 40.625598371481416, -121.70964835678828 40.62559900694365, -121.7096612765324 40.62560061501893, -121.70967392719656 40.625603180220715, -121.70968618694839 40.62560667784477, -121.70969793772022 40.62561107420724, -121.70970906634605 40.625616326968924, -121.70971946565135 40.62562238554306, -121.70972903548525 40.62562919158246, -121.7097376836851 40.625636679541465, -121.7097453269639 40.62564477730718, -121.70975189171249 40.62565340689384, -121.70975731470845 40.62566248519402, -121.70976154372502 40.6256719247789, -121.70976453803395 40.62568163474022, -121.70976626879794 40.625691521565805, -121.7097667193482 40.62570149004022, -121.70976588534515 40.6257114441616, -121.70976377482008 40.62572128806625, -121.70976040809802 40.625730926951945, -121.70975581760179 40.625740267990814, -121.70975004754 40.6257492212234, -121.70974315348114 40.62575770042501, -121.70973520181852 40.6257656239361, -121.7097262691309 40.62577291544871, -121.7097164414449 40.625779504741374, -121.70970581340652 40.62578532835539, -121.70969448736987 40.62579033020598, -121.7096825724111 40.6257944621224, -121.70967018327819 40.62579768431186, -121.70965743928575 40.62579996574282, -121.70964446316583 40.62580128444373, -121.70963137988622 40.625801627714786, -121.70961831544655 40.62580099225004, -121.70960539566508 40.625799384169454, -121.70959274496693 40.62579681895973, -121.70958048518571 40.62579332132541, -121.70956873439023 40.625788924950754, -121.70955760574746 40.625783672175416, -121.70954720643253 40.62577761358671, -121.70953763659668 40.62577080753237, -121.70952898840268 40.62576331955861, -121.70952134513726 40.62575522177896, -121.7095147804091 40.62574659217962, -121.70950935743974 40.62573751386857, -121.70950512845504 40.62572807427506, -121.70950213418196 40.62571836430763, -121.70950040345646 40.625708477478696, -121.7094999529458 40.62569850900386))",229.0,22.5,9.0,0.16
119,40.62594999961744,-121.70500000281137,LaTour,119,LaTour_119,"POLYGON ((-121.7048666193597 40.62594850364517, -121.7048674540933 40.625938549570755, -121.7048695653428 40.625928705767066, -121.70487293277516 40.6259190670352, -121.70487752395965 40.62590972620133, -121.70488329468029 40.62590077322266, -121.70489018936148 40.625892294321055, -121.70489814160351 40.6258843711528, -121.70490707482169 40.62587708002213, -121.7049169029843 40.62587049114637, -121.70492753144084 40.62586466797983, -121.70493885783364 40.62585966660258, -121.70495077308362 40.6258555351804, -121.70496316244082 40.62585231350099, -121.70497590658944 40.625850032590805, -121.70498888279684 40.62584871441612, -121.7050019660956 40.62584837167166, -121.70501503048699 40.62584900765823, -121.70502795015435 40.62585061625094, -121.70504060067472 40.625853181958284, -121.70505286021718 40.62585668007119, -121.70506461071612 40.625861076901046, -121.70507573900807 40.6258663301042, -121.70508613792175 40.625872389089594, -121.70509570731012 40.62587919550611, -121.70510435501475 40.625886683804445, -121.70511199775338 40.6258947818684, -121.70511856192213 40.625903411709395, -121.70512398430417 40.62591249021755, -121.70512821267856 40.62592192996201, -121.70513120632334 40.62593164003298, -121.70513293640754 40.62594152691729, -121.70513338626893 40.62595149539884, -121.70513255157456 40.62596144947576, -121.70513044036244 40.62597129328479, -121.70512707296409 40.6259809320246, -121.70512248180896 40.625990272868734, -121.70511671111197 40.6259992258596, -121.70510981644772 40.62600770477483, -121.70510186421531 40.62601562795765, -121.70509293099906 40.62602291910329, -121.7050831028306 40.62602950799376, -121.70507247436069 40.626035331174286, -121.70506114794749 40.626040332564195, -121.70504923267083 40.62604446399723, -121.70503684328179 40.62604768568528, -121.70502409909732 40.6260499666016, -121.70501112285145 40.626051284779585, -121.70499803951306 40.626051627524475, -121.70498497508244 40.6260509915354, -121.70497205537777 40.62604938293735, -121.70495940482337 40.62604681722207, -121.70494714525148 40.62604331909889, -121.70493539472898 40.62603892225684, -121.7049242664201 40.62603366904005, -121.70491386749677 40.62602761004009, -121.70490429810648 40.62602080360864, -121.70489565040769 40.62601331529555, -121.70488800768241 40.626005217217646, -121.70488144353408 40.62599658736398, -121.7048760211787 40.625987508844965, -121.70487179283616 40.625978069091865, -121.70486879922723 40.625968359014784, -121.70486706918152 40.62595847212717, -121.7048666193597 40.62594850364517))",200.0,25.0,9.0,0.13
120,40.62211666628426,-121.705050002811,LaTour,120,LaTour_120,"POLYGON ((-121.70491662698217 40.62211517048541, -121.70491746164562 40.62210521640332, -121.70491957275225 40.62209537259037, -121.70492293997033 40.62208573384774, -121.70492753087132 40.62207639300172, -121.70493330124181 40.622067440009594, -121.70494019550975 40.62205896109337, -121.70494814727921 40.6220510379095, -121.70495707997023 40.62204374676232, -121.7049669075561 40.62203715786938, -121.70497753539182 40.62203133468509, -121.70498886112576 40.62202633328971, -121.70500077568522 40.622022201849234, -121.70501316432683 40.62201898015151, -121.70502590774164 40.622016699223146, -121.70503888320414 40.62201538103064, -121.70505196575412 40.62201503826885, -121.70506502939998 40.622015674238746, -121.70507794833226 40.622017282815634, -121.70509059813516 40.62201984850813, -121.70510285698457 40.6220233466073, -121.70511460682154 40.62202774342472, -121.70512573448907 40.62203299661678, -121.70513613282186 40.622039055592566, -121.70514570167843 40.62204586200106, -121.70515434890547 40.62205335029306, -121.70516199122538 40.622061448352355, -121.70516855503828 40.622070078190475, -121.7051739771307 40.622079156697524, -121.70517820528462 40.62208859644267, -121.70518119878012 40.62209830651616, -121.70518292878764 40.622108193404706, -121.7051833786458 40.622118161892274, -121.70518254402155 40.62212811597684, -121.70518043295228 40.622137959795126, -121.70517706576817 40.62214759854571, -121.70517247489659 40.622156939402004, -121.70516670454968 40.62216589240633, -121.70515981029872 40.62217437133617, -121.70515185853885 40.62218229453463, -121.70514292584976 40.62218958569674, -121.70513309825807 40.62219617460443, -121.70512247040897 40.62220199780268, -121.70511114465462 40.62220699921072, -121.7050992300685 40.622211130662045, -121.70508684139504 40.62221435236841, -121.70507409794439 40.6222166333029, -121.7050611224434 40.622217951498726, -121.70504803985382 40.622218294260946, -121.70503497616873 40.62221765828855, -121.70502205719912 40.622216049706324, -121.70500940736224 40.62221348400588, -121.70499714848343 40.62220998589643, -121.70498539862284 40.62220558906684, -121.70497427093838 40.622200335861145, -121.70496387259598 40.62219427687077, -121.70495430373748 40.62218747044733, -121.70494565651627 40.622179982140636, -121.70493801420974 40.62217188406734, -121.70493145041725 40.62216325421657, -121.70492602835144 40.62215417569865, -121.70492180022937 40.62214473594487, -121.70491880676977 40.622135025865255, -121.70491707680071 40.62212513897338, -121.70491662698217 40.62211517048541))",142.125,32.4375,28.0,0.07
122,40.61496666628456,-121.7043833361437,LaTour,122,LaTour_122,"POLYGON ((-121.70424997456928 40.614965169931715, -121.70425080921459 40.61495521584256, -121.70425292016596 40.61494537202793, -121.7042562870932 40.614935733289066, -121.70426087757055 40.614926392452176, -121.70426664738866 40.61491743947447, -121.70427354098076 40.61490896057785, -121.70428149195759 40.61490103741852, -121.70429042374668 40.61489374630063, -121.70430025033002 40.61488715744142, -121.70431087707232 40.614881334295006, -121.70432220163238 40.61487633294123, -121.70433411494894 40.61487220154574, -121.70434650229049 40.614868979895924, -121.70435924436069 40.61486669901793, -121.70437221844688 40.61486538087775, -121.70438529960217 40.614865038169796, -121.70439836184839 40.61486567419446, -121.70441127938956 40.614867282826566, -121.70442392782321 40.61486984857418, -121.70443618533855 40.61487334672784, -121.70444793388934 40.61487774359856, -121.70445906033103 40.614882996842276, -121.70446945751014 40.61488905586755, -121.70447902529624 40.61489586232288, -121.70448767154643 40.6149033506586, -121.70449531299244 40.61491144875812, -121.70450187604277 40.61492007863257, -121.7045072974914 40.614929157171666, -121.70451152512643 40.61493859694432, -121.70451451823297 40.61494830704047, -121.70451624798524 40.61495819394666, -121.70451669772419 40.614968162446615, -121.70451586311809 40.61497811653828, -121.70451375220402 40.614987960358235, -121.70451038531077 40.614997599105045, -121.70450579486281 40.61500693995222, -121.70450002506828 40.6150158929421, -121.70449313149311 40.61502437185237, -121.70448518052591 40.61503229502625, -121.70447624873877 40.61503958615908, -121.7044664221496 40.61504617503302, -121.70445579539393 40.6150519981934, -121.70444447081341 40.615056999559805, -121.70443255747026 40.615061130966204, -121.70442017009687 40.61506435262465, -121.70440742799084 40.61506663350874, -121.70439445386616 40.615067951652236, -121.70438137267128 40.61506829436062, -121.70436831038586 40.61506765833344, -121.70435539280734 40.615066049696004, -121.7043427443397 40.61506348394046, -121.70433048679502 40.61505998577653, -121.70431873822062 40.61505558889362, -121.704307611762 40.61505033563627, -121.7042972145733 40.61504427659643, -121.70428764678523 40.61503747012616, -121.70427900054091 40.61502998177571, -121.70427135910829 40.61502188366223, -121.70426479607833 40.61501325377513, -121.70425937465635 40.61500417522516, -121.70425514705315 40.61499473544387, -121.70425215398244 40.61498502534161, -121.70425042426864 40.614975138432115, -121.70424997456928 40.614965169931715))",142.125,32.4375,28.0,0.07
123,40.61138333295136,-121.70438333614337,LaTour,123,LaTour_123,"POLYGON ((-121.70424998169321 40.61138183670675, -121.7042508162799 40.61137188261087, -121.70425292710459 40.611362038788556, -121.70425629383834 40.61135240004108, -121.70426088405719 40.61134305919478, -121.70426665355443 40.61133410620691, -121.70427354676622 40.611325627299514, -121.704281497307 40.61131770412887, -121.70429042860853 40.61131041299925, -121.70430025465748 40.61130382412802, -121.70431088082371 40.61129800096935, -121.70432220477161 40.611292999603315, -121.70433411744575 40.61128886819554, -121.70434650412083 40.611285646533645, -121.70435924550691 40.61128336564384, -121.70437221889802 40.61128204749227, -121.70438529935377 40.61128170477339, -121.7043983609029 40.611282340787774, -121.70441127775608 40.611283949410286, -121.70442392551749 40.6112865151491, -121.70443618238272 40.61129001329485, -121.70444793031196 40.61129441015864, -121.70445905616647 40.611299663396416, -121.70446945279852 40.611305722416866, -121.70447902008296 40.6113125288685, -121.70448766588166 40.61132001720168, -121.70449530693072 40.611328115299884, -121.7045018696425 40.61133674517418, -121.70450729081425 40.61134582371436, -121.70451151823667 40.611355263489266, -121.70451451119692 40.61136497358886, -121.70451624087069 40.61137486049963, -121.70451669059968 40.61138482900527, -121.70451585605217 40.611394783103634, -121.70451374526479 40.61140462693128, -121.70451037856499 40.61141426568669, -121.70450578837553 40.611423606543276, -121.70450001890188 40.611432559543324, -121.70449312570702 40.61144103846436, -121.70448517517585 40.611448961649565, -121.70447624387626 40.61145625279412, -121.7044664178215 40.61146284168008, -121.70445579164186 40.6114686648527, -121.70444446767354 40.61147366623141, -121.70443255497283 40.61147779765003, -121.70442016826591 40.611481019320564, -121.70440742684399 40.61148330021648, -121.70439445341441 40.61148461837137, -121.70438137291904 40.61148496109068, -121.70436831133071 40.61148432507378, -121.70435539444026 40.61148271644596, -121.70434274664485 40.61148015069921, -121.70433048975026 40.61147665254317, -121.70431874179748 40.61147225566721, -121.70430761592598 40.611467002415786, -121.70429721928434 40.611460943380756, -121.70428765199794 40.611454136914205, -121.70427900620513 40.6114466485663, -121.70427136516939 40.611438550454146, -121.704264802478 40.61142992056718, -121.70425938133289 40.61142084201615, -121.70425515394233 40.61141140223259, -121.7042521610179 40.61140169212691, -121.7042504313826 40.61139180521282, -121.70424998169321 40.61138183670675))",142.125,32.4375,28.0,0.07
124,40.61208333295131,-121.70070000281055,LaTour,124,LaTour_124,"POLYGON ((-121.7005666471634 40.612081832432786, -121.70056748230758 40.612071878373236, -121.70056959369592 40.61206203462807, -121.7005729609941 40.6120523959978, -121.70057755177261 40.61204305530763, -121.70058332181941 40.61203410251335, -121.70059021556541 40.612025623835095, -121.70059816661983 40.61201770092697, -121.70060709840953 40.61201041009068, -121.7006169249165 40.61200382154082, -121.70062755150617 40.611997998728434, -121.70063887583882 40.611992997730226, -121.70065078885528 40.61198886670836, -121.70066317582706 40.61198564544668, -121.70067591746131 40.61198336496754, -121.70068889104965 40.61198204723316, -121.70070197164988 40.611981704933974, -121.70071503328923 40.6119823413665, -121.70072795017754 40.61198395040159, -121.70074059791867 40.61198651654342, -121.70075285470841 40.61199001507876, -121.70076460250762 40.61199441231495, -121.70077572817895 40.611999665904385, -121.70078612457628 40.612005725252324, -121.70079569157681 40.61201253200414, -121.70080433704507 40.612020020607304, -121.70081197772046 40.61202811894268, -121.70081854001884 40.612036749019076, -121.7008239607414 40.61204582772434, -121.70082818768331 40.61205526762572, -121.70083118013628 40.612064977811926, -121.70083290928086 40.61207486476862, -121.70083335846388 40.6120848332791, -121.70083252335887 40.61209478734116, -121.70083041200785 40.612104631091654, -121.70082704474369 40.61211426972989, -121.70082245399449 40.61212361043032, -121.70081668397133 40.61213256323679, -121.70080979024222 40.612141041928666, -121.70080183919742 40.61214896485136, -121.70079290740962 40.61215625570258, -121.70078308089683 40.61216284426717, -121.7007724542938 40.61216866709351, -121.70076112994072 40.61217366810436, -121.70074921689765 40.61217779913708, -121.70073682989398 40.61218102040741, -121.70072408822391 40.61218330089264, -121.70071111459711 40.612184618630344, -121.70069803395731 40.612184960929945, -121.70068497227874 40.612184324494926, -121.70067205535312 40.61218271545452, -121.70065940757803 40.61218014930473, -121.70064715075893 40.612176650759125, -121.7006354029361 40.612172253510764, -121.70062427724787 40.61216699990767, -121.70061388084092 40.612160940545174, -121.7006043138385 40.61215413377843, -121.70059566837605 40.61214664516053, -121.70058802771405 40.6121385468112, -121.70058146543606 40.61212991672213, -121.7005760447401 40.61212083800602, -121.70057181783008 40.61211139809602, -121.70056882541294 40.6121016879037, -121.7005670963068 40.61209180094367, -121.7005666471634 40.612081832432786))",142.125,32.4375,28.0,0.07
125,40.61578333295118,-121.70078333614434,LaTour,125,LaTour_125,"POLYGON ((-121.70064997313615 40.6157818324168, -121.70065080832862 40.61577187836341, -121.70065291983565 40.61576203462447, -121.70065628732175 40.61575239600048, -121.70066087835572 40.615743055316564, -121.70066664872293 40.615734102528414, -121.7006735428513 40.6157256238562, -121.70068149434634 40.61571770095386, -121.70069042663067 40.61571041012314, -121.70070025368146 40.6157038215785, -121.70071088085894 40.615697998770976, -121.70072220581778 40.615692997777245, -121.70073411949274 40.61568886675937, -121.70074650714898 40.61568564550119, -121.70075924948708 40.61568336502505, -121.7007722237918 40.61568204729309, -121.70078530511417 40.61568170499575, -121.70079836747435 40.61568234142952, -121.70081128507532 40.61568395046523, -121.70082393351403 40.61568651660712, -121.7008361909796 40.615690015141865, -121.70084793942634 40.615694412376854, -121.70085906571065 40.61569966596449, -121.70086946268057 40.61570572531007, -121.70087903020769 40.61571253205894, -121.70088767615161 40.61572002065864, -121.70089531724699 40.61572811899007, -121.70090187990573 40.61573674906206, -121.70090730092559 40.61574582776249, -121.70091152809877 40.61575526765865, -121.70091452071483 40.61576497783933, -121.70091624995271 40.61577486479027, -121.70091669915838 40.61578483329474, -121.70091586400515 40.61579478735066, -121.70091375253543 40.61580463109492, -121.70091038508332 40.615814269726876, -121.70090579407874 40.61582361042105, -121.70090002373509 40.61583256322137, -121.70089312962367 40.615841041907245, -121.70088517813824 40.61584896482415, -121.70087624585582 40.61585625566981, -121.70086641879921 40.61586284422919, -121.70085579160833 40.61586866705065, -121.70084446662909 40.61587366805706, -121.7008325529275 40.615877799085766, -121.70082016523938 40.6158810203526, -121.70080742286548 40.615883300834845, -121.70079444852227 40.61588461857012, -121.70078136716036 40.61588496086788, -121.7007683047609 40.61588432443159, -121.70075538712263 40.615882715390555, -121.70074273864992 40.61588014924074, -121.70073048115499 40.61587665069572, -121.70071873268466 40.615872253448536, -121.70070760638342 40.61586699984724, -121.7006972094039 40.61586094048711, -121.70068764187482 40.615854133723325, -121.7006789959368 40.615846645108874, -121.70067135485479 40.615838546763484, -121.70066479221641 40.615829916678855, -121.70065937122322 40.615820837967576, -121.70065514408188 40.61581139806275, -121.70065215150167 40.61580168787596, -121.70065042230226 40.615791800921706, -121.70064997313615 40.6157818324168))",142.125,32.4375,28.0,0.07
126,40.618316666284386,-121.70010000281124,LaTour,126,LaTour_126,"POLYGON ((-121.6999666348017 40.61831516488425, -121.69996747013695 40.61830521084211, -121.69996958183359 40.618295367122656, -121.69997294955428 40.61828572852617, -121.6999775408655 40.61827638787756, -121.69998331155008 40.61826743513217, -121.69999020603274 40.61825895650968, -121.69999815791564 40.61825103366368, -121.70000709061766 40.61824374289528, -121.70001691811197 40.61823715441832, -121.70002754575452 40.61823133168329, -121.70003887119549 40.61822633076606, -121.70005078536497 40.61822219982804, -121.70006317352336 40.61821897865225, -121.70007591636643 40.61821669826025, -121.70008889117415 40.618215380613364, -121.70010197299254 40.61821503840123, -121.70011503583713 40.618215674919504, -121.70012795390619 40.618217284038245, -121.70014060279212 40.6182198502608, -121.70015286067975 40.61822334887316, -121.70016460951939 40.61822774618194, -121.70017573616354 40.6182329998388, -121.70018613345687 40.61823905924838, -121.70019570126784 40.618245866055446, -121.70020434745327 40.61825335470695, -121.70021198874555 40.6182614530833, -121.70021855155468 40.61827008319289, -121.70022397267694 40.61827916192322, -121.70022819990353 40.61828860184134, -121.70023119252355 40.61829831203579, -121.70023292171582 40.61830819899217, -121.70023337082684 40.61831816749375, -121.70023253553079 40.61832812153839, -121.70023042387149 40.61833796526318, -121.7002270561848 40.6183476038676, -121.7002224649029 40.6183569445265, -121.70021669424196 40.61836589728407, -121.70020979977622 40.61837437592019, -121.70020184790292 40.618382298780766, -121.7001929152028 40.618389589564124, -121.70018308770265 40.61839617805578, -121.70017246004676 40.61840200080479, -121.70016113458539 40.61840700173468, -121.70014922038928 40.61841113268355, -121.700136832199 40.618414353868, -121.70012408932007 40.618416634266104, -121.70011111447391 40.618417951916285, -121.70009803261593 40.618418294128844, -121.70008496973207 40.618417657608056, -121.70007205162574 40.61841604848401, -121.70005940270579 40.618413482253494, -121.7000471447888 40.61840998363086, -121.70003539592557 40.61840558630991, -121.70002426926446 40.618400332639396, -121.70001387196154 40.618394273215245, -121.70000430414864 40.61838746639322, -121.69999565796905 40.61837997772699, -121.69998801669017 40.618371879336685, -121.69998145390144 40.61836324921447, -121.69997603280584 40.61835417047325, -121.69997180561109 40.61834473054649, -121.69996881302694 40.61833502034594, -121.69996708387309 40.61832513338624, -121.6999666348017 40.61831516488425))",142.125,32.4375,28.0,0.07
130,40.633066666283746,-121.70076666947924,LaTour,130,LaTour_130,"POLYGON ((-121.70063327209057 40.63306516520687, -121.7006341075687 40.63305521118605, -121.70063621968977 40.63304536748457, -121.7006395881124 40.63303572890262, -121.70064418039624 40.63302638826486, -121.70064995231472 40.633017435526625, -121.70065684828084 40.63300895690748, -121.70066480188233 40.63300103406097, -121.70067373652155 40.632993743288225, -121.70068356615307 40.632987154803175, -121.70069419611217 40.63298133205629, -121.70070552402676 40.63297633112362, -121.70071744080315 40.63297220016671, -121.7007298316766 40.632968978968755, -121.70074257731672 40.63296669855154, -121.70075555497651 40.63296538087665, -121.70076863967465 40.63296503863394, -121.70078170539878 40.63296567511942, -121.70079462631954 40.6329672842034, -121.70080727800185 40.632969850389614, -121.7008195386036 40.63297334896437, -121.70083129004892 40.632977746234666, -121.70084241916531 40.632982999852544, -121.70085281877354 40.632989059223, -121.70086238871984 40.63299586599116, -121.70087103684044 40.6330033546044, -121.70087867984908 40.633011452943435, -121.70088524413924 40.63302008301707, -121.70089066649297 40.63302916171313, -121.70089489468955 40.63303860159898, -121.70089788800875 40.6330483117635, -121.70089961762275 40.63305819869257, -121.70090006687384 40.63306816716972, -121.70089923143497 40.633078121193044, -121.70089711935128 40.63308796489984, -121.7008937509627 40.63309760348976, -121.70088915870822 40.633106944137765, -121.70088338681333 40.633115896888214, -121.70087649086418 40.63312437552102, -121.70086853727231 40.6331322983821, -121.70085960263496 40.633139589169794, -121.70084977299764 40.633146177669595, -121.70083914302514 40.633152000430435, -121.70082781509014 40.63315700137577, -121.70081589828709 40.63316113234354, -121.70080350738176 40.63316435355014, -121.70079076170576 40.63316663397345, -121.70077778400744 40.63316795165168, -121.70076469926971 40.633168293894805, -121.7007516335063 40.63316765740681, -121.70073871254822 40.633166048317506, -121.70072606083191 40.63316348212335, -121.70071380020075 40.6331599835383, -121.70070204873181 40.63315558625582, -121.70069091959847 40.63315033262428, -121.7006805199806 40.63314427323926, -121.70067095003236 40.633137466456134, -121.70066230191765 40.63312997782817, -121.70065465892239 40.63312187947517, -121.70064809465262 40.63311324938888, -121.7006426723256 40.633104170681946, -121.70063844416089 40.63309473078744, -121.70063545087754 40.63308502061682, -121.70063372130204 40.63307513368443, -121.70063327209057 40.63306516520687))",160.0,16.17,19.61,0.18
150,40.618499999617704,-121.69560000281187,LaTour,150,LaTour_150,"POLYGON ((-121.69546663467635 40.618498493015636, -121.69546747068186 40.6184885390167, -121.69546958304352 40.61847869539011, -121.69547295141759 40.61846905693528, -121.69547754336428 40.61845971647575, -121.69548331466018 40.61845076396504, -121.6954902097243 40.6184422856206, -121.69549816215307 40.618434363093286, -121.69550709536018 40.61842707268114, -121.6955169233139 40.618420484594644, -121.69552755136576 40.618414662280465, -121.695538877162 40.618409661810425, -121.6955507916293 40.61840553134166, -121.69556318002522 40.61840231065261, -121.6955759230432 40.618400030760206, -121.6955888979615 40.61839871362097, -121.69560197982516 40.6183983719196, -121.69561504264918 40.61839900894686, -121.69562796063207 40.6184006185679, -121.69564060936708 40.61840318528124, -121.6956528670405 40.61840668436812, -121.69566461560464 40.6184110821306, -121.69567574191474 40.618416336215994, -121.69568613881859 40.61842239602479, -121.69569570618849 40.61842920319791, -121.69570435188542 40.618436692178776, -121.69571199264657 40.61844479084464, -121.69571855488695 40.61845342120108, -121.69572397540838 40.618462500133276, -121.69572820200788 40.61847194020626, -121.69573119398054 40.61848165050715, -121.69573292251147 40.61849153752046, -121.69573337095342 40.61850150602894, -121.69573253498712 40.61851146003041, -121.69573042266276 40.61852130366232, -121.69572705432272 40.6185309421251, -121.6957224624054 40.6185402825949, -121.69571669113306 40.6185492351178, -121.69570979608588 40.61855771347591, -121.6957018436667 40.618565636017784, -121.69569291046152 40.61857292644487, -121.69568308250194 40.618579514546084, -121.6956724544367 40.61858533687424, -121.69566112862003 40.61859033735693, -121.69564921412609 40.61859446783656, -121.69563682569832 40.61859768853424, -121.69562408264451 40.61859996843273, -121.69561110768771 40.6186012855753, -121.69559802578446 40.61860162727706, -121.6955849629212 40.618600990247295, -121.695572044901 40.61859938062094, -121.69555939613198 40.618596813899636, -121.6955471384292 40.61859331480249, -121.6955353898415 40.618588917027814, -121.69552426351444 40.61858366292877, -121.695513866601 40.618577603105415, -121.6955042992292 40.61857079591735, -121.6954956535381 40.61856330692175, -121.69548801279036 40.618555208241936, -121.69548145057036 40.61854657787283, -121.6954760300756 40.61853749892979, -121.69547180350793 40.61852805884816, -121.69546881157115 40.61851834854119, -121.69546708307868 40.618508461524534, -121.69546663467635 40.618498493015636))",101.66666666666666,14.944444444444445,28.0,0.10999999999999999
156,40.62254999961752,-121.69085000281287,LaTour,156,LaTour_156,"POLYGON ((-121.69071662687513 40.622548487406846, -121.69071746365157 40.6225385334608, -121.69071957685183 40.62252868994062, -121.69072294612413 40.622519051644666, -121.69072753902005 40.62250971139496, -121.69073331130703 40.62250075914301, -121.69074020739451 40.62249228110375, -121.69074816086912 40.62248435892513, -121.69075709513442 40.62247706890182, -121.69076692414852 40.62247048124056, -121.69077755325273 40.622464659383894, -121.69078888008315 40.622459659399276, -121.69080079555651 40.62245552943913, -121.69081318492067 40.62245230927705, -121.69082592885977 40.622450029924856, -121.69083890464317 40.62244871333385, -121.69085198730762 40.62244837218349, -121.69086505086038 40.622449009759215, -121.6908779694929 40.62245061992088, -121.69089061879228 40.6224531871618, -121.69090287693925 40.6224566867582, -121.69091462588165 40.62246108500716, -121.690925752471 40.62246633955134, -121.6909361495525 40.62247239978677, -121.69094571699665 40.622479207350295, -121.69095436266379 40.6224866966816, -121.69096200329132 40.622494795654504, -121.69096856529563 40.622503426271685, -121.69097398548074 40.62251250541578, -121.6909782116469 40.6225219456498, -121.69098120309337 40.62253165605926, -121.69098293101041 40.622541543127696, -121.69098337875661 40.62255151163732, -121.69098254201943 40.62256146558589, -121.69098042885649 40.62257130911142, -121.69097705961818 40.622580947415294, -121.69097246675166 40.6225902876753, -121.69096669448822 40.62259923993943, -121.69095979841768 40.62260771799234, -121.69095184495268 40.622615640185565, -121.69094291068929 40.62262293022381, -121.69093308166933 40.62262951789979, -121.69092245255173 40.622635339770426, -121.69091112570086 40.62264033976769, -121.69089921020085 40.62264446973868, -121.6908868208048 40.6226476899094, -121.69087407682984 40.622649969267705, -121.69086110100797 40.62265128586202, -121.69084801830392 40.622651627012786, -121.69083495471196 40.62265098943454, -121.6908220360421 40.62264937926755, -121.69080938670874 40.62264681201864, -121.69079712853241 40.62264331241198, -121.69078537956642 40.62263891415083, -121.69077425296013 40.62263365959303, -121.69076385586902 40.62262759934301, -121.69075428842297 40.62262079176454, -121.69074564276168 40.62261330241852, -121.69073800214757 40.62260520343163, -121.69073144016366 40.622596572801804, -121.69072602000521 40.62258749364687, -121.69072179387094 40.62257805340421, -121.69071880246034 40.622568342988636, -121.69071707458177 40.622558455916874, -121.69071662687513 40.622548487406846))",101.66666666666667,14.944444444444445,28.0,0.10999999999999997
159,40.632816666283745,-121.6911000028138,LaTour,159,LaTour_159,"POLYGON ((-121.69096660643618 40.632815154048664, -121.6909674433443 40.6328052001195, -121.69096955687182 40.63279535661625, -121.69097292666386 40.632785718337175, -121.6909775202669 40.63277637810407, -121.69098329344165 40.63276742586832, -121.69099019058889 40.63275894784469, -121.69099814528518 40.63275102568097, -121.69100708092225 40.6327437356717, -121.69101691144495 40.63273714802349, -121.69102754218012 40.63273132617875, -121.69103887074819 40.63272632620481, -121.69105078804908 40.63272219625399, -121.69106317931308 40.63271897609984, -121.69107592520602 40.63271669675405, -121.69108890297849 40.632715380167866, -121.691101987648 40.63271503902073, -121.69111505320258 40.63271567659804, -121.69112797381436 40.632717286759586, -121.69114062505137 40.632719853998765, -121.69115288507577 40.63272335359174, -121.69116463581716 40.632727751835695, -121.69117576410991 40.63273300637328, -121.69118616278269 40.632739066600635, -121.69119573169075 40.63274587415466, -121.69120437868027 40.63275336347513, -121.69121202047593 40.63276146243598, -121.69121858348291 40.63277009304, -121.6912240044955 40.63277917216994, -121.69122823130607 40.63278861238896, -121.69123122320765 40.63279832278273, -121.69123295138604 40.63280820983495, -121.69123339919743 40.632818178327895, -121.69123256232852 40.63282813225959, -121.69123044883837 40.632837975768176, -121.69122707908035 40.632847614055194, -121.69122248550667 40.632856954298596, -121.69121671235554 40.63286590654653, -121.6912098152252 40.632874384583815, -121.69120186053854 40.63288230676213, -121.69119292490342 40.63288959678634, -121.69118309437482 40.632896184449294, -121.69117246362624 40.632902006308, -121.69116113503775 40.63290700629459, -121.69114921771016 40.63291113625626, -121.69113682641427 40.632914356419064, -121.69112408048544 40.63291663577096, -121.6911111026745 40.63291795236045, -121.69109801796537 40.632918293508006, -121.69108495237155 40.6329176559282, -121.6910720317224 40.6329160457613, -121.69105938045136 40.63291347851414, -121.69104712039764 40.63290997891088, -121.6910353696326 40.63290558065474, -121.69102424132292 40.632900326103496, -121.69101384264053 40.63289426586158, -121.69100427373058 40.632887458292586, -121.69099562674693 40.63287996895739, -121.69098798496468 40.63287186998257, -121.69098142197814 40.632863239365896, -121.69097600099221 40.632854160225094, -121.69097177421351 40.63284471999742, -121.69096878234782 40.63283500959756, -121.69096705420792 40.632825122542044, -121.69096660643618 40.632815154048664))",142.125,30.0,28.0,0.10487500000000002
181,40.625749999617355,-121.6864333361471,LaTour,181,LaTour_181,"POLYGON ((-121.68629995407967 40.62574848220823, -121.68630079156374 40.62573852831034, -121.68630290552392 40.625728684887946, -121.68630627560098 40.62571904673846, -121.6863108693388 40.62570970668244, -121.68631664249675 40.62570075466957, -121.68632353947584 40.62569227691247, -121.68633149385415 40.62568435505634, -121.68634042902649 40.62567706539282, -121.68635025894224 40.62567047812513, -121.68636088893409 40.625664656692, -121.68637221662951 40.62565965715688, -121.68638413293695 40.62565552766782, -121.68639652309622 40.625652307993896, -121.68640926778379 40.6256500291422, -121.68642224426185 40.62564871305922, -121.6864353275604 40.62564837241954, -121.68644839168067 40.62564901050367, -121.6864613108086 40.62565062116655, -121.68647396052651 40.625653188896706, -121.68648621901113 40.62565668896561, -121.68649796820701 40.62566108766583, -121.68650909496327 40.62566634263565, -121.68651949212348 40.62567240326704, -121.68652905955739 40.62567921119301, -121.68653770512542 40.62568670084973, -121.68654534556593 40.62569480010792, -121.68655190729713 40.6257034309675, -121.68655732712568 40.62571251030874, -121.68656155285521 40.62572195069281, -121.68656454378925 40.62573166120376, -121.68656627112294 40.625741548324115, -121.68656671822055 40.625751516835614, -121.68656588077569 40.62576147073601, -121.68656376685286 40.625771314163735, -121.68656039680982 40.62578095232121, -121.68655580310133 40.625790292387514, -121.68655002996694 40.62579924441256, -121.68654313300478 40.62580772218333, -121.6865351786361 40.62581564405401, -121.68652624346565 40.62582293373249, -121.68651641354404 40.62582952101493, -121.68650578353879 40.625835342462, -121.68649445582291 40.62584034200977, -121.68648253948884 40.62584447150968, -121.68647014929765 40.62584769119226, -121.68645740457421 40.62584997005007, -121.68644442805764 40.62585128613633, -121.68643134471954 40.62585162677642, -121.68641828056003 40.62585098868978, -121.68640536139475 40.625849378021556, -121.68639271164285 40.62584681028341, -121.68638045312889 40.62584331020424, -121.6863687039094 40.625838911491826, -121.6863575771362 40.625833656508355, -121.68634717996642 40.6258275958624, -121.68633761253062 40.625820787921484, -121.68632896696845 40.62581329825003, -121.6863213265413 40.62580519897787, -121.68631476483057 40.62579656810565, -121.68630934502868 40.62578748875354, -121.68630511933104 40.625778048360864, -121.68630212843286 40.6257683378438, -121.68630040113766 40.625758450720134, -121.68629995407967 40.62574848220823))",101.66666666666667,14.944444444444445,28.0,0.10999999999999999
190,40.639799999616734,-121.68231666948222,LaTour,190,LaTour_190,"POLYGON ((-121.68218325967447 40.63979847702189, -121.68218409800077 40.63978852318977, -121.68218621306218 40.63977867988241, -121.682189584489 40.63976904189618, -121.68219417981196 40.63975970205006, -121.68219995477527 40.63975075029166, -121.68220685376247 40.63974227283121, -121.6822148103323 40.63973435131103, -121.6822237478585 40.63972706201951, -121.68223358026786 40.6397204751563, -121.68224421286888 40.63971465415628, -121.68225554326408 40.63970965507864, -121.6822674623358 40.639705526067075, -121.68227985529728 40.639702306886036, -121.68229260279796 40.63970002853791, -121.68230558207294 40.63969871296431, -121.6823186681253 40.63969837283491, -121.6823317349298 40.63969901142532, -121.68234465664645 40.639700622585615, -121.68235730883266 40.639703190799494, -121.68236956964145 40.63970669133379, -121.68238132099488 40.63971109047659, -121.68239244972143 40.63971634586193, -121.68240284864554 40.63972240687774, -121.68241241762011 40.63972921515335, -121.68242106449063 40.63973670512156, -121.68242870598296 40.63974480465011, -121.68243526850517 40.639753435736296, -121.68244068885626 40.63976251525823, -121.68244491483493 40.6397719557753, -121.6824479057422 40.63978166637028, -121.68244963277354 40.63979155352496, -121.68245007929607 40.63980152202064, -121.682449241009 40.639811475855275, -121.68244712598495 40.639821319167986, -121.6824437545922 40.63983095716219, -121.68243915929855 40.639840297018615, -121.68243338435887 40.63984924878919, -121.68242648538862 40.63985772626332, -121.68241852882839 40.639865647798075, -121.68240959130404 40.63987293710454, -121.68239975888883 40.6398795239825, -121.68238912627437 40.6398853449965, -121.68237779585874 40.63989034408678, -121.68236587676033 40.63989447310921, -121.68235348376695 40.63989769229888, -121.68234073623037 40.639899970653104, -121.68232775691685 40.639901286230014, -121.68231467082487 40.63990162635981, -121.68230160398113 40.639900987766886, -121.6822886822271 40.639899376601264, -121.68227603000686 40.6398968083794, -121.68226376916873 40.639893307834804, -121.68225201779165 40.63988890867981, -121.6822408890482 40.63988365328082, -121.68223049011448 40.63987759225042, -121.68222092113804 40.63987078395986, -121.68221227427341 40.639863293976894, -121.68220463279448 40.639855194434375, -121.68219807029273 40.639846563335546, -121.68219264996831 40.639837483802765, -121.68218842402159 40.63982804327706, -121.68218543315018 40.63981833267595, -121.68218370615737 40.639808445517986, -121.68218325967447 40.63979847702189))",104.44444444444444,29.999999999999996,37.55555555555556,0.06955555555555556
,38.907979422894535,-120.64060817460219,Blodgett,180,Blodgett_FFS_180,"POLYGON ((-120.64161256609282 38.90571350186214, -120.64162529482067 38.905714248664495, -120.64163786857428 38.90571596671595, -120.64165016626204 38.90571863947079, -120.64166206945093 38.905722241189025, -120.64167346350709 38.90572673718429, -120.64168423869984 38.9057320841579, -120.64169429125836 38.905738230615725, -120.64170352437117 38.905745117364226, -120.64171184911834 38.905752678080475, -120.64171918532784 38.905760839950844, -120.64172546234785 38.9057695243722, -120.6417306197269 38.90577864770899, -120.64173460779628 38.90578812209866, -120.64173738814823 38.90579785629778, -120.64173893400594 38.90580775656072, -120.6417392304815 38.90581772754258, -120.6416629382066 38.91005592786628, -120.64166198234653 38.91006587353173, -120.64165978337911 38.910075698104706, -120.64165636248106 38.910085306969165, -120.64165175259711 38.91009460758634, -120.64164599812256 38.91010351038605, -120.64163915447584 38.91011192962932, -120.64163128756482 38.91011978423402, -120.64162247315204 38.910126998555846, -120.64161279612512 38.91013350311669, -120.64160234967925 38.91013923527392, -120.64159123441954 38.910144139823515, -120.64157955739235 38.910148169531816, -120.64156743105418 38.91015128559041, -120.64155497218877 38.91015345798982, -120.64154230078225 38.910154665808584, -120.6415295388677 38.910154897414735, -120.64082763786814 38.910147197363464, -120.640814908363 38.91014645045016, -120.64080233385677 38.91014473228748, -120.64079003544938 38.91014205942231, -120.64077813158168 38.91013845759597, -120.63954213037485 38.90967305700309, -120.63953073584507 38.90966856078694, -120.63951996024352 38.909663213604205, -120.63950990734536 38.90965706695134, -120.63950067396557 38.90965018002425, -120.6394923490267 38.90964261914793, -120.63948501270227 38.90963445713797, -120.639478735645 38.90962577259923, -120.63947357830598 38.909616649168655, -120.63946959035297 38.909607174710054, -120.63946681019162 38.909597440467756, -120.63946526459594 38.909587540187864, -120.63939666657942 38.90850034017429, -120.6393963704402 38.90849036920053, -120.63935057417429 38.90644576926502, -120.63935153028187 38.90643582362139, -120.63935372942755 38.90642599909275, -120.63935715043189 38.906416390294495, -120.63936176034836 38.90640708976455, -120.6393675147805 38.906398187071964, -120.63937435830971 38.9063897679543, -120.63938222502883 38.90638191349215, -120.63939103917701 38.90637469932802, -120.63940071586914 38.90636819493809, -120.63941116191347 38.906362462962974, -120.63942227670915 38.90635755860452, -120.63943395321486 38.906353529094254, -120.6415625507071 38.90572022986086, -120.64157467628098 38.90571711377718, -120.64158713436275 38.90571494134998, -120.64159980497485 38.905713733500875, -120.64161256609282 38.90571350186214))",155.5205082051428,23.35241542908961,9.0,0.15306615449543423
,38.907560177243695,-120.67606318271515,Blodgett,190,Blodgett_FFS_190,"POLYGON ((-120.67747831502356 38.90617889926435, -120.67749104440739 38.90617964216665, -120.67750361930247 38.90618135638065, -120.67751591860618 38.90618402539753, -120.67752782386988 38.906187623513354, -120.67753922043981 38.90619211607644, -120.67754999856105 38.906197459821136, -120.67756005443458 38.90620360328442, -120.67756929121698 38.9062104873016, -120.67757761995297 38.90621804557607, -120.67758496043218 38.906226205317616, -120.67759124196164 38.90623488794374, -120.67759640404638 38.906244009836136, -120.67760039697244 38.90625348314612, -120.67760318228524 38.90626321664069, -120.67760473316028 38.906273116581005, -120.67760503466127 38.90628308762526, -120.67759733956021 38.90896868778279, -120.67759638872722 38.908978633899, -120.67759419472537 38.908988459304425, -120.67759077868358 38.90899806937499, -120.67758617349982 38.909007371560335, -120.67758042352409 38.90901627627518, -120.67757358413157 38.90902469776207, -120.67756572118905 38.90903255491732, -120.67755691042096 38.909039772072006, -120.67754723667973 38.90904627972079, -120.67753679312894 38.90905201519125, -120.67752568034585 38.9090569232475, -120.67751400535295 38.90906095662209, -120.67750188058712 38.90906407647129, -120.67748942281698 38.90906625274914, -120.67747675201811 38.90906746449682, -120.67746399021776 38.90906770004452, -120.6751675869517 38.90900659987994, -120.67515485710094 38.909005856709626, -120.67514228177971 38.909004142229634, -120.67512998209577 38.909001472951445, -120.67511807650217 38.90899787458175, -120.67510667965666 38.908993381774984, -120.67509590131746 38.90898803779953, -120.67508584528599 38.908981894120956, -120.67507660840751 38.90897500990643, -120.67506827963817 38.90896745145495, -120.6750609391885 38.90895929155868, -120.6750546577508 38.90895060880213, -120.67504949581848 38.908941486805105, -120.67406529873277 38.90699598587819, -120.67406130624646 38.90698651246145, -120.6740585213987 38.906976778897395, -120.67405697100862 38.90696687892569, -120.67405667000685 38.90695690788847, -120.67405762129165 38.90694696181228, -120.67405981570113 38.90693713648326, -120.67406323210142 38.906927526524555, -120.6740678375903 38.90691822448524, -120.67407358781401 38.906909319948895, -120.67408042739444 38.90690089867089, -120.6740882904625 38.90689304175254, -120.67482069059827 38.9062560423699, -120.67482950127471 38.90624882541669, -120.6748391748601 38.906242317986404, -120.67484961819262 38.90623658274896, -120.67486073069749 38.90623167493766, -120.67487240535542 38.90622764181725, -120.67488452973346 38.90622452222871, -120.67489698706774 38.9062223462153, -120.67490965738774 38.90622113473316, -120.6760693557356 38.90616393477579, -120.67608211701203 38.906163699364775, -120.67747831502356 38.90617889926435))",160.46462778869176,13.702464674604732,13.379279274077906,0.1438658132007656
,38.90553658544848,-120.66521004059106,Blodgett,240,Blodgett_FFS_240,"POLYGON ((-120.66452363326795 38.90430970016847, -120.66453636211226 38.904310444470376, -120.66676405902459 38.90448594407052, -120.66677663330617 38.90448765942428, -120.66678893186153 38.904490329551656, -120.66680083624924 38.90449392873796, -120.66681223182401 38.904498422321225, -120.66682300884042 38.90450376702593, -120.66683306351015 38.90450991137984, -120.66684229900139 38.904516796209705, -120.66741459911707 38.90499359575441, -120.66742292660294 38.9050011547179, -120.66743026576798 38.90500931506047, -120.66743654593185 38.905017998193756, -120.66744170661282 38.90502712049461, -120.6674456981104 38.905036594110435, -120.66744848198375 38.905046327805216, -120.66745003142229 38.90505622783824, -120.66757203331917 38.90609762776167, -120.66757233341454 38.90610759878893, -120.66757138124366 38.90611754478604, -120.66756918597602 38.90612736996751, -120.66756576875272 38.90613697971144, -120.66756116248307 38.9061462814706, -120.6675554115276 38.90615518566383, -120.66754857127083 38.90616360653868, -120.66754070758799 38.90617146299737, -120.66753189621052 38.90617867937769, -120.6675222219968 38.9061851861817, -120.66751177811493 38.90619092074523, -120.66750066514537 38.90619582784103, -120.66748899011239 38.90619986021093, -120.66747686545327 38.9062029790209, -120.66495916219141 38.90677907966001, -120.66494670450868 38.906781254599494, -120.66493403397361 38.906782464991004, -120.66492127261083 38.90678269917775, -120.66490854331975 38.90678195490441, -120.66489596869097 38.90678023933879, -120.66488366982553 38.90677756900279, -120.6628084674167 38.906209168206615, -120.66279656296895 38.9062055686112, -120.66278516739969 38.90620107463622, -120.66277439045469 38.90619572956129, -120.6627643359221 38.90618958486257, -120.66275510063268 38.90618269971709, -120.6627467735273 38.906175140432765, -120.66273943480041 38.906166979809825, -120.66273315512781 38.90615829643972, -120.66272799498587 38.90614917394822, -120.66272400406919 38.90613970019004, -120.66272122081206 38.90612996640274, -120.6627196720183 38.906120066328114, -120.66271937260312 38.90611009530933, -120.66273467358982 38.905568395356674, -120.66273562642304 38.9055584494188, -120.66273782233148 38.905548624347404, -120.66274124016694 38.90553901476323, -120.6627458470133 38.90552971321173, -120.66275159850375 38.90552080927174, -120.662758439248 38.90551238869293, -120.66276630336573 38.905504532569864, -120.6627751151211 38.90549731656111, -120.66400341500298 38.90450161749246, -120.66401308928701 38.9044951109814, -120.66402353317923 38.904489376730645, -120.66403464609945 38.90448446996399, -120.66446194566745 38.904320470162794, -120.66447362054309 38.904316438090454, -120.66448574499262 38.90431331958593, -120.66449820225135 38.904311144681955, -120.66451087234964 38.90430993432403, -120.66452363326795 38.90430970016847))",164.48856406605938,13.436418998727076,9.0,0.16
,38.89829232354358,-120.65472495504692,Blodgett,340,Blodgett_FFS_340,"POLYGON ((-120.6552920455186 38.89669940070684, -120.65530477285942 38.896700145972034, -120.65531734543748 38.89670186251222, -120.65532964217252 38.89670453379626, -120.65534154464062 38.89670813409838, -120.65535293821492 38.89671262874582, -120.65536371316941 38.89671797445286, -120.65537376573549 38.8967241197376, -120.656190065561 38.89726581914157, -120.65619929907687 38.897272704761164, -120.65620762447068 38.897280264469885, -120.65621496156422 38.89728842546377, -120.6577408632448 38.89903932408779, -120.65774714171131 38.899048007698205, -120.65775230073564 38.89905713038465, -120.65775629063312 38.89906660429084, -120.65775907297846 38.899076338177935, -120.65776062097564 38.89908623830337, -120.65776091971614 38.89909620932357, -120.65775996632235 38.89910615521213, -120.65775776997548 38.8991159801847, -120.65775435182708 38.8991255896213, -120.65774974479531 38.89913489097771, -120.65774399324808 38.899143794676625, -120.65773715257559 38.899152214970364, -120.65772928865707 38.89916007076675, -120.65772047722629 38.89916728640994, -120.65771080314207 38.899173792409144, -120.65770035957127 38.89917952610783, -120.65768924709137 38.89918443228716, -120.65767757272192 38.899188463697804, -120.65766544889388 38.89919158151492, -120.6576529923667 38.89919375571212, -120.6576403231041 38.89919496535061, -120.65217771531539 38.89931326554969, -120.65216495532093 38.89931349838118, -120.65215222756476 38.89931275276028, -120.65213965462259 38.899311035867726, -120.65212735757922 38.89930836423825, -120.65211545486237 38.8993047636012, -120.65210406110207 38.89930026863285, -120.6520932860267 38.89929492262235, -120.6520832334064 38.89928877705492, -120.65207400005347 38.899281891115905, -120.65206567489017 38.89927433112088, -120.65205833809227 38.89926616987693, -120.65205206031695 38.89925748598149, -120.65204690202228 38.89924836306537, -120.65204291288518 38.89923888898738, -120.6520401313227 38.89922915498816, -120.65203858412237 38.899219254811555, -120.65203828618407 38.89920928380169, -120.6520611881644 38.89812208388824, -120.65206214233142 38.89811213806893, -120.65206433942049 38.898102313225436, -120.652067758272 38.898092703976275, -120.6520723659601 38.898083402863655, -120.65207811810974 38.89807449946222, -120.65208495932444 38.898066079516425, -120.65209282371929 38.89805822411478, -120.65210163555572 38.89805100890886, -120.652111309971 38.898044503384845, -120.6521217537953 38.898038770194326, -120.65213286644904 38.898033864550854, -120.6552303634186 38.89671016599246, -120.65524203750084 38.896706134816895, -120.65525416099366 38.89670301724064, -120.65526661714166 38.89670084328754, -120.65527928598574 38.896699633893945, -120.6552920455186 38.89669940070684))",162.08916517826202,13.288813474085636,14.369533622355902,0.15603772694611623
,38.89894049649089,-120.64798838887764,Blodgett,350,Blodgett_FFS_350,"POLYGON ((-120.64931065419101 38.89794680116444, -120.64932338165836 38.8979475470871, -120.64933595427826 38.89794926427399, -120.64934825096991 38.89795193618781, -120.64936015330993 38.89795553709665, -120.6493715466727 38.89796003232195, -120.64938232133413 38.8979653785724, -120.65031302085252 38.89848037796368, -120.65032307320179 38.89848652367621, -120.65033230627921 38.89849340974624, -120.65101900639245 38.899046509198875, -120.65102733141546 38.89905406926463, -120.6510346680713 38.89906223056936, -120.65104094570385 38.89907091451544, -120.65104610385569 38.899080037471926, -120.65105009285068 38.89908951157986, -120.65105287427212 38.89909924559853, -120.65105442133301 38.899109145784074, -120.65105471913377 38.899119116792335, -120.65103942012713 38.89966461683998, -120.6510384657859 38.8996745626434, -120.65103626849678 38.89968438745925, -120.65103284942037 38.899693996669114, -120.65102824148379 38.89970329773088, -120.6510224890636 38.89971220107011, -120.65101564755851 38.89972062094262, -120.65100778285571 38.89972847626022, -120.65099897069649 38.899735691371745, -120.65098929594676 38.89974219679149, -120.65097885177973 38.899747929868525, -120.65096773877866 38.899752835390004, -120.65095606396812 38.89975686611286, -120.65094393978323 38.899759983218964, -120.65093148298702 38.89976215668872, -120.6509188135457 38.89976336559038, -120.64605130660598 38.89988166576666, -120.64603854652367 38.89988189792416, -120.64602581876437 38.89988115163366, -120.64601324590379 38.899879434082365, -120.64600094902603 38.89987676181133, -120.64598904655713 38.89987316055612, -120.64597765312476 38.8998686649989, -120.64596687845422 38.899863318434555, -120.64595682631163 38.899857172353585, -120.64594759350477 38.89985028594633, -120.64526089361843 38.899297085399, -120.64525256920133 38.899289524940116, -120.64524523320438 38.89928136329185, -120.64523895627713 38.899272679055485, -120.64523379886947 38.89926355586515, -120.64522981064967 38.899254081582285, -120.64522703002609 38.89924434744953, -120.64522548377715 38.89923444721197, -120.64515688558537 38.89824264719278, -120.64515658860842 38.898232676193835, -120.64515754373896 38.89822273046117, -120.64515974177802 38.898212905777605, -120.6451631615568 38.89820329676006, -120.64516777014047 38.898193995948574, -120.64517352314552 38.898185092914844, -120.64518036516709 38.898176673399846, -120.64518823031257 38.89816881848787, -120.64519704283616 38.89816160382583, -120.64520671786848 38.89815509889468, -120.64521716223373 38.89814936634019, -120.6452282753472 38.8981444613699, -120.6452399501838 38.89814043122117, -120.64525207430886 38.898137314706354, -120.64526453096083 38.89813514183911, -120.64527720017587 38.89813393354529, -120.64790929643105 38.897931733638806, -120.64792205616799 38.89793150126553, -120.64931065419101 38.89794680116444))",158.99033312303195,13.994643071980946,15.92578824203574,0.13448393805565778
,38.89831452086848,-120.64349401239399,Blodgett,380,Blodgett_FFS_380,"POLYGON ((-120.64441256088524 38.89556260148083, -120.64442528784937 38.895563347923364, -120.6444378599064 38.89556506562212, -120.64445015598106 38.8955677380348, -120.64446205765582 38.895571339424706, -120.64447345031141 38.895575835108666, -120.64448422423071 38.89558118179094, -120.64449427565509 38.89558732798023, -120.64450350778402 38.895594214485605, -120.64451183170704 38.89560177498644, -120.64451916726006 38.895609936671164, -120.64452544379759 38.89561862093849, -120.64453060087276 38.89562774415436, -120.64453458881985 38.89563721845733, -120.64453736923225 38.8956469526048, -120.64453891533257 38.89565685285167, -120.64488222390736 38.90036035274018, -120.64488252083956 38.90037032373556, -120.64488156562665 38.90038026946053, -120.6448793674674 38.90039009413225, -120.64487594753076 38.90039970313371, -120.64487133875218 38.90040900392482, -120.64486558551633 38.900417906933754, -120.6448587432297 38.900426326419485, -120.64485087778708 38.90043418129758, -120.64484206493687 38.900441395921085, -120.64413256482321 38.90097929645781, -120.64412288930056 38.90098580128201, -120.64411244442466 38.90099153372027, -120.64410133078553 38.90099643856588, -120.64408965541391 38.90100046858229, -120.6440775307504 38.90100358495815, -120.64406507356249 38.90100575768092, -120.64405240382028 38.90100696582603, -120.64403964354078 38.90100719775835, -120.64334534255279 38.900995797707786, -120.64333261463817 38.9009950511182, -120.64332004166207 38.900993333272815, -120.6433077447096 38.90099066071547, -120.6432958422076 38.9009870591845, -120.64328444878399 38.90098256336477, -120.64327367416405 38.900977216553606, -120.64326362211337 38.90097107024395, -120.64325438943884 38.900964183628325, -120.64324606505618 38.9009566230288, -120.64323872913361 38.90094846125828, -120.6432324523199 38.900939776919245, -120.64322729506394 38.90093065364682, -120.6418615987418 38.89844345234983, -120.64185761101679 38.89843397796582, -120.64185483088447 38.89842424376674, -120.64185328511853 38.89841434349833, -120.64174648714096 38.89730424344348, -120.64174619063913 38.897294272449365, -120.64174714622517 38.89728432675758, -120.64174934469581 38.897274502150545, -120.64175276487802 38.897264893244504, -120.64175737383322 38.89725559257834, -120.6417631271742 38.89724668972243, -120.64176996949294 38.89723827041596, -120.64177783489386 38.89723041574127, -120.64290703526636 38.89612411669677, -120.64291584774874 38.89611690220406, -120.64292552269252 38.89611039745785, -120.64293596692275 38.8961046651022, -120.64294707985607 38.896099760342636, -120.64435087842674 38.89557336099482, -120.64436255287974 38.895569330920694, -120.64437467659522 38.895566214483416, -120.64438713281558 38.89556404169587, -120.64439980158114 38.89556283348308, -120.64441256088524 38.89556260148083))",158.875,14.0175,16.125,0.13374999999999998
,38.9235258182406,-120.66054818135076,Blodgett,40,Blodgett_FFS_40,"POLYGON ((-120.66056394104831 38.922254100767766, -120.66057667302874 38.92225484559738, -120.66058925024484 38.92225656170555, -120.66203124834755 38.92245486129501, -120.66204354976999 38.92245753200536, -120.66205545685234 38.922461131751014, -120.66206685492328 38.922465625864575, -120.66207763421352 38.922470971065486, -120.66208769091268 38.92247711587668, -120.66209692816946 38.92248400112051, -120.66322602837437 38.92340720022087, -120.66323435745602 38.92341475951415, -120.66324169791972 38.9234229201403, -120.66324797907264 38.92343160350824, -120.6632531404235 38.92344072599256, -120.66325713226536 38.92345019973889, -120.66325991615416 38.92345993350997, -120.663261465279 38.92346983356433, -120.6632617647205 38.92347980455908, -120.66326081159428 38.92348975046808, -120.66325861507906 38.92349957550673, -120.6632551963279 38.92350918505446, -120.66325058826483 38.923518486565996, -120.66324483526766 38.92352739046248, -120.66280993588235 38.924133890899796, -120.66280309324317 38.92414231140201, -120.6627952269663 38.9241501674412, -120.66278641280823 38.9241573833592, -120.66207691266324 38.92466858389562, -120.6620672353753 38.92467509013548, -120.66205678829039 38.92468082409671, -120.6620456720198 38.92468573055796, -120.6620339936196 38.924689762267136, -120.66202186555954 38.92469288039654, -120.66200940463989 38.9246950549168, -120.66199673086659 38.924696264885995, -120.66198396629554 38.92469649865146, -120.66197123385709 38.92469575396187, -120.65737832752777 38.924199853139584, -120.65736575006554 38.924198136677425, -120.65735344854603 38.92419546547053, -120.65734154144002 38.924191865244175, -120.65733014341987 38.924187370670694, -120.65731936425495 38.924182025035414, -120.65730930775479 38.924175879819934, -120.65730007076905 38.92416899420626, -120.65729174225498 38.924161434506786, -120.6572844024206 38.92415327352576, -120.65727812195236 38.92414458985809, -120.65727296133429 38.9241354671324, -120.65726897026559 38.92412599320567, -120.65726618718203 38.924116259317074, -120.65726463888572 38.924106359209375, -120.65726434028709 38.924096388226054, -120.65726529426128 38.9240864423931, -120.65726749162049 38.92407661749433, -120.65727091120245 38.92406700814874, -120.6572755200743 38.92405770689951, -120.65728127384969 38.924048803322584, -120.65728811711634 38.924040383164126, -120.65729598396962 38.92403252751464, -120.65730479864733 38.92402531202812, -120.65977669810448 38.922274313896196, -120.65978637525468 38.922267807840356, -120.65979682214821 38.922262074075036, -120.659807938176 38.922257167819396, -120.65981961628488 38.92225313632318, -120.6598317440087 38.92225001841174, -120.65984420455126 38.922247844112164, -120.6598568779112 38.92224663436412, -120.65986964203765 38.92224640081807, -120.66056394104831 38.922254100767766))",169.2974852413234,14.200188832445475,9.000000000000002,0.16
,38.89658616252665,-120.64872621024436,Blodgett,400,Blodgett_FFS_400,"POLYGON ((-120.64922665399142 38.89527650112416, -120.64923938098173 38.89527724704146, -120.64925195313106 38.89527896422346, -120.64926424936327 38.895281636132864, -120.6492761512593 38.89528523703782, -120.64928754419778 38.89528973225978, -120.64929831845882 38.89529507850751, -120.64930837028052 38.89530122429389, -120.65146746988363 38.89678512271986, -120.65147670286407 38.89679200869773, -120.65148502768596 38.89679956872682, -120.65149236417663 38.89680773000008, -120.65149864168143 38.89681641392019, -120.65150379974433 38.89682553685642, -120.65150778868994 38.89683501095005, -120.65151057010213 38.89684474496046, -120.65151211719387 38.89685464514389, -120.65151241506534 38.89686461615621, -120.6515048160524 38.89740631619505, -120.65150386182219 38.89741626200878, -120.6515016646823 38.89742608684105, -120.65149824579184 38.897435696073245, -120.65149363807616 38.8974449971631, -120.65148788590972 38.8974539005359, -120.65148104468868 38.89746232044712, -120.6514731802976 38.897470175808216, -120.65146436847473 38.89747739096757, -120.65145469408276 38.89748389643906, -120.65144425029142 38.89748962957123, -120.65143313768039 38.89749453515067, -120.65142146327045 38.89749856593383, -120.65140933949291 38.89750168310198, -120.65139688310683 38.8975038566349, -120.65138421407448 38.89750506560022, -120.64876731034408 38.897573765695064, -120.64875455066934 38.897573998162855, -120.6480526496702 38.89756639811173, -120.64803992229115 38.89756565205291, -120.64802734977688 38.89756393472929, -120.64597504714133 38.89715193414805, -120.64596275073085 38.897149261886504, -120.64595084871287 38.89714566064005, -120.64593945571062 38.89714116509083, -120.64592868144527 38.89713581853355, -120.64591862967912 38.897129672458725, -120.64590939721623 38.89712278605658, -120.64590107297028 38.89711522564715, -120.64589373710822 38.89710706404152, -120.64588746027825 38.89709837984059, -120.64588230292931 38.89708925667811, -120.64587831472917 38.8970797824153, -120.64587553408597 38.897070048294545, -120.64587398777824 38.89706014806086, -120.64587369069739 38.89705017705893, -120.64587464570384 38.897040231314946, -120.64587684359986 38.89703040661182, -120.64588026321807 38.89702079756671, -120.6458848716252 38.89701149671986, -120.64589062443943 38.897002593643386, -120.64660782557353 38.89592299436771, -120.64661466719897 38.89591457475357, -120.64662253192874 38.895906719729425, -120.64663134402105 38.895899504943245, -120.64664101861065 38.89589299987718, -120.64665146252605 38.895887267178374, -120.64666257518688 38.89588236205566, -120.64667424957238 38.89587833174787, -120.64849004747312 38.89527183240241, -120.64850217097853 38.89526871552879, -120.64851462704293 38.89526654229486, -120.6485272957081 38.89526533362992, -120.6485400549684 38.89526510117407, -120.64922665399142 38.89527650112416))",163.70783814413758,13.312421352304208,9.0,0.16
,38.88493166152651,-120.6537398055127,Blodgett,490,Blodgett_FFS_490,"POLYGON ((-120.65430024533548 38.883317400546446, -120.65431297027732 38.88331814584708, -120.65432554048128 38.88331986242391, -120.65433783488987 38.883322533745485, -120.65434973510176 38.88332613408562, -120.65557803390193 38.88378773349707, -120.6555894254677 38.88379222806707, -120.6556001985363 38.88379757370322, -120.65561024935752 38.88380371892427, -120.65561948113648 38.88381060454862, -120.65562780496609 38.88381816426415, -120.6556351406833 38.88382632526684, -120.6556414176409 38.883835008961945, -120.65564657538803 38.88384413172095, -120.65565056425247 38.883853605686795, -120.65565334581879 38.88386333962014, -120.65565489329855 38.88387323977794, -120.65565519178813 38.883883210816286, -120.65569339583071 38.88609961089794, -120.65569244241497 38.88610955678637, -120.65569024627636 38.886119381743676, -120.65568682856443 38.886128991150024, -120.65568222219319 38.88613829246144, -120.65567647152413 38.88614719610107, -120.65566963193903 38.88615561632183, -120.65566176930666 38.88616347203221, -120.65565295934833 38.886170687577234, -120.65494335923475 38.886708488113946, -120.65493368665788 38.88671499394009, -120.6549232447532 38.886720727450964, -120.6549121340821 38.88672563342959, -120.65490046164673 38.886729664628504, -120.65488833985944 38.88673278222495, -120.65487588546 38.886734956194616, -120.65486321839167 38.88673616560097, -120.65485046064566 38.88673639879671, -120.65483773508663 38.886735653536014, -120.65314403276838 38.886510653233614, -120.65313146204036 38.88650893651376, -120.65311916713975 38.88650626505075, -120.65310726647355 38.886502664572355, -120.65309587465202 38.886498169753324, -120.65308510138497 38.88649282388134, -120.65307505042507 38.886486678440306, -120.65173225018337 38.88555967746193, -120.65172301857761 38.885552791536455, -120.65171469498307 38.88554523155095, -120.65170735956039 38.88553707031238, -120.65170108295354 38.885528386418116, -120.65169592560936 38.88551926349895, -120.65169193719555 38.885509789413774, -120.65168915612225 38.88550005540329, -120.65168760917226 38.8854901552114, -120.65156561209068 38.88388795516772, -120.65156531417388 38.88387798413666, -120.65156626811824 38.883868038295354, -120.65156846473636 38.88385821342771, -120.65157188287303 38.88384860415243, -120.65157648960937 38.88383930301202, -120.65158224057957 38.88383039958138, -120.65158908039834 38.88382197960523, -120.6515969431943 38.88381412417237, -120.65160575324434 38.88380690893469, -120.65161542570284 38.88380040337869, -120.6516258674188 38.883794670156234, -120.65235056687831 38.883405570567035, -120.6523616771841 38.88340066481925, -120.65237334919539 38.8833966338598, -120.65238547050458 38.88339351650888, -120.65239792437737 38.8833913427882, -120.65241059087654 38.883390133631785, -120.65428748820334 38.88331763369962, -120.65430024533548 38.883317400546446))",167.6930382211241,14.199485460847916,14.022765702020383,0.15229187229197802
,38.871350517634134,-120.64676252892548,Blodgett,570,Blodgett_FFS_570,"POLYGON ((-120.64535095641924 38.86942810095798, -120.64536367874611 38.8694288471564, -120.64537624625355 38.86943056461842, -120.64538853791002 38.86943323680404, -120.6461896369925 38.86966973649704, -120.64620153450663 38.86967333759243, -120.6462129232245 38.8696778329995, -120.64622369346688 38.86968317942524, -120.64800129265028 38.87075897826745, -120.64801134100195 38.870765124078346, -120.64802057039184 38.87077201024291, -120.64802889193587 38.8707795704438, -120.64803622549296 38.87078773187235, -120.64804250043672 38.87079641592974, -120.64804765633572 38.87080553898389, -120.6480516435355 38.87081501317495, -120.6480544236367 38.87082474726141, -120.64805596986493 38.870834647498754, -120.64805626732864 38.87084461854231, -120.64810967070294 38.87269471858687, -120.64810871650646 38.872704664407024, -120.64810651983662 38.87271448922263, -120.64810310184808 38.87272409841527, -120.64809849545756 38.872733399443014, -120.64809274502666 38.872742302731744, -120.64808590593493 38.872750722537766, -120.64807804404634 38.87275857777353, -120.64806923507507 38.872765792788655, -120.64736733496493 38.873299893319384, -120.64735766361018 38.873306398566136, -120.64734722314954 38.87331213145307, -120.6473361141306 38.87331703676921, -120.6473244435395 38.87332106727351, -120.64731232377083 38.87332418414983, -120.64729987154502 38.87332635738089, -120.64728720678426 38.8733275660372, -120.64727445145766 38.873327798478684, -120.64726172840648 38.873327052466834, -120.64724916016122 38.873325335186195, -120.6472368677614 38.87332266317519, -120.64722496959003 38.87331906216691, -120.64721358023333 38.8733145668411, -120.64720280937736 38.87330922049044, -120.64719276075152 38.873303074603385, -120.64718353112971 38.87329618836837, -120.64598573140616 38.87227378741725, -120.64597740991987 38.87226622707373, -120.6459700764616 38.872258065520235, -120.64596380165634 38.87224938135724, -120.64595864593366 38.87224025821811, -120.6459546589456 38.87223078396381, -120.64532146211685 38.87033108338815, -120.64531868240789 38.87032134924803, -120.64531713656913 38.870311448985795, -120.64521793797681 38.86953704891997, -120.64521764090657 38.869527077879674, -120.64521859544004 38.8695171320894, -120.64522079238411 38.86950730733256, -120.64522421058051 38.8694976982268, -120.6452288171097 38.86948839731298, -120.6452345676079 38.86947949416382, -120.64524140669441 38.869471074521336, -120.64524926850487 38.86946321947109, -120.6452580773256 38.86945600466132, -120.64526774832285 38.8694494995744, -120.64527818835978 38.86944376685768, -120.64528929689331 38.86943886172012, -120.64530096694246 38.869434831400774, -120.64531308611862 38.86943171471365, -120.64532553770798 38.86942954167403, -120.64533820179534 38.86942833320943, -120.64535095641924 38.86942810095798))",167.54190196629665,11.91132409750544,17.241012034016283,0.19667408276900317
,38.86888968729856,-120.64256816278494,Blodgett,590,Blodgett_FFS_590,"POLYGON ((-120.64017056350293 38.867002001294914, -120.64018328531519 38.86700274804333, -120.64019585224473 38.86700446604681, -120.64020814326568 38.86700713876014, -120.64418313853318 38.86789973722719, -120.64419503564473 38.86790333851584, -120.6442064239491 38.8679078341073, -120.644217193771 38.86791318070675, -120.64422724139135 38.867919326823674, -120.64423647004614 38.86792621326781, -120.64424479085845 38.86793377371916, -120.64425212369422 38.86794193536664, -120.64425839793392 38.86795061960929, -120.64426355315302 38.867959742813284, -120.64426753970352 38.86796921711731, -120.64427031919234 38.86797895127875, -120.64427186485104 38.86798885155238, -120.64427216179347 38.86799882259319, -120.6441805674254 38.87109642286951, -120.64417961271516 38.87110636864364, -120.64417741556812 38.871116193372416, -120.6441739971435 38.87112580243826, -120.64416939036215 38.871135103300446, -120.64416363958955 38.871144006386494, -120.64415680020845 38.871152425954634, -120.64414893808569 38.87116028091963, -120.64414012893761 38.87116749563367, -120.64413045760121 38.87117400061488, -120.64412001721678 38.87117973321659, -120.64410890833113 38.871184638230524, -120.64409723792924 38.8711886684185, -120.64408511840381 38.87119178496752, -120.64407266647291 38.87119395786338, -120.64406000205594 38.871195166179845, -120.64404724711862 38.87119539828011, -120.64335294613127 38.871187698229456, -120.64334022352368 38.87118695180287, -120.64332765576908 38.87118523411389, -120.64331536390218 38.871182561704856, -120.6433034663009 38.8711789603127, -120.64329207754596 38.8711744646209, -120.64328130731764 38.871169117925625, -120.64327125933931 38.87116297171864, -120.64326203037857 38.8711560851915, -120.64325370931542 38.871148524665415, -120.64231531001299 38.87015292386908, -120.64005701176477 38.867707721955426, -120.64004967944537 38.86769956005971, -120.6400434057503 38.86769087560705, -120.64003825109836 38.86768175223364, -120.6400342651313 38.86767227780272, -120.64003148623571 38.86766254355829, -120.64002994117342 38.86765264324656, -120.64002964482371 38.867642672212966, -120.64003724580917 38.86710097225201, -120.64003820101333 38.86709102652188, -120.6400403985744 38.86708120187876, -120.6400438173282 38.86707159293926, -120.6400484243498 38.86706229224261, -120.6400541752707 38.86705338935946, -120.64006101470609 38.86704497002924, -120.64006887678826 38.867037115334554, -120.640077685801 38.86702990092019, -120.64008735690864 38.86702339626467, -120.64009779697324 38.867017664011215, -120.64010890545147 38.867012759364385, -120.64012057536291 38.86700872955843, -120.64013269432034 38.86700561340242, -120.64014514561191 38.867003440906565, -120.64015780932543 38.86700223299313, -120.64017056350293 38.867002001294914))",158.67657293152595,14.056824637206677,16.467737663727917,0.13248728229152873
,38.917168220573174,-120.66391493815618,Blodgett,60,Blodgett_FFS_60,"POLYGON ((-120.6646990342201 38.914426300331634, -120.66471176487057 38.914427044668955, -120.66472434083524 38.914428760293816, -120.66473664100118 38.914431430683905, -120.66474854691147 38.91443503012202, -120.6647599439061 38.91443952394375, -120.66477072222607 38.9144448688713, -120.66478077807048 38.91445101343031, -120.66479001459611 38.91445789844547, -120.66479834285022 38.91446545761059, -120.66480568262705 38.91447361812693, -120.66481196324037 38.91448230140444, -120.6648171242041 38.9144914238186, -120.66482111581502 38.9145008975157, -120.66482389963126 38.91451063125897, -120.66482544884269 38.91452053130719, -120.66482574852907 38.914530502317575, -120.66481814952392 38.915076002356464, -120.66463505699207 38.91917680278913, -120.66463410414515 38.91918674872376, -120.66463190798092 38.919196573804854, -120.66462848964917 38.91920618341144, -120.6646238820698 38.919215484997615, -120.66461812961599 38.91922438898387, -120.66461128768668 38.91923280961977, -120.66460342217323 38.91924066580985, -120.66459460882473 38.91924788189444, -120.6645849325185 38.91925438837853, -120.66457448644273 38.91926012260091, -120.66456337119915 38.91926502933772, -120.66455169383384 38.919269061334205, -120.66453956680658 38.91927217975992, -120.66452710690771 38.91927435458263, -120.66451443413337 38.91927556485749, -120.66450167052979 38.91927579892887, -120.66310546854126 38.91925669882794, -120.66309273705517 38.91925595428975, -120.6630801602917 38.91925423846522, -120.66306785937246 38.919251567878696, -120.66305595276242 38.91924796824955, -120.66304455512918 38.91924347424432, -120.66303377623842 38.9192381291429, -120.663023719897 38.91923198442172, -120.66301448295305 38.91922509925801, -120.66300615436342 38.91921753995987, -120.66299881433686 38.91920937932766, -120.66299253356163 38.91920069595293, -120.66298737252481 38.91919157346148, -120.66298338092957 38.91918209970804, -120.66298059721677 38.91917236593012, -120.66297904819454 38.91916246586941, -120.66280355204258 38.91705296579461, -120.66280325264697 38.917042994791416, -120.66280420570511 38.91703304887536, -120.66280640203807 38.917023223831045, -120.66280982049344 38.91701361427893, -120.6628144281492 38.91700431276411, -120.66386733073855 38.91502071390767, -120.6638730829182 38.91501180994499, -120.66387992450174 38.91500338933699, -120.66388778960079 38.91499553317852, -120.66389660247002 38.9149883171285, -120.66460610235241 38.91445421766547, -120.66461577798215 38.91444771115458, -120.66462622332898 38.9144419769023, -120.66463733779867 38.91443707013247, -120.66464901435312 38.914433038099794, -120.66466114054106 38.9144299196348, -120.66467359958112 38.9144277447699, -120.66468627148643 38.914426534450186, -120.6646990342201 38.914426300331634))",163.97895428986226,13.355480975448708,9.0,0.15999999999999998
BC1,36.95833099816157,-119.02244699992868,Teakettle,BC1,Teakettle_BC1,"POLYGON ((-119.02134823745654 36.959251008623035, -119.0213005956856 36.95744923489561, -119.02354573612864 36.957410981867014, -119.02359343072922 36.959212753106, -119.02134823745654 36.959251008623035))",152.0,7.815,52.0,0.075
BC2,36.96790099816096,-119.02519399992865,Teakettle,BC2,Teakettle_BC2,"POLYGON ((-119.02409513949321 36.96882103582637, -119.0240474164444 36.96701926806737, -119.02629283407967 36.96698095466187, -119.02634060998274 36.96878271992874, -119.02409513949321 36.96882103582637))",151.85761915315777,5.342977665584353,91.83723739098774,0.049999999999999996
BC3,36.9704099981608,-119.02551899992868,Teakettle,BC3,Teakettle_BC3,"POLYGON ((-119.02442010887135 36.97133003944307, -119.02437237382024 36.96952827280905, -119.0266178646983 36.96948995104445, -119.02666565261018 36.97129171518587, -119.02442010887135 36.97133003944307))",147.2945128248302,5.43840766879725,86.62092418825868,0.05
BN1,36.95465199816183,-119.01987899992875,Teakettle,BN1,Teakettle_BN1,"POLYGON ((-119.01878025624967 36.955571984715924, -119.01873268132857 36.953770207014024, -119.02097771734013 36.95373200577394, -119.02102534508164 36.955533780990656, -119.01878025624967 36.955571984715924))",152.0,7.815,52.0,0.075
BN2,36.95734499816163,-119.01733399992888,Teakettle,BN2,Teakettle_BN2,"POLYGON ((-119.01623518730612 36.958264962845504, -119.01618766769643 36.95646318313519, -119.01843278628004 36.956425027641735, -119.01848035871748 36.958226804869916, -119.01623518730612 36.958264962845504))",85.27448147458925,8.015964652251728,15.710775082282515,0.07053411883885047
BN3,36.95874199816155,-119.0199979999288,Teakettle,BN3,Teakettle_BN3,"POLYGON ((-119.0188992012309 36.95966198695154, -119.01885161644901 36.95786021062516, -119.02109677235357 36.95782200353686, -119.0211444099665 36.9596237773778, -119.0188992012309 36.95966198695154))",121.98691463509569,6.04099820887757,48.305475843532776,0.0718490199091964
BS1,36.95529399816177,-119.01766099992885,Teakettle,BS1,Teakettle_BS1,"POLYGON ((-119.01656221972019 36.95621396516611, -119.01651469594165 36.95441218519539, -119.01875975386864 36.9543740253221, -119.01880733046954 36.95617580281036, -119.01656221972019 36.95621396516611))",152.0,7.815000000000001,52.0,0.075
BS2,36.956779549599574,-119.01993608412131,Teakettle,BS2,Teakettle_BS2,"POLYGON ((-119.01883731176368 36.95769953727387, -119.01878973182686 36.95589776028213, -119.02103483020845 36.955859556091006, -119.02108246297121 36.95766133059744, -119.01883731176368 36.95769953727387))",152.0,7.815000000000001,52.0,0.075
BS3,36.96841199816094,-119.02800399992857,Teakettle,BS3,Teakettle_BS3,"POLYGON ((-119.02690516749831 36.969332060977614, -119.02685737733779 36.96753029650769, -119.02910280607406 36.967491929512214, -119.02915064908981 36.96929369148654, -119.02690516749831 36.969332060977614))",152.0,5.34,92.0,0.05
UC1,36.9625329981613,-119.02656799992856,Teakettle,UC1,Teakettle_UC1,"POLYGON ((-119.02546923081454 36.96345304650049, -119.02542148467822 36.961651278641426, -119.02766674276542 36.96161294399058, -119.02771454174182 36.96341470935601, -119.02546923081454 36.96345304650049))",148.50764400834666,6.490573991421327,69.6388071166643,0.06334040716712032
UC2,36.96286499816129,-119.01975899992878,Teakettle,UC2,Teakettle_UC2,"POLYGON ((-119.01866014127873 36.96378498601099, -119.01861255501336 36.96198321067229, -119.02085783230032 36.96194500447573, -119.02090547140753 36.96374677732916, -119.01866014127873 36.96378498601099))",146.11111940192927,7.440427557986171,51.89942439514782,0.07360924746320728
UC3,36.963363998161235,-119.0174359999289,Teakettle,UC3,Teakettle_UC3,"POLYGON ((-119.01633710540423 36.96428396548157, -119.01628957301757 36.96248218771416, -119.01853486817409 36.96244402500352, -119.01858245340416 36.96424580028848, -119.01633710540423 36.96428396548157))",118.76993472638094,5.516035642598445,55.79911756419026,0.061749227418354175
UN1,36.95654599816169,-119.02407299992862,Teakettle,UN1,Teakettle_UN1,"POLYGON ((-119.02297428239659 36.9574660225741, -119.02292660540367 36.955664250114424, -119.025171691191 36.955625967917626, -119.02521942100873 36.957427737886924, -119.02297428239659 36.9574660225741))",152.0,8.042132164643197,51.50376222563161,0.07634397730558104
UN2,36.960846998161415,-119.0197279999288,Teakettle,UN2,Teakettle_UN2,"POLYGON ((-119.01862916877802 36.96176698515466, -119.0185815867253 36.95996520916803, -119.0208268048037 36.9599270053328, -119.02087443969297 36.961728778834235, -119.01862916877802 36.96176698515466))",138.77939282193188,7.033561486482693,50.37258142611183,0.07361200974508471
UN3,36.96517599816113,-119.02218999992877,Teakettle,UN3,Teakettle_UN3,"POLYGON ((-119.02109113967013 36.96609600830914, -119.02104349212827 36.964294236376496, -119.02328883390612 36.96425598217823, -119.02333653429551 36.96605775162254, -119.02109113967013 36.96609600830914))",130.83333333333334,5.782666666666667,67.80333333333334,0.05
US1,36.96277399816129,-119.02245199992873,Teakettle,US1,Teakettle_US1,"POLYGON ((-119.02135317613208 36.96369400994825, -119.02130552656662 36.961892237576976, -119.02355079744729 36.96185398054019, -119.02359849985399 36.96365575042286, -119.02135317613208 36.96369400994825))",150.55190961992795,7.7294068363275015,51.8217442550515,0.0748479695139032
US2,36.96487699816115,-119.01965499992885,Teakettle,US2,Teakettle_US2,"POLYGON ((-119.01855611217538 36.96579698566421, -119.01850852488874 36.96399521082154, -119.0207538614011 36.963957004821715, -119.0208015015348 36.96575877717916, -119.01855611217538 36.96579698566421))",130.83333333333334,5.782666666666667,67.80333333333334,0.049999999999999996
US3,36.96753899816099,-119.0215899999288,Teakettle,US3,Teakettle_US3,"POLYGON ((-119.02049109952519 36.9684590036505, -119.02044346204109 36.966657231768636, -119.02268887404792 36.966618986835634, -119.02273656438582 36.96842075622982, -119.02049109952519 36.9684590036505))",130.83333333333334,5.782666666666667,67.80333333333334,0.05
1,38.17037289343976,-120.00585787438996,STEF,1,STEF-VDT_1,"POLYGON ((-120.00588060008572 38.169753545797974, -120.0062544635458 38.169780602758415, -120.00631287996477 38.169851048846894, -120.0063389558915 38.17085064007641, -120.00611375005303 38.17092562881739, -120.00570588684472 38.17092228478981, -120.0050990758544 38.17041998582681, -120.00588060008572 38.169753545797974))",200.0,8.75,28.000000000000004,0.11
2,38.17198164008902,-120.00714535864576,STEF,2,STEF-VDT_2,"POLYGON ((-120.0068045870104 38.17129212284711, -120.00721772673953 38.17135147604559, -120.007307403314 38.171405258147914, -120.00761469927066 38.1719437461087, -120.00765565360852 38.17203144098746, -120.0074555531147 38.172582919946116, -120.00710527905929 38.17256478000267, -120.00674985979359 38.172514836431986, -120.00676530161671 38.17193731468152, -120.00679502688058 38.17129650199831, -120.0068045870104 38.17129212284711))",190.44817820609225,8.749999999999998,28.0,0.11
3,38.17195198940164,-120.00505245596221,STEF,3,STEF-VDT_3,"POLYGON ((-120.00526677257615 38.17134731671265, -120.00529105600265 38.17135231075189, -120.00529958199924 38.171354237517775, -120.00533806397198 38.17140687391397, -120.00561586361269 38.171900482262885, -120.00564613221869 38.17202272131881, -120.00565982121586 38.172478150169205, -120.00557147032332 38.172520208603395, -120.00549225926225 38.17253949141694, -120.00542387271973 38.17254856716832, -120.0053599116931 38.172555719957465, -120.00516403083849 38.172557025518294, -120.00498688447492 38.17253863262121, -120.00435941002723 38.17200331905849, -120.00430862322682 38.17194869348196, -120.00430207481426 38.171940743980464, -120.00466175604708 38.171364934959435, -120.00526677257615 38.17134731671265))",188.00000000000003,8.75,28.0,0.11000000000000003
4,38.17415439112057,-120.00717614759277,STEF,4,STEF-VDT_4,"POLYGON ((-120.00707513467204 38.173530771854026, -120.00726926620335 38.1735399069607, -120.00765855995805 38.17406674097009, -120.00766957694945 38.17413608391352, -120.00760197461472 38.174696912775225, -120.00730579843427 38.174720247546695, -120.0072067345569 38.17472082730064, -120.0068132229016 38.17467275506157, -120.00675297313184 38.17406922209977, -120.00675953669865 38.17355867510949, -120.00707513467204 38.173530771854026))",158.07965319689546,15.129985060742795,16.61011983313469,0.1251112862641942
5,38.17411943273723,-120.00504255763923,STEF,5,STEF-VDT_5,"POLYGON ((-120.00537063847226 38.17347284911902, -120.00543113416146 38.17357167043227, -120.00548237978957 38.174636933396705, -120.00542821716324 38.17465493503418, -120.00499398366286 38.17466562717416, -120.00493792446515 38.17466581660627, -120.00433899206095 38.17415245035344, -120.00509075595387 38.17351641371555, -120.00537063847226 38.17347284911902))",145.57142857142858,17.797142857142855,11.84857142857143,0.13142857142857142
6,38.173008617744216,-120.00328984962174,STEF,6,STEF-VDT_6,"POLYGON ((-120.0033947856638 38.172443825676304, -120.00350556739994 38.1724503105259, -120.00358164774103 38.17247959369977, -120.00360657412826 38.1724917489374, -120.00397542762428 38.172959057235026, -120.00397482364937 38.17302659941511, -120.00396843231094 38.17305171359859, -120.00355482375119 38.17359346453203, -120.00297108644517 38.173568555439466, -120.0026520270126 38.17303902937321, -120.00260633300034 38.17294190185568, -120.0026136385824 38.172925809773915, -120.00297927002461 38.17245170614479, -120.0030233974184 38.172445289641956, -120.00305968569138 38.17244413728174, -120.0032278482078 38.17244174072988, -120.0033947856638 38.172443825676304))",145.57142857142858,17.797142857142855,11.84857142857143,0.13142857142857142
7,38.17664150621217,-120.00718956681091,STEF,7,STEF-VDT_7,"POLYGON ((-120.00777244083511 38.17630681461655, -120.00782076679634 38.17631289358991, -120.00783278716992 38.17643284684177, -120.00788369741386 38.17695686395399, -120.00785664353805 38.1769761412667, -120.00662546462301 38.17698514707264, -120.00656275786957 38.176973101116154, -120.0065485013931 38.17690602648464, -120.00650679987372 38.17636117754164, -120.0065528522916 38.17631678934572, -120.0065915522776 38.176299317574205, -120.00670765269373 38.176298238734155, -120.00700071040995 38.17629603067974, -120.00760346846714 38.17630355323853, -120.00777244083511 38.17630681461655))",145.57142857142858,17.797142857142855,11.84857142857143,0.13142857142857142
8,38.17644657040212,-120.00492894804475,STEF,8,STEF-VDT_8,"POLYGON ((-120.00490484383644 38.17578380048052, -120.00507225201605 38.17587988428381, -120.0054254378938 38.176391588876264, -120.00542635658336 38.176406880179115, -120.00541742275807 38.176904787846844, -120.0053840117113 38.17696351737274, -120.00515724571846 38.17697876654406, -120.00495396631489 38.17698606629943, -120.00452727122602 38.176985076621996, -120.00450868389908 38.17697755067433, -120.0044987826618 38.17689495057903, -120.00453629037924 38.17588699803649, -120.00460967923014 38.175815687992674, -120.00462143363868 38.17580889402952, -120.00472256565006 38.17578994918826, -120.00490484383644 38.17578380048052))",145.57142857142858,17.797142857142855,11.84857142857143,0.13142857142857142
9,38.17966772554949,-120.00208172792276,STEF,9,STEF-VDT_9,"POLYGON ((-120.00093772049215 38.17939360183465, -120.00170609721398 38.17941617656672, -120.00267971994397 38.179445434521625, -120.00290218269902 38.17949405713265, -120.00271047483452 38.17998986167731, -120.00262292516514 38.18010078816104, -120.00241934585162 38.18008069446768, -120.00088926258468 38.17947243017554, -120.00093772049215 38.17939360183465))",145.57142857142858,17.797142857142855,11.84857142857143,0.13142857142857142
10,38.17586331836202,-120.0029676955756,STEF,10,STEF-VDT_10,"POLYGON ((-120.00332714687006 38.17524320311146, -120.00342181066668 38.17527978485519, -120.00342660551789 38.17534992672787, -120.00339484611104 38.17642868565559, -120.00255659113407 38.17639205247042, -120.00244177057077 38.176376242580055, -120.00244983860887 38.175802072596476, -120.0027935448496 38.17526197380553, -120.00282449917441 38.17524953198923, -120.00332714687006 38.17524320311146))",145.57142857142858,17.797142857142855,11.84857142857143,0.13142857142857142
11,38.174723530444936,-120.00176107341822,STEF,11,STEF-VDT_11,"POLYGON ((-120.00183233755324 38.174174186711284, -120.00211566586356 38.17418830306257, -120.00239165675907 38.17480703270432, -120.0023927091347 38.17481065372152, -120.00203344117817 38.17530295957063, -120.00197825815283 38.175377623104644, -120.00181694090743 38.17537740731306, -120.00158901862656 38.17535887240961, -120.00144243446191 38.17529767273417, -120.0011470437053 38.17424114934179, -120.00114607934226 38.17418261471111, -120.00134527100997 38.1741704369716, -120.00156149300095 38.174171803062734, -120.00183233755324 38.174174186711284))",145.57142857142858,17.797142857142855,11.84857142857143,0.13142857142857142
12,38.17582378650617,-119.9997964816622,STEF,12,STEF-VDT_12,"POLYGON ((-120.00073238463334 38.175214017116026, -120.00072265031508 38.17533435892208, -120.00037817680264 38.17591276600798, -119.99961340537592 38.176422076031145, -119.99959546689087 38.17643374956216, -119.99928370424412 38.17642153405235, -119.99911179265187 38.17641140678812, -119.99900212143366 38.17638656769311, -119.99902777487033 38.175774222683394, -119.99903136854861 38.17577072771336, -119.99903728527985 38.175766402491504, -120.0001141251685 38.17525792923483, -120.00016093924037 38.17523973826806, -120.00064312969248 38.17521594950864, -120.00073238463334 38.175214017116026))",145.57142857142858,17.797142857142855,11.84857142857143,0.13142857142857142
13,38.17679890023015,-119.9951696887697,STEF,13,STEF-VDT_13,"POLYGON ((-119.99485800144953 38.1764206002276, -119.99587774850177 38.176489098930816, -119.99604874986268 38.17651338984831, -119.99615993770469 38.17655891748184, -119.99611140938757 38.176600806765805, -119.9954615285151 38.17714043388754, -119.99534047302467 38.177148901635455, -119.99510386991048 38.17716213546903, -119.99443824928395 38.177137994332995, -119.9942224972196 38.17709590989029, -119.99483994431591 38.17643112105943, -119.99485800144953 38.1764206002276))",145.57142857142858,17.797142857142855,11.84857142857143,0.13142857142857142
14,38.1784369202752,-119.9945008785922,STEF,14,STEF-VDT_14,"POLYGON ((-119.99533619872449 38.17813228340691, -119.99548109467958 38.17814159901184, -119.9954668779593 38.17818366903496, -119.9954393825836 38.17824793190173, -119.99471652102174 38.17878229926931, -119.99435588901896 38.17877809492486, -119.99392608515822 38.17876300294011, -119.99376584705206 38.178753528618, -119.99379213609645 38.17826398909641, -119.99381004060697 38.178209142038234, -119.99387006763122 38.17818951842274, -119.99402073486954 38.1781832668389, -119.99488508877637 38.17814739872664, -119.99533619872449 38.17813228340691))",145.57142857142858,17.797142857142855,11.84857142857143,0.13142857142857142
15,38.17839627768165,-119.99240110124207,STEF,15,STEF-VDT_15,"POLYGON ((-119.99206852428091 38.178098329578376, -119.9927694503373 38.17813773836209, -119.99290242388429 38.178156903899186, -119.9930337748554 38.17821207709037, -119.99307939423375 38.178738503034126, -119.99283895989369 38.17874530552132, -119.99225296481403 38.17872453501319, -119.99208636609978 38.17864110902916, -119.99144195850488 38.17811809872086, -119.99150705226178 38.178104255932034, -119.99165515423772 38.17809923964069, -119.99206852428091 38.178098329578376))",145.57142857142858,17.797142857142855,11.84857142857143,0.13142857142857142
16,38.18004169594364,-119.99286884790541,STEF,16,STEF-VDT_16,"POLYGON ((-119.99231532204325 38.17971549698864, -119.99442641587463 38.1802300046979, -119.99444676794081 38.18031358442572, -119.99444700181411 38.18033071601778, -119.99441204413078 38.18035571261817, -119.99304544531498 38.18031113932578, -119.99287448056943 38.180297450628295, -119.99135150693641 38.17980601713572, -119.99136317665076 38.17973951939471, -119.99138425833398 38.17972087247629, -119.99148342936928 38.17971041499125, -119.99165723837636 38.1797081032311, -119.9918793135924 38.17970910142523, -119.99231532204325 38.17971549698864))",145.57142857142858,17.797142857142855,11.84857142857143,0.13142857142857142
17,38.1803178850276,-119.98998900460732,STEF,17,STEF-VDT_17,"POLYGON ((-119.99103105238389 38.180258154959134, -119.9913364862401 38.180274970640546, -119.99135569135137 38.18033894387482, -119.99125644252138 38.18036936361449, -119.99111735979473 38.18037719175445, -119.98881256884478 38.18038339482082, -119.98872595807391 38.18037691751608, -119.98865655066786 38.180331753492275, -119.98882318116964 38.1802537450926, -119.989007845045 38.18025051354895, -119.99103105238389 38.180258154959134))",145.57142857142858,17.797142857142855,11.848571428571432,0.13142857142857142
18,38.178388688852756,-119.98924036416625,STEF,18,STEF-VDT_18,"POLYGON ((-119.989682213776 38.178088152991435, -119.9902850031776 38.178636756404835, -119.9902673569821 38.1786775188335, -119.98954963270755 38.17875550444782, -119.98929958784574 38.178764230226456, -119.98806368014148 38.17821293086661, -119.9880127840282 38.178116950067604, -119.98842617766846 38.17810123995893, -119.98898261188876 38.17808736766675, -119.989682213776 38.178088152991435))",145.57142857142858,17.797142857142855,11.84857142857143,0.13142857142857142
19,38.17923114682865,-119.98843222830271,STEF,19,STEF-VDT_19,"POLYGON ((-119.98725578857497 38.17860476097961, -119.98778048601795 38.178659974542256, -119.98785410455949 38.178673969105205, -119.98790721130668 38.178690197557586, -119.98928982780537 38.17920626054275, -119.98929254241914 38.179775282371565, -119.98928534069202 38.17978137184701, -119.98918931070189 38.17983883414902, -119.98915386615954 38.17985758358185, -119.98909748944473 38.17985677326391, -119.98878601860113 38.179845514886274, -119.98865510996966 38.17981450564666, -119.9872253861208 38.1787211063451, -119.98722426146954 38.17862071321345, -119.98725578857497 38.17860476097961))",145.57142857142858,17.797142857142855,11.84857142857143,0.13142857142857142
20,38.1804880149768,-119.98609678453863,STEF,20,STEF-VDT_20,"POLYGON ((-119.98715867012244 38.180136855278974, -119.98717158681961 38.180186526359954, -119.98718283528434 38.18024085008108, -119.987181948738 38.18026082369835, -119.98614563070467 38.180809781824664, -119.98607398290807 38.18082738660194, -119.98519367613068 38.1808572478547, -119.98517421967979 38.1808479544898, -119.98515782772262 38.180833156124805, -119.98554278728649 38.18026877179677, -119.98554801661804 38.18026565400972, -119.98570780202242 38.180249707178916, -119.98641626720185 38.180192330871385, -119.98706397806693 38.180143257375555, -119.98715867012244 38.180136855278974))",145.57142857142858,17.797142857142855,11.84857142857143,0.13142857142857142
21,38.180717754285276,-119.98334744499975,STEF,21,STEF-VDT_21,"POLYGON ((-119.98398241599054 38.18063279529519, -119.98406930903809 38.18066672213555, -119.98403097907547 38.18071853298757, -119.98393756714589 38.18074997300997, -119.9833913097817 38.18078343663338, -119.98304005612947 38.18079418375126, -119.98277916087939 38.1807772738327, -119.98249217049299 38.180747387908724, -119.9824992112002 38.18071268616216, -119.98375953738349 38.18063541367402, -119.98398241599054 38.18063279529519))",145.57142857142858,17.797142857142855,11.84857142857143,0.13142857142857142
22,38.17889330144776,-119.98533032059908,STEF,22,STEF-VDT_22,"POLYGON ((-119.98562211270271 38.17850897809634, -119.98576085668711 38.17851674460646, -119.98605597111732 38.17913892131984, -119.986026105294 38.17915821021815, -119.98520786961996 38.17919255408872, -119.9847342426045 38.17920251168021, -119.98455520345452 38.17918928453178, -119.9845498107663 38.17914261931643, -119.984898461613 38.17866628558895, -119.98496300423528 38.17860764779883, -119.98519477349343 38.178528217798124, -119.98525110810284 38.178517316395435, -119.98562211270271 38.17850897809634))",145.57142857142858,17.797142857142855,11.848571428571429,0.13142857142857142
23,38.1771625690828,-119.98495117240556,STEF,23,STEF-VDT_23,"POLYGON ((-119.98561048114323 38.17687458055502, -119.98571826568828 38.17696186686736, -119.98534298729051 38.1774475014621, -119.98528813932454 38.177493607675224, -119.98481024795012 38.177518595486845, -119.98465384787234 38.17750920502153, -119.98411619136839 38.17699468855852, -119.98420852201059 38.176951928542934, -119.98443358505129 38.1769265549014, -119.98473408105906 38.17690623829842, -119.98544413522436 38.17687701324205, -119.98561048114323 38.17687458055502))",145.57142857142858,17.797142857142855,11.84857142857143,0.13142857142857142
24,38.17849177651305,-119.98281130558493,STEF,24,STEF-VDT_24,"POLYGON ((-119.98342601732472 38.17788825235504, -119.98345416474491 38.17798150327662, -119.98306933043459 38.17904727849037, -119.9830064625233 38.17909170816912, -119.98227202055793 38.179100029440534, -119.9821954443399 38.179094797799394, -119.98220452423267 38.179006630076145, -119.9825083079777 38.17793245039357, -119.98265957680458 38.177920662542796, -119.98342601732472 38.17788825235504))",123.28571428571429,13.500000000000002,18.5,0.12000000000000002
