"TreeID","1","2","3","4","5","6","7","8","9","10","11","12","13","14","15","16","17","18","19","20","21","22","23","24","25","26","27","28","29","30","31","32"
"FFS2BURN_1976",715.400024414062,715.400024414062,NA,NA,NA,NA,NA,NA,NA,NA,NA,NA,NA,NA,NA,NA,NA,NA,NA,NA,NA,NA,NA,NA,NA,NA,NA,NA,NA,NA,NA,NA
"FFS2BURN_1981",647.595825195312,647.595825195312,647.595825195312,647.595825195312,647.595825195312,647.595825195312,718.484985351562,718.484985351562,718.484985351562,718.484985351562,718.484985351562,678.231201171875,678.231201171875,678.231201171875,678.231201171875,NA,NA,NA,NA,NA,NA,NA,NA,NA,NA,NA,NA,NA,NA,NA,NA,NA
"FFS2BURN_1983",647.595825195312,647.595825195312,647.595825195312,647.595825195312,647.595825195312,647.595825195312,718.484985351562,718.484985351562,718.484985351562,718.484985351562,718.484985351562,678.231201171875,678.231201171875,678.231201171875,678.231201171875,NA,NA,NA,NA,NA,NA,NA,NA,NA,NA,NA,NA,NA,NA,NA,NA,NA
"FFS2BURN_1990",647.595825195312,647.595825195312,647.595825195312,647.595825195312,647.595825195312,647.595825195312,718.484985351562,718.484985351562,718.484985351562,718.484985351562,718.484985351562,724.184936523438,724.184936523438,724.184936523438,724.184936523438,724.184936523438,NA,NA,NA,NA,NA,NA,NA,NA,NA,NA,NA,NA,NA,NA,NA,NA
"FFS2BURN_1991",647.595825195312,647.595825195312,647.595825195312,647.595825195312,647.595825195312,647.595825195312,718.484985351562,718.484985351562,718.484985351562,718.484985351562,718.484985351562,724.184936523438,724.184936523438,724.184936523438,724.184936523438,724.184936523438,NA,NA,NA,NA,NA,NA,NA,NA,NA,NA,NA,NA,NA,NA,NA,NA
"FFS2BURN_1992",647.595825195312,647.595825195312,647.595825195312,647.595825195312,647.595825195312,647.595825195312,NA,NA,NA,NA,NA,NA,NA,NA,NA,NA,NA,NA,NA,NA,NA,NA,NA,NA,NA,NA,NA,NA,NA,NA,NA,NA
"FFS2BURN_1993",647.595825195312,647.595825195312,647.595825195312,647.595825195312,647.595825195312,647.595825195312,718.484985351562,718.484985351562,718.484985351562,718.484985351562,718.484985351562,724.184936523438,724.184936523438,724.184936523438,724.184936523438,724.184936523438,NA,NA,NA,NA,NA,NA,NA,NA,NA,NA,NA,NA,NA,NA,NA,NA
"FFS2BURN_1994",647.595825195312,647.595825195312,647.595825195312,647.595825195312,647.595825195312,647.595825195312,718.484985351562,718.484985351562,718.484985351562,718.484985351562,718.484985351562,724.184936523438,724.184936523438,724.184936523438,724.184936523438,724.184936523438,NA,NA,NA,NA,NA,NA,NA,NA,NA,NA,NA,NA,NA,NA,NA,NA
"FFS2BURN_1997",647.595825195312,647.595825195312,647.595825195312,647.595825195312,647.595825195312,647.595825195312,718.484985351562,718.484985351562,718.484985351562,718.484985351562,718.484985351562,724.184936523438,724.184936523438,724.184936523438,724.184936523438,724.184936523438,NA,NA,NA,NA,NA,NA,NA,NA,NA,NA,NA,NA,NA,NA,NA,NA
"FFS2BURN_1999",647.595825195312,647.595825195312,647.595825195312,647.595825195312,647.595825195312,647.595825195312,750.049987792969,750.049987792969,750.049987792969,NA,NA,NA,NA,NA,NA,NA,NA,NA,NA,NA,NA,NA,NA,NA,NA,NA,NA,NA,NA,NA,NA,NA
"FFS2BURN_2000",647.595825195312,647.595825195312,647.595825195312,647.595825195312,647.595825195312,647.595825195312,718.484985351562,718.484985351562,718.484985351562,718.484985351562,718.484985351562,724.184936523438,724.184936523438,724.184936523438,724.184936523438,724.184936523438,NA,NA,NA,NA,NA,NA,NA,NA,NA,NA,NA,NA,NA,NA,NA,NA
"FFS2BURN_2181",647.595825195312,647.595825195312,647.595825195312,647.595825195312,647.595825195312,647.595825195312,718.484985351562,718.484985351562,718.484985351562,718.484985351562,718.484985351562,724.184936523438,724.184936523438,724.184936523438,724.184936523438,724.184936523438,NA,NA,NA,NA,NA,NA,NA,NA,NA,NA,NA,NA,NA,NA,NA,NA
"FFS2BURN_2182",647.595825195312,647.595825195312,647.595825195312,647.595825195312,647.595825195312,647.595825195312,718.484985351562,718.484985351562,718.484985351562,718.484985351562,718.484985351562,724.184936523438,724.184936523438,724.184936523438,724.184936523438,724.184936523438,NA,NA,NA,NA,NA,NA,NA,NA,NA,NA,NA,NA,NA,NA,NA,NA
"FFS2BURN_2184",647.595825195312,647.595825195312,647.595825195312,647.595825195312,647.595825195312,647.595825195312,718.484985351562,718.484985351562,718.484985351562,718.484985351562,718.484985351562,724.184936523438,724.184936523438,724.184936523438,724.184936523438,724.184936523438,NA,NA,NA,NA,NA,NA,NA,NA,NA,NA,NA,NA,NA,NA,NA,NA
"FFS2BURN_2185",647.595825195312,647.595825195312,647.595825195312,647.595825195312,647.595825195312,647.595825195312,718.484985351562,718.484985351562,718.484985351562,718.484985351562,718.484985351562,724.184936523438,724.184936523438,724.184936523438,724.184936523438,724.184936523438,NA,NA,NA,NA,NA,NA,NA,NA,NA,NA,NA,NA,NA,NA,NA,NA
"FFS2BURN_2186",647.595825195312,647.595825195312,647.595825195312,647.595825195312,647.595825195312,647.595825195312,718.484985351562,718.484985351562,718.484985351562,718.484985351562,718.484985351562,724.184936523438,724.184936523438,724.184936523438,724.184936523438,724.184936523438,NA,NA,NA,NA,NA,NA,NA,NA,NA,NA,NA,NA,NA,NA,NA,NA
"FFS2BURN_2187",647.595825195312,647.595825195312,647.595825195312,647.595825195312,647.595825195312,647.595825195312,718.484985351562,718.484985351562,718.484985351562,718.484985351562,718.484985351562,678.231201171875,678.231201171875,678.231201171875,678.231201171875,NA,NA,NA,NA,NA,NA,NA,NA,NA,NA,NA,NA,NA,NA,NA,NA,NA
"FFS2BURN_2188",647.332153320312,647.332153320312,647.332153320312,647.332153320312,647.332153320312,647.332153320312,647.332153320312,738.575012207031,NA,NA,NA,NA,NA,NA,NA,NA,NA,NA,NA,NA,NA,NA,NA,NA,NA,NA,NA,NA,NA,NA,NA,NA
"FFS2BURN_2191",647.595825195312,647.595825195312,647.595825195312,647.595825195312,647.595825195312,647.595825195312,718.484985351562,718.484985351562,718.484985351562,718.484985351562,718.484985351562,724.184936523438,724.184936523438,724.184936523438,724.184936523438,724.184936523438,NA,NA,NA,NA,NA,NA,NA,NA,NA,NA,NA,NA,NA,NA,NA,NA
"FFS2BURN_2193",647.595825195312,647.595825195312,647.595825195312,647.595825195312,647.595825195312,647.595825195312,737.418701171875,737.418701171875,737.418701171875,737.418701171875,NA,NA,NA,NA,NA,NA,NA,NA,NA,NA,NA,NA,NA,NA,NA,NA,NA,NA,NA,NA,NA,NA
"FFS2BURN_2194",647.595825195312,647.595825195312,647.595825195312,647.595825195312,647.595825195312,647.595825195312,718.484985351562,718.484985351562,718.484985351562,718.484985351562,718.484985351562,724.184936523438,724.184936523438,724.184936523438,724.184936523438,724.184936523438,NA,NA,NA,NA,NA,NA,NA,NA,NA,NA,NA,NA,NA,NA,NA,NA
"FFS2BURN_2195",647.595825195312,647.595825195312,647.595825195312,647.595825195312,647.595825195312,647.595825195312,718.484985351562,718.484985351562,718.484985351562,718.484985351562,718.484985351562,724.184936523438,724.184936523438,724.184936523438,724.184936523438,724.184936523438,NA,NA,NA,NA,NA,NA,NA,NA,NA,NA,NA,NA,NA,NA,NA,NA
"FFS2BURN_2506",647.595825195312,647.595825195312,647.595825195312,647.595825195312,647.595825195312,647.595825195312,718.484985351562,718.484985351562,718.484985351562,718.484985351562,718.484985351562,724.184936523438,724.184936523438,724.184936523438,724.184936523438,724.184936523438,NA,NA,NA,NA,NA,NA,NA,NA,NA,NA,NA,NA,NA,NA,NA,NA
"FFS2BURN_2508",647.595825195312,647.595825195312,647.595825195312,647.595825195312,647.595825195312,647.595825195312,718.484985351562,718.484985351562,718.484985351562,718.484985351562,718.484985351562,724.184936523438,724.184936523438,724.184936523438,724.184936523438,724.184936523438,NA,NA,NA,NA,NA,NA,NA,NA,NA,NA,NA,NA,NA,NA,NA,NA
"FFS2BURN_2509",647.595825195312,647.595825195312,647.595825195312,647.595825195312,647.595825195312,647.595825195312,718.484985351562,718.484985351562,718.484985351562,718.484985351562,718.484985351562,724.184936523438,724.184936523438,724.184936523438,724.184936523438,724.184936523438,NA,NA,NA,NA,NA,NA,NA,NA,NA,NA,NA,NA,NA,NA,NA,NA
"FFS2BURN_2510",647.595825195312,647.595825195312,647.595825195312,647.595825195312,647.595825195312,647.595825195312,718.484985351562,718.484985351562,718.484985351562,718.484985351562,718.484985351562,724.184936523438,724.184936523438,724.184936523438,724.184936523438,724.184936523438,NA,NA,NA,NA,NA,NA,NA,NA,NA,NA,NA,NA,NA,NA,NA,NA
"FFS2BURN_2512",647.595825195312,647.595825195312,647.595825195312,647.595825195312,647.595825195312,647.595825195312,718.484985351562,718.484985351562,718.484985351562,718.484985351562,718.484985351562,724.184936523438,724.184936523438,724.184936523438,724.184936523438,724.184936523438,NA,NA,NA,NA,NA,NA,NA,NA,NA,NA,NA,NA,NA,NA,NA,NA
"FFS2BURN_2513",647.595825195312,647.595825195312,647.595825195312,647.595825195312,647.595825195312,647.595825195312,718.484985351562,718.484985351562,718.484985351562,718.484985351562,718.484985351562,724.184936523438,724.184936523438,724.184936523438,724.184936523438,724.184936523438,NA,NA,NA,NA,NA,NA,NA,NA,NA,NA,NA,NA,NA,NA,NA,NA
"FFS2BURN_2514",647.595825195312,647.595825195312,647.595825195312,647.595825195312,647.595825195312,647.595825195312,718.484985351562,718.484985351562,718.484985351562,718.484985351562,718.484985351562,724.184936523438,724.184936523438,724.184936523438,724.184936523438,724.184936523438,NA,NA,NA,NA,NA,NA,NA,NA,NA,NA,NA,NA,NA,NA,NA,NA
"FFS2BURN_2520",647.595825195312,647.595825195312,647.595825195312,647.595825195312,647.595825195312,647.595825195312,718.484985351562,718.484985351562,718.484985351562,718.484985351562,718.484985351562,724.184936523438,724.184936523438,724.184936523438,724.184936523438,724.184936523438,NA,NA,NA,NA,NA,NA,NA,NA,NA,NA,NA,NA,NA,NA,NA,NA
"FFS2BURN_2524",647.595825195312,647.595825195312,647.595825195312,647.595825195312,647.595825195312,647.595825195312,750.049987792969,750.049987792969,750.049987792969,NA,NA,NA,NA,NA,NA,NA,NA,NA,NA,NA,NA,NA,NA,NA,NA,NA,NA,NA,NA,NA,NA,NA
"FFS2BURN_2531",647.595825195312,647.595825195312,647.595825195312,647.595825195312,647.595825195312,647.595825195312,718.484985351562,718.484985351562,718.484985351562,718.484985351562,718.484985351562,724.184936523438,724.184936523438,724.184936523438,724.184936523438,724.184936523438,NA,NA,NA,NA,NA,NA,NA,NA,NA,NA,NA,NA,NA,NA,NA,NA
"FFS2BURN_2532",647.595825195312,647.595825195312,647.595825195312,647.595825195312,647.595825195312,647.595825195312,692.162475585938,692.162475585938,NA,NA,NA,NA,NA,NA,NA,NA,NA,NA,NA,NA,NA,NA,NA,NA,NA,NA,NA,NA,NA,NA,NA,NA
"FFS2BURN_2541",647.595825195312,647.595825195312,647.595825195312,647.595825195312,647.595825195312,647.595825195312,NA,NA,NA,NA,NA,NA,NA,NA,NA,NA,NA,NA,NA,NA,NA,NA,NA,NA,NA,NA,NA,NA,NA,NA,NA,NA
"FFS2BURN_2544",679.818115234375,679.818115234375,679.818115234375,679.818115234375,679.818115234375,679.818115234375,679.818115234375,679.818115234375,679.818115234375,679.818115234375,679.818115234375,724.184936523438,724.184936523438,724.184936523438,724.184936523438,724.184936523438,NA,NA,NA,NA,NA,NA,NA,NA,NA,NA,NA,NA,NA,NA,NA,NA
"FFS2BURN_2559",NA,NA,NA,NA,NA,NA,NA,NA,NA,NA,710.612487792969,710.612487792969,710.612487792969,710.612487792969,710.612487792969,710.612487792969,NA,NA,NA,NA,NA,NA,NA,NA,NA,NA,NA,NA,NA,NA,NA,NA
"FFS2BURN_2570",647.595825195312,647.595825195312,647.595825195312,647.595825195312,647.595825195312,647.595825195312,718.484985351562,718.484985351562,718.484985351562,718.484985351562,718.484985351562,724.184936523438,724.184936523438,724.184936523438,724.184936523438,724.184936523438,NA,NA,NA,NA,NA,NA,NA,NA,NA,NA,NA,NA,NA,NA,NA,NA
"FFS2BURN_2571",647.595825195312,647.595825195312,647.595825195312,647.595825195312,647.595825195312,647.595825195312,718.484985351562,718.484985351562,718.484985351562,718.484985351562,718.484985351562,724.184936523438,724.184936523438,724.184936523438,724.184936523438,724.184936523438,NA,NA,NA,NA,NA,NA,NA,NA,NA,NA,NA,NA,NA,NA,NA,NA
"FFS2BURN_4805",647.595825195312,647.595825195312,647.595825195312,647.595825195312,647.595825195312,647.595825195312,718.484985351562,718.484985351562,718.484985351562,718.484985351562,718.484985351562,724.184936523438,724.184936523438,724.184936523438,724.184936523438,724.184936523438,NA,NA,NA,NA,NA,NA,NA,NA,NA,NA,NA,NA,NA,NA,NA,NA
"FFS2BURN_4809",647.595825195312,647.595825195312,647.595825195312,647.595825195312,647.595825195312,647.595825195312,718.484985351562,718.484985351562,718.484985351562,718.484985351562,718.484985351562,638.066650390625,638.066650390625,638.066650390625,NA,NA,NA,NA,NA,NA,NA,NA,NA,NA,NA,NA,NA,NA,NA,NA,NA,NA
"FFS2BURN_4830",647.595825195312,647.595825195312,647.595825195312,647.595825195312,647.595825195312,647.595825195312,718.484985351562,718.484985351562,718.484985351562,718.484985351562,718.484985351562,724.184936523438,724.184936523438,724.184936523438,724.184936523438,724.184936523438,NA,NA,NA,NA,NA,NA,NA,NA,NA,NA,NA,NA,NA,NA,NA,NA
"FFS2BURN_4833",647.595825195312,647.595825195312,647.595825195312,647.595825195312,647.595825195312,647.595825195312,718.484985351562,718.484985351562,718.484985351562,718.484985351562,718.484985351562,724.184936523438,724.184936523438,724.184936523438,724.184936523438,724.184936523438,NA,NA,NA,NA,NA,NA,NA,NA,NA,NA,NA,NA,NA,NA,NA,NA
"FFS2BURN_4834",647.595825195312,647.595825195312,647.595825195312,647.595825195312,647.595825195312,647.595825195312,718.484985351562,718.484985351562,718.484985351562,718.484985351562,718.484985351562,724.184936523438,724.184936523438,724.184936523438,724.184936523438,724.184936523438,NA,NA,NA,NA,NA,NA,NA,NA,NA,NA,NA,NA,NA,NA,NA,NA
"FFS2BURN_4835",647.595825195312,647.595825195312,647.595825195312,647.595825195312,647.595825195312,647.595825195312,718.484985351562,718.484985351562,718.484985351562,718.484985351562,718.484985351562,724.184936523438,724.184936523438,724.184936523438,724.184936523438,724.184936523438,NA,NA,NA,NA,NA,NA,NA,NA,NA,NA,NA,NA,NA,NA,NA,NA
"FFS2BURN_4838",647.595825195312,647.595825195312,647.595825195312,647.595825195312,647.595825195312,647.595825195312,692.162475585938,692.162475585938,NA,NA,NA,NA,NA,NA,NA,NA,NA,NA,NA,NA,NA,NA,NA,NA,NA,NA,NA,NA,NA,NA,NA,NA
"FFS2BURN_4859",688.1875,688.1875,688.1875,688.1875,NA,NA,NA,NA,NA,NA,NA,NA,NA,NA,NA,NA,NA,NA,NA,NA,NA,NA,NA,NA,NA,NA,NA,NA,NA,NA,NA,NA
"FFS2BURN_4865",647.595825195312,647.595825195312,647.595825195312,647.595825195312,647.595825195312,647.595825195312,737.418701171875,737.418701171875,737.418701171875,737.418701171875,NA,NA,NA,NA,NA,NA,NA,NA,NA,NA,NA,NA,NA,NA,NA,NA,NA,NA,NA,NA,NA,NA
"FFS2BURN_4867",647.595825195312,647.595825195312,647.595825195312,647.595825195312,647.595825195312,647.595825195312,718.484985351562,718.484985351562,718.484985351562,718.484985351562,718.484985351562,562.474975585938,NA,NA,NA,NA,NA,NA,NA,NA,NA,NA,NA,NA,NA,NA,NA,NA,NA,NA,NA,NA
"FFS2BURN_4868",647.595825195312,647.595825195312,647.595825195312,647.595825195312,647.595825195312,647.595825195312,718.484985351562,718.484985351562,718.484985351562,718.484985351562,718.484985351562,NA,NA,NA,NA,NA,NA,NA,NA,NA,NA,NA,NA,NA,NA,NA,NA,NA,NA,NA,NA,NA
"FFS2BURN_4870",647.595825195312,647.595825195312,647.595825195312,647.595825195312,647.595825195312,647.595825195312,718.484985351562,718.484985351562,718.484985351562,718.484985351562,718.484985351562,724.184936523438,724.184936523438,724.184936523438,724.184936523438,724.184936523438,NA,NA,NA,NA,NA,NA,NA,NA,NA,NA,NA,NA,NA,NA,NA,NA
"FFS2BURN_4875",647.595825195312,647.595825195312,647.595825195312,647.595825195312,647.595825195312,647.595825195312,718.484985351562,718.484985351562,718.484985351562,718.484985351562,718.484985351562,724.184936523438,724.184936523438,724.184936523438,724.184936523438,724.184936523438,NA,NA,NA,NA,NA,NA,NA,NA,NA,NA,NA,NA,NA,NA,NA,NA
"FFS2BURN_4888",647.595825195312,647.595825195312,647.595825195312,647.595825195312,647.595825195312,647.595825195312,718.484985351562,718.484985351562,718.484985351562,718.484985351562,718.484985351562,724.184936523438,724.184936523438,724.184936523438,724.184936523438,724.184936523438,NA,NA,NA,NA,NA,NA,NA,NA,NA,NA,NA,NA,NA,NA,NA,NA
"FFS2BURN_4891",647.595825195312,647.595825195312,647.595825195312,647.595825195312,647.595825195312,647.595825195312,718.484985351562,718.484985351562,718.484985351562,718.484985351562,718.484985351562,724.184936523438,724.184936523438,724.184936523438,724.184936523438,724.184936523438,NA,NA,NA,NA,NA,NA,NA,NA,NA,NA,NA,NA,NA,NA,NA,NA
"FFS2BURN_4892",647.595825195312,647.595825195312,647.595825195312,647.595825195312,647.595825195312,647.595825195312,718.484985351562,718.484985351562,718.484985351562,718.484985351562,718.484985351562,724.184936523438,724.184936523438,724.184936523438,724.184936523438,724.184936523438,NA,NA,NA,NA,NA,NA,NA,NA,NA,NA,NA,NA,NA,NA,NA,NA
"FFS2BURN_4896",647.595825195312,647.595825195312,647.595825195312,647.595825195312,647.595825195312,647.595825195312,718.484985351562,718.484985351562,718.484985351562,718.484985351562,718.484985351562,724.184936523438,724.184936523438,724.184936523438,724.184936523438,724.184936523438,NA,NA,NA,NA,NA,NA,NA,NA,NA,NA,NA,NA,NA,NA,NA,NA
"FFS2BURN_4897",647.595825195312,647.595825195312,647.595825195312,647.595825195312,647.595825195312,647.595825195312,718.484985351562,718.484985351562,718.484985351562,718.484985351562,718.484985351562,724.184936523438,724.184936523438,724.184936523438,724.184936523438,724.184936523438,NA,NA,NA,NA,NA,NA,NA,NA,NA,NA,NA,NA,NA,NA,NA,NA
"FFS2BURN_4899",647.595825195312,647.595825195312,647.595825195312,647.595825195312,647.595825195312,647.595825195312,718.484985351562,718.484985351562,718.484985351562,718.484985351562,718.484985351562,724.184936523438,724.184936523438,724.184936523438,724.184936523438,724.184936523438,NA,NA,NA,NA,NA,NA,NA,NA,NA,NA,NA,NA,NA,NA,NA,NA
"FFS2BURN_5102",647.595825195312,647.595825195312,647.595825195312,647.595825195312,647.595825195312,647.595825195312,718.484985351562,718.484985351562,718.484985351562,718.484985351562,718.484985351562,724.184936523438,724.184936523438,724.184936523438,724.184936523438,724.184936523438,NA,NA,NA,NA,NA,NA,NA,NA,NA,NA,NA,NA,NA,NA,NA,NA
"FFS2BURN_5105",647.595825195312,647.595825195312,647.595825195312,647.595825195312,647.595825195312,647.595825195312,718.484985351562,718.484985351562,718.484985351562,718.484985351562,718.484985351562,724.184936523438,724.184936523438,724.184936523438,724.184936523438,724.184936523438,NA,NA,NA,NA,NA,NA,NA,NA,NA,NA,NA,NA,NA,NA,NA,NA
"FFS2BURN_5106",647.595825195312,647.595825195312,647.595825195312,647.595825195312,647.595825195312,647.595825195312,718.484985351562,718.484985351562,718.484985351562,718.484985351562,718.484985351562,724.184936523438,724.184936523438,724.184936523438,724.184936523438,724.184936523438,NA,NA,NA,NA,NA,NA,NA,NA,NA,NA,NA,NA,NA,NA,NA,NA
"FFS2BURN_5107",647.595825195312,647.595825195312,647.595825195312,647.595825195312,647.595825195312,647.595825195312,718.484985351562,718.484985351562,718.484985351562,718.484985351562,718.484985351562,724.184936523438,724.184936523438,724.184936523438,724.184936523438,724.184936523438,NA,NA,NA,NA,NA,NA,NA,NA,NA,NA,NA,NA,NA,NA,NA,NA
"FFS2BURN_5111",647.595825195312,647.595825195312,647.595825195312,647.595825195312,647.595825195312,647.595825195312,718.484985351562,718.484985351562,718.484985351562,718.484985351562,718.484985351562,724.184936523438,724.184936523438,724.184936523438,724.184936523438,724.184936523438,NA,NA,NA,NA,NA,NA,NA,NA,NA,NA,NA,NA,NA,NA,NA,NA
"FFS2BURN_5113",647.595825195312,647.595825195312,647.595825195312,647.595825195312,647.595825195312,647.595825195312,718.484985351562,718.484985351562,718.484985351562,718.484985351562,718.484985351562,724.184936523438,724.184936523438,724.184936523438,724.184936523438,724.184936523438,NA,NA,NA,NA,NA,NA,NA,NA,NA,NA,NA,NA,NA,NA,NA,NA
"FFS2BURN_5117",647.595825195312,647.595825195312,647.595825195312,647.595825195312,647.595825195312,647.595825195312,718.484985351562,718.484985351562,718.484985351562,718.484985351562,718.484985351562,724.184936523438,724.184936523438,724.184936523438,724.184936523438,724.184936523438,NA,NA,NA,NA,NA,NA,NA,NA,NA,NA,NA,NA,NA,NA,NA,NA
"FFS2BURN_5121",647.595825195312,647.595825195312,647.595825195312,647.595825195312,647.595825195312,647.595825195312,718.484985351562,718.484985351562,718.484985351562,718.484985351562,718.484985351562,562.474975585938,NA,NA,NA,NA,NA,NA,NA,NA,NA,NA,NA,NA,NA,NA,NA,NA,NA,NA,NA,NA
"FFS2BURN_5122",647.595825195312,647.595825195312,647.595825195312,647.595825195312,647.595825195312,647.595825195312,718.484985351562,718.484985351562,718.484985351562,718.484985351562,718.484985351562,724.184936523438,724.184936523438,724.184936523438,724.184936523438,724.184936523438,NA,NA,NA,NA,NA,NA,NA,NA,NA,NA,NA,NA,NA,NA,NA,NA
"FFS2BURN_5125",647.595825195312,647.595825195312,647.595825195312,647.595825195312,647.595825195312,647.595825195312,645.75,NA,NA,NA,NA,NA,NA,NA,NA,NA,NA,NA,NA,NA,NA,NA,NA,NA,NA,NA,NA,NA,NA,NA,NA,NA
"FFS2BURN_5131",647.595825195312,647.595825195312,647.595825195312,647.595825195312,647.595825195312,647.595825195312,718.484985351562,718.484985351562,718.484985351562,718.484985351562,718.484985351562,724.184936523438,724.184936523438,724.184936523438,724.184936523438,724.184936523438,NA,NA,NA,NA,NA,NA,NA,NA,NA,NA,NA,NA,NA,NA,NA,NA
"FFS2BURN_5132",647.595825195312,647.595825195312,647.595825195312,647.595825195312,647.595825195312,647.595825195312,718.484985351562,718.484985351562,718.484985351562,718.484985351562,718.484985351562,724.184936523438,724.184936523438,724.184936523438,724.184936523438,724.184936523438,NA,NA,NA,NA,NA,NA,NA,NA,NA,NA,NA,NA,NA,NA,NA,NA
"FFS2BURN_5133",647.595825195312,647.595825195312,647.595825195312,647.595825195312,647.595825195312,647.595825195312,718.484985351562,718.484985351562,718.484985351562,718.484985351562,718.484985351562,724.184936523438,724.184936523438,724.184936523438,724.184936523438,724.184936523438,NA,NA,NA,NA,NA,NA,NA,NA,NA,NA,NA,NA,NA,NA,NA,NA
"FFS2BURN_5135",647.595825195312,647.595825195312,647.595825195312,647.595825195312,647.595825195312,647.595825195312,718.484985351562,718.484985351562,718.484985351562,718.484985351562,718.484985351562,724.184936523438,724.184936523438,724.184936523438,724.184936523438,724.184936523438,NA,NA,NA,NA,NA,NA,NA,NA,NA,NA,NA,NA,NA,NA,NA,NA
"FFS2BURN_5137",647.595825195312,647.595825195312,647.595825195312,647.595825195312,647.595825195312,647.595825195312,718.484985351562,718.484985351562,718.484985351562,718.484985351562,718.484985351562,NA,NA,NA,NA,NA,NA,NA,NA,NA,NA,NA,NA,NA,NA,NA,NA,NA,NA,NA,NA,NA
"FFS2BURN_5138",647.595825195312,647.595825195312,647.595825195312,647.595825195312,647.595825195312,647.595825195312,718.484985351562,718.484985351562,718.484985351562,718.484985351562,718.484985351562,724.184936523438,724.184936523438,724.184936523438,724.184936523438,724.184936523438,NA,NA,NA,NA,NA,NA,NA,NA,NA,NA,NA,NA,NA,NA,NA,NA
"FFS2BURN_5139",647.595825195312,647.595825195312,647.595825195312,647.595825195312,647.595825195312,647.595825195312,718.484985351562,718.484985351562,718.484985351562,718.484985351562,718.484985351562,724.184936523438,724.184936523438,724.184936523438,724.184936523438,724.184936523438,NA,NA,NA,NA,NA,NA,NA,NA,NA,NA,NA,NA,NA,NA,NA,NA
"FFS2BURN_5140",647.595825195312,647.595825195312,647.595825195312,647.595825195312,647.595825195312,647.595825195312,718.484985351562,718.484985351562,718.484985351562,718.484985351562,718.484985351562,724.184936523438,724.184936523438,724.184936523438,724.184936523438,724.184936523438,NA,NA,NA,NA,NA,NA,NA,NA,NA,NA,NA,NA,NA,NA,NA,NA
"FFS2BURN_5141",647.595825195312,647.595825195312,647.595825195312,647.595825195312,647.595825195312,647.595825195312,718.484985351562,718.484985351562,718.484985351562,718.484985351562,718.484985351562,724.184936523438,724.184936523438,724.184936523438,724.184936523438,724.184936523438,NA,NA,NA,NA,NA,NA,NA,NA,NA,NA,NA,NA,NA,NA,NA,NA
"FFS2BURN_5142",647.595825195312,647.595825195312,647.595825195312,647.595825195312,647.595825195312,647.595825195312,718.484985351562,718.484985351562,718.484985351562,718.484985351562,718.484985351562,724.184936523438,724.184936523438,724.184936523438,724.184936523438,724.184936523438,NA,NA,NA,NA,NA,NA,NA,NA,NA,NA,NA,NA,NA,NA,NA,NA
"FFS2BURN_5149",NA,NA,NA,NA,NA,NA,NA,NA,NA,NA,710.612487792969,710.612487792969,710.612487792969,710.612487792969,710.612487792969,710.612487792969,NA,NA,NA,NA,NA,NA,NA,NA,NA,NA,NA,NA,NA,NA,NA,NA
"FFS2BURN_5161",647.595825195312,647.595825195312,647.595825195312,647.595825195312,647.595825195312,647.595825195312,718.484985351562,718.484985351562,718.484985351562,718.484985351562,718.484985351562,724.184936523438,724.184936523438,724.184936523438,724.184936523438,724.184936523438,NA,NA,NA,NA,NA,NA,NA,NA,NA,NA,NA,NA,NA,NA,NA,NA
"FFS2BURN_5162",647.595825195312,647.595825195312,647.595825195312,647.595825195312,647.595825195312,647.595825195312,718.484985351562,718.484985351562,718.484985351562,718.484985351562,718.484985351562,NA,NA,NA,NA,NA,NA,NA,NA,NA,NA,NA,NA,NA,NA,NA,NA,NA,NA,NA,NA,NA
"FFS2BURN_5174",647.595825195312,647.595825195312,647.595825195312,647.595825195312,647.595825195312,647.595825195312,692.162475585938,692.162475585938,NA,NA,NA,NA,NA,NA,NA,NA,NA,NA,NA,NA,NA,NA,NA,NA,NA,NA,NA,NA,NA,NA,NA,NA
"FFS2BURN_5175",647.595825195312,647.595825195312,647.595825195312,647.595825195312,647.595825195312,647.595825195312,718.484985351562,718.484985351562,718.484985351562,718.484985351562,718.484985351562,724.184936523438,724.184936523438,724.184936523438,724.184936523438,724.184936523438,NA,NA,NA,NA,NA,NA,NA,NA,NA,NA,NA,NA,NA,NA,NA,NA
"FFS2BURN_5201",647.595825195312,647.595825195312,647.595825195312,647.595825195312,647.595825195312,647.595825195312,718.484985351562,718.484985351562,718.484985351562,718.484985351562,718.484985351562,724.184936523438,724.184936523438,724.184936523438,724.184936523438,724.184936523438,NA,NA,NA,NA,NA,NA,NA,NA,NA,NA,NA,NA,NA,NA,NA,NA
"FFS2BURN_5204",647.595825195312,647.595825195312,647.595825195312,647.595825195312,647.595825195312,647.595825195312,645.75,NA,NA,NA,NA,NA,NA,NA,NA,NA,NA,NA,NA,NA,NA,NA,NA,NA,NA,NA,NA,NA,NA,NA,NA,NA
"FFS2BURN_5208",647.595825195312,647.595825195312,647.595825195312,647.595825195312,647.595825195312,647.595825195312,718.484985351562,718.484985351562,718.484985351562,718.484985351562,718.484985351562,662.599975585938,662.599975585938,NA,NA,NA,NA,NA,NA,NA,NA,NA,NA,NA,NA,NA,NA,NA,NA,NA,NA,NA
"FFS2BURN_5209",647.595825195312,647.595825195312,647.595825195312,647.595825195312,647.595825195312,647.595825195312,718.484985351562,718.484985351562,718.484985351562,718.484985351562,718.484985351562,724.184936523438,724.184936523438,724.184936523438,724.184936523438,724.184936523438,NA,NA,NA,NA,NA,NA,NA,NA,NA,NA,NA,NA,NA,NA,NA,NA
"FFS2BURN_5211",647.595825195312,647.595825195312,647.595825195312,647.595825195312,647.595825195312,647.595825195312,718.484985351562,718.484985351562,718.484985351562,718.484985351562,718.484985351562,678.231201171875,678.231201171875,678.231201171875,678.231201171875,NA,NA,NA,NA,NA,NA,NA,NA,NA,NA,NA,NA,NA,NA,NA,NA,NA
"FFS2BURN_5213",647.595825195312,647.595825195312,647.595825195312,647.595825195312,647.595825195312,647.595825195312,718.484985351562,718.484985351562,718.484985351562,718.484985351562,718.484985351562,724.184936523438,724.184936523438,724.184936523438,724.184936523438,724.184936523438,NA,NA,NA,NA,NA,NA,NA,NA,NA,NA,NA,NA,NA,NA,NA,NA
"FFS2BURN_5223",647.595825195312,647.595825195312,647.595825195312,647.595825195312,647.595825195312,647.595825195312,718.484985351562,718.484985351562,718.484985351562,718.484985351562,718.484985351562,724.184936523438,724.184936523438,724.184936523438,724.184936523438,724.184936523438,NA,NA,NA,NA,NA,NA,NA,NA,NA,NA,NA,NA,NA,NA,NA,NA
"FFS2BURN_5230",NA,NA,NA,NA,NA,NA,NA,NA,NA,NA,710.612487792969,710.612487792969,710.612487792969,710.612487792969,710.612487792969,710.612487792969,NA,NA,NA,NA,NA,NA,NA,NA,NA,NA,NA,NA,NA,NA,NA,NA
"FFS2BURN_5232",NA,NA,NA,NA,NA,689.166687011719,689.166687011719,689.166687011719,689.166687011719,689.166687011719,689.166687011719,724.184936523438,724.184936523438,724.184936523438,724.184936523438,724.184936523438,NA,NA,NA,NA,NA,NA,NA,NA,NA,NA,NA,NA,NA,NA,NA,NA
"FFS2BURN_5235",647.595825195312,647.595825195312,647.595825195312,647.595825195312,647.595825195312,647.595825195312,718.484985351562,718.484985351562,718.484985351562,718.484985351562,718.484985351562,724.184936523438,724.184936523438,724.184936523438,724.184936523438,724.184936523438,NA,NA,NA,NA,NA,NA,NA,NA,NA,NA,NA,NA,NA,NA,NA,NA
"FFS2BURN_5236",647.595825195312,647.595825195312,647.595825195312,647.595825195312,647.595825195312,647.595825195312,718.484985351562,718.484985351562,718.484985351562,718.484985351562,718.484985351562,724.184936523438,724.184936523438,724.184936523438,724.184936523438,724.184936523438,NA,NA,NA,NA,NA,NA,NA,NA,NA,NA,NA,NA,NA,NA,NA,NA
"FFS2BURN_5237",NA,NA,NA,NA,NA,NA,NA,NA,NA,NA,710.612487792969,710.612487792969,710.612487792969,710.612487792969,710.612487792969,710.612487792969,NA,NA,NA,NA,NA,NA,NA,NA,NA,NA,NA,NA,NA,NA,NA,NA
"FFS2BURN_5240",647.595825195312,647.595825195312,647.595825195312,647.595825195312,647.595825195312,647.595825195312,718.484985351562,718.484985351562,718.484985351562,718.484985351562,718.484985351562,724.184936523438,724.184936523438,724.184936523438,724.184936523438,724.184936523438,NA,NA,NA,NA,NA,NA,NA,NA,NA,NA,NA,NA,NA,NA,NA,NA
"FFS2BURN_5241",647.595825195312,647.595825195312,647.595825195312,647.595825195312,647.595825195312,647.595825195312,718.484985351562,718.484985351562,718.484985351562,718.484985351562,718.484985351562,724.184936523438,724.184936523438,724.184936523438,724.184936523438,724.184936523438,NA,NA,NA,NA,NA,NA,NA,NA,NA,NA,NA,NA,NA,NA,NA,NA
"FFS2BURN_5247",647.595825195312,647.595825195312,647.595825195312,647.595825195312,647.595825195312,647.595825195312,718.484985351562,718.484985351562,718.484985351562,718.484985351562,718.484985351562,724.184936523438,724.184936523438,724.184936523438,724.184936523438,724.184936523438,NA,NA,NA,NA,NA,NA,NA,NA,NA,NA,NA,NA,NA,NA,NA,NA
"FFS2BURN_5248",647.595825195312,647.595825195312,647.595825195312,647.595825195312,647.595825195312,647.595825195312,718.484985351562,718.484985351562,718.484985351562,718.484985351562,718.484985351562,724.184936523438,724.184936523438,724.184936523438,724.184936523438,724.184936523438,NA,NA,NA,NA,NA,NA,NA,NA,NA,NA,NA,NA,NA,NA,NA,NA
"FFS2BURN_5249",647.595825195312,647.595825195312,647.595825195312,647.595825195312,647.595825195312,647.595825195312,718.484985351562,718.484985351562,718.484985351562,718.484985351562,718.484985351562,724.184936523438,724.184936523438,724.184936523438,724.184936523438,724.184936523438,NA,NA,NA,NA,NA,NA,NA,NA,NA,NA,NA,NA,NA,NA,NA,NA
"FFS2BURN_5252",647.595825195312,647.595825195312,647.595825195312,647.595825195312,647.595825195312,647.595825195312,718.484985351562,718.484985351562,718.484985351562,718.484985351562,718.484985351562,678.231201171875,678.231201171875,678.231201171875,678.231201171875,NA,NA,NA,NA,NA,NA,NA,NA,NA,NA,NA,NA,NA,NA,NA,NA,NA
"FFS2BURN_5256",647.595825195312,647.595825195312,647.595825195312,647.595825195312,647.595825195312,647.595825195312,718.484985351562,718.484985351562,718.484985351562,718.484985351562,718.484985351562,724.184936523438,724.184936523438,724.184936523438,724.184936523438,724.184936523438,NA,NA,NA,NA,NA,NA,NA,NA,NA,NA,NA,NA,NA,NA,NA,NA
"FFS2BURN_5257",647.595825195312,647.595825195312,647.595825195312,647.595825195312,647.595825195312,647.595825195312,718.484985351562,718.484985351562,718.484985351562,718.484985351562,718.484985351562,724.184936523438,724.184936523438,724.184936523438,724.184936523438,724.184936523438,NA,NA,NA,NA,NA,NA,NA,NA,NA,NA,NA,NA,NA,NA,NA,NA
"FFS2BURN_5259",647.595825195312,647.595825195312,647.595825195312,647.595825195312,647.595825195312,647.595825195312,737.418701171875,737.418701171875,737.418701171875,737.418701171875,NA,NA,NA,NA,NA,NA,NA,NA,NA,NA,NA,NA,NA,NA,NA,NA,NA,NA,NA,NA,NA,NA
"FFS2BURN_5260",647.595825195312,647.595825195312,647.595825195312,647.595825195312,647.595825195312,647.595825195312,718.484985351562,718.484985351562,718.484985351562,718.484985351562,718.484985351562,724.184936523438,724.184936523438,724.184936523438,724.184936523438,724.184936523438,NA,NA,NA,NA,NA,NA,NA,NA,NA,NA,NA,NA,NA,NA,NA,NA
"FFS2BURN_5261",647.595825195312,647.595825195312,647.595825195312,647.595825195312,647.595825195312,647.595825195312,718.484985351562,718.484985351562,718.484985351562,718.484985351562,718.484985351562,678.231201171875,678.231201171875,678.231201171875,678.231201171875,NA,NA,NA,NA,NA,NA,NA,NA,NA,NA,NA,NA,NA,NA,NA,NA,NA
"FFS2BURN_5262",647.595825195312,647.595825195312,647.595825195312,647.595825195312,647.595825195312,647.595825195312,718.484985351562,718.484985351562,718.484985351562,718.484985351562,718.484985351562,NA,NA,NA,NA,NA,NA,NA,NA,NA,NA,NA,NA,NA,NA,NA,NA,NA,NA,NA,NA,NA
"FFS2BURN_5263",647.595825195312,647.595825195312,647.595825195312,647.595825195312,647.595825195312,647.595825195312,718.484985351562,718.484985351562,718.484985351562,718.484985351562,718.484985351562,678.231201171875,678.231201171875,678.231201171875,678.231201171875,NA,NA,NA,NA,NA,NA,NA,NA,NA,NA,NA,NA,NA,NA,NA,NA,NA
"FFS2BURN_5264",647.595825195312,647.595825195312,647.595825195312,647.595825195312,647.595825195312,647.595825195312,718.484985351562,718.484985351562,718.484985351562,718.484985351562,718.484985351562,724.184936523438,724.184936523438,724.184936523438,724.184936523438,724.184936523438,NA,NA,NA,NA,NA,NA,NA,NA,NA,NA,NA,NA,NA,NA,NA,NA
"FFS2BURN_5269",647.595825195312,647.595825195312,647.595825195312,647.595825195312,647.595825195312,647.595825195312,718.484985351562,718.484985351562,718.484985351562,718.484985351562,718.484985351562,724.184936523438,724.184936523438,724.184936523438,724.184936523438,724.184936523438,NA,NA,NA,NA,NA,NA,NA,NA,NA,NA,NA,NA,NA,NA,NA,NA
"FFS2BURN_5271",647.595825195312,647.595825195312,647.595825195312,647.595825195312,647.595825195312,647.595825195312,718.484985351562,718.484985351562,718.484985351562,718.484985351562,718.484985351562,724.184936523438,724.184936523438,724.184936523438,724.184936523438,724.184936523438,NA,NA,NA,NA,NA,NA,NA,NA,NA,NA,NA,NA,NA,NA,NA,NA
"FFS2BURN_5275",647.595825195312,647.595825195312,647.595825195312,647.595825195312,647.595825195312,647.595825195312,718.484985351562,718.484985351562,718.484985351562,718.484985351562,718.484985351562,724.184936523438,724.184936523438,724.184936523438,724.184936523438,724.184936523438,NA,NA,NA,NA,NA,NA,NA,NA,NA,NA,NA,NA,NA,NA,NA,NA
"FFS2BURN_5276",647.595825195312,647.595825195312,647.595825195312,647.595825195312,647.595825195312,647.595825195312,718.484985351562,718.484985351562,718.484985351562,718.484985351562,718.484985351562,678.231201171875,678.231201171875,678.231201171875,678.231201171875,NA,NA,NA,NA,NA,NA,NA,NA,NA,NA,NA,NA,NA,NA,NA,NA,NA
"FFS2BURN_5286",647.595825195312,647.595825195312,647.595825195312,647.595825195312,647.595825195312,647.595825195312,718.484985351562,718.484985351562,718.484985351562,718.484985351562,718.484985351562,724.184936523438,724.184936523438,724.184936523438,724.184936523438,724.184936523438,NA,NA,NA,NA,NA,NA,NA,NA,NA,NA,NA,NA,NA,NA,NA,NA
"FFS2BURN_5289",679.818115234375,679.818115234375,679.818115234375,679.818115234375,679.818115234375,679.818115234375,679.818115234375,679.818115234375,679.818115234375,679.818115234375,679.818115234375,678.231201171875,678.231201171875,678.231201171875,678.231201171875,NA,NA,NA,NA,NA,NA,NA,NA,NA,NA,NA,NA,NA,NA,NA,NA,NA
"FFS2BURN_5290",NA,NA,NA,NA,NA,NA,NA,NA,NA,NA,710.612487792969,710.612487792969,710.612487792969,710.612487792969,710.612487792969,710.612487792969,NA,NA,NA,NA,NA,NA,NA,NA,NA,NA,NA,NA,NA,NA,NA,NA
"FFS2BURN_5292",647.595825195312,647.595825195312,647.595825195312,647.595825195312,647.595825195312,647.595825195312,718.484985351562,718.484985351562,718.484985351562,718.484985351562,718.484985351562,724.184936523438,724.184936523438,724.184936523438,724.184936523438,724.184936523438,NA,NA,NA,NA,NA,NA,NA,NA,NA,NA,NA,NA,NA,NA,NA,NA
"FFS2BURN_5298",647.595825195312,647.595825195312,647.595825195312,647.595825195312,647.595825195312,647.595825195312,718.484985351562,718.484985351562,718.484985351562,718.484985351562,718.484985351562,724.184936523438,724.184936523438,724.184936523438,724.184936523438,724.184936523438,NA,NA,NA,NA,NA,NA,NA,NA,NA,NA,NA,NA,NA,NA,NA,NA
"FFS2BURN_5299",647.595825195312,647.595825195312,647.595825195312,647.595825195312,647.595825195312,647.595825195312,718.484985351562,718.484985351562,718.484985351562,718.484985351562,718.484985351562,724.184936523438,724.184936523438,724.184936523438,724.184936523438,724.184936523438,NA,NA,NA,NA,NA,NA,NA,NA,NA,NA,NA,NA,NA,NA,NA,NA
"FFS2BURN_5308",647.595825195312,647.595825195312,647.595825195312,647.595825195312,647.595825195312,647.595825195312,718.484985351562,718.484985351562,718.484985351562,718.484985351562,718.484985351562,724.184936523438,724.184936523438,724.184936523438,724.184936523438,724.184936523438,NA,NA,NA,NA,NA,NA,NA,NA,NA,NA,NA,NA,NA,NA,NA,NA
"FFS2BURN_5310",647.595825195312,647.595825195312,647.595825195312,647.595825195312,647.595825195312,647.595825195312,718.484985351562,718.484985351562,718.484985351562,718.484985351562,718.484985351562,724.184936523438,724.184936523438,724.184936523438,724.184936523438,724.184936523438,NA,NA,NA,NA,NA,NA,NA,NA,NA,NA,NA,NA,NA,NA,NA,NA
"FFS2BURN_5311",647.595825195312,647.595825195312,647.595825195312,647.595825195312,647.595825195312,647.595825195312,718.484985351562,718.484985351562,718.484985351562,718.484985351562,718.484985351562,724.184936523438,724.184936523438,724.184936523438,724.184936523438,724.184936523438,NA,NA,NA,NA,NA,NA,NA,NA,NA,NA,NA,NA,NA,NA,NA,NA
"FFS2BURN_5319",647.595825195312,647.595825195312,647.595825195312,647.595825195312,647.595825195312,647.595825195312,718.484985351562,718.484985351562,718.484985351562,718.484985351562,718.484985351562,724.184936523438,724.184936523438,724.184936523438,724.184936523438,724.184936523438,NA,NA,NA,NA,NA,NA,NA,NA,NA,NA,NA,NA,NA,NA,NA,NA
"FFS2BURN_5320",668.599975585938,668.599975585938,668.599975585938,668.599975585938,668.599975585938,NA,NA,NA,NA,NA,NA,NA,NA,NA,NA,NA,NA,NA,NA,NA,NA,NA,NA,NA,NA,NA,NA,NA,NA,NA,NA,NA
"FFS2BURN_5330",647.595825195312,647.595825195312,647.595825195312,647.595825195312,647.595825195312,647.595825195312,718.484985351562,718.484985351562,718.484985351562,718.484985351562,718.484985351562,724.184936523438,724.184936523438,724.184936523438,724.184936523438,724.184936523438,NA,NA,NA,NA,NA,NA,NA,NA,NA,NA,NA,NA,NA,NA,NA,NA
"FFS2BURN_5331",647.595825195312,647.595825195312,647.595825195312,647.595825195312,647.595825195312,647.595825195312,718.484985351562,718.484985351562,718.484985351562,718.484985351562,718.484985351562,724.184936523438,724.184936523438,724.184936523438,724.184936523438,724.184936523438,NA,NA,NA,NA,NA,NA,NA,NA,NA,NA,NA,NA,NA,NA,NA,NA
"FFS2BURN_5333",647.595825195312,647.595825195312,647.595825195312,647.595825195312,647.595825195312,647.595825195312,718.484985351562,718.484985351562,718.484985351562,718.484985351562,718.484985351562,724.184936523438,724.184936523438,724.184936523438,724.184936523438,724.184936523438,NA,NA,NA,NA,NA,NA,NA,NA,NA,NA,NA,NA,NA,NA,NA,NA
"FFS2BURN_5339",647.595825195312,647.595825195312,647.595825195312,647.595825195312,647.595825195312,647.595825195312,718.484985351562,718.484985351562,718.484985351562,718.484985351562,718.484985351562,724.184936523438,724.184936523438,724.184936523438,724.184936523438,724.184936523438,NA,NA,NA,NA,NA,NA,NA,NA,NA,NA,NA,NA,NA,NA,NA,NA
"FFS2BURN_5341",647.595825195312,647.595825195312,647.595825195312,647.595825195312,647.595825195312,647.595825195312,718.484985351562,718.484985351562,718.484985351562,718.484985351562,718.484985351562,638.066650390625,638.066650390625,638.066650390625,NA,NA,NA,NA,NA,NA,NA,NA,NA,NA,NA,NA,NA,NA,NA,NA,NA,NA
"FFS2BURN_5342",647.595825195312,647.595825195312,647.595825195312,647.595825195312,647.595825195312,647.595825195312,718.484985351562,718.484985351562,718.484985351562,718.484985351562,718.484985351562,724.184936523438,724.184936523438,724.184936523438,724.184936523438,724.184936523438,NA,NA,NA,NA,NA,NA,NA,NA,NA,NA,NA,NA,NA,NA,NA,NA
"FFS2BURN_5343",647.595825195312,647.595825195312,647.595825195312,647.595825195312,647.595825195312,647.595825195312,718.484985351562,718.484985351562,718.484985351562,718.484985351562,718.484985351562,724.184936523438,724.184936523438,724.184936523438,724.184936523438,724.184936523438,NA,NA,NA,NA,NA,NA,NA,NA,NA,NA,NA,NA,NA,NA,NA,NA
"FFS2BURN_5344",647.595825195312,647.595825195312,647.595825195312,647.595825195312,647.595825195312,647.595825195312,718.484985351562,718.484985351562,718.484985351562,718.484985351562,718.484985351562,724.184936523438,724.184936523438,724.184936523438,724.184936523438,724.184936523438,NA,NA,NA,NA,NA,NA,NA,NA,NA,NA,NA,NA,NA,NA,NA,NA
"FFS2BURN_5345",647.595825195312,647.595825195312,647.595825195312,647.595825195312,647.595825195312,647.595825195312,718.484985351562,718.484985351562,718.484985351562,718.484985351562,718.484985351562,724.184936523438,724.184936523438,724.184936523438,724.184936523438,724.184936523438,NA,NA,NA,NA,NA,NA,NA,NA,NA,NA,NA,NA,NA,NA,NA,NA
"FFS2BURN_5364",647.595825195312,647.595825195312,647.595825195312,647.595825195312,647.595825195312,647.595825195312,718.484985351562,718.484985351562,718.484985351562,718.484985351562,718.484985351562,724.184936523438,724.184936523438,724.184936523438,724.184936523438,724.184936523438,NA,NA,NA,NA,NA,NA,NA,NA,NA,NA,NA,NA,NA,NA,NA,NA
"FFS2BURN_5376",647.595825195312,647.595825195312,647.595825195312,647.595825195312,647.595825195312,647.595825195312,718.484985351562,718.484985351562,718.484985351562,718.484985351562,718.484985351562,724.184936523438,724.184936523438,724.184936523438,724.184936523438,724.184936523438,NA,NA,NA,NA,NA,NA,NA,NA,NA,NA,NA,NA,NA,NA,NA,NA
"FFS2BURN_5385",647.595825195312,647.595825195312,647.595825195312,647.595825195312,647.595825195312,647.595825195312,750.049987792969,750.049987792969,750.049987792969,NA,NA,NA,NA,NA,NA,NA,NA,NA,NA,NA,NA,NA,NA,NA,NA,NA,NA,NA,NA,NA,NA,NA
"FFS2BURN_5388",647.595825195312,647.595825195312,647.595825195312,647.595825195312,647.595825195312,647.595825195312,645.75,NA,NA,NA,NA,NA,NA,NA,NA,NA,NA,NA,NA,NA,NA,NA,NA,NA,NA,NA,NA,NA,NA,NA,NA,NA
"FFS2BURN_5393",647.595825195312,647.595825195312,647.595825195312,647.595825195312,647.595825195312,647.595825195312,718.484985351562,718.484985351562,718.484985351562,718.484985351562,718.484985351562,724.184936523438,724.184936523438,724.184936523438,724.184936523438,724.184936523438,NA,NA,NA,NA,NA,NA,NA,NA,NA,NA,NA,NA,NA,NA,NA,NA
"FFS2BURN_5394",647.595825195312,647.595825195312,647.595825195312,647.595825195312,647.595825195312,647.595825195312,718.484985351562,718.484985351562,718.484985351562,718.484985351562,718.484985351562,678.231201171875,678.231201171875,678.231201171875,678.231201171875,NA,NA,NA,NA,NA,NA,NA,NA,NA,NA,NA,NA,NA,NA,NA,NA,NA
"FFS2BURN_5396",647.595825195312,647.595825195312,647.595825195312,647.595825195312,647.595825195312,647.595825195312,718.484985351562,718.484985351562,718.484985351562,718.484985351562,718.484985351562,724.184936523438,724.184936523438,724.184936523438,724.184936523438,724.184936523438,NA,NA,NA,NA,NA,NA,NA,NA,NA,NA,NA,NA,NA,NA,NA,NA
"FFS2BURN_5464",647.595825195312,647.595825195312,647.595825195312,647.595825195312,647.595825195312,647.595825195312,718.484985351562,718.484985351562,718.484985351562,718.484985351562,718.484985351562,724.184936523438,724.184936523438,724.184936523438,724.184936523438,724.184936523438,NA,NA,NA,NA,NA,NA,NA,NA,NA,NA,NA,NA,NA,NA,NA,NA
"FFS2BURN_5466",647.595825195312,647.595825195312,647.595825195312,647.595825195312,647.595825195312,647.595825195312,718.484985351562,718.484985351562,718.484985351562,718.484985351562,718.484985351562,724.184936523438,724.184936523438,724.184936523438,724.184936523438,724.184936523438,NA,NA,NA,NA,NA,NA,NA,NA,NA,NA,NA,NA,NA,NA,NA,NA
"FFS2BURN_5467",647.595825195312,647.595825195312,647.595825195312,647.595825195312,647.595825195312,647.595825195312,718.484985351562,718.484985351562,718.484985351562,718.484985351562,718.484985351562,724.184936523438,724.184936523438,724.184936523438,724.184936523438,724.184936523438,NA,NA,NA,NA,NA,NA,NA,NA,NA,NA,NA,NA,NA,NA,NA,NA
"FFS2BURN_5469",647.595825195312,647.595825195312,647.595825195312,647.595825195312,647.595825195312,647.595825195312,718.484985351562,718.484985351562,718.484985351562,718.484985351562,718.484985351562,724.184936523438,724.184936523438,724.184936523438,724.184936523438,724.184936523438,NA,NA,NA,NA,NA,NA,NA,NA,NA,NA,NA,NA,NA,NA,NA,NA
"FFS2BURN_5470",647.595825195312,647.595825195312,647.595825195312,647.595825195312,647.595825195312,647.595825195312,718.484985351562,718.484985351562,718.484985351562,718.484985351562,718.484985351562,724.184936523438,724.184936523438,724.184936523438,724.184936523438,724.184936523438,NA,NA,NA,NA,NA,NA,NA,NA,NA,NA,NA,NA,NA,NA,NA,NA
"FFS2BURN_5476",647.595825195312,647.595825195312,647.595825195312,647.595825195312,647.595825195312,647.595825195312,718.484985351562,718.484985351562,718.484985351562,718.484985351562,718.484985351562,724.184936523438,724.184936523438,724.184936523438,724.184936523438,724.184936523438,NA,NA,NA,NA,NA,NA,NA,NA,NA,NA,NA,NA,NA,NA,NA,NA
"FFS2BURN_5479",647.595825195312,647.595825195312,647.595825195312,647.595825195312,647.595825195312,647.595825195312,718.484985351562,718.484985351562,718.484985351562,718.484985351562,718.484985351562,724.184936523438,724.184936523438,724.184936523438,724.184936523438,724.184936523438,NA,NA,NA,NA,NA,NA,NA,NA,NA,NA,NA,NA,NA,NA,NA,NA
"FFS2BURN_5480",647.595825195312,647.595825195312,647.595825195312,647.595825195312,647.595825195312,647.595825195312,718.484985351562,718.484985351562,718.484985351562,718.484985351562,718.484985351562,724.184936523438,724.184936523438,724.184936523438,724.184936523438,724.184936523438,NA,NA,NA,NA,NA,NA,NA,NA,NA,NA,NA,NA,NA,NA,NA,NA
"FFS2BURN_5483",647.595825195312,647.595825195312,647.595825195312,647.595825195312,647.595825195312,647.595825195312,718.484985351562,718.484985351562,718.484985351562,718.484985351562,718.484985351562,724.184936523438,724.184936523438,724.184936523438,724.184936523438,724.184936523438,NA,NA,NA,NA,NA,NA,NA,NA,NA,NA,NA,NA,NA,NA,NA,NA
"FFS2BURN_5487",647.595825195312,647.595825195312,647.595825195312,647.595825195312,647.595825195312,647.595825195312,718.484985351562,718.484985351562,718.484985351562,718.484985351562,718.484985351562,724.184936523438,724.184936523438,724.184936523438,724.184936523438,724.184936523438,NA,NA,NA,NA,NA,NA,NA,NA,NA,NA,NA,NA,NA,NA,NA,NA
"FFS2BURN_5489",647.595825195312,647.595825195312,647.595825195312,647.595825195312,647.595825195312,647.595825195312,718.484985351562,718.484985351562,718.484985351562,718.484985351562,718.484985351562,724.184936523438,724.184936523438,724.184936523438,724.184936523438,724.184936523438,NA,NA,NA,NA,NA,NA,NA,NA,NA,NA,NA,NA,NA,NA,NA,NA
"FFS2BURN_5490",647.595825195312,647.595825195312,647.595825195312,647.595825195312,647.595825195312,647.595825195312,718.484985351562,718.484985351562,718.484985351562,718.484985351562,718.484985351562,724.184936523438,724.184936523438,724.184936523438,724.184936523438,724.184936523438,NA,NA,NA,NA,NA,NA,NA,NA,NA,NA,NA,NA,NA,NA,NA,NA
"FFS2BURN_5493",647.595825195312,647.595825195312,647.595825195312,647.595825195312,647.595825195312,647.595825195312,718.484985351562,718.484985351562,718.484985351562,718.484985351562,718.484985351562,724.184936523438,724.184936523438,724.184936523438,724.184936523438,724.184936523438,NA,NA,NA,NA,NA,NA,NA,NA,NA,NA,NA,NA,NA,NA,NA,NA
"FFS2BURN_5494",647.595825195312,647.595825195312,647.595825195312,647.595825195312,647.595825195312,647.595825195312,718.484985351562,718.484985351562,718.484985351562,718.484985351562,718.484985351562,724.184936523438,724.184936523438,724.184936523438,724.184936523438,724.184936523438,NA,NA,NA,NA,NA,NA,NA,NA,NA,NA,NA,NA,NA,NA,NA,NA
"FFS2BURN_5495",647.595825195312,647.595825195312,647.595825195312,647.595825195312,647.595825195312,647.595825195312,718.484985351562,718.484985351562,718.484985351562,718.484985351562,718.484985351562,724.184936523438,724.184936523438,724.184936523438,724.184936523438,724.184936523438,NA,NA,NA,NA,NA,NA,NA,NA,NA,NA,NA,NA,NA,NA,NA,NA
"FFS2BURN_5496",647.595825195312,647.595825195312,647.595825195312,647.595825195312,647.595825195312,647.595825195312,718.484985351562,718.484985351562,718.484985351562,718.484985351562,718.484985351562,724.184936523438,724.184936523438,724.184936523438,724.184936523438,724.184936523438,NA,NA,NA,NA,NA,NA,NA,NA,NA,NA,NA,NA,NA,NA,NA,NA
"FFS2BURN_5498",647.595825195312,647.595825195312,647.595825195312,647.595825195312,647.595825195312,647.595825195312,718.484985351562,718.484985351562,718.484985351562,718.484985351562,718.484985351562,724.184936523438,724.184936523438,724.184936523438,724.184936523438,724.184936523438,NA,NA,NA,NA,NA,NA,NA,NA,NA,NA,NA,NA,NA,NA,NA,NA
"FFS2BURN_5500",647.595825195312,647.595825195312,647.595825195312,647.595825195312,647.595825195312,647.595825195312,718.484985351562,718.484985351562,718.484985351562,718.484985351562,718.484985351562,724.184936523438,724.184936523438,724.184936523438,724.184936523438,724.184936523438,NA,NA,NA,NA,NA,NA,NA,NA,NA,NA,NA,NA,NA,NA,NA,NA
"FFS2BURN_8417",647.595825195312,647.595825195312,647.595825195312,647.595825195312,647.595825195312,647.595825195312,718.484985351562,718.484985351562,718.484985351562,718.484985351562,718.484985351562,678.231201171875,678.231201171875,678.231201171875,678.231201171875,NA,NA,NA,NA,NA,NA,NA,NA,NA,NA,NA,NA,NA,NA,NA,NA,NA
"FFS2BURN_9012",647.595825195312,647.595825195312,647.595825195312,647.595825195312,647.595825195312,647.595825195312,718.484985351562,718.484985351562,718.484985351562,718.484985351562,718.484985351562,724.184936523438,724.184936523438,724.184936523438,724.184936523438,724.184936523438,NA,NA,NA,NA,NA,NA,NA,NA,NA,NA,NA,NA,NA,NA,NA,NA
"FFS2BURN_9071",647.595825195312,647.595825195312,647.595825195312,647.595825195312,647.595825195312,647.595825195312,718.484985351562,718.484985351562,718.484985351562,718.484985351562,718.484985351562,724.184936523438,724.184936523438,724.184936523438,724.184936523438,724.184936523438,NA,NA,NA,NA,NA,NA,NA,NA,NA,NA,NA,NA,NA,NA,NA,NA
"FFS5BURN_1579",647.595825195312,647.595825195312,647.595825195312,647.595825195312,647.595825195312,647.595825195312,718.484985351562,718.484985351562,718.484985351562,718.484985351562,718.484985351562,724.184936523438,724.184936523438,724.184936523438,724.184936523438,724.184936523438,NA,NA,NA,NA,NA,NA,NA,NA,NA,NA,NA,NA,NA,NA,NA,NA
"FFS5BURN_1581",647.595825195312,647.595825195312,647.595825195312,647.595825195312,647.595825195312,647.595825195312,718.484985351562,718.484985351562,718.484985351562,718.484985351562,718.484985351562,724.184936523438,724.184936523438,724.184936523438,724.184936523438,724.184936523438,NA,NA,NA,NA,NA,NA,NA,NA,NA,NA,NA,NA,NA,NA,NA,NA
"FFS5BURN_1584",688.1875,688.1875,688.1875,688.1875,NA,NA,NA,NA,NA,NA,NA,NA,NA,NA,NA,NA,NA,NA,NA,NA,NA,NA,NA,NA,NA,NA,NA,NA,NA,NA,NA,NA
"FFS5BURN_1586",647.595825195312,647.595825195312,647.595825195312,647.595825195312,647.595825195312,647.595825195312,718.484985351562,718.484985351562,718.484985351562,718.484985351562,718.484985351562,562.474975585938,NA,NA,NA,NA,NA,NA,NA,NA,NA,NA,NA,NA,NA,NA,NA,NA,NA,NA,NA,NA
"FFS5BURN_1588",647.595825195312,647.595825195312,647.595825195312,647.595825195312,647.595825195312,647.595825195312,718.484985351562,718.484985351562,718.484985351562,718.484985351562,718.484985351562,724.184936523438,724.184936523438,724.184936523438,724.184936523438,724.184936523438,NA,NA,NA,NA,NA,NA,NA,NA,NA,NA,NA,NA,NA,NA,NA,NA
"FFS5BURN_1590",647.595825195312,647.595825195312,647.595825195312,647.595825195312,647.595825195312,647.595825195312,718.484985351562,718.484985351562,718.484985351562,718.484985351562,718.484985351562,724.184936523438,724.184936523438,724.184936523438,724.184936523438,724.184936523438,NA,NA,NA,NA,NA,NA,NA,NA,NA,NA,NA,NA,NA,NA,NA,NA
"FFS5BURN_1592",647.595825195312,647.595825195312,647.595825195312,647.595825195312,647.595825195312,647.595825195312,718.484985351562,718.484985351562,718.484985351562,718.484985351562,718.484985351562,724.184936523438,724.184936523438,724.184936523438,724.184936523438,724.184936523438,NA,NA,NA,NA,NA,NA,NA,NA,NA,NA,NA,NA,NA,NA,NA,NA
"FFS5BURN_1599",647.595825195312,647.595825195312,647.595825195312,647.595825195312,647.595825195312,647.595825195312,NA,NA,NA,NA,NA,NA,NA,NA,NA,NA,NA,NA,NA,NA,NA,NA,NA,NA,NA,NA,NA,NA,NA,NA,NA,NA
"FFS5BURN_4045",647.595825195312,647.595825195312,647.595825195312,647.595825195312,647.595825195312,647.595825195312,718.484985351562,718.484985351562,718.484985351562,718.484985351562,718.484985351562,724.184936523438,724.184936523438,724.184936523438,724.184936523438,724.184936523438,NA,NA,NA,NA,NA,NA,NA,NA,NA,NA,NA,NA,NA,NA,NA,NA
"FFS5BURN_4063",647.595825195312,647.595825195312,647.595825195312,647.595825195312,647.595825195312,647.595825195312,718.484985351562,718.484985351562,718.484985351562,718.484985351562,718.484985351562,724.184936523438,724.184936523438,724.184936523438,724.184936523438,724.184936523438,NA,NA,NA,NA,NA,NA,NA,NA,NA,NA,NA,NA,NA,NA,NA,NA
"FFS5BURN_4069",647.595825195312,647.595825195312,647.595825195312,647.595825195312,647.595825195312,647.595825195312,718.484985351562,718.484985351562,718.484985351562,718.484985351562,718.484985351562,724.184936523438,724.184936523438,724.184936523438,724.184936523438,724.184936523438,NA,NA,NA,NA,NA,NA,NA,NA,NA,NA,NA,NA,NA,NA,NA,NA
"FFS5BURN_4074",647.595825195312,647.595825195312,647.595825195312,647.595825195312,647.595825195312,647.595825195312,718.484985351562,718.484985351562,718.484985351562,718.484985351562,718.484985351562,NA,NA,NA,NA,NA,NA,NA,NA,NA,NA,NA,NA,NA,NA,NA,NA,NA,NA,NA,NA,NA
"FFS5BURN_4103",647.595825195312,647.595825195312,647.595825195312,647.595825195312,647.595825195312,647.595825195312,718.484985351562,718.484985351562,718.484985351562,718.484985351562,718.484985351562,562.474975585938,NA,NA,NA,NA,NA,NA,NA,NA,NA,NA,NA,NA,NA,NA,NA,NA,NA,NA,NA,NA
"FFS5BURN_4108",647.595825195312,647.595825195312,647.595825195312,647.595825195312,647.595825195312,647.595825195312,718.484985351562,718.484985351562,718.484985351562,718.484985351562,718.484985351562,724.184936523438,724.184936523438,724.184936523438,724.184936523438,724.184936523438,NA,NA,NA,NA,NA,NA,NA,NA,NA,NA,NA,NA,NA,NA,NA,NA
"FFS5BURN_4112",647.595825195312,647.595825195312,647.595825195312,647.595825195312,647.595825195312,647.595825195312,718.484985351562,718.484985351562,718.484985351562,718.484985351562,718.484985351562,724.184936523438,724.184936523438,724.184936523438,724.184936523438,724.184936523438,NA,NA,NA,NA,NA,NA,NA,NA,NA,NA,NA,NA,NA,NA,NA,NA
"FFS5BURN_4114",NA,NA,NA,NA,NA,689.166687011719,689.166687011719,689.166687011719,689.166687011719,689.166687011719,689.166687011719,724.184936523438,724.184936523438,724.184936523438,724.184936523438,724.184936523438,NA,NA,NA,NA,NA,NA,NA,NA,NA,NA,NA,NA,NA,NA,NA,NA
"FFS5BURN_4116",647.595825195312,647.595825195312,647.595825195312,647.595825195312,647.595825195312,647.595825195312,NA,NA,NA,NA,NA,NA,NA,NA,NA,NA,NA,NA,NA,NA,NA,NA,NA,NA,NA,NA,NA,NA,NA,NA,NA,NA
"FFS5BURN_4123",647.595825195312,647.595825195312,647.595825195312,647.595825195312,647.595825195312,647.595825195312,718.484985351562,718.484985351562,718.484985351562,718.484985351562,718.484985351562,724.184936523438,724.184936523438,724.184936523438,724.184936523438,724.184936523438,NA,NA,NA,NA,NA,NA,NA,NA,NA,NA,NA,NA,NA,NA,NA,NA
"FFS5BURN_4125",647.595825195312,647.595825195312,647.595825195312,647.595825195312,647.595825195312,647.595825195312,718.484985351562,718.484985351562,718.484985351562,718.484985351562,718.484985351562,724.184936523438,724.184936523438,724.184936523438,724.184936523438,724.184936523438,NA,NA,NA,NA,NA,NA,NA,NA,NA,NA,NA,NA,NA,NA,NA,NA
"FFS5BURN_4128",647.595825195312,647.595825195312,647.595825195312,647.595825195312,647.595825195312,647.595825195312,718.484985351562,718.484985351562,718.484985351562,718.484985351562,718.484985351562,724.184936523438,724.184936523438,724.184936523438,724.184936523438,724.184936523438,NA,NA,NA,NA,NA,NA,NA,NA,NA,NA,NA,NA,NA,NA,NA,NA
"FFS5BURN_4130",647.595825195312,647.595825195312,647.595825195312,647.595825195312,647.595825195312,647.595825195312,718.484985351562,718.484985351562,718.484985351562,718.484985351562,718.484985351562,724.184936523438,724.184936523438,724.184936523438,724.184936523438,724.184936523438,NA,NA,NA,NA,NA,NA,NA,NA,NA,NA,NA,NA,NA,NA,NA,NA
"FFS5BURN_4135",647.595825195312,647.595825195312,647.595825195312,647.595825195312,647.595825195312,647.595825195312,718.484985351562,718.484985351562,718.484985351562,718.484985351562,718.484985351562,724.184936523438,724.184936523438,724.184936523438,724.184936523438,724.184936523438,NA,NA,NA,NA,NA,NA,NA,NA,NA,NA,NA,NA,NA,NA,NA,NA
"FFS5BURN_4136",647.595825195312,647.595825195312,647.595825195312,647.595825195312,647.595825195312,647.595825195312,718.484985351562,718.484985351562,718.484985351562,718.484985351562,718.484985351562,562.474975585938,NA,NA,NA,NA,NA,NA,NA,NA,NA,NA,NA,NA,NA,NA,NA,NA,NA,NA,NA,NA
"FFS5BURN_4140",647.595825195312,647.595825195312,647.595825195312,647.595825195312,647.595825195312,647.595825195312,718.484985351562,718.484985351562,718.484985351562,718.484985351562,718.484985351562,724.184936523438,724.184936523438,724.184936523438,724.184936523438,724.184936523438,NA,NA,NA,NA,NA,NA,NA,NA,NA,NA,NA,NA,NA,NA,NA,NA
"FFS5BURN_4148",647.595825195312,647.595825195312,647.595825195312,647.595825195312,647.595825195312,647.595825195312,718.484985351562,718.484985351562,718.484985351562,718.484985351562,718.484985351562,724.184936523438,724.184936523438,724.184936523438,724.184936523438,724.184936523438,NA,NA,NA,NA,NA,NA,NA,NA,NA,NA,NA,NA,NA,NA,NA,NA
"FFS5BURN_4202",647.595825195312,647.595825195312,647.595825195312,647.595825195312,647.595825195312,647.595825195312,737.418701171875,737.418701171875,737.418701171875,737.418701171875,NA,NA,NA,NA,NA,NA,NA,NA,NA,NA,NA,NA,NA,NA,NA,NA,NA,NA,NA,NA,NA,NA
"FFS5BURN_4205",647.595825195312,647.595825195312,647.595825195312,647.595825195312,647.595825195312,647.595825195312,718.484985351562,718.484985351562,718.484985351562,718.484985351562,718.484985351562,724.184936523438,724.184936523438,724.184936523438,724.184936523438,724.184936523438,NA,NA,NA,NA,NA,NA,NA,NA,NA,NA,NA,NA,NA,NA,NA,NA
"FFS5BURN_4207",647.595825195312,647.595825195312,647.595825195312,647.595825195312,647.595825195312,647.595825195312,718.484985351562,718.484985351562,718.484985351562,718.484985351562,718.484985351562,724.184936523438,724.184936523438,724.184936523438,724.184936523438,724.184936523438,NA,NA,NA,NA,NA,NA,NA,NA,NA,NA,NA,NA,NA,NA,NA,NA
"FFS5BURN_4209",647.595825195312,647.595825195312,647.595825195312,647.595825195312,647.595825195312,647.595825195312,718.484985351562,718.484985351562,718.484985351562,718.484985351562,718.484985351562,NA,NA,NA,NA,NA,NA,NA,NA,NA,NA,NA,NA,NA,NA,NA,NA,NA,NA,NA,NA,NA
"FFS5BURN_4213",647.595825195312,647.595825195312,647.595825195312,647.595825195312,647.595825195312,647.595825195312,718.484985351562,718.484985351562,718.484985351562,718.484985351562,718.484985351562,724.184936523438,724.184936523438,724.184936523438,724.184936523438,724.184936523438,NA,NA,NA,NA,NA,NA,NA,NA,NA,NA,NA,NA,NA,NA,NA,NA
"FFS5BURN_4214",668.599975585938,668.599975585938,668.599975585938,668.599975585938,668.599975585938,NA,NA,NA,NA,NA,NA,NA,NA,NA,NA,NA,NA,NA,NA,NA,NA,NA,NA,NA,NA,NA,NA,NA,NA,NA,NA,NA
"FFS5BURN_4215",647.595825195312,647.595825195312,647.595825195312,647.595825195312,647.595825195312,647.595825195312,718.484985351562,718.484985351562,718.484985351562,718.484985351562,718.484985351562,NA,NA,NA,NA,NA,NA,NA,NA,NA,NA,NA,NA,NA,NA,NA,NA,NA,NA,NA,NA,NA
"FFS5BURN_4220",647.595825195312,647.595825195312,647.595825195312,647.595825195312,647.595825195312,647.595825195312,718.484985351562,718.484985351562,718.484985351562,718.484985351562,718.484985351562,724.184936523438,724.184936523438,724.184936523438,724.184936523438,724.184936523438,NA,NA,NA,NA,NA,NA,NA,NA,NA,NA,NA,NA,NA,NA,NA,NA
"FFS5BURN_4224",647.595825195312,647.595825195312,647.595825195312,647.595825195312,647.595825195312,647.595825195312,718.484985351562,718.484985351562,718.484985351562,718.484985351562,718.484985351562,724.184936523438,724.184936523438,724.184936523438,724.184936523438,724.184936523438,NA,NA,NA,NA,NA,NA,NA,NA,NA,NA,NA,NA,NA,NA,NA,NA
"FFS5BURN_4227",647.595825195312,647.595825195312,647.595825195312,647.595825195312,647.595825195312,647.595825195312,718.484985351562,718.484985351562,718.484985351562,718.484985351562,718.484985351562,724.184936523438,724.184936523438,724.184936523438,724.184936523438,724.184936523438,NA,NA,NA,NA,NA,NA,NA,NA,NA,NA,NA,NA,NA,NA,NA,NA
"FFS5BURN_4235",647.595825195312,647.595825195312,647.595825195312,647.595825195312,647.595825195312,647.595825195312,718.484985351562,718.484985351562,718.484985351562,718.484985351562,718.484985351562,724.184936523438,724.184936523438,724.184936523438,724.184936523438,724.184936523438,NA,NA,NA,NA,NA,NA,NA,NA,NA,NA,NA,NA,NA,NA,NA,NA
"FFS5BURN_4237",647.595825195312,647.595825195312,647.595825195312,647.595825195312,647.595825195312,647.595825195312,718.484985351562,718.484985351562,718.484985351562,718.484985351562,718.484985351562,724.184936523438,724.184936523438,724.184936523438,724.184936523438,724.184936523438,NA,NA,NA,NA,NA,NA,NA,NA,NA,NA,NA,NA,NA,NA,NA,NA
"FFS5BURN_4238",647.595825195312,647.595825195312,647.595825195312,647.595825195312,647.595825195312,647.595825195312,718.484985351562,718.484985351562,718.484985351562,718.484985351562,718.484985351562,724.184936523438,724.184936523438,724.184936523438,724.184936523438,724.184936523438,NA,NA,NA,NA,NA,NA,NA,NA,NA,NA,NA,NA,NA,NA,NA,NA
"FFS5BURN_4239",647.595825195312,647.595825195312,647.595825195312,647.595825195312,647.595825195312,647.595825195312,718.484985351562,718.484985351562,718.484985351562,718.484985351562,718.484985351562,562.474975585938,NA,NA,NA,NA,NA,NA,NA,NA,NA,NA,NA,NA,NA,NA,NA,NA,NA,NA,NA,NA
"FFS5BURN_4240",647.595825195312,647.595825195312,647.595825195312,647.595825195312,647.595825195312,647.595825195312,718.484985351562,718.484985351562,718.484985351562,718.484985351562,718.484985351562,562.474975585938,NA,NA,NA,NA,NA,NA,NA,NA,NA,NA,NA,NA,NA,NA,NA,NA,NA,NA,NA,NA
"FFS5BURN_4243",647.595825195312,647.595825195312,647.595825195312,647.595825195312,647.595825195312,647.595825195312,718.484985351562,718.484985351562,718.484985351562,718.484985351562,718.484985351562,562.474975585938,NA,NA,NA,NA,NA,NA,NA,NA,NA,NA,NA,NA,NA,NA,NA,NA,NA,NA,NA,NA
"FFS5BURN_4248",647.595825195312,647.595825195312,647.595825195312,647.595825195312,647.595825195312,647.595825195312,718.484985351562,718.484985351562,718.484985351562,718.484985351562,718.484985351562,562.474975585938,NA,NA,NA,NA,NA,NA,NA,NA,NA,NA,NA,NA,NA,NA,NA,NA,NA,NA,NA,NA
"FFS5BURN_4249",647.595825195312,647.595825195312,647.595825195312,647.595825195312,647.595825195312,647.595825195312,718.484985351562,718.484985351562,718.484985351562,718.484985351562,718.484985351562,724.184936523438,724.184936523438,724.184936523438,724.184936523438,724.184936523438,NA,NA,NA,NA,NA,NA,NA,NA,NA,NA,NA,NA,NA,NA,NA,NA
"FFS5BURN_4250",647.595825195312,647.595825195312,647.595825195312,647.595825195312,647.595825195312,647.595825195312,718.484985351562,718.484985351562,718.484985351562,718.484985351562,718.484985351562,724.184936523438,724.184936523438,724.184936523438,724.184936523438,724.184936523438,NA,NA,NA,NA,NA,NA,NA,NA,NA,NA,NA,NA,NA,NA,NA,NA
"FFS5BURN_4254",647.595825195312,647.595825195312,647.595825195312,647.595825195312,647.595825195312,647.595825195312,718.484985351562,718.484985351562,718.484985351562,718.484985351562,718.484985351562,562.474975585938,NA,NA,NA,NA,NA,NA,NA,NA,NA,NA,NA,NA,NA,NA,NA,NA,NA,NA,NA,NA
"FFS5BURN_4256",647.595825195312,647.595825195312,647.595825195312,647.595825195312,647.595825195312,647.595825195312,718.484985351562,718.484985351562,718.484985351562,718.484985351562,718.484985351562,562.474975585938,NA,NA,NA,NA,NA,NA,NA,NA,NA,NA,NA,NA,NA,NA,NA,NA,NA,NA,NA,NA
"FFS5BURN_4262",647.595825195312,647.595825195312,647.595825195312,647.595825195312,647.595825195312,647.595825195312,718.484985351562,718.484985351562,718.484985351562,718.484985351562,718.484985351562,724.184936523438,724.184936523438,724.184936523438,724.184936523438,724.184936523438,NA,NA,NA,NA,NA,NA,NA,NA,NA,NA,NA,NA,NA,NA,NA,NA
"FFS5BURN_4281",647.595825195312,647.595825195312,647.595825195312,647.595825195312,647.595825195312,647.595825195312,718.484985351562,718.484985351562,718.484985351562,718.484985351562,718.484985351562,562.474975585938,NA,NA,NA,NA,NA,NA,NA,NA,NA,NA,NA,NA,NA,NA,NA,NA,NA,NA,NA,NA
"FFS5BURN_4282",647.595825195312,647.595825195312,647.595825195312,647.595825195312,647.595825195312,647.595825195312,718.484985351562,718.484985351562,718.484985351562,718.484985351562,718.484985351562,562.474975585938,NA,NA,NA,NA,NA,NA,NA,NA,NA,NA,NA,NA,NA,NA,NA,NA,NA,NA,NA,NA
"FFS5BURN_4286",647.595825195312,647.595825195312,647.595825195312,647.595825195312,647.595825195312,647.595825195312,718.484985351562,718.484985351562,718.484985351562,718.484985351562,718.484985351562,562.474975585938,NA,NA,NA,NA,NA,NA,NA,NA,NA,NA,NA,NA,NA,NA,NA,NA,NA,NA,NA,NA
"FFS5BURN_4319",647.595825195312,647.595825195312,647.595825195312,647.595825195312,647.595825195312,647.595825195312,718.484985351562,718.484985351562,718.484985351562,718.484985351562,718.484985351562,724.184936523438,724.184936523438,724.184936523438,724.184936523438,724.184936523438,NA,NA,NA,NA,NA,NA,NA,NA,NA,NA,NA,NA,NA,NA,NA,NA
"FFS5BURN_4320",647.595825195312,647.595825195312,647.595825195312,647.595825195312,647.595825195312,647.595825195312,718.484985351562,718.484985351562,718.484985351562,718.484985351562,718.484985351562,724.184936523438,724.184936523438,724.184936523438,724.184936523438,724.184936523438,NA,NA,NA,NA,NA,NA,NA,NA,NA,NA,NA,NA,NA,NA,NA,NA
"FFS5BURN_4324",647.595825195312,647.595825195312,647.595825195312,647.595825195312,647.595825195312,647.595825195312,718.484985351562,718.484985351562,718.484985351562,718.484985351562,718.484985351562,724.184936523438,724.184936523438,724.184936523438,724.184936523438,724.184936523438,NA,NA,NA,NA,NA,NA,NA,NA,NA,NA,NA,NA,NA,NA,NA,NA
"FFS5BURN_4325",647.595825195312,647.595825195312,647.595825195312,647.595825195312,647.595825195312,647.595825195312,718.484985351562,718.484985351562,718.484985351562,718.484985351562,718.484985351562,724.184936523438,724.184936523438,724.184936523438,724.184936523438,724.184936523438,NA,NA,NA,NA,NA,NA,NA,NA,NA,NA,NA,NA,NA,NA,NA,NA
"FFS5BURN_4332",647.595825195312,647.595825195312,647.595825195312,647.595825195312,647.595825195312,647.595825195312,718.484985351562,718.484985351562,718.484985351562,718.484985351562,718.484985351562,724.184936523438,724.184936523438,724.184936523438,724.184936523438,724.184936523438,NA,NA,NA,NA,NA,NA,NA,NA,NA,NA,NA,NA,NA,NA,NA,NA
"FFS5BURN_4347",647.595825195312,647.595825195312,647.595825195312,647.595825195312,647.595825195312,647.595825195312,718.484985351562,718.484985351562,718.484985351562,718.484985351562,718.484985351562,724.184936523438,724.184936523438,724.184936523438,724.184936523438,724.184936523438,NA,NA,NA,NA,NA,NA,NA,NA,NA,NA,NA,NA,NA,NA,NA,NA
"FFS5BURN_4348",647.595825195312,647.595825195312,647.595825195312,647.595825195312,647.595825195312,647.595825195312,718.484985351562,718.484985351562,718.484985351562,718.484985351562,718.484985351562,724.184936523438,724.184936523438,724.184936523438,724.184936523438,724.184936523438,NA,NA,NA,NA,NA,NA,NA,NA,NA,NA,NA,NA,NA,NA,NA,NA
"FFS5BURN_4349",647.595825195312,647.595825195312,647.595825195312,647.595825195312,647.595825195312,647.595825195312,737.418701171875,737.418701171875,737.418701171875,737.418701171875,NA,NA,NA,NA,NA,NA,NA,NA,NA,NA,NA,NA,NA,NA,NA,NA,NA,NA,NA,NA,NA,NA
"FFS5BURN_4351",647.595825195312,647.595825195312,647.595825195312,647.595825195312,647.595825195312,647.595825195312,718.484985351562,718.484985351562,718.484985351562,718.484985351562,718.484985351562,662.599975585938,662.599975585938,NA,NA,NA,NA,NA,NA,NA,NA,NA,NA,NA,NA,NA,NA,NA,NA,NA,NA,NA
"FFS5BURN_4353",647.595825195312,647.595825195312,647.595825195312,647.595825195312,647.595825195312,647.595825195312,718.484985351562,718.484985351562,718.484985351562,718.484985351562,718.484985351562,724.184936523438,724.184936523438,724.184936523438,724.184936523438,724.184936523438,NA,NA,NA,NA,NA,NA,NA,NA,NA,NA,NA,NA,NA,NA,NA,NA
"FFS5BURN_4356",647.595825195312,647.595825195312,647.595825195312,647.595825195312,647.595825195312,647.595825195312,718.484985351562,718.484985351562,718.484985351562,718.484985351562,718.484985351562,724.184936523438,724.184936523438,724.184936523438,724.184936523438,724.184936523438,NA,NA,NA,NA,NA,NA,NA,NA,NA,NA,NA,NA,NA,NA,NA,NA
"FFS5BURN_4358",647.595825195312,647.595825195312,647.595825195312,647.595825195312,647.595825195312,647.595825195312,718.484985351562,718.484985351562,718.484985351562,718.484985351562,718.484985351562,NA,NA,NA,NA,NA,NA,NA,NA,NA,NA,NA,NA,NA,NA,NA,NA,NA,NA,NA,NA,NA
"FFS5BURN_4359",715.400024414062,715.400024414062,NA,NA,NA,NA,NA,NA,NA,NA,NA,NA,NA,NA,NA,NA,NA,NA,NA,NA,NA,NA,NA,NA,NA,NA,NA,NA,NA,NA,NA,NA
"FFS5BURN_4361",707.683349609375,707.683349609375,707.683349609375,NA,NA,NA,NA,NA,NA,NA,NA,NA,NA,NA,NA,NA,NA,NA,NA,NA,NA,NA,NA,NA,NA,NA,NA,NA,NA,NA,NA,NA
"FFS5BURN_4362",688.1875,688.1875,688.1875,688.1875,NA,NA,NA,NA,NA,NA,NA,NA,NA,NA,NA,NA,NA,NA,NA,NA,NA,NA,NA,NA,NA,NA,NA,NA,NA,NA,NA,NA
"FFS5BURN_4363",647.595825195312,647.595825195312,647.595825195312,647.595825195312,647.595825195312,647.595825195312,718.484985351562,718.484985351562,718.484985351562,718.484985351562,718.484985351562,724.184936523438,724.184936523438,724.184936523438,724.184936523438,724.184936523438,NA,NA,NA,NA,NA,NA,NA,NA,NA,NA,NA,NA,NA,NA,NA,NA
"FFS5BURN_4365",647.595825195312,647.595825195312,647.595825195312,647.595825195312,647.595825195312,647.595825195312,737.418701171875,737.418701171875,737.418701171875,737.418701171875,NA,NA,NA,NA,NA,NA,NA,NA,NA,NA,NA,NA,NA,NA,NA,NA,NA,NA,NA,NA,NA,NA
"FFS5BURN_4368",647.595825195312,647.595825195312,647.595825195312,647.595825195312,647.595825195312,647.595825195312,718.484985351562,718.484985351562,718.484985351562,718.484985351562,718.484985351562,724.184936523438,724.184936523438,724.184936523438,724.184936523438,724.184936523438,NA,NA,NA,NA,NA,NA,NA,NA,NA,NA,NA,NA,NA,NA,NA,NA
"FFS5BURN_4371",647.595825195312,647.595825195312,647.595825195312,647.595825195312,647.595825195312,647.595825195312,718.484985351562,718.484985351562,718.484985351562,718.484985351562,718.484985351562,724.184936523438,724.184936523438,724.184936523438,724.184936523438,724.184936523438,NA,NA,NA,NA,NA,NA,NA,NA,NA,NA,NA,NA,NA,NA,NA,NA
"FFS5BURN_4385",647.595825195312,647.595825195312,647.595825195312,647.595825195312,647.595825195312,647.595825195312,718.484985351562,718.484985351562,718.484985351562,718.484985351562,718.484985351562,724.184936523438,724.184936523438,724.184936523438,724.184936523438,724.184936523438,NA,NA,NA,NA,NA,NA,NA,NA,NA,NA,NA,NA,NA,NA,NA,NA
"FFS5BURN_4386",647.595825195312,647.595825195312,647.595825195312,647.595825195312,647.595825195312,647.595825195312,718.484985351562,718.484985351562,718.484985351562,718.484985351562,718.484985351562,724.184936523438,724.184936523438,724.184936523438,724.184936523438,724.184936523438,NA,NA,NA,NA,NA,NA,NA,NA,NA,NA,NA,NA,NA,NA,NA,NA
"FFS5BURN_4387",688.1875,688.1875,688.1875,688.1875,NA,NA,NA,NA,NA,NA,NA,NA,NA,NA,NA,NA,NA,NA,NA,NA,NA,NA,NA,NA,NA,NA,NA,NA,NA,NA,NA,NA
"FFS5BURN_4388",647.595825195312,647.595825195312,647.595825195312,647.595825195312,647.595825195312,647.595825195312,718.484985351562,718.484985351562,718.484985351562,718.484985351562,718.484985351562,724.184936523438,724.184936523438,724.184936523438,724.184936523438,724.184936523438,NA,NA,NA,NA,NA,NA,NA,NA,NA,NA,NA,NA,NA,NA,NA,NA
"FFS5BURN_4391",647.595825195312,647.595825195312,647.595825195312,647.595825195312,647.595825195312,647.595825195312,718.484985351562,718.484985351562,718.484985351562,718.484985351562,718.484985351562,662.599975585938,662.599975585938,NA,NA,NA,NA,NA,NA,NA,NA,NA,NA,NA,NA,NA,NA,NA,NA,NA,NA,NA
"FFS5BURN_4395",647.595825195312,647.595825195312,647.595825195312,647.595825195312,647.595825195312,647.595825195312,718.484985351562,718.484985351562,718.484985351562,718.484985351562,718.484985351562,724.184936523438,724.184936523438,724.184936523438,724.184936523438,724.184936523438,NA,NA,NA,NA,NA,NA,NA,NA,NA,NA,NA,NA,NA,NA,NA,NA
"FFS5BURN_4396",647.595825195312,647.595825195312,647.595825195312,647.595825195312,647.595825195312,647.595825195312,718.484985351562,718.484985351562,718.484985351562,718.484985351562,718.484985351562,724.184936523438,724.184936523438,724.184936523438,724.184936523438,724.184936523438,NA,NA,NA,NA,NA,NA,NA,NA,NA,NA,NA,NA,NA,NA,NA,NA
"FFS5BURN_4400",647.595825195312,647.595825195312,647.595825195312,647.595825195312,647.595825195312,647.595825195312,718.484985351562,718.484985351562,718.484985351562,718.484985351562,718.484985351562,724.184936523438,724.184936523438,724.184936523438,724.184936523438,724.184936523438,NA,NA,NA,NA,NA,NA,NA,NA,NA,NA,NA,NA,NA,NA,NA,NA
"FFS5BURN_4439",647.595825195312,647.595825195312,647.595825195312,647.595825195312,647.595825195312,647.595825195312,718.484985351562,718.484985351562,718.484985351562,718.484985351562,718.484985351562,724.184936523438,724.184936523438,724.184936523438,724.184936523438,724.184936523438,NA,NA,NA,NA,NA,NA,NA,NA,NA,NA,NA,NA,NA,NA,NA,NA
"FFS5BURN_4441",647.595825195312,647.595825195312,647.595825195312,647.595825195312,647.595825195312,647.595825195312,718.484985351562,718.484985351562,718.484985351562,718.484985351562,718.484985351562,724.184936523438,724.184936523438,724.184936523438,724.184936523438,724.184936523438,NA,NA,NA,NA,NA,NA,NA,NA,NA,NA,NA,NA,NA,NA,NA,NA
"FFS5BURN_4453",647.595825195312,647.595825195312,647.595825195312,647.595825195312,647.595825195312,647.595825195312,718.484985351562,718.484985351562,718.484985351562,718.484985351562,718.484985351562,724.184936523438,724.184936523438,724.184936523438,724.184936523438,724.184936523438,NA,NA,NA,NA,NA,NA,NA,NA,NA,NA,NA,NA,NA,NA,NA,NA
"FFS5BURN_4454",647.595825195312,647.595825195312,647.595825195312,647.595825195312,647.595825195312,647.595825195312,718.484985351562,718.484985351562,718.484985351562,718.484985351562,718.484985351562,NA,NA,NA,NA,NA,NA,NA,NA,NA,NA,NA,NA,NA,NA,NA,NA,NA,NA,NA,NA,NA
"FFS5BURN_4469",647.595825195312,647.595825195312,647.595825195312,647.595825195312,647.595825195312,647.595825195312,718.484985351562,718.484985351562,718.484985351562,718.484985351562,718.484985351562,724.184936523438,724.184936523438,724.184936523438,724.184936523438,724.184936523438,NA,NA,NA,NA,NA,NA,NA,NA,NA,NA,NA,NA,NA,NA,NA,NA
"FFS5BURN_4474",647.595825195312,647.595825195312,647.595825195312,647.595825195312,647.595825195312,647.595825195312,718.484985351562,718.484985351562,718.484985351562,718.484985351562,718.484985351562,724.184936523438,724.184936523438,724.184936523438,724.184936523438,724.184936523438,NA,NA,NA,NA,NA,NA,NA,NA,NA,NA,NA,NA,NA,NA,NA,NA
"FFS5BURN_4491",647.595825195312,647.595825195312,647.595825195312,647.595825195312,647.595825195312,647.595825195312,718.484985351562,718.484985351562,718.484985351562,718.484985351562,718.484985351562,724.184936523438,724.184936523438,724.184936523438,724.184936523438,724.184936523438,NA,NA,NA,NA,NA,NA,NA,NA,NA,NA,NA,NA,NA,NA,NA,NA
"FFS5BURN_4492",647.595825195312,647.595825195312,647.595825195312,647.595825195312,647.595825195312,647.595825195312,718.484985351562,718.484985351562,718.484985351562,718.484985351562,718.484985351562,NA,NA,NA,NA,NA,NA,NA,NA,NA,NA,NA,NA,NA,NA,NA,NA,NA,NA,NA,NA,NA
"FFS5BURN_4497",647.595825195312,647.595825195312,647.595825195312,647.595825195312,647.595825195312,647.595825195312,718.484985351562,718.484985351562,718.484985351562,718.484985351562,718.484985351562,724.184936523438,724.184936523438,724.184936523438,724.184936523438,724.184936523438,NA,NA,NA,NA,NA,NA,NA,NA,NA,NA,NA,NA,NA,NA,NA,NA
"FFS6BURN_1351",647.595825195312,647.595825195312,647.595825195312,647.595825195312,647.595825195312,647.595825195312,718.484985351562,718.484985351562,718.484985351562,718.484985351562,718.484985351562,662.599975585938,662.599975585938,NA,NA,NA,NA,NA,NA,NA,NA,NA,NA,NA,NA,NA,NA,NA,NA,NA,NA,NA
"FFS6BURN_1353",647.595825195312,647.595825195312,647.595825195312,647.595825195312,647.595825195312,647.595825195312,718.484985351562,718.484985351562,718.484985351562,718.484985351562,718.484985351562,662.599975585938,662.599975585938,NA,NA,NA,NA,NA,NA,NA,NA,NA,NA,NA,NA,NA,NA,NA,NA,NA,NA,NA
"FFS6BURN_1354",647.595825195312,647.595825195312,647.595825195312,647.595825195312,647.595825195312,647.595825195312,718.484985351562,718.484985351562,718.484985351562,718.484985351562,718.484985351562,724.184936523438,724.184936523438,724.184936523438,724.184936523438,724.184936523438,NA,NA,NA,NA,NA,NA,NA,NA,NA,NA,NA,NA,NA,NA,NA,NA
"FFS6BURN_1355",647.595825195312,647.595825195312,647.595825195312,647.595825195312,647.595825195312,647.595825195312,718.484985351562,718.484985351562,718.484985351562,718.484985351562,718.484985351562,724.184936523438,724.184936523438,724.184936523438,724.184936523438,724.184936523438,NA,NA,NA,NA,NA,NA,NA,NA,NA,NA,NA,NA,NA,NA,NA,NA
"FFS6BURN_1356",647.595825195312,647.595825195312,647.595825195312,647.595825195312,647.595825195312,647.595825195312,718.484985351562,718.484985351562,718.484985351562,718.484985351562,718.484985351562,724.184936523438,724.184936523438,724.184936523438,724.184936523438,724.184936523438,NA,NA,NA,NA,NA,NA,NA,NA,NA,NA,NA,NA,NA,NA,NA,NA
"FFS6BURN_1357",NA,NA,NA,NA,NA,NA,NA,NA,NA,NA,710.612487792969,710.612487792969,710.612487792969,710.612487792969,710.612487792969,710.612487792969,NA,NA,NA,NA,NA,NA,NA,NA,NA,NA,NA,NA,NA,NA,NA,NA
"FFS6BURN_1359",647.595825195312,647.595825195312,647.595825195312,647.595825195312,647.595825195312,647.595825195312,718.484985351562,718.484985351562,718.484985351562,718.484985351562,718.484985351562,724.184936523438,724.184936523438,724.184936523438,724.184936523438,724.184936523438,NA,NA,NA,NA,NA,NA,NA,NA,NA,NA,NA,NA,NA,NA,NA,NA
"FFS6BURN_1360",647.595825195312,647.595825195312,647.595825195312,647.595825195312,647.595825195312,647.595825195312,718.484985351562,718.484985351562,718.484985351562,718.484985351562,718.484985351562,662.599975585938,662.599975585938,NA,NA,NA,NA,NA,NA,NA,NA,NA,NA,NA,NA,NA,NA,NA,NA,NA,NA,NA
"FFS6BURN_1361",647.595825195312,647.595825195312,647.595825195312,647.595825195312,647.595825195312,647.595825195312,718.484985351562,718.484985351562,718.484985351562,718.484985351562,718.484985351562,662.599975585938,662.599975585938,NA,NA,NA,NA,NA,NA,NA,NA,NA,NA,NA,NA,NA,NA,NA,NA,NA,NA,NA
"FFS6BURN_1365",NA,NA,NA,NA,NA,689.166687011719,689.166687011719,689.166687011719,689.166687011719,689.166687011719,689.166687011719,724.184936523438,724.184936523438,724.184936523438,724.184936523438,724.184936523438,NA,NA,NA,NA,NA,NA,NA,NA,NA,NA,NA,NA,NA,NA,NA,NA
"FFS6BURN_1366",NA,NA,NA,NA,NA,689.166687011719,689.166687011719,689.166687011719,689.166687011719,689.166687011719,689.166687011719,724.184936523438,724.184936523438,724.184936523438,724.184936523438,724.184936523438,NA,NA,NA,NA,NA,NA,NA,NA,NA,NA,NA,NA,NA,NA,NA,NA
"FFS6BURN_1375",647.595825195312,647.595825195312,647.595825195312,647.595825195312,647.595825195312,647.595825195312,NA,NA,NA,NA,NA,NA,NA,NA,NA,NA,NA,NA,NA,NA,NA,NA,NA,NA,NA,NA,NA,NA,NA,NA,NA,NA
"FFS6BURN_4401",647.595825195312,647.595825195312,647.595825195312,647.595825195312,647.595825195312,647.595825195312,718.484985351562,718.484985351562,718.484985351562,718.484985351562,718.484985351562,724.184936523438,724.184936523438,724.184936523438,724.184936523438,724.184936523438,NA,NA,NA,NA,NA,NA,NA,NA,NA,NA,NA,NA,NA,NA,NA,NA
"FFS6BURN_4405",647.595825195312,647.595825195312,647.595825195312,647.595825195312,647.595825195312,647.595825195312,718.484985351562,718.484985351562,718.484985351562,718.484985351562,718.484985351562,562.474975585938,NA,NA,NA,NA,NA,NA,NA,NA,NA,NA,NA,NA,NA,NA,NA,NA,NA,NA,NA,NA
"FFS6BURN_4423",647.595825195312,647.595825195312,647.595825195312,647.595825195312,647.595825195312,647.595825195312,718.484985351562,718.484985351562,718.484985351562,718.484985351562,718.484985351562,562.474975585938,NA,NA,NA,NA,NA,NA,NA,NA,NA,NA,NA,NA,NA,NA,NA,NA,NA,NA,NA,NA
"FFS6BURN_4424",647.595825195312,647.595825195312,647.595825195312,647.595825195312,647.595825195312,647.595825195312,718.484985351562,718.484985351562,718.484985351562,718.484985351562,718.484985351562,662.599975585938,662.599975585938,NA,NA,NA,NA,NA,NA,NA,NA,NA,NA,NA,NA,NA,NA,NA,NA,NA,NA,NA
"FFS6BURN_4475",647.595825195312,647.595825195312,647.595825195312,647.595825195312,647.595825195312,647.595825195312,718.484985351562,718.484985351562,718.484985351562,718.484985351562,718.484985351562,724.184936523438,724.184936523438,724.184936523438,724.184936523438,724.184936523438,NA,NA,NA,NA,NA,NA,NA,NA,NA,NA,NA,NA,NA,NA,NA,NA
"FFS6BURN_4476",647.595825195312,647.595825195312,647.595825195312,647.595825195312,647.595825195312,647.595825195312,718.484985351562,718.484985351562,718.484985351562,718.484985351562,718.484985351562,724.184936523438,724.184936523438,724.184936523438,724.184936523438,724.184936523438,NA,NA,NA,NA,NA,NA,NA,NA,NA,NA,NA,NA,NA,NA,NA,NA
"FFS6BURN_4478",647.595825195312,647.595825195312,647.595825195312,647.595825195312,647.595825195312,647.595825195312,718.484985351562,718.484985351562,718.484985351562,718.484985351562,718.484985351562,724.184936523438,724.184936523438,724.184936523438,724.184936523438,724.184936523438,NA,NA,NA,NA,NA,NA,NA,NA,NA,NA,NA,NA,NA,NA,NA,NA
"FFS6BURN_4480",647.595825195312,647.595825195312,647.595825195312,647.595825195312,647.595825195312,647.595825195312,718.484985351562,718.484985351562,718.484985351562,718.484985351562,718.484985351562,562.474975585938,NA,NA,NA,NA,NA,NA,NA,NA,NA,NA,NA,NA,NA,NA,NA,NA,NA,NA,NA,NA
"FFS6BURN_4482",647.595825195312,647.595825195312,647.595825195312,647.595825195312,647.595825195312,647.595825195312,718.484985351562,718.484985351562,718.484985351562,718.484985351562,718.484985351562,724.184936523438,724.184936523438,724.184936523438,724.184936523438,724.184936523438,NA,NA,NA,NA,NA,NA,NA,NA,NA,NA,NA,NA,NA,NA,NA,NA
"FFS6BURN_4488",647.595825195312,647.595825195312,647.595825195312,647.595825195312,647.595825195312,647.595825195312,718.484985351562,718.484985351562,718.484985351562,718.484985351562,718.484985351562,724.184936523438,724.184936523438,724.184936523438,724.184936523438,724.184936523438,NA,NA,NA,NA,NA,NA,NA,NA,NA,NA,NA,NA,NA,NA,NA,NA
"FFS6BURN_4489",647.595825195312,647.595825195312,647.595825195312,647.595825195312,647.595825195312,647.595825195312,718.484985351562,718.484985351562,718.484985351562,718.484985351562,718.484985351562,724.184936523438,724.184936523438,724.184936523438,724.184936523438,724.184936523438,NA,NA,NA,NA,NA,NA,NA,NA,NA,NA,NA,NA,NA,NA,NA,NA
"FFS6BURN_4504",647.595825195312,647.595825195312,647.595825195312,647.595825195312,647.595825195312,647.595825195312,718.484985351562,718.484985351562,718.484985351562,718.484985351562,718.484985351562,724.184936523438,724.184936523438,724.184936523438,724.184936523438,724.184936523438,NA,NA,NA,NA,NA,NA,NA,NA,NA,NA,NA,NA,NA,NA,NA,NA
"FFS6BURN_4505",647.595825195312,647.595825195312,647.595825195312,647.595825195312,647.595825195312,647.595825195312,718.484985351562,718.484985351562,718.484985351562,718.484985351562,718.484985351562,724.184936523438,724.184936523438,724.184936523438,724.184936523438,724.184936523438,NA,NA,NA,NA,NA,NA,NA,NA,NA,NA,NA,NA,NA,NA,NA,NA
"FFS6BURN_4525",647.595825195312,647.595825195312,647.595825195312,647.595825195312,647.595825195312,647.595825195312,718.484985351562,718.484985351562,718.484985351562,718.484985351562,718.484985351562,724.184936523438,724.184936523438,724.184936523438,724.184936523438,724.184936523438,NA,NA,NA,NA,NA,NA,NA,NA,NA,NA,NA,NA,NA,NA,NA,NA
"FFS6BURN_4528",647.595825195312,647.595825195312,647.595825195312,647.595825195312,647.595825195312,647.595825195312,718.484985351562,718.484985351562,718.484985351562,718.484985351562,718.484985351562,724.184936523438,724.184936523438,724.184936523438,724.184936523438,724.184936523438,NA,NA,NA,NA,NA,NA,NA,NA,NA,NA,NA,NA,NA,NA,NA,NA
"FFS6BURN_4531",647.595825195312,647.595825195312,647.595825195312,647.595825195312,647.595825195312,647.595825195312,718.484985351562,718.484985351562,718.484985351562,718.484985351562,718.484985351562,NA,NA,NA,NA,NA,NA,NA,NA,NA,NA,NA,NA,NA,NA,NA,NA,NA,NA,NA,NA,NA
"FFS6BURN_4535",647.595825195312,647.595825195312,647.595825195312,647.595825195312,647.595825195312,647.595825195312,718.484985351562,718.484985351562,718.484985351562,718.484985351562,718.484985351562,724.184936523438,724.184936523438,724.184936523438,724.184936523438,724.184936523438,NA,NA,NA,NA,NA,NA,NA,NA,NA,NA,NA,NA,NA,NA,NA,NA
"FFS6BURN_4536",647.595825195312,647.595825195312,647.595825195312,647.595825195312,647.595825195312,647.595825195312,718.484985351562,718.484985351562,718.484985351562,718.484985351562,718.484985351562,724.184936523438,724.184936523438,724.184936523438,724.184936523438,724.184936523438,NA,NA,NA,NA,NA,NA,NA,NA,NA,NA,NA,NA,NA,NA,NA,NA
"FFS6BURN_4543",647.595825195312,647.595825195312,647.595825195312,647.595825195312,647.595825195312,647.595825195312,718.484985351562,718.484985351562,718.484985351562,718.484985351562,718.484985351562,724.184936523438,724.184936523438,724.184936523438,724.184936523438,724.184936523438,NA,NA,NA,NA,NA,NA,NA,NA,NA,NA,NA,NA,NA,NA,NA,NA
"FFS6BURN_4546",647.595825195312,647.595825195312,647.595825195312,647.595825195312,647.595825195312,647.595825195312,718.484985351562,718.484985351562,718.484985351562,718.484985351562,718.484985351562,724.184936523438,724.184936523438,724.184936523438,724.184936523438,724.184936523438,NA,NA,NA,NA,NA,NA,NA,NA,NA,NA,NA,NA,NA,NA,NA,NA
"FFS6BURN_4549",647.595825195312,647.595825195312,647.595825195312,647.595825195312,647.595825195312,647.595825195312,718.484985351562,718.484985351562,718.484985351562,718.484985351562,718.484985351562,724.184936523438,724.184936523438,724.184936523438,724.184936523438,724.184936523438,NA,NA,NA,NA,NA,NA,NA,NA,NA,NA,NA,NA,NA,NA,NA,NA
"FFS6BURN_4557",647.595825195312,647.595825195312,647.595825195312,647.595825195312,647.595825195312,647.595825195312,718.484985351562,718.484985351562,718.484985351562,718.484985351562,718.484985351562,724.184936523438,724.184936523438,724.184936523438,724.184936523438,724.184936523438,NA,NA,NA,NA,NA,NA,NA,NA,NA,NA,NA,NA,NA,NA,NA,NA
"FFS6BURN_4559",647.595825195312,647.595825195312,647.595825195312,647.595825195312,647.595825195312,647.595825195312,718.484985351562,718.484985351562,718.484985351562,718.484985351562,718.484985351562,724.184936523438,724.184936523438,724.184936523438,724.184936523438,724.184936523438,NA,NA,NA,NA,NA,NA,NA,NA,NA,NA,NA,NA,NA,NA,NA,NA
"FFS6BURN_4563",647.595825195312,647.595825195312,647.595825195312,647.595825195312,647.595825195312,647.595825195312,718.484985351562,718.484985351562,718.484985351562,718.484985351562,718.484985351562,724.184936523438,724.184936523438,724.184936523438,724.184936523438,724.184936523438,NA,NA,NA,NA,NA,NA,NA,NA,NA,NA,NA,NA,NA,NA,NA,NA
"FFS6BURN_4567",647.595825195312,647.595825195312,647.595825195312,647.595825195312,647.595825195312,647.595825195312,718.484985351562,718.484985351562,718.484985351562,718.484985351562,718.484985351562,724.184936523438,724.184936523438,724.184936523438,724.184936523438,724.184936523438,NA,NA,NA,NA,NA,NA,NA,NA,NA,NA,NA,NA,NA,NA,NA,NA
"FFS6BURN_4569",647.595825195312,647.595825195312,647.595825195312,647.595825195312,647.595825195312,647.595825195312,718.484985351562,718.484985351562,718.484985351562,718.484985351562,718.484985351562,724.184936523438,724.184936523438,724.184936523438,724.184936523438,724.184936523438,NA,NA,NA,NA,NA,NA,NA,NA,NA,NA,NA,NA,NA,NA,NA,NA
"FFS6BURN_4576",647.595825195312,647.595825195312,647.595825195312,647.595825195312,647.595825195312,647.595825195312,645.75,NA,NA,NA,NA,NA,NA,NA,NA,NA,NA,NA,NA,NA,NA,NA,NA,NA,NA,NA,NA,NA,NA,NA,NA,NA
"FFS6BURN_4577",647.595825195312,647.595825195312,647.595825195312,647.595825195312,647.595825195312,647.595825195312,718.484985351562,718.484985351562,718.484985351562,718.484985351562,718.484985351562,724.184936523438,724.184936523438,724.184936523438,724.184936523438,724.184936523438,NA,NA,NA,NA,NA,NA,NA,NA,NA,NA,NA,NA,NA,NA,NA,NA
"FFS6BURN_4578",647.595825195312,647.595825195312,647.595825195312,647.595825195312,647.595825195312,647.595825195312,718.484985351562,718.484985351562,718.484985351562,718.484985351562,718.484985351562,724.184936523438,724.184936523438,724.184936523438,724.184936523438,724.184936523438,NA,NA,NA,NA,NA,NA,NA,NA,NA,NA,NA,NA,NA,NA,NA,NA
"FFS6BURN_4585",647.595825195312,647.595825195312,647.595825195312,647.595825195312,647.595825195312,647.595825195312,718.484985351562,718.484985351562,718.484985351562,718.484985351562,718.484985351562,662.599975585938,662.599975585938,NA,NA,NA,NA,NA,NA,NA,NA,NA,NA,NA,NA,NA,NA,NA,NA,NA,NA,NA
"FFS6BURN_4587",647.595825195312,647.595825195312,647.595825195312,647.595825195312,647.595825195312,647.595825195312,718.484985351562,718.484985351562,718.484985351562,718.484985351562,718.484985351562,724.184936523438,724.184936523438,724.184936523438,724.184936523438,724.184936523438,NA,NA,NA,NA,NA,NA,NA,NA,NA,NA,NA,NA,NA,NA,NA,NA
"FFS6BURN_4588",647.595825195312,647.595825195312,647.595825195312,647.595825195312,647.595825195312,647.595825195312,718.484985351562,718.484985351562,718.484985351562,718.484985351562,718.484985351562,662.599975585938,662.599975585938,NA,NA,NA,NA,NA,NA,NA,NA,NA,NA,NA,NA,NA,NA,NA,NA,NA,NA,NA
"FFS6BURN_4589",647.595825195312,647.595825195312,647.595825195312,647.595825195312,647.595825195312,647.595825195312,718.484985351562,718.484985351562,718.484985351562,718.484985351562,718.484985351562,NA,NA,NA,NA,NA,NA,NA,NA,NA,NA,NA,NA,NA,NA,NA,NA,NA,NA,NA,NA,NA
"FFS6BURN_4590",647.595825195312,647.595825195312,647.595825195312,647.595825195312,647.595825195312,647.595825195312,718.484985351562,718.484985351562,718.484985351562,718.484985351562,718.484985351562,724.184936523438,724.184936523438,724.184936523438,724.184936523438,724.184936523438,NA,NA,NA,NA,NA,NA,NA,NA,NA,NA,NA,NA,NA,NA,NA,NA
"FFS6BURN_4593",668.599975585938,668.599975585938,668.599975585938,668.599975585938,668.599975585938,NA,NA,NA,NA,NA,NA,NA,NA,NA,NA,NA,NA,NA,NA,NA,NA,NA,NA,NA,NA,NA,NA,NA,NA,NA,NA,NA
"FFS6BURN_4594",647.595825195312,647.595825195312,647.595825195312,647.595825195312,647.595825195312,647.595825195312,718.484985351562,718.484985351562,718.484985351562,718.484985351562,718.484985351562,724.184936523438,724.184936523438,724.184936523438,724.184936523438,724.184936523438,NA,NA,NA,NA,NA,NA,NA,NA,NA,NA,NA,NA,NA,NA,NA,NA
"FFS6BURN_4595",647.595825195312,647.595825195312,647.595825195312,647.595825195312,647.595825195312,647.595825195312,718.484985351562,718.484985351562,718.484985351562,718.484985351562,718.484985351562,724.184936523438,724.184936523438,724.184936523438,724.184936523438,724.184936523438,NA,NA,NA,NA,NA,NA,NA,NA,NA,NA,NA,NA,NA,NA,NA,NA
"FFS6BURN_4605",647.595825195312,647.595825195312,647.595825195312,647.595825195312,647.595825195312,647.595825195312,718.484985351562,718.484985351562,718.484985351562,718.484985351562,718.484985351562,724.184936523438,724.184936523438,724.184936523438,724.184936523438,724.184936523438,NA,NA,NA,NA,NA,NA,NA,NA,NA,NA,NA,NA,NA,NA,NA,NA
"FFS6BURN_4606",647.595825195312,647.595825195312,647.595825195312,647.595825195312,647.595825195312,647.595825195312,718.484985351562,718.484985351562,718.484985351562,718.484985351562,718.484985351562,724.184936523438,724.184936523438,724.184936523438,724.184936523438,724.184936523438,NA,NA,NA,NA,NA,NA,NA,NA,NA,NA,NA,NA,NA,NA,NA,NA
"FFS6BURN_4608",647.595825195312,647.595825195312,647.595825195312,647.595825195312,647.595825195312,647.595825195312,718.484985351562,718.484985351562,718.484985351562,718.484985351562,718.484985351562,724.184936523438,724.184936523438,724.184936523438,724.184936523438,724.184936523438,NA,NA,NA,NA,NA,NA,NA,NA,NA,NA,NA,NA,NA,NA,NA,NA
"FFS6BURN_4621",647.595825195312,647.595825195312,647.595825195312,647.595825195312,647.595825195312,647.595825195312,718.484985351562,718.484985351562,718.484985351562,718.484985351562,718.484985351562,724.184936523438,724.184936523438,724.184936523438,724.184936523438,724.184936523438,NA,NA,NA,NA,NA,NA,NA,NA,NA,NA,NA,NA,NA,NA,NA,NA
"FFS6BURN_4624",647.595825195312,647.595825195312,647.595825195312,647.595825195312,647.595825195312,647.595825195312,718.484985351562,718.484985351562,718.484985351562,718.484985351562,718.484985351562,724.184936523438,724.184936523438,724.184936523438,724.184936523438,724.184936523438,NA,NA,NA,NA,NA,NA,NA,NA,NA,NA,NA,NA,NA,NA,NA,NA
"FFS6BURN_4625",647.595825195312,647.595825195312,647.595825195312,647.595825195312,647.595825195312,647.595825195312,718.484985351562,718.484985351562,718.484985351562,718.484985351562,718.484985351562,724.184936523438,724.184936523438,724.184936523438,724.184936523438,724.184936523438,NA,NA,NA,NA,NA,NA,NA,NA,NA,NA,NA,NA,NA,NA,NA,NA
"FFS6BURN_4631",647.595825195312,647.595825195312,647.595825195312,647.595825195312,647.595825195312,647.595825195312,718.484985351562,718.484985351562,718.484985351562,718.484985351562,718.484985351562,724.184936523438,724.184936523438,724.184936523438,724.184936523438,724.184936523438,NA,NA,NA,NA,NA,NA,NA,NA,NA,NA,NA,NA,NA,NA,NA,NA
"FFS6BURN_4718",647.595825195312,647.595825195312,647.595825195312,647.595825195312,647.595825195312,647.595825195312,718.484985351562,718.484985351562,718.484985351562,718.484985351562,718.484985351562,724.184936523438,724.184936523438,724.184936523438,724.184936523438,724.184936523438,NA,NA,NA,NA,NA,NA,NA,NA,NA,NA,NA,NA,NA,NA,NA,NA
"FFS6BURN_4723",647.595825195312,647.595825195312,647.595825195312,647.595825195312,647.595825195312,647.595825195312,718.484985351562,718.484985351562,718.484985351562,718.484985351562,718.484985351562,724.184936523438,724.184936523438,724.184936523438,724.184936523438,724.184936523438,NA,NA,NA,NA,NA,NA,NA,NA,NA,NA,NA,NA,NA,NA,NA,NA
"FFS6BURN_4726",715.400024414062,715.400024414062,NA,NA,NA,NA,NA,NA,NA,NA,NA,NA,NA,NA,NA,NA,NA,NA,NA,NA,NA,NA,NA,NA,NA,NA,NA,NA,NA,NA,NA,NA
"FFS6BURN_4729",647.595825195312,647.595825195312,647.595825195312,647.595825195312,647.595825195312,647.595825195312,718.484985351562,718.484985351562,718.484985351562,718.484985351562,718.484985351562,724.184936523438,724.184936523438,724.184936523438,724.184936523438,724.184936523438,NA,NA,NA,NA,NA,NA,NA,NA,NA,NA,NA,NA,NA,NA,NA,NA
"FFS6BURN_4730",715.400024414062,715.400024414062,NA,NA,NA,NA,NA,NA,NA,NA,NA,NA,NA,NA,NA,NA,NA,NA,NA,NA,NA,NA,NA,NA,NA,NA,NA,NA,NA,NA,NA,NA
"FFS6BURN_4733",647.595825195312,647.595825195312,647.595825195312,647.595825195312,647.595825195312,647.595825195312,718.484985351562,718.484985351562,718.484985351562,718.484985351562,718.484985351562,724.184936523438,724.184936523438,724.184936523438,724.184936523438,724.184936523438,NA,NA,NA,NA,NA,NA,NA,NA,NA,NA,NA,NA,NA,NA,NA,NA
"FFS6BURN_4734",647.595825195312,647.595825195312,647.595825195312,647.595825195312,647.595825195312,647.595825195312,718.484985351562,718.484985351562,718.484985351562,718.484985351562,718.484985351562,724.184936523438,724.184936523438,724.184936523438,724.184936523438,724.184936523438,NA,NA,NA,NA,NA,NA,NA,NA,NA,NA,NA,NA,NA,NA,NA,NA
"FFS6BURN_4735",647.595825195312,647.595825195312,647.595825195312,647.595825195312,647.595825195312,647.595825195312,718.484985351562,718.484985351562,718.484985351562,718.484985351562,718.484985351562,724.184936523438,724.184936523438,724.184936523438,724.184936523438,724.184936523438,NA,NA,NA,NA,NA,NA,NA,NA,NA,NA,NA,NA,NA,NA,NA,NA
"FFS6BURN_4737",647.595825195312,647.595825195312,647.595825195312,647.595825195312,647.595825195312,647.595825195312,718.484985351562,718.484985351562,718.484985351562,718.484985351562,718.484985351562,724.184936523438,724.184936523438,724.184936523438,724.184936523438,724.184936523438,NA,NA,NA,NA,NA,NA,NA,NA,NA,NA,NA,NA,NA,NA,NA,NA
"FFS6BURN_4738",647.595825195312,647.595825195312,647.595825195312,647.595825195312,647.595825195312,647.595825195312,718.484985351562,718.484985351562,718.484985351562,718.484985351562,718.484985351562,724.184936523438,724.184936523438,724.184936523438,724.184936523438,724.184936523438,NA,NA,NA,NA,NA,NA,NA,NA,NA,NA,NA,NA,NA,NA,NA,NA
"FFS6BURN_4739",647.595825195312,647.595825195312,647.595825195312,647.595825195312,647.595825195312,647.595825195312,718.484985351562,718.484985351562,718.484985351562,718.484985351562,718.484985351562,724.184936523438,724.184936523438,724.184936523438,724.184936523438,724.184936523438,NA,NA,NA,NA,NA,NA,NA,NA,NA,NA,NA,NA,NA,NA,NA,NA
"FFS6BURN_4743",NA,NA,NA,NA,NA,689.166687011719,689.166687011719,689.166687011719,689.166687011719,689.166687011719,689.166687011719,724.184936523438,724.184936523438,724.184936523438,724.184936523438,724.184936523438,NA,NA,NA,NA,NA,NA,NA,NA,NA,NA,NA,NA,NA,NA,NA,NA
"FFS6BURN_4745",715.400024414062,715.400024414062,NA,NA,NA,NA,NA,NA,NA,NA,NA,NA,NA,NA,NA,NA,NA,NA,NA,NA,NA,NA,NA,NA,NA,NA,NA,NA,NA,NA,NA,NA
"FFS6BURN_4746",647.595825195312,647.595825195312,647.595825195312,647.595825195312,647.595825195312,647.595825195312,718.484985351562,718.484985351562,718.484985351562,718.484985351562,718.484985351562,724.184936523438,724.184936523438,724.184936523438,724.184936523438,724.184936523438,NA,NA,NA,NA,NA,NA,NA,NA,NA,NA,NA,NA,NA,NA,NA,NA
"FFS6BURN_4747",647.595825195312,647.595825195312,647.595825195312,647.595825195312,647.595825195312,647.595825195312,718.484985351562,718.484985351562,718.484985351562,718.484985351562,718.484985351562,724.184936523438,724.184936523438,724.184936523438,724.184936523438,724.184936523438,NA,NA,NA,NA,NA,NA,NA,NA,NA,NA,NA,NA,NA,NA,NA,NA
"FFS6BURN_4749",647.595825195312,647.595825195312,647.595825195312,647.595825195312,647.595825195312,647.595825195312,718.484985351562,718.484985351562,718.484985351562,718.484985351562,718.484985351562,724.184936523438,724.184936523438,724.184936523438,724.184936523438,724.184936523438,NA,NA,NA,NA,NA,NA,NA,NA,NA,NA,NA,NA,NA,NA,NA,NA
"FFS6BURN_4750",647.595825195312,647.595825195312,647.595825195312,647.595825195312,647.595825195312,647.595825195312,718.484985351562,718.484985351562,718.484985351562,718.484985351562,718.484985351562,NA,NA,NA,NA,NA,NA,NA,NA,NA,NA,NA,NA,NA,NA,NA,NA,NA,NA,NA,NA,NA
"FFS6BURN_4753",647.595825195312,647.595825195312,647.595825195312,647.595825195312,647.595825195312,647.595825195312,692.162475585938,692.162475585938,NA,NA,NA,NA,NA,NA,NA,NA,NA,NA,NA,NA,NA,NA,NA,NA,NA,NA,NA,NA,NA,NA,NA,NA
"FFS6BURN_4754",647.595825195312,647.595825195312,647.595825195312,647.595825195312,647.595825195312,647.595825195312,718.484985351562,718.484985351562,718.484985351562,718.484985351562,718.484985351562,724.184936523438,724.184936523438,724.184936523438,724.184936523438,724.184936523438,NA,NA,NA,NA,NA,NA,NA,NA,NA,NA,NA,NA,NA,NA,NA,NA
"FFS6BURN_4755",647.595825195312,647.595825195312,647.595825195312,647.595825195312,647.595825195312,647.595825195312,718.484985351562,718.484985351562,718.484985351562,718.484985351562,718.484985351562,724.184936523438,724.184936523438,724.184936523438,724.184936523438,724.184936523438,NA,NA,NA,NA,NA,NA,NA,NA,NA,NA,NA,NA,NA,NA,NA,NA
"FFS6BURN_4757",647.595825195312,647.595825195312,647.595825195312,647.595825195312,647.595825195312,647.595825195312,718.484985351562,718.484985351562,718.484985351562,718.484985351562,718.484985351562,638.066650390625,638.066650390625,638.066650390625,NA,NA,NA,NA,NA,NA,NA,NA,NA,NA,NA,NA,NA,NA,NA,NA,NA,NA
"FFS6BURN_4758",647.595825195312,647.595825195312,647.595825195312,647.595825195312,647.595825195312,647.595825195312,718.484985351562,718.484985351562,718.484985351562,718.484985351562,718.484985351562,678.231201171875,678.231201171875,678.231201171875,678.231201171875,NA,NA,NA,NA,NA,NA,NA,NA,NA,NA,NA,NA,NA,NA,NA,NA,NA
"FFS6BURN_4761",647.595825195312,647.595825195312,647.595825195312,647.595825195312,647.595825195312,647.595825195312,718.484985351562,718.484985351562,718.484985351562,718.484985351562,718.484985351562,724.184936523438,724.184936523438,724.184936523438,724.184936523438,724.184936523438,NA,NA,NA,NA,NA,NA,NA,NA,NA,NA,NA,NA,NA,NA,NA,NA
"FFS6BURN_4770",647.595825195312,647.595825195312,647.595825195312,647.595825195312,647.595825195312,647.595825195312,718.484985351562,718.484985351562,718.484985351562,718.484985351562,718.484985351562,638.066650390625,638.066650390625,638.066650390625,NA,NA,NA,NA,NA,NA,NA,NA,NA,NA,NA,NA,NA,NA,NA,NA,NA,NA
"FFS6BURN_4772",647.595825195312,647.595825195312,647.595825195312,647.595825195312,647.595825195312,647.595825195312,718.484985351562,718.484985351562,718.484985351562,718.484985351562,718.484985351562,724.184936523438,724.184936523438,724.184936523438,724.184936523438,724.184936523438,NA,NA,NA,NA,NA,NA,NA,NA,NA,NA,NA,NA,NA,NA,NA,NA
"FFS6BURN_4774",647.595825195312,647.595825195312,647.595825195312,647.595825195312,647.595825195312,647.595825195312,718.484985351562,718.484985351562,718.484985351562,718.484985351562,718.484985351562,724.184936523438,724.184936523438,724.184936523438,724.184936523438,724.184936523438,NA,NA,NA,NA,NA,NA,NA,NA,NA,NA,NA,NA,NA,NA,NA,NA
"FFS6BURN_4775",647.595825195312,647.595825195312,647.595825195312,647.595825195312,647.595825195312,647.595825195312,718.484985351562,718.484985351562,718.484985351562,718.484985351562,718.484985351562,724.184936523438,724.184936523438,724.184936523438,724.184936523438,724.184936523438,NA,NA,NA,NA,NA,NA,NA,NA,NA,NA,NA,NA,NA,NA,NA,NA
"FFS6BURN_4800",647.595825195312,647.595825195312,647.595825195312,647.595825195312,647.595825195312,647.595825195312,718.484985351562,718.484985351562,718.484985351562,718.484985351562,718.484985351562,724.184936523438,724.184936523438,724.184936523438,724.184936523438,724.184936523438,NA,NA,NA,NA,NA,NA,NA,NA,NA,NA,NA,NA,NA,NA,NA,NA
"FFS6BURN_4902",647.595825195312,647.595825195312,647.595825195312,647.595825195312,647.595825195312,647.595825195312,718.484985351562,718.484985351562,718.484985351562,718.484985351562,718.484985351562,724.184936523438,724.184936523438,724.184936523438,724.184936523438,724.184936523438,NA,NA,NA,NA,NA,NA,NA,NA,NA,NA,NA,NA,NA,NA,NA,NA
"FFS6BURN_4904",715.400024414062,715.400024414062,NA,NA,NA,NA,NA,NA,NA,NA,NA,NA,NA,NA,NA,NA,NA,NA,NA,NA,NA,NA,NA,NA,NA,NA,NA,NA,NA,NA,NA,NA
"FFS6BURN_5605",647.595825195312,647.595825195312,647.595825195312,647.595825195312,647.595825195312,647.595825195312,718.484985351562,718.484985351562,718.484985351562,718.484985351562,718.484985351562,724.184936523438,724.184936523438,724.184936523438,724.184936523438,724.184936523438,NA,NA,NA,NA,NA,NA,NA,NA,NA,NA,NA,NA,NA,NA,NA,NA
"FFS6BURN_5610",647.595825195312,647.595825195312,647.595825195312,647.595825195312,647.595825195312,647.595825195312,718.484985351562,718.484985351562,718.484985351562,718.484985351562,718.484985351562,724.184936523438,724.184936523438,724.184936523438,724.184936523438,724.184936523438,NA,NA,NA,NA,NA,NA,NA,NA,NA,NA,NA,NA,NA,NA,NA,NA
"FFS6BURN_5611",647.595825195312,647.595825195312,647.595825195312,647.595825195312,647.595825195312,647.595825195312,718.484985351562,718.484985351562,718.484985351562,718.484985351562,718.484985351562,724.184936523438,724.184936523438,724.184936523438,724.184936523438,724.184936523438,NA,NA,NA,NA,NA,NA,NA,NA,NA,NA,NA,NA,NA,NA,NA,NA
"FFS6BURN_5614",NA,NA,NA,NA,NA,689.166687011719,689.166687011719,689.166687011719,689.166687011719,689.166687011719,689.166687011719,724.184936523438,724.184936523438,724.184936523438,724.184936523438,724.184936523438,NA,NA,NA,NA,NA,NA,NA,NA,NA,NA,NA,NA,NA,NA,NA,NA
"FFS6BURN_5617",647.595825195312,647.595825195312,647.595825195312,647.595825195312,647.595825195312,647.595825195312,718.484985351562,718.484985351562,718.484985351562,718.484985351562,718.484985351562,724.184936523438,724.184936523438,724.184936523438,724.184936523438,724.184936523438,NA,NA,NA,NA,NA,NA,NA,NA,NA,NA,NA,NA,NA,NA,NA,NA
"FFS6BURN_5623",647.595825195312,647.595825195312,647.595825195312,647.595825195312,647.595825195312,647.595825195312,718.484985351562,718.484985351562,718.484985351562,718.484985351562,718.484985351562,724.184936523438,724.184936523438,724.184936523438,724.184936523438,724.184936523438,NA,NA,NA,NA,NA,NA,NA,NA,NA,NA,NA,NA,NA,NA,NA,NA
"FFS6BURN_5625",647.595825195312,647.595825195312,647.595825195312,647.595825195312,647.595825195312,647.595825195312,718.484985351562,718.484985351562,718.484985351562,718.484985351562,718.484985351562,724.184936523438,724.184936523438,724.184936523438,724.184936523438,724.184936523438,NA,NA,NA,NA,NA,NA,NA,NA,NA,NA,NA,NA,NA,NA,NA,NA
"FFS6BURN_5633",647.595825195312,647.595825195312,647.595825195312,647.595825195312,647.595825195312,647.595825195312,718.484985351562,718.484985351562,718.484985351562,718.484985351562,718.484985351562,724.184936523438,724.184936523438,724.184936523438,724.184936523438,724.184936523438,NA,NA,NA,NA,NA,NA,NA,NA,NA,NA,NA,NA,NA,NA,NA,NA
"FFS6BURN_5634",647.595825195312,647.595825195312,647.595825195312,647.595825195312,647.595825195312,647.595825195312,718.484985351562,718.484985351562,718.484985351562,718.484985351562,718.484985351562,724.184936523438,724.184936523438,724.184936523438,724.184936523438,724.184936523438,NA,NA,NA,NA,NA,NA,NA,NA,NA,NA,NA,NA,NA,NA,NA,NA
"FFS6BURN_5637",647.595825195312,647.595825195312,647.595825195312,647.595825195312,647.595825195312,647.595825195312,718.484985351562,718.484985351562,718.484985351562,718.484985351562,718.484985351562,724.184936523438,724.184936523438,724.184936523438,724.184936523438,724.184936523438,NA,NA,NA,NA,NA,NA,NA,NA,NA,NA,NA,NA,NA,NA,NA,NA
"FFS6BURN_5638",647.595825195312,647.595825195312,647.595825195312,647.595825195312,647.595825195312,647.595825195312,718.484985351562,718.484985351562,718.484985351562,718.484985351562,718.484985351562,724.184936523438,724.184936523438,724.184936523438,724.184936523438,724.184936523438,NA,NA,NA,NA,NA,NA,NA,NA,NA,NA,NA,NA,NA,NA,NA,NA
"FFS6BURN_5640",647.595825195312,647.595825195312,647.595825195312,647.595825195312,647.595825195312,647.595825195312,718.484985351562,718.484985351562,718.484985351562,718.484985351562,718.484985351562,724.184936523438,724.184936523438,724.184936523438,724.184936523438,724.184936523438,NA,NA,NA,NA,NA,NA,NA,NA,NA,NA,NA,NA,NA,NA,NA,NA
"FFS6BURN_5642",647.595825195312,647.595825195312,647.595825195312,647.595825195312,647.595825195312,647.595825195312,718.484985351562,718.484985351562,718.484985351562,718.484985351562,718.484985351562,724.184936523438,724.184936523438,724.184936523438,724.184936523438,724.184936523438,NA,NA,NA,NA,NA,NA,NA,NA,NA,NA,NA,NA,NA,NA,NA,NA
"FFS6BURN_5647",647.595825195312,647.595825195312,647.595825195312,647.595825195312,647.595825195312,647.595825195312,718.484985351562,718.484985351562,718.484985351562,718.484985351562,718.484985351562,724.184936523438,724.184936523438,724.184936523438,724.184936523438,724.184936523438,NA,NA,NA,NA,NA,NA,NA,NA,NA,NA,NA,NA,NA,NA,NA,NA
"FFS6BURN_5648",647.595825195312,647.595825195312,647.595825195312,647.595825195312,647.595825195312,647.595825195312,718.484985351562,718.484985351562,718.484985351562,718.484985351562,718.484985351562,NA,NA,NA,NA,NA,NA,NA,NA,NA,NA,NA,NA,NA,NA,NA,NA,NA,NA,NA,NA,NA
"FFS6BURN_5654",647.595825195312,647.595825195312,647.595825195312,647.595825195312,647.595825195312,647.595825195312,718.484985351562,718.484985351562,718.484985351562,718.484985351562,718.484985351562,724.184936523438,724.184936523438,724.184936523438,724.184936523438,724.184936523438,NA,NA,NA,NA,NA,NA,NA,NA,NA,NA,NA,NA,NA,NA,NA,NA
"FFS6BURN_5656",647.595825195312,647.595825195312,647.595825195312,647.595825195312,647.595825195312,647.595825195312,718.484985351562,718.484985351562,718.484985351562,718.484985351562,718.484985351562,724.184936523438,724.184936523438,724.184936523438,724.184936523438,724.184936523438,NA,NA,NA,NA,NA,NA,NA,NA,NA,NA,NA,NA,NA,NA,NA,NA
"FFS6BURN_5657",647.595825195312,647.595825195312,647.595825195312,647.595825195312,647.595825195312,647.595825195312,737.418701171875,737.418701171875,737.418701171875,737.418701171875,NA,NA,NA,NA,NA,NA,NA,NA,NA,NA,NA,NA,NA,NA,NA,NA,NA,NA,NA,NA,NA,NA
"FFS6BURN_5658",647.595825195312,647.595825195312,647.595825195312,647.595825195312,647.595825195312,647.595825195312,718.484985351562,718.484985351562,718.484985351562,718.484985351562,718.484985351562,724.184936523438,724.184936523438,724.184936523438,724.184936523438,724.184936523438,NA,NA,NA,NA,NA,NA,NA,NA,NA,NA,NA,NA,NA,NA,NA,NA
"FFS6BURN_5659",715.400024414062,715.400024414062,NA,NA,NA,NA,NA,NA,NA,NA,NA,NA,NA,NA,NA,NA,NA,NA,NA,NA,NA,NA,NA,NA,NA,NA,NA,NA,NA,NA,NA,NA
"FFS6BURN_5660",647.595825195312,647.595825195312,647.595825195312,647.595825195312,647.595825195312,647.595825195312,645.75,NA,NA,NA,NA,NA,NA,NA,NA,NA,NA,NA,NA,NA,NA,NA,NA,NA,NA,NA,NA,NA,NA,NA,NA,NA
"FFS6BURN_5661",647.595825195312,647.595825195312,647.595825195312,647.595825195312,647.595825195312,647.595825195312,718.484985351562,718.484985351562,718.484985351562,718.484985351562,718.484985351562,724.184936523438,724.184936523438,724.184936523438,724.184936523438,724.184936523438,NA,NA,NA,NA,NA,NA,NA,NA,NA,NA,NA,NA,NA,NA,NA,NA
"FFS6BURN_5662",647.595825195312,647.595825195312,647.595825195312,647.595825195312,647.595825195312,647.595825195312,718.484985351562,718.484985351562,718.484985351562,718.484985351562,718.484985351562,724.184936523438,724.184936523438,724.184936523438,724.184936523438,724.184936523438,NA,NA,NA,NA,NA,NA,NA,NA,NA,NA,NA,NA,NA,NA,NA,NA
"FFS6BURN_5663",647.595825195312,647.595825195312,647.595825195312,647.595825195312,647.595825195312,647.595825195312,718.484985351562,718.484985351562,718.484985351562,718.484985351562,718.484985351562,562.474975585938,NA,NA,NA,NA,NA,NA,NA,NA,NA,NA,NA,NA,NA,NA,NA,NA,NA,NA,NA,NA
"FFS6BURN_5664",647.595825195312,647.595825195312,647.595825195312,647.595825195312,647.595825195312,647.595825195312,718.484985351562,718.484985351562,718.484985351562,718.484985351562,718.484985351562,662.599975585938,662.599975585938,NA,NA,NA,NA,NA,NA,NA,NA,NA,NA,NA,NA,NA,NA,NA,NA,NA,NA,NA
"FFS6BURN_5665",647.595825195312,647.595825195312,647.595825195312,647.595825195312,647.595825195312,647.595825195312,718.484985351562,718.484985351562,718.484985351562,718.484985351562,718.484985351562,724.184936523438,724.184936523438,724.184936523438,724.184936523438,724.184936523438,NA,NA,NA,NA,NA,NA,NA,NA,NA,NA,NA,NA,NA,NA,NA,NA
"FFS6BURN_5669",647.595825195312,647.595825195312,647.595825195312,647.595825195312,647.595825195312,647.595825195312,718.484985351562,718.484985351562,718.484985351562,718.484985351562,718.484985351562,724.184936523438,724.184936523438,724.184936523438,724.184936523438,724.184936523438,NA,NA,NA,NA,NA,NA,NA,NA,NA,NA,NA,NA,NA,NA,NA,NA
"FFS6BURN_5672",647.595825195312,647.595825195312,647.595825195312,647.595825195312,647.595825195312,647.595825195312,718.484985351562,718.484985351562,718.484985351562,718.484985351562,718.484985351562,724.184936523438,724.184936523438,724.184936523438,724.184936523438,724.184936523438,NA,NA,NA,NA,NA,NA,NA,NA,NA,NA,NA,NA,NA,NA,NA,NA
"FFS6BURN_5676",647.595825195312,647.595825195312,647.595825195312,647.595825195312,647.595825195312,647.595825195312,737.418701171875,737.418701171875,737.418701171875,737.418701171875,NA,NA,NA,NA,NA,NA,NA,NA,NA,NA,NA,NA,NA,NA,NA,NA,NA,NA,NA,NA,NA,NA
"FFS6BURN_5677",647.595825195312,647.595825195312,647.595825195312,647.595825195312,647.595825195312,647.595825195312,718.484985351562,718.484985351562,718.484985351562,718.484985351562,718.484985351562,724.184936523438,724.184936523438,724.184936523438,724.184936523438,724.184936523438,NA,NA,NA,NA,NA,NA,NA,NA,NA,NA,NA,NA,NA,NA,NA,NA
"FFS6BURN_5686",715.400024414062,715.400024414062,NA,NA,NA,NA,NA,NA,NA,NA,NA,NA,NA,NA,NA,NA,NA,NA,NA,NA,NA,NA,NA,NA,NA,NA,NA,NA,NA,NA,NA,NA
"FFS6BURN_5689",647.595825195312,647.595825195312,647.595825195312,647.595825195312,647.595825195312,647.595825195312,718.484985351562,718.484985351562,718.484985351562,718.484985351562,718.484985351562,724.184936523438,724.184936523438,724.184936523438,724.184936523438,724.184936523438,NA,NA,NA,NA,NA,NA,NA,NA,NA,NA,NA,NA,NA,NA,NA,NA
"FFS6BURN_5692",647.595825195312,647.595825195312,647.595825195312,647.595825195312,647.595825195312,647.595825195312,718.484985351562,718.484985351562,718.484985351562,718.484985351562,718.484985351562,724.184936523438,724.184936523438,724.184936523438,724.184936523438,724.184936523438,NA,NA,NA,NA,NA,NA,NA,NA,NA,NA,NA,NA,NA,NA,NA,NA
"FFS6BURN_5693",647.595825195312,647.595825195312,647.595825195312,647.595825195312,647.595825195312,647.595825195312,718.484985351562,718.484985351562,718.484985351562,718.484985351562,718.484985351562,724.184936523438,724.184936523438,724.184936523438,724.184936523438,724.184936523438,NA,NA,NA,NA,NA,NA,NA,NA,NA,NA,NA,NA,NA,NA,NA,NA
"FFS6BURN_5696",NA,NA,NA,NA,NA,NA,NA,NA,NA,NA,710.612487792969,710.612487792969,710.612487792969,710.612487792969,710.612487792969,710.612487792969,NA,NA,NA,NA,NA,NA,NA,NA,NA,NA,NA,NA,NA,NA,NA,NA
"FFS6BURN_5697",647.595825195312,647.595825195312,647.595825195312,647.595825195312,647.595825195312,647.595825195312,718.484985351562,718.484985351562,718.484985351562,718.484985351562,718.484985351562,724.184936523438,724.184936523438,724.184936523438,724.184936523438,724.184936523438,NA,NA,NA,NA,NA,NA,NA,NA,NA,NA,NA,NA,NA,NA,NA,NA
"FFS6BURN_8404",647.595825195312,647.595825195312,647.595825195312,647.595825195312,647.595825195312,647.595825195312,718.484985351562,718.484985351562,718.484985351562,718.484985351562,718.484985351562,724.184936523438,724.184936523438,724.184936523438,724.184936523438,724.184936523438,NA,NA,NA,NA,NA,NA,NA,NA,NA,NA,NA,NA,NA,NA,NA,NA
"FFS7CONTROL_1086",647.595825195312,647.595825195312,647.595825195312,647.595825195312,647.595825195312,647.595825195312,718.484985351562,718.484985351562,718.484985351562,718.484985351562,718.484985351562,724.184936523438,724.184936523438,724.184936523438,724.184936523438,724.184936523438,NA,NA,NA,NA,NA,NA,NA,NA,NA,NA,NA,NA,NA,NA,NA,NA
"FFS7CONTROL_1087",647.595825195312,647.595825195312,647.595825195312,647.595825195312,647.595825195312,647.595825195312,718.484985351562,718.484985351562,718.484985351562,718.484985351562,718.484985351562,662.599975585938,662.599975585938,NA,NA,NA,NA,NA,NA,NA,NA,NA,NA,NA,NA,NA,NA,NA,NA,NA,NA,NA
"FFS7CONTROL_1088",647.595825195312,647.595825195312,647.595825195312,647.595825195312,647.595825195312,647.595825195312,718.484985351562,718.484985351562,718.484985351562,718.484985351562,718.484985351562,724.184936523438,724.184936523438,724.184936523438,724.184936523438,724.184936523438,NA,NA,NA,NA,NA,NA,NA,NA,NA,NA,NA,NA,NA,NA,NA,NA
"FFS7CONTROL_1089",647.595825195312,647.595825195312,647.595825195312,647.595825195312,647.595825195312,647.595825195312,718.484985351562,718.484985351562,718.484985351562,718.484985351562,718.484985351562,724.184936523438,724.184936523438,724.184936523438,724.184936523438,724.184936523438,NA,NA,NA,NA,NA,NA,NA,NA,NA,NA,NA,NA,NA,NA,NA,NA
"FFS7CONTROL_1090",647.595825195312,647.595825195312,647.595825195312,647.595825195312,647.595825195312,647.595825195312,718.484985351562,718.484985351562,718.484985351562,718.484985351562,718.484985351562,724.184936523438,724.184936523438,724.184936523438,724.184936523438,724.184936523438,NA,NA,NA,NA,NA,NA,NA,NA,NA,NA,NA,NA,NA,NA,NA,NA
"FFS7CONTROL_1091",647.595825195312,647.595825195312,647.595825195312,647.595825195312,647.595825195312,647.595825195312,718.484985351562,718.484985351562,718.484985351562,718.484985351562,718.484985351562,724.184936523438,724.184936523438,724.184936523438,724.184936523438,724.184936523438,NA,NA,NA,NA,NA,NA,NA,NA,NA,NA,NA,NA,NA,NA,NA,NA
"FFS7CONTROL_1092",647.595825195312,647.595825195312,647.595825195312,647.595825195312,647.595825195312,647.595825195312,718.484985351562,718.484985351562,718.484985351562,718.484985351562,718.484985351562,724.184936523438,724.184936523438,724.184936523438,724.184936523438,724.184936523438,NA,NA,NA,NA,NA,NA,NA,NA,NA,NA,NA,NA,NA,NA,NA,NA
"FFS7CONTROL_1093",647.595825195312,647.595825195312,647.595825195312,647.595825195312,647.595825195312,647.595825195312,718.484985351562,718.484985351562,718.484985351562,718.484985351562,718.484985351562,724.184936523438,724.184936523438,724.184936523438,724.184936523438,724.184936523438,NA,NA,NA,NA,NA,NA,NA,NA,NA,NA,NA,NA,NA,NA,NA,NA
"FFS7CONTROL_1094",647.595825195312,647.595825195312,647.595825195312,647.595825195312,647.595825195312,647.595825195312,718.484985351562,718.484985351562,718.484985351562,718.484985351562,718.484985351562,724.184936523438,724.184936523438,724.184936523438,724.184936523438,724.184936523438,NA,NA,NA,NA,NA,NA,NA,NA,NA,NA,NA,NA,NA,NA,NA,NA
"FFS7CONTROL_1096",647.595825195312,647.595825195312,647.595825195312,647.595825195312,647.595825195312,647.595825195312,718.484985351562,718.484985351562,718.484985351562,718.484985351562,718.484985351562,724.184936523438,724.184936523438,724.184936523438,724.184936523438,724.184936523438,NA,NA,NA,NA,NA,NA,NA,NA,NA,NA,NA,NA,NA,NA,NA,NA
"FFS7CONTROL_1099",647.595825195312,647.595825195312,647.595825195312,647.595825195312,647.595825195312,647.595825195312,718.484985351562,718.484985351562,718.484985351562,718.484985351562,718.484985351562,724.184936523438,724.184936523438,724.184936523438,724.184936523438,724.184936523438,NA,NA,NA,NA,NA,NA,NA,NA,NA,NA,NA,NA,NA,NA,NA,NA
"FFS7CONTROL_1100",647.595825195312,647.595825195312,647.595825195312,647.595825195312,647.595825195312,647.595825195312,718.484985351562,718.484985351562,718.484985351562,718.484985351562,718.484985351562,724.184936523438,724.184936523438,724.184936523438,724.184936523438,724.184936523438,NA,NA,NA,NA,NA,NA,NA,NA,NA,NA,NA,NA,NA,NA,NA,NA
"FFS7CONTROL_1187",647.595825195312,647.595825195312,647.595825195312,647.595825195312,647.595825195312,647.595825195312,718.484985351562,718.484985351562,718.484985351562,718.484985351562,718.484985351562,724.184936523438,724.184936523438,724.184936523438,724.184936523438,724.184936523438,NA,NA,NA,NA,NA,NA,NA,NA,NA,NA,NA,NA,NA,NA,NA,NA
"FFS7CONTROL_1189",647.595825195312,647.595825195312,647.595825195312,647.595825195312,647.595825195312,647.595825195312,718.484985351562,718.484985351562,718.484985351562,718.484985351562,718.484985351562,724.184936523438,724.184936523438,724.184936523438,724.184936523438,724.184936523438,NA,NA,NA,NA,NA,NA,NA,NA,NA,NA,NA,NA,NA,NA,NA,NA
"FFS7CONTROL_1190",715.400024414062,715.400024414062,NA,NA,NA,NA,NA,NA,NA,NA,NA,NA,NA,NA,NA,NA,NA,NA,NA,NA,NA,NA,NA,NA,NA,NA,NA,NA,NA,NA,NA,NA
"FFS7CONTROL_1191",715.400024414062,715.400024414062,NA,NA,NA,NA,NA,NA,NA,NA,NA,NA,NA,NA,NA,NA,NA,NA,NA,NA,NA,NA,NA,NA,NA,NA,NA,NA,NA,NA,NA,NA
"FFS7CONTROL_1192",NA,NA,NA,NA,NA,689.166687011719,689.166687011719,689.166687011719,689.166687011719,689.166687011719,689.166687011719,724.184936523438,724.184936523438,724.184936523438,724.184936523438,724.184936523438,NA,NA,NA,NA,NA,NA,NA,NA,NA,NA,NA,NA,NA,NA,NA,NA
"FFS7CONTROL_1193",647.595825195312,647.595825195312,647.595825195312,647.595825195312,647.595825195312,647.595825195312,718.484985351562,718.484985351562,718.484985351562,718.484985351562,718.484985351562,724.184936523438,724.184936523438,724.184936523438,724.184936523438,724.184936523438,NA,NA,NA,NA,NA,NA,NA,NA,NA,NA,NA,NA,NA,NA,NA,NA
"FFS7CONTROL_1198",647.595825195312,647.595825195312,647.595825195312,647.595825195312,647.595825195312,647.595825195312,718.484985351562,718.484985351562,718.484985351562,718.484985351562,718.484985351562,724.184936523438,724.184936523438,724.184936523438,724.184936523438,724.184936523438,NA,NA,NA,NA,NA,NA,NA,NA,NA,NA,NA,NA,NA,NA,NA,NA
"FFS7CONTROL_4657",647.595825195312,647.595825195312,647.595825195312,647.595825195312,647.595825195312,647.595825195312,718.484985351562,718.484985351562,718.484985351562,718.484985351562,718.484985351562,724.184936523438,724.184936523438,724.184936523438,724.184936523438,724.184936523438,NA,NA,NA,NA,NA,NA,NA,NA,NA,NA,NA,NA,NA,NA,NA,NA
"FFS7CONTROL_4658",647.595825195312,647.595825195312,647.595825195312,647.595825195312,647.595825195312,647.595825195312,718.484985351562,718.484985351562,718.484985351562,718.484985351562,718.484985351562,724.184936523438,724.184936523438,724.184936523438,724.184936523438,724.184936523438,NA,NA,NA,NA,NA,NA,NA,NA,NA,NA,NA,NA,NA,NA,NA,NA
"FFS7CONTROL_4661",647.595825195312,647.595825195312,647.595825195312,647.595825195312,647.595825195312,647.595825195312,718.484985351562,718.484985351562,718.484985351562,718.484985351562,718.484985351562,724.184936523438,724.184936523438,724.184936523438,724.184936523438,724.184936523438,NA,NA,NA,NA,NA,NA,NA,NA,NA,NA,NA,NA,NA,NA,NA,NA
"FFS7CONTROL_4662",647.595825195312,647.595825195312,647.595825195312,647.595825195312,647.595825195312,647.595825195312,718.484985351562,718.484985351562,718.484985351562,718.484985351562,718.484985351562,724.184936523438,724.184936523438,724.184936523438,724.184936523438,724.184936523438,NA,NA,NA,NA,NA,NA,NA,NA,NA,NA,NA,NA,NA,NA,NA,NA
"FFS7CONTROL_4664",647.595825195312,647.595825195312,647.595825195312,647.595825195312,647.595825195312,647.595825195312,718.484985351562,718.484985351562,718.484985351562,718.484985351562,718.484985351562,724.184936523438,724.184936523438,724.184936523438,724.184936523438,724.184936523438,NA,NA,NA,NA,NA,NA,NA,NA,NA,NA,NA,NA,NA,NA,NA,NA
"FFS7CONTROL_4666",647.332153320312,647.332153320312,647.332153320312,647.332153320312,647.332153320312,647.332153320312,647.332153320312,736.668701171875,736.668701171875,736.668701171875,736.668701171875,724.184936523438,724.184936523438,724.184936523438,724.184936523438,724.184936523438,NA,NA,NA,NA,NA,NA,NA,NA,NA,NA,NA,NA,NA,NA,NA,NA
"FFS7CONTROL_4667",647.595825195312,647.595825195312,647.595825195312,647.595825195312,647.595825195312,647.595825195312,718.484985351562,718.484985351562,718.484985351562,718.484985351562,718.484985351562,724.184936523438,724.184936523438,724.184936523438,724.184936523438,724.184936523438,NA,NA,NA,NA,NA,NA,NA,NA,NA,NA,NA,NA,NA,NA,NA,NA
"FFS7CONTROL_4668",647.595825195312,647.595825195312,647.595825195312,647.595825195312,647.595825195312,647.595825195312,718.484985351562,718.484985351562,718.484985351562,718.484985351562,718.484985351562,724.184936523438,724.184936523438,724.184936523438,724.184936523438,724.184936523438,NA,NA,NA,NA,NA,NA,NA,NA,NA,NA,NA,NA,NA,NA,NA,NA
"FFS7CONTROL_4670",647.595825195312,647.595825195312,647.595825195312,647.595825195312,647.595825195312,647.595825195312,718.484985351562,718.484985351562,718.484985351562,718.484985351562,718.484985351562,724.184936523438,724.184936523438,724.184936523438,724.184936523438,724.184936523438,NA,NA,NA,NA,NA,NA,NA,NA,NA,NA,NA,NA,NA,NA,NA,NA
"FFS7CONTROL_4671",647.595825195312,647.595825195312,647.595825195312,647.595825195312,647.595825195312,647.595825195312,718.484985351562,718.484985351562,718.484985351562,718.484985351562,718.484985351562,724.184936523438,724.184936523438,724.184936523438,724.184936523438,724.184936523438,NA,NA,NA,NA,NA,NA,NA,NA,NA,NA,NA,NA,NA,NA,NA,NA
"FFS7CONTROL_4672",647.595825195312,647.595825195312,647.595825195312,647.595825195312,647.595825195312,647.595825195312,718.484985351562,718.484985351562,718.484985351562,718.484985351562,718.484985351562,724.184936523438,724.184936523438,724.184936523438,724.184936523438,724.184936523438,NA,NA,NA,NA,NA,NA,NA,NA,NA,NA,NA,NA,NA,NA,NA,NA
"FFS7CONTROL_4673",647.595825195312,647.595825195312,647.595825195312,647.595825195312,647.595825195312,647.595825195312,718.484985351562,718.484985351562,718.484985351562,718.484985351562,718.484985351562,724.184936523438,724.184936523438,724.184936523438,724.184936523438,724.184936523438,NA,NA,NA,NA,NA,NA,NA,NA,NA,NA,NA,NA,NA,NA,NA,NA
"FFS7CONTROL_4674",647.595825195312,647.595825195312,647.595825195312,647.595825195312,647.595825195312,647.595825195312,718.484985351562,718.484985351562,718.484985351562,718.484985351562,718.484985351562,724.184936523438,724.184936523438,724.184936523438,724.184936523438,724.184936523438,NA,NA,NA,NA,NA,NA,NA,NA,NA,NA,NA,NA,NA,NA,NA,NA
"FFS7CONTROL_4675",NA,NA,NA,NA,NA,689.166687011719,689.166687011719,689.166687011719,689.166687011719,689.166687011719,689.166687011719,724.184936523438,724.184936523438,724.184936523438,724.184936523438,724.184936523438,NA,NA,NA,NA,NA,NA,NA,NA,NA,NA,NA,NA,NA,NA,NA,NA
"FFS7CONTROL_4676",647.595825195312,647.595825195312,647.595825195312,647.595825195312,647.595825195312,647.595825195312,718.484985351562,718.484985351562,718.484985351562,718.484985351562,718.484985351562,724.184936523438,724.184936523438,724.184936523438,724.184936523438,724.184936523438,NA,NA,NA,NA,NA,NA,NA,NA,NA,NA,NA,NA,NA,NA,NA,NA
"FFS7CONTROL_4678",647.595825195312,647.595825195312,647.595825195312,647.595825195312,647.595825195312,647.595825195312,718.484985351562,718.484985351562,718.484985351562,718.484985351562,718.484985351562,724.184936523438,724.184936523438,724.184936523438,724.184936523438,724.184936523438,NA,NA,NA,NA,NA,NA,NA,NA,NA,NA,NA,NA,NA,NA,NA,NA
"FFS7CONTROL_4679",647.595825195312,647.595825195312,647.595825195312,647.595825195312,647.595825195312,647.595825195312,718.484985351562,718.484985351562,718.484985351562,718.484985351562,718.484985351562,562.474975585938,NA,NA,NA,NA,NA,NA,NA,NA,NA,NA,NA,NA,NA,NA,NA,NA,NA,NA,NA,NA
"FFS7CONTROL_4680",647.595825195312,647.595825195312,647.595825195312,647.595825195312,647.595825195312,647.595825195312,718.484985351562,718.484985351562,718.484985351562,718.484985351562,718.484985351562,724.184936523438,724.184936523438,724.184936523438,724.184936523438,724.184936523438,NA,NA,NA,NA,NA,NA,NA,NA,NA,NA,NA,NA,NA,NA,NA,NA
"FFS7CONTROL_4682",647.595825195312,647.595825195312,647.595825195312,647.595825195312,647.595825195312,647.595825195312,718.484985351562,718.484985351562,718.484985351562,718.484985351562,718.484985351562,724.184936523438,724.184936523438,724.184936523438,724.184936523438,724.184936523438,NA,NA,NA,NA,NA,NA,NA,NA,NA,NA,NA,NA,NA,NA,NA,NA
"FFS7CONTROL_4683",647.595825195312,647.595825195312,647.595825195312,647.595825195312,647.595825195312,647.595825195312,718.484985351562,718.484985351562,718.484985351562,718.484985351562,718.484985351562,724.184936523438,724.184936523438,724.184936523438,724.184936523438,724.184936523438,NA,NA,NA,NA,NA,NA,NA,NA,NA,NA,NA,NA,NA,NA,NA,NA
"FFS7CONTROL_4684",647.595825195312,647.595825195312,647.595825195312,647.595825195312,647.595825195312,647.595825195312,718.484985351562,718.484985351562,718.484985351562,718.484985351562,718.484985351562,724.184936523438,724.184936523438,724.184936523438,724.184936523438,724.184936523438,NA,NA,NA,NA,NA,NA,NA,NA,NA,NA,NA,NA,NA,NA,NA,NA
"FFS7CONTROL_4685",647.595825195312,647.595825195312,647.595825195312,647.595825195312,647.595825195312,647.595825195312,718.484985351562,718.484985351562,718.484985351562,718.484985351562,718.484985351562,724.184936523438,724.184936523438,724.184936523438,724.184936523438,724.184936523438,NA,NA,NA,NA,NA,NA,NA,NA,NA,NA,NA,NA,NA,NA,NA,NA
"FFS7CONTROL_4689",647.595825195312,647.595825195312,647.595825195312,647.595825195312,647.595825195312,647.595825195312,718.484985351562,718.484985351562,718.484985351562,718.484985351562,718.484985351562,724.184936523438,724.184936523438,724.184936523438,724.184936523438,724.184936523438,NA,NA,NA,NA,NA,NA,NA,NA,NA,NA,NA,NA,NA,NA,NA,NA
"FFS7CONTROL_4690",647.595825195312,647.595825195312,647.595825195312,647.595825195312,647.595825195312,647.595825195312,718.484985351562,718.484985351562,718.484985351562,718.484985351562,718.484985351562,724.184936523438,724.184936523438,724.184936523438,724.184936523438,724.184936523438,NA,NA,NA,NA,NA,NA,NA,NA,NA,NA,NA,NA,NA,NA,NA,NA
"FFS7CONTROL_4691",647.595825195312,647.595825195312,647.595825195312,647.595825195312,647.595825195312,647.595825195312,718.484985351562,718.484985351562,718.484985351562,718.484985351562,718.484985351562,724.184936523438,724.184936523438,724.184936523438,724.184936523438,724.184936523438,NA,NA,NA,NA,NA,NA,NA,NA,NA,NA,NA,NA,NA,NA,NA,NA
"FFS7CONTROL_4693",647.595825195312,647.595825195312,647.595825195312,647.595825195312,647.595825195312,647.595825195312,718.484985351562,718.484985351562,718.484985351562,718.484985351562,718.484985351562,724.184936523438,724.184936523438,724.184936523438,724.184936523438,724.184936523438,NA,NA,NA,NA,NA,NA,NA,NA,NA,NA,NA,NA,NA,NA,NA,NA
"FFS7CONTROL_4697",647.595825195312,647.595825195312,647.595825195312,647.595825195312,647.595825195312,647.595825195312,718.484985351562,718.484985351562,718.484985351562,718.484985351562,718.484985351562,724.184936523438,724.184936523438,724.184936523438,724.184936523438,724.184936523438,NA,NA,NA,NA,NA,NA,NA,NA,NA,NA,NA,NA,NA,NA,NA,NA
"FFS7CONTROL_4698",647.595825195312,647.595825195312,647.595825195312,647.595825195312,647.595825195312,647.595825195312,718.484985351562,718.484985351562,718.484985351562,718.484985351562,718.484985351562,724.184936523438,724.184936523438,724.184936523438,724.184936523438,724.184936523438,NA,NA,NA,NA,NA,NA,NA,NA,NA,NA,NA,NA,NA,NA,NA,NA
"FFS7CONTROL_4700",647.595825195312,647.595825195312,647.595825195312,647.595825195312,647.595825195312,647.595825195312,718.484985351562,718.484985351562,718.484985351562,718.484985351562,718.484985351562,724.184936523438,724.184936523438,724.184936523438,724.184936523438,724.184936523438,NA,NA,NA,NA,NA,NA,NA,NA,NA,NA,NA,NA,NA,NA,NA,NA
"FFS7CONTROL_4906",647.595825195312,647.595825195312,647.595825195312,647.595825195312,647.595825195312,647.595825195312,718.484985351562,718.484985351562,718.484985351562,718.484985351562,718.484985351562,724.184936523438,724.184936523438,724.184936523438,724.184936523438,724.184936523438,NA,NA,NA,NA,NA,NA,NA,NA,NA,NA,NA,NA,NA,NA,NA,NA
"FFS7CONTROL_4907",647.595825195312,647.595825195312,647.595825195312,647.595825195312,647.595825195312,647.595825195312,718.484985351562,718.484985351562,718.484985351562,718.484985351562,718.484985351562,724.184936523438,724.184936523438,724.184936523438,724.184936523438,724.184936523438,NA,NA,NA,NA,NA,NA,NA,NA,NA,NA,NA,NA,NA,NA,NA,NA
"FFS7CONTROL_4908",647.595825195312,647.595825195312,647.595825195312,647.595825195312,647.595825195312,647.595825195312,718.484985351562,718.484985351562,718.484985351562,718.484985351562,718.484985351562,724.184936523438,724.184936523438,724.184936523438,724.184936523438,724.184936523438,NA,NA,NA,NA,NA,NA,NA,NA,NA,NA,NA,NA,NA,NA,NA,NA
"FFS7CONTROL_4915",647.595825195312,647.595825195312,647.595825195312,647.595825195312,647.595825195312,647.595825195312,718.484985351562,718.484985351562,718.484985351562,718.484985351562,718.484985351562,724.184936523438,724.184936523438,724.184936523438,724.184936523438,724.184936523438,NA,NA,NA,NA,NA,NA,NA,NA,NA,NA,NA,NA,NA,NA,NA,NA
"FFS7CONTROL_4916",647.595825195312,647.595825195312,647.595825195312,647.595825195312,647.595825195312,647.595825195312,718.484985351562,718.484985351562,718.484985351562,718.484985351562,718.484985351562,724.184936523438,724.184936523438,724.184936523438,724.184936523438,724.184936523438,NA,NA,NA,NA,NA,NA,NA,NA,NA,NA,NA,NA,NA,NA,NA,NA
"FFS7CONTROL_4918",647.595825195312,647.595825195312,647.595825195312,647.595825195312,647.595825195312,647.595825195312,718.484985351562,718.484985351562,718.484985351562,718.484985351562,718.484985351562,724.184936523438,724.184936523438,724.184936523438,724.184936523438,724.184936523438,NA,NA,NA,NA,NA,NA,NA,NA,NA,NA,NA,NA,NA,NA,NA,NA
"FFS7CONTROL_4929",647.595825195312,647.595825195312,647.595825195312,647.595825195312,647.595825195312,647.595825195312,718.484985351562,718.484985351562,718.484985351562,718.484985351562,718.484985351562,724.184936523438,724.184936523438,724.184936523438,724.184936523438,724.184936523438,NA,NA,NA,NA,NA,NA,NA,NA,NA,NA,NA,NA,NA,NA,NA,NA
"FFS7CONTROL_4930",647.595825195312,647.595825195312,647.595825195312,647.595825195312,647.595825195312,647.595825195312,718.484985351562,718.484985351562,718.484985351562,718.484985351562,718.484985351562,724.184936523438,724.184936523438,724.184936523438,724.184936523438,724.184936523438,NA,NA,NA,NA,NA,NA,NA,NA,NA,NA,NA,NA,NA,NA,NA,NA
"FFS7CONTROL_4931",647.595825195312,647.595825195312,647.595825195312,647.595825195312,647.595825195312,647.595825195312,718.484985351562,718.484985351562,718.484985351562,718.484985351562,718.484985351562,724.184936523438,724.184936523438,724.184936523438,724.184936523438,724.184936523438,NA,NA,NA,NA,NA,NA,NA,NA,NA,NA,NA,NA,NA,NA,NA,NA
"FFS7CONTROL_4937",647.595825195312,647.595825195312,647.595825195312,647.595825195312,647.595825195312,647.595825195312,718.484985351562,718.484985351562,718.484985351562,718.484985351562,718.484985351562,724.184936523438,724.184936523438,724.184936523438,724.184936523438,724.184936523438,NA,NA,NA,NA,NA,NA,NA,NA,NA,NA,NA,NA,NA,NA,NA,NA
"FFS7CONTROL_4938",647.595825195312,647.595825195312,647.595825195312,647.595825195312,647.595825195312,647.595825195312,718.484985351562,718.484985351562,718.484985351562,718.484985351562,718.484985351562,724.184936523438,724.184936523438,724.184936523438,724.184936523438,724.184936523438,NA,NA,NA,NA,NA,NA,NA,NA,NA,NA,NA,NA,NA,NA,NA,NA
"FFS7CONTROL_4940",647.595825195312,647.595825195312,647.595825195312,647.595825195312,647.595825195312,647.595825195312,718.484985351562,718.484985351562,718.484985351562,718.484985351562,718.484985351562,724.184936523438,724.184936523438,724.184936523438,724.184936523438,724.184936523438,NA,NA,NA,NA,NA,NA,NA,NA,NA,NA,NA,NA,NA,NA,NA,NA
"FFS7CONTROL_4941",647.595825195312,647.595825195312,647.595825195312,647.595825195312,647.595825195312,647.595825195312,718.484985351562,718.484985351562,718.484985351562,718.484985351562,718.484985351562,724.184936523438,724.184936523438,724.184936523438,724.184936523438,724.184936523438,NA,NA,NA,NA,NA,NA,NA,NA,NA,NA,NA,NA,NA,NA,NA,NA
"FFS7CONTROL_4943",647.595825195312,647.595825195312,647.595825195312,647.595825195312,647.595825195312,647.595825195312,718.484985351562,718.484985351562,718.484985351562,718.484985351562,718.484985351562,724.184936523438,724.184936523438,724.184936523438,724.184936523438,724.184936523438,NA,NA,NA,NA,NA,NA,NA,NA,NA,NA,NA,NA,NA,NA,NA,NA
"FFS7CONTROL_4944",NA,NA,NA,NA,NA,689.166687011719,689.166687011719,689.166687011719,689.166687011719,689.166687011719,689.166687011719,724.184936523438,724.184936523438,724.184936523438,724.184936523438,724.184936523438,NA,NA,NA,NA,NA,NA,NA,NA,NA,NA,NA,NA,NA,NA,NA,NA
"FFS7CONTROL_4955",647.595825195312,647.595825195312,647.595825195312,647.595825195312,647.595825195312,647.595825195312,718.484985351562,718.484985351562,718.484985351562,718.484985351562,718.484985351562,724.184936523438,724.184936523438,724.184936523438,724.184936523438,724.184936523438,NA,NA,NA,NA,NA,NA,NA,NA,NA,NA,NA,NA,NA,NA,NA,NA
"FFS7CONTROL_4958",647.595825195312,647.595825195312,647.595825195312,647.595825195312,647.595825195312,647.595825195312,718.484985351562,718.484985351562,718.484985351562,718.484985351562,718.484985351562,724.184936523438,724.184936523438,724.184936523438,724.184936523438,724.184936523438,NA,NA,NA,NA,NA,NA,NA,NA,NA,NA,NA,NA,NA,NA,NA,NA
"FFS7CONTROL_4959",647.595825195312,647.595825195312,647.595825195312,647.595825195312,647.595825195312,647.595825195312,718.484985351562,718.484985351562,718.484985351562,718.484985351562,718.484985351562,724.184936523438,724.184936523438,724.184936523438,724.184936523438,724.184936523438,NA,NA,NA,NA,NA,NA,NA,NA,NA,NA,NA,NA,NA,NA,NA,NA
"FFS7CONTROL_4960",647.595825195312,647.595825195312,647.595825195312,647.595825195312,647.595825195312,647.595825195312,718.484985351562,718.484985351562,718.484985351562,718.484985351562,718.484985351562,724.184936523438,724.184936523438,724.184936523438,724.184936523438,724.184936523438,NA,NA,NA,NA,NA,NA,NA,NA,NA,NA,NA,NA,NA,NA,NA,NA
"FFS7CONTROL_4961",647.595825195312,647.595825195312,647.595825195312,647.595825195312,647.595825195312,647.595825195312,718.484985351562,718.484985351562,718.484985351562,718.484985351562,718.484985351562,724.184936523438,724.184936523438,724.184936523438,724.184936523438,724.184936523438,NA,NA,NA,NA,NA,NA,NA,NA,NA,NA,NA,NA,NA,NA,NA,NA
"FFS7CONTROL_4963",647.595825195312,647.595825195312,647.595825195312,647.595825195312,647.595825195312,647.595825195312,718.484985351562,718.484985351562,718.484985351562,718.484985351562,718.484985351562,724.184936523438,724.184936523438,724.184936523438,724.184936523438,724.184936523438,NA,NA,NA,NA,NA,NA,NA,NA,NA,NA,NA,NA,NA,NA,NA,NA
"FFS7CONTROL_4965",647.595825195312,647.595825195312,647.595825195312,647.595825195312,647.595825195312,647.595825195312,718.484985351562,718.484985351562,718.484985351562,718.484985351562,718.484985351562,724.184936523438,724.184936523438,724.184936523438,724.184936523438,724.184936523438,NA,NA,NA,NA,NA,NA,NA,NA,NA,NA,NA,NA,NA,NA,NA,NA
"FFS7CONTROL_4966",647.595825195312,647.595825195312,647.595825195312,647.595825195312,647.595825195312,647.595825195312,718.484985351562,718.484985351562,718.484985351562,718.484985351562,718.484985351562,724.184936523438,724.184936523438,724.184936523438,724.184936523438,724.184936523438,NA,NA,NA,NA,NA,NA,NA,NA,NA,NA,NA,NA,NA,NA,NA,NA
"FFS7CONTROL_4967",647.595825195312,647.595825195312,647.595825195312,647.595825195312,647.595825195312,647.595825195312,718.484985351562,718.484985351562,718.484985351562,718.484985351562,718.484985351562,724.184936523438,724.184936523438,724.184936523438,724.184936523438,724.184936523438,NA,NA,NA,NA,NA,NA,NA,NA,NA,NA,NA,NA,NA,NA,NA,NA
"FFS7CONTROL_4969",647.595825195312,647.595825195312,647.595825195312,647.595825195312,647.595825195312,647.595825195312,718.484985351562,718.484985351562,718.484985351562,718.484985351562,718.484985351562,724.184936523438,724.184936523438,724.184936523438,724.184936523438,724.184936523438,NA,NA,NA,NA,NA,NA,NA,NA,NA,NA,NA,NA,NA,NA,NA,NA
"FFS7CONTROL_4974",647.595825195312,647.595825195312,647.595825195312,647.595825195312,647.595825195312,647.595825195312,718.484985351562,718.484985351562,718.484985351562,718.484985351562,718.484985351562,724.184936523438,724.184936523438,724.184936523438,724.184936523438,724.184936523438,NA,NA,NA,NA,NA,NA,NA,NA,NA,NA,NA,NA,NA,NA,NA,NA
"FFS7CONTROL_4976",647.595825195312,647.595825195312,647.595825195312,647.595825195312,647.595825195312,647.595825195312,718.484985351562,718.484985351562,718.484985351562,718.484985351562,718.484985351562,724.184936523438,724.184936523438,724.184936523438,724.184936523438,724.184936523438,NA,NA,NA,NA,NA,NA,NA,NA,NA,NA,NA,NA,NA,NA,NA,NA
"FFS7CONTROL_4978",647.595825195312,647.595825195312,647.595825195312,647.595825195312,647.595825195312,647.595825195312,718.484985351562,718.484985351562,718.484985351562,718.484985351562,718.484985351562,638.066650390625,638.066650390625,638.066650390625,NA,NA,NA,NA,NA,NA,NA,NA,NA,NA,NA,NA,NA,NA,NA,NA,NA,NA
"FFS7CONTROL_4981",647.595825195312,647.595825195312,647.595825195312,647.595825195312,647.595825195312,647.595825195312,718.484985351562,718.484985351562,718.484985351562,718.484985351562,718.484985351562,724.184936523438,724.184936523438,724.184936523438,724.184936523438,724.184936523438,NA,NA,NA,NA,NA,NA,NA,NA,NA,NA,NA,NA,NA,NA,NA,NA
"FFS7CONTROL_4982",647.595825195312,647.595825195312,647.595825195312,647.595825195312,647.595825195312,647.595825195312,718.484985351562,718.484985351562,718.484985351562,718.484985351562,718.484985351562,724.184936523438,724.184936523438,724.184936523438,724.184936523438,724.184936523438,NA,NA,NA,NA,NA,NA,NA,NA,NA,NA,NA,NA,NA,NA,NA,NA
"FFS7CONTROL_4983",647.595825195312,647.595825195312,647.595825195312,647.595825195312,647.595825195312,647.595825195312,718.484985351562,718.484985351562,718.484985351562,718.484985351562,718.484985351562,724.184936523438,724.184936523438,724.184936523438,724.184936523438,724.184936523438,NA,NA,NA,NA,NA,NA,NA,NA,NA,NA,NA,NA,NA,NA,NA,NA
"FFS7CONTROL_4984",647.595825195312,647.595825195312,647.595825195312,647.595825195312,647.595825195312,647.595825195312,718.484985351562,718.484985351562,718.484985351562,718.484985351562,718.484985351562,724.184936523438,724.184936523438,724.184936523438,724.184936523438,724.184936523438,NA,NA,NA,NA,NA,NA,NA,NA,NA,NA,NA,NA,NA,NA,NA,NA
"FFS7CONTROL_4986",647.595825195312,647.595825195312,647.595825195312,647.595825195312,647.595825195312,647.595825195312,718.484985351562,718.484985351562,718.484985351562,718.484985351562,718.484985351562,662.599975585938,662.599975585938,NA,NA,NA,NA,NA,NA,NA,NA,NA,NA,NA,NA,NA,NA,NA,NA,NA,NA,NA
"FFS7CONTROL_4987",647.595825195312,647.595825195312,647.595825195312,647.595825195312,647.595825195312,647.595825195312,718.484985351562,718.484985351562,718.484985351562,718.484985351562,718.484985351562,724.184936523438,724.184936523438,724.184936523438,724.184936523438,724.184936523438,NA,NA,NA,NA,NA,NA,NA,NA,NA,NA,NA,NA,NA,NA,NA,NA
"FFS7CONTROL_4988",647.595825195312,647.595825195312,647.595825195312,647.595825195312,647.595825195312,647.595825195312,718.484985351562,718.484985351562,718.484985351562,718.484985351562,718.484985351562,724.184936523438,724.184936523438,724.184936523438,724.184936523438,724.184936523438,NA,NA,NA,NA,NA,NA,NA,NA,NA,NA,NA,NA,NA,NA,NA,NA
"FFS7CONTROL_4991",647.595825195312,647.595825195312,647.595825195312,647.595825195312,647.595825195312,647.595825195312,718.484985351562,718.484985351562,718.484985351562,718.484985351562,718.484985351562,724.184936523438,724.184936523438,724.184936523438,724.184936523438,724.184936523438,NA,NA,NA,NA,NA,NA,NA,NA,NA,NA,NA,NA,NA,NA,NA,NA
"FFS7CONTROL_4992",647.595825195312,647.595825195312,647.595825195312,647.595825195312,647.595825195312,647.595825195312,718.484985351562,718.484985351562,718.484985351562,718.484985351562,718.484985351562,724.184936523438,724.184936523438,724.184936523438,724.184936523438,724.184936523438,NA,NA,NA,NA,NA,NA,NA,NA,NA,NA,NA,NA,NA,NA,NA,NA
"FFS7CONTROL_5001",647.595825195312,647.595825195312,647.595825195312,647.595825195312,647.595825195312,647.595825195312,718.484985351562,718.484985351562,718.484985351562,718.484985351562,718.484985351562,NA,NA,NA,NA,NA,NA,NA,NA,NA,NA,NA,NA,NA,NA,NA,NA,NA,NA,NA,NA,NA
"FFS7CONTROL_5002",647.595825195312,647.595825195312,647.595825195312,647.595825195312,647.595825195312,647.595825195312,718.484985351562,718.484985351562,718.484985351562,718.484985351562,718.484985351562,724.184936523438,724.184936523438,724.184936523438,724.184936523438,724.184936523438,NA,NA,NA,NA,NA,NA,NA,NA,NA,NA,NA,NA,NA,NA,NA,NA
"FFS7CONTROL_5003",647.595825195312,647.595825195312,647.595825195312,647.595825195312,647.595825195312,647.595825195312,718.484985351562,718.484985351562,718.484985351562,718.484985351562,718.484985351562,724.184936523438,724.184936523438,724.184936523438,724.184936523438,724.184936523438,NA,NA,NA,NA,NA,NA,NA,NA,NA,NA,NA,NA,NA,NA,NA,NA
"FFS7CONTROL_5004",647.595825195312,647.595825195312,647.595825195312,647.595825195312,647.595825195312,647.595825195312,718.484985351562,718.484985351562,718.484985351562,718.484985351562,718.484985351562,724.184936523438,724.184936523438,724.184936523438,724.184936523438,724.184936523438,NA,NA,NA,NA,NA,NA,NA,NA,NA,NA,NA,NA,NA,NA,NA,NA
"FFS7CONTROL_5006",647.595825195312,647.595825195312,647.595825195312,647.595825195312,647.595825195312,647.595825195312,718.484985351562,718.484985351562,718.484985351562,718.484985351562,718.484985351562,724.184936523438,724.184936523438,724.184936523438,724.184936523438,724.184936523438,NA,NA,NA,NA,NA,NA,NA,NA,NA,NA,NA,NA,NA,NA,NA,NA
"FFS7CONTROL_5007",647.595825195312,647.595825195312,647.595825195312,647.595825195312,647.595825195312,647.595825195312,718.484985351562,718.484985351562,718.484985351562,718.484985351562,718.484985351562,724.184936523438,724.184936523438,724.184936523438,724.184936523438,724.184936523438,NA,NA,NA,NA,NA,NA,NA,NA,NA,NA,NA,NA,NA,NA,NA,NA
"FFS7CONTROL_5008",647.595825195312,647.595825195312,647.595825195312,647.595825195312,647.595825195312,647.595825195312,718.484985351562,718.484985351562,718.484985351562,718.484985351562,718.484985351562,724.184936523438,724.184936523438,724.184936523438,724.184936523438,724.184936523438,NA,NA,NA,NA,NA,NA,NA,NA,NA,NA,NA,NA,NA,NA,NA,NA
"FFS7CONTROL_5009",647.595825195312,647.595825195312,647.595825195312,647.595825195312,647.595825195312,647.595825195312,718.484985351562,718.484985351562,718.484985351562,718.484985351562,718.484985351562,724.184936523438,724.184936523438,724.184936523438,724.184936523438,724.184936523438,NA,NA,NA,NA,NA,NA,NA,NA,NA,NA,NA,NA,NA,NA,NA,NA
"FFS7CONTROL_5010",647.595825195312,647.595825195312,647.595825195312,647.595825195312,647.595825195312,647.595825195312,718.484985351562,718.484985351562,718.484985351562,718.484985351562,718.484985351562,724.184936523438,724.184936523438,724.184936523438,724.184936523438,724.184936523438,NA,NA,NA,NA,NA,NA,NA,NA,NA,NA,NA,NA,NA,NA,NA,NA
"FFS7CONTROL_5012",647.595825195312,647.595825195312,647.595825195312,647.595825195312,647.595825195312,647.595825195312,718.484985351562,718.484985351562,718.484985351562,718.484985351562,718.484985351562,724.184936523438,724.184936523438,724.184936523438,724.184936523438,724.184936523438,NA,NA,NA,NA,NA,NA,NA,NA,NA,NA,NA,NA,NA,NA,NA,NA
"FFS7CONTROL_5014",647.595825195312,647.595825195312,647.595825195312,647.595825195312,647.595825195312,647.595825195312,718.484985351562,718.484985351562,718.484985351562,718.484985351562,718.484985351562,724.184936523438,724.184936523438,724.184936523438,724.184936523438,724.184936523438,NA,NA,NA,NA,NA,NA,NA,NA,NA,NA,NA,NA,NA,NA,NA,NA
"FFS7CONTROL_5016",647.595825195312,647.595825195312,647.595825195312,647.595825195312,647.595825195312,647.595825195312,718.484985351562,718.484985351562,718.484985351562,718.484985351562,718.484985351562,724.184936523438,724.184936523438,724.184936523438,724.184936523438,724.184936523438,NA,NA,NA,NA,NA,NA,NA,NA,NA,NA,NA,NA,NA,NA,NA,NA
"FFS7CONTROL_5019",647.595825195312,647.595825195312,647.595825195312,647.595825195312,647.595825195312,647.595825195312,718.484985351562,718.484985351562,718.484985351562,718.484985351562,718.484985351562,724.184936523438,724.184936523438,724.184936523438,724.184936523438,724.184936523438,NA,NA,NA,NA,NA,NA,NA,NA,NA,NA,NA,NA,NA,NA,NA,NA
"FFS7CONTROL_5021",647.595825195312,647.595825195312,647.595825195312,647.595825195312,647.595825195312,647.595825195312,718.484985351562,718.484985351562,718.484985351562,718.484985351562,718.484985351562,724.184936523438,724.184936523438,724.184936523438,724.184936523438,724.184936523438,NA,NA,NA,NA,NA,NA,NA,NA,NA,NA,NA,NA,NA,NA,NA,NA
"FFS7CONTROL_5022",647.595825195312,647.595825195312,647.595825195312,647.595825195312,647.595825195312,647.595825195312,718.484985351562,718.484985351562,718.484985351562,718.484985351562,718.484985351562,724.184936523438,724.184936523438,724.184936523438,724.184936523438,724.184936523438,NA,NA,NA,NA,NA,NA,NA,NA,NA,NA,NA,NA,NA,NA,NA,NA
"FFS7CONTROL_5023",647.332153320312,647.332153320312,647.332153320312,647.332153320312,647.332153320312,647.332153320312,647.332153320312,NA,NA,NA,NA,NA,NA,NA,NA,NA,NA,NA,NA,NA,NA,NA,NA,NA,NA,NA,NA,NA,NA,NA,NA,NA
"FFS7CONTROL_5039",647.595825195312,647.595825195312,647.595825195312,647.595825195312,647.595825195312,647.595825195312,718.484985351562,718.484985351562,718.484985351562,718.484985351562,718.484985351562,724.184936523438,724.184936523438,724.184936523438,724.184936523438,724.184936523438,NA,NA,NA,NA,NA,NA,NA,NA,NA,NA,NA,NA,NA,NA,NA,NA
"FFS7CONTROL_5040",647.595825195312,647.595825195312,647.595825195312,647.595825195312,647.595825195312,647.595825195312,718.484985351562,718.484985351562,718.484985351562,718.484985351562,718.484985351562,724.184936523438,724.184936523438,724.184936523438,724.184936523438,724.184936523438,NA,NA,NA,NA,NA,NA,NA,NA,NA,NA,NA,NA,NA,NA,NA,NA
"FFS7CONTROL_5041",647.595825195312,647.595825195312,647.595825195312,647.595825195312,647.595825195312,647.595825195312,718.484985351562,718.484985351562,718.484985351562,718.484985351562,718.484985351562,724.184936523438,724.184936523438,724.184936523438,724.184936523438,724.184936523438,NA,NA,NA,NA,NA,NA,NA,NA,NA,NA,NA,NA,NA,NA,NA,NA
"FFS7CONTROL_5042",647.595825195312,647.595825195312,647.595825195312,647.595825195312,647.595825195312,647.595825195312,718.484985351562,718.484985351562,718.484985351562,718.484985351562,718.484985351562,562.474975585938,NA,NA,NA,NA,NA,NA,NA,NA,NA,NA,NA,NA,NA,NA,NA,NA,NA,NA,NA,NA
"FFS7CONTROL_5043",647.595825195312,647.595825195312,647.595825195312,647.595825195312,647.595825195312,647.595825195312,718.484985351562,718.484985351562,718.484985351562,718.484985351562,718.484985351562,724.184936523438,724.184936523438,724.184936523438,724.184936523438,724.184936523438,NA,NA,NA,NA,NA,NA,NA,NA,NA,NA,NA,NA,NA,NA,NA,NA
"FFS7CONTROL_5047",647.595825195312,647.595825195312,647.595825195312,647.595825195312,647.595825195312,647.595825195312,718.484985351562,718.484985351562,718.484985351562,718.484985351562,718.484985351562,724.184936523438,724.184936523438,724.184936523438,724.184936523438,724.184936523438,NA,NA,NA,NA,NA,NA,NA,NA,NA,NA,NA,NA,NA,NA,NA,NA
"FFS7CONTROL_5049",NA,NA,NA,NA,NA,NA,NA,NA,NA,NA,710.612487792969,710.612487792969,710.612487792969,710.612487792969,710.612487792969,710.612487792969,NA,NA,NA,NA,NA,NA,NA,NA,NA,NA,NA,NA,NA,NA,NA,NA
"FFS7CONTROL_5053",647.595825195312,647.595825195312,647.595825195312,647.595825195312,647.595825195312,647.595825195312,718.484985351562,718.484985351562,718.484985351562,718.484985351562,718.484985351562,724.184936523438,724.184936523438,724.184936523438,724.184936523438,724.184936523438,NA,NA,NA,NA,NA,NA,NA,NA,NA,NA,NA,NA,NA,NA,NA,NA
"FFS7CONTROL_5057",647.595825195312,647.595825195312,647.595825195312,647.595825195312,647.595825195312,647.595825195312,718.484985351562,718.484985351562,718.484985351562,718.484985351562,718.484985351562,724.184936523438,724.184936523438,724.184936523438,724.184936523438,724.184936523438,NA,NA,NA,NA,NA,NA,NA,NA,NA,NA,NA,NA,NA,NA,NA,NA
"FFS7CONTROL_5058",647.595825195312,647.595825195312,647.595825195312,647.595825195312,647.595825195312,647.595825195312,718.484985351562,718.484985351562,718.484985351562,718.484985351562,718.484985351562,638.066650390625,638.066650390625,638.066650390625,NA,NA,NA,NA,NA,NA,NA,NA,NA,NA,NA,NA,NA,NA,NA,NA,NA,NA
"FFS7CONTROL_5060",647.595825195312,647.595825195312,647.595825195312,647.595825195312,647.595825195312,647.595825195312,718.484985351562,718.484985351562,718.484985351562,718.484985351562,718.484985351562,724.184936523438,724.184936523438,724.184936523438,724.184936523438,724.184936523438,NA,NA,NA,NA,NA,NA,NA,NA,NA,NA,NA,NA,NA,NA,NA,NA
"FFS7CONTROL_5061",647.595825195312,647.595825195312,647.595825195312,647.595825195312,647.595825195312,647.595825195312,718.484985351562,718.484985351562,718.484985351562,718.484985351562,718.484985351562,724.184936523438,724.184936523438,724.184936523438,724.184936523438,724.184936523438,NA,NA,NA,NA,NA,NA,NA,NA,NA,NA,NA,NA,NA,NA,NA,NA
"FFS7CONTROL_5062",647.595825195312,647.595825195312,647.595825195312,647.595825195312,647.595825195312,647.595825195312,718.484985351562,718.484985351562,718.484985351562,718.484985351562,718.484985351562,724.184936523438,724.184936523438,724.184936523438,724.184936523438,724.184936523438,NA,NA,NA,NA,NA,NA,NA,NA,NA,NA,NA,NA,NA,NA,NA,NA
"FFS7CONTROL_5064",647.595825195312,647.595825195312,647.595825195312,647.595825195312,647.595825195312,647.595825195312,718.484985351562,718.484985351562,718.484985351562,718.484985351562,718.484985351562,562.474975585938,NA,NA,NA,NA,NA,NA,NA,NA,NA,NA,NA,NA,NA,NA,NA,NA,NA,NA,NA,NA
"FFS7CONTROL_5065",647.595825195312,647.595825195312,647.595825195312,647.595825195312,647.595825195312,647.595825195312,718.484985351562,718.484985351562,718.484985351562,718.484985351562,718.484985351562,662.599975585938,662.599975585938,NA,NA,NA,NA,NA,NA,NA,NA,NA,NA,NA,NA,NA,NA,NA,NA,NA,NA,NA
"FFS7CONTROL_5068",647.595825195312,647.595825195312,647.595825195312,647.595825195312,647.595825195312,647.595825195312,718.484985351562,718.484985351562,718.484985351562,718.484985351562,718.484985351562,724.184936523438,724.184936523438,724.184936523438,724.184936523438,724.184936523438,NA,NA,NA,NA,NA,NA,NA,NA,NA,NA,NA,NA,NA,NA,NA,NA
"FFS7CONTROL_5070",647.332153320312,647.332153320312,647.332153320312,647.332153320312,647.332153320312,647.332153320312,647.332153320312,767.974914550781,767.974914550781,767.974914550781,NA,NA,NA,NA,NA,NA,NA,NA,NA,NA,NA,NA,NA,NA,NA,NA,NA,NA,NA,NA,NA,NA
"FFS7CONTROL_5073",647.595825195312,647.595825195312,647.595825195312,647.595825195312,647.595825195312,647.595825195312,718.484985351562,718.484985351562,718.484985351562,718.484985351562,718.484985351562,724.184936523438,724.184936523438,724.184936523438,724.184936523438,724.184936523438,NA,NA,NA,NA,NA,NA,NA,NA,NA,NA,NA,NA,NA,NA,NA,NA
"FFS7CONTROL_5076",647.595825195312,647.595825195312,647.595825195312,647.595825195312,647.595825195312,647.595825195312,718.484985351562,718.484985351562,718.484985351562,718.484985351562,718.484985351562,724.184936523438,724.184936523438,724.184936523438,724.184936523438,724.184936523438,NA,NA,NA,NA,NA,NA,NA,NA,NA,NA,NA,NA,NA,NA,NA,NA
"FFS7CONTROL_5078",647.595825195312,647.595825195312,647.595825195312,647.595825195312,647.595825195312,647.595825195312,718.484985351562,718.484985351562,718.484985351562,718.484985351562,718.484985351562,724.184936523438,724.184936523438,724.184936523438,724.184936523438,724.184936523438,NA,NA,NA,NA,NA,NA,NA,NA,NA,NA,NA,NA,NA,NA,NA,NA
"FFS7CONTROL_5080",647.595825195312,647.595825195312,647.595825195312,647.595825195312,647.595825195312,647.595825195312,718.484985351562,718.484985351562,718.484985351562,718.484985351562,718.484985351562,724.184936523438,724.184936523438,724.184936523438,724.184936523438,724.184936523438,NA,NA,NA,NA,NA,NA,NA,NA,NA,NA,NA,NA,NA,NA,NA,NA
"FFS7CONTROL_5081",647.595825195312,647.595825195312,647.595825195312,647.595825195312,647.595825195312,647.595825195312,718.484985351562,718.484985351562,718.484985351562,718.484985351562,718.484985351562,NA,NA,NA,NA,NA,NA,NA,NA,NA,NA,NA,NA,NA,NA,NA,NA,NA,NA,NA,NA,NA
"FFS7CONTROL_5083",647.595825195312,647.595825195312,647.595825195312,647.595825195312,647.595825195312,647.595825195312,718.484985351562,718.484985351562,718.484985351562,718.484985351562,718.484985351562,724.184936523438,724.184936523438,724.184936523438,724.184936523438,724.184936523438,NA,NA,NA,NA,NA,NA,NA,NA,NA,NA,NA,NA,NA,NA,NA,NA
"FFS7CONTROL_5084",647.595825195312,647.595825195312,647.595825195312,647.595825195312,647.595825195312,647.595825195312,718.484985351562,718.484985351562,718.484985351562,718.484985351562,718.484985351562,562.474975585938,NA,NA,NA,NA,NA,NA,NA,NA,NA,NA,NA,NA,NA,NA,NA,NA,NA,NA,NA,NA
"FFS7CONTROL_5086",NA,NA,NA,NA,NA,689.166687011719,689.166687011719,689.166687011719,689.166687011719,689.166687011719,689.166687011719,724.184936523438,724.184936523438,724.184936523438,724.184936523438,724.184936523438,NA,NA,NA,NA,NA,NA,NA,NA,NA,NA,NA,NA,NA,NA,NA,NA
"FFS7CONTROL_5088",647.595825195312,647.595825195312,647.595825195312,647.595825195312,647.595825195312,647.595825195312,718.484985351562,718.484985351562,718.484985351562,718.484985351562,718.484985351562,724.184936523438,724.184936523438,724.184936523438,724.184936523438,724.184936523438,NA,NA,NA,NA,NA,NA,NA,NA,NA,NA,NA,NA,NA,NA,NA,NA
"FFS7CONTROL_5089",647.595825195312,647.595825195312,647.595825195312,647.595825195312,647.595825195312,647.595825195312,718.484985351562,718.484985351562,718.484985351562,718.484985351562,718.484985351562,NA,NA,NA,NA,NA,NA,NA,NA,NA,NA,NA,NA,NA,NA,NA,NA,NA,NA,NA,NA,NA
"FFS7CONTROL_5095",647.595825195312,647.595825195312,647.595825195312,647.595825195312,647.595825195312,647.595825195312,718.484985351562,718.484985351562,718.484985351562,718.484985351562,718.484985351562,662.599975585938,662.599975585938,NA,NA,NA,NA,NA,NA,NA,NA,NA,NA,NA,NA,NA,NA,NA,NA,NA,NA,NA
"FFS7CONTROL_5099",647.595825195312,647.595825195312,647.595825195312,647.595825195312,647.595825195312,647.595825195312,718.484985351562,718.484985351562,718.484985351562,718.484985351562,718.484985351562,724.184936523438,724.184936523438,724.184936523438,724.184936523438,724.184936523438,NA,NA,NA,NA,NA,NA,NA,NA,NA,NA,NA,NA,NA,NA,NA,NA
"FFS7CONTROL_5402",647.595825195312,647.595825195312,647.595825195312,647.595825195312,647.595825195312,647.595825195312,718.484985351562,718.484985351562,718.484985351562,718.484985351562,718.484985351562,724.184936523438,724.184936523438,724.184936523438,724.184936523438,724.184936523438,NA,NA,NA,NA,NA,NA,NA,NA,NA,NA,NA,NA,NA,NA,NA,NA
"FFS7CONTROL_5404",647.595825195312,647.595825195312,647.595825195312,647.595825195312,647.595825195312,647.595825195312,750.049987792969,750.049987792969,750.049987792969,NA,NA,NA,NA,NA,NA,NA,NA,NA,NA,NA,NA,NA,NA,NA,NA,NA,NA,NA,NA,NA,NA,NA
"FFS7CONTROL_5406",647.595825195312,647.595825195312,647.595825195312,647.595825195312,647.595825195312,647.595825195312,750.049987792969,750.049987792969,750.049987792969,NA,NA,NA,NA,NA,NA,NA,NA,NA,NA,NA,NA,NA,NA,NA,NA,NA,NA,NA,NA,NA,NA,NA
"FFS7CONTROL_5409",647.595825195312,647.595825195312,647.595825195312,647.595825195312,647.595825195312,647.595825195312,718.484985351562,718.484985351562,718.484985351562,718.484985351562,718.484985351562,724.184936523438,724.184936523438,724.184936523438,724.184936523438,724.184936523438,NA,NA,NA,NA,NA,NA,NA,NA,NA,NA,NA,NA,NA,NA,NA,NA
"FFS7CONTROL_5414",NA,NA,NA,NA,NA,NA,NA,NA,NA,NA,639.237487792969,639.237487792969,639.237487792969,639.237487792969,NA,NA,NA,NA,NA,NA,NA,NA,NA,NA,NA,NA,NA,NA,NA,NA,NA,NA
"FFS7CONTROL_5416",647.595825195312,647.595825195312,647.595825195312,647.595825195312,647.595825195312,647.595825195312,718.484985351562,718.484985351562,718.484985351562,718.484985351562,718.484985351562,724.184936523438,724.184936523438,724.184936523438,724.184936523438,724.184936523438,NA,NA,NA,NA,NA,NA,NA,NA,NA,NA,NA,NA,NA,NA,NA,NA
"FFS7CONTROL_5417",NA,NA,NA,NA,NA,NA,NA,NA,NA,NA,710.612487792969,710.612487792969,710.612487792969,710.612487792969,710.612487792969,710.612487792969,NA,NA,NA,NA,NA,NA,NA,NA,NA,NA,NA,NA,NA,NA,NA,NA
"FFS7CONTROL_5423",647.595825195312,647.595825195312,647.595825195312,647.595825195312,647.595825195312,647.595825195312,718.484985351562,718.484985351562,718.484985351562,718.484985351562,718.484985351562,724.184936523438,724.184936523438,724.184936523438,724.184936523438,724.184936523438,NA,NA,NA,NA,NA,NA,NA,NA,NA,NA,NA,NA,NA,NA,NA,NA
"FFS7CONTROL_5424",647.595825195312,647.595825195312,647.595825195312,647.595825195312,647.595825195312,647.595825195312,718.484985351562,718.484985351562,718.484985351562,718.484985351562,718.484985351562,724.184936523438,724.184936523438,724.184936523438,724.184936523438,724.184936523438,NA,NA,NA,NA,NA,NA,NA,NA,NA,NA,NA,NA,NA,NA,NA,NA
"FFS7CONTROL_5432",668.599975585938,668.599975585938,668.599975585938,668.599975585938,668.599975585938,NA,NA,NA,NA,NA,NA,NA,NA,NA,NA,NA,NA,NA,NA,NA,NA,NA,NA,NA,NA,NA,NA,NA,NA,NA,NA,NA
"FFS7CONTROL_5436",647.595825195312,647.595825195312,647.595825195312,647.595825195312,647.595825195312,647.595825195312,718.484985351562,718.484985351562,718.484985351562,718.484985351562,718.484985351562,724.184936523438,724.184936523438,724.184936523438,724.184936523438,724.184936523438,NA,NA,NA,NA,NA,NA,NA,NA,NA,NA,NA,NA,NA,NA,NA,NA
"FFS7CONTROL_5440",647.595825195312,647.595825195312,647.595825195312,647.595825195312,647.595825195312,647.595825195312,718.484985351562,718.484985351562,718.484985351562,718.484985351562,718.484985351562,724.184936523438,724.184936523438,724.184936523438,724.184936523438,724.184936523438,NA,NA,NA,NA,NA,NA,NA,NA,NA,NA,NA,NA,NA,NA,NA,NA
"FFS7CONTROL_5443",647.595825195312,647.595825195312,647.595825195312,647.595825195312,647.595825195312,647.595825195312,718.484985351562,718.484985351562,718.484985351562,718.484985351562,718.484985351562,724.184936523438,724.184936523438,724.184936523438,724.184936523438,724.184936523438,NA,NA,NA,NA,NA,NA,NA,NA,NA,NA,NA,NA,NA,NA,NA,NA
"FFS7CONTROL_5448",647.595825195312,647.595825195312,647.595825195312,647.595825195312,647.595825195312,647.595825195312,718.484985351562,718.484985351562,718.484985351562,718.484985351562,718.484985351562,724.184936523438,724.184936523438,724.184936523438,724.184936523438,724.184936523438,NA,NA,NA,NA,NA,NA,NA,NA,NA,NA,NA,NA,NA,NA,NA,NA
"FFS7CONTROL_5450",647.595825195312,647.595825195312,647.595825195312,647.595825195312,647.595825195312,647.595825195312,718.484985351562,718.484985351562,718.484985351562,718.484985351562,718.484985351562,724.184936523438,724.184936523438,724.184936523438,724.184936523438,724.184936523438,NA,NA,NA,NA,NA,NA,NA,NA,NA,NA,NA,NA,NA,NA,NA,NA
"FFS7CONTROL_5451",647.595825195312,647.595825195312,647.595825195312,647.595825195312,647.595825195312,647.595825195312,718.484985351562,718.484985351562,718.484985351562,718.484985351562,718.484985351562,724.184936523438,724.184936523438,724.184936523438,724.184936523438,724.184936523438,NA,NA,NA,NA,NA,NA,NA,NA,NA,NA,NA,NA,NA,NA,NA,NA
"FFS7CONTROL_5452",647.595825195312,647.595825195312,647.595825195312,647.595825195312,647.595825195312,647.595825195312,718.484985351562,718.484985351562,718.484985351562,718.484985351562,718.484985351562,724.184936523438,724.184936523438,724.184936523438,724.184936523438,724.184936523438,NA,NA,NA,NA,NA,NA,NA,NA,NA,NA,NA,NA,NA,NA,NA,NA
"FFS7CONTROL_5455",647.595825195312,647.595825195312,647.595825195312,647.595825195312,647.595825195312,647.595825195312,718.484985351562,718.484985351562,718.484985351562,718.484985351562,718.484985351562,724.184936523438,724.184936523438,724.184936523438,724.184936523438,724.184936523438,NA,NA,NA,NA,NA,NA,NA,NA,NA,NA,NA,NA,NA,NA,NA,NA
"FFS7CONTROL_5458",647.595825195312,647.595825195312,647.595825195312,647.595825195312,647.595825195312,647.595825195312,718.484985351562,718.484985351562,718.484985351562,718.484985351562,718.484985351562,638.066650390625,638.066650390625,638.066650390625,NA,NA,NA,NA,NA,NA,NA,NA,NA,NA,NA,NA,NA,NA,NA,NA,NA,NA
"FFS7CONTROL_5459",647.595825195312,647.595825195312,647.595825195312,647.595825195312,647.595825195312,647.595825195312,718.484985351562,718.484985351562,718.484985351562,718.484985351562,718.484985351562,724.184936523438,724.184936523438,724.184936523438,724.184936523438,724.184936523438,NA,NA,NA,NA,NA,NA,NA,NA,NA,NA,NA,NA,NA,NA,NA,NA
"FFS7CONTROL_5505",647.595825195312,647.595825195312,647.595825195312,647.595825195312,647.595825195312,647.595825195312,718.484985351562,718.484985351562,718.484985351562,718.484985351562,718.484985351562,724.184936523438,724.184936523438,724.184936523438,724.184936523438,724.184936523438,NA,NA,NA,NA,NA,NA,NA,NA,NA,NA,NA,NA,NA,NA,NA,NA
"FFS7CONTROL_5511",647.595825195312,647.595825195312,647.595825195312,647.595825195312,647.595825195312,647.595825195312,718.484985351562,718.484985351562,718.484985351562,718.484985351562,718.484985351562,724.184936523438,724.184936523438,724.184936523438,724.184936523438,724.184936523438,NA,NA,NA,NA,NA,NA,NA,NA,NA,NA,NA,NA,NA,NA,NA,NA
"FFS7CONTROL_5515",647.595825195312,647.595825195312,647.595825195312,647.595825195312,647.595825195312,647.595825195312,718.484985351562,718.484985351562,718.484985351562,718.484985351562,718.484985351562,724.184936523438,724.184936523438,724.184936523438,724.184936523438,724.184936523438,NA,NA,NA,NA,NA,NA,NA,NA,NA,NA,NA,NA,NA,NA,NA,NA
"FFS7CONTROL_5516",NA,NA,NA,NA,NA,689.166687011719,689.166687011719,689.166687011719,689.166687011719,689.166687011719,689.166687011719,724.184936523438,724.184936523438,724.184936523438,724.184936523438,724.184936523438,NA,NA,NA,NA,NA,NA,NA,NA,NA,NA,NA,NA,NA,NA,NA,NA
"FFS7CONTROL_5519",647.595825195312,647.595825195312,647.595825195312,647.595825195312,647.595825195312,647.595825195312,718.484985351562,718.484985351562,718.484985351562,718.484985351562,718.484985351562,724.184936523438,724.184936523438,724.184936523438,724.184936523438,724.184936523438,NA,NA,NA,NA,NA,NA,NA,NA,NA,NA,NA,NA,NA,NA,NA,NA
"FFS7CONTROL_5533",647.595825195312,647.595825195312,647.595825195312,647.595825195312,647.595825195312,647.595825195312,718.484985351562,718.484985351562,718.484985351562,718.484985351562,718.484985351562,724.184936523438,724.184936523438,724.184936523438,724.184936523438,724.184936523438,NA,NA,NA,NA,NA,NA,NA,NA,NA,NA,NA,NA,NA,NA,NA,NA
"FFS7CONTROL_5535",647.595825195312,647.595825195312,647.595825195312,647.595825195312,647.595825195312,647.595825195312,718.484985351562,718.484985351562,718.484985351562,718.484985351562,718.484985351562,724.184936523438,724.184936523438,724.184936523438,724.184936523438,724.184936523438,NA,NA,NA,NA,NA,NA,NA,NA,NA,NA,NA,NA,NA,NA,NA,NA
"FFS7CONTROL_5536",647.595825195312,647.595825195312,647.595825195312,647.595825195312,647.595825195312,647.595825195312,718.484985351562,718.484985351562,718.484985351562,718.484985351562,718.484985351562,724.184936523438,724.184936523438,724.184936523438,724.184936523438,724.184936523438,NA,NA,NA,NA,NA,NA,NA,NA,NA,NA,NA,NA,NA,NA,NA,NA
"FFS7CONTROL_5538",647.595825195312,647.595825195312,647.595825195312,647.595825195312,647.595825195312,647.595825195312,718.484985351562,718.484985351562,718.484985351562,718.484985351562,718.484985351562,724.184936523438,724.184936523438,724.184936523438,724.184936523438,724.184936523438,NA,NA,NA,NA,NA,NA,NA,NA,NA,NA,NA,NA,NA,NA,NA,NA
"FFS7CONTROL_5539",647.595825195312,647.595825195312,647.595825195312,647.595825195312,647.595825195312,647.595825195312,NA,NA,NA,NA,NA,NA,NA,NA,NA,NA,NA,NA,NA,NA,NA,NA,NA,NA,NA,NA,NA,NA,NA,NA,NA,NA
"FFS7CONTROL_5541",647.595825195312,647.595825195312,647.595825195312,647.595825195312,647.595825195312,647.595825195312,718.484985351562,718.484985351562,718.484985351562,718.484985351562,718.484985351562,724.184936523438,724.184936523438,724.184936523438,724.184936523438,724.184936523438,NA,NA,NA,NA,NA,NA,NA,NA,NA,NA,NA,NA,NA,NA,NA,NA
"FFS7CONTROL_5546",647.595825195312,647.595825195312,647.595825195312,647.595825195312,647.595825195312,647.595825195312,718.484985351562,718.484985351562,718.484985351562,718.484985351562,718.484985351562,724.184936523438,724.184936523438,724.184936523438,724.184936523438,724.184936523438,NA,NA,NA,NA,NA,NA,NA,NA,NA,NA,NA,NA,NA,NA,NA,NA
"FFS7CONTROL_5548",647.595825195312,647.595825195312,647.595825195312,647.595825195312,647.595825195312,647.595825195312,718.484985351562,718.484985351562,718.484985351562,718.484985351562,718.484985351562,724.184936523438,724.184936523438,724.184936523438,724.184936523438,724.184936523438,NA,NA,NA,NA,NA,NA,NA,NA,NA,NA,NA,NA,NA,NA,NA,NA
"FFS7CONTROL_5549",647.595825195312,647.595825195312,647.595825195312,647.595825195312,647.595825195312,647.595825195312,718.484985351562,718.484985351562,718.484985351562,718.484985351562,718.484985351562,724.184936523438,724.184936523438,724.184936523438,724.184936523438,724.184936523438,NA,NA,NA,NA,NA,NA,NA,NA,NA,NA,NA,NA,NA,NA,NA,NA
"FFS7CONTROL_5554",707.683349609375,707.683349609375,707.683349609375,NA,NA,NA,NA,NA,NA,NA,NA,NA,NA,NA,NA,NA,NA,NA,NA,NA,NA,NA,NA,NA,NA,NA,NA,NA,NA,NA,NA,NA
"FFS7CONTROL_5557",647.595825195312,647.595825195312,647.595825195312,647.595825195312,647.595825195312,647.595825195312,718.484985351562,718.484985351562,718.484985351562,718.484985351562,718.484985351562,724.184936523438,724.184936523438,724.184936523438,724.184936523438,724.184936523438,NA,NA,NA,NA,NA,NA,NA,NA,NA,NA,NA,NA,NA,NA,NA,NA
"FFS7CONTROL_5562",647.595825195312,647.595825195312,647.595825195312,647.595825195312,647.595825195312,647.595825195312,718.484985351562,718.484985351562,718.484985351562,718.484985351562,718.484985351562,724.184936523438,724.184936523438,724.184936523438,724.184936523438,724.184936523438,NA,NA,NA,NA,NA,NA,NA,NA,NA,NA,NA,NA,NA,NA,NA,NA
"FFS7CONTROL_5566",647.595825195312,647.595825195312,647.595825195312,647.595825195312,647.595825195312,647.595825195312,718.484985351562,718.484985351562,718.484985351562,718.484985351562,718.484985351562,724.184936523438,724.184936523438,724.184936523438,724.184936523438,724.184936523438,NA,NA,NA,NA,NA,NA,NA,NA,NA,NA,NA,NA,NA,NA,NA,NA
"FFS7CONTROL_5567",715.400024414062,715.400024414062,NA,NA,NA,NA,NA,NA,NA,NA,NA,NA,NA,NA,NA,NA,NA,NA,NA,NA,NA,NA,NA,NA,NA,NA,NA,NA,NA,NA,NA,NA
"FFS7CONTROL_5568",647.595825195312,647.595825195312,647.595825195312,647.595825195312,647.595825195312,647.595825195312,718.484985351562,718.484985351562,718.484985351562,718.484985351562,718.484985351562,724.184936523438,724.184936523438,724.184936523438,724.184936523438,724.184936523438,NA,NA,NA,NA,NA,NA,NA,NA,NA,NA,NA,NA,NA,NA,NA,NA
"FFS7CONTROL_5577",647.595825195312,647.595825195312,647.595825195312,647.595825195312,647.595825195312,647.595825195312,718.484985351562,718.484985351562,718.484985351562,718.484985351562,718.484985351562,NA,NA,NA,NA,NA,NA,NA,NA,NA,NA,NA,NA,NA,NA,NA,NA,NA,NA,NA,NA,NA
"FFS7CONTROL_5578",NA,NA,NA,NA,NA,NA,NA,NA,NA,NA,710.612487792969,710.612487792969,710.612487792969,710.612487792969,710.612487792969,710.612487792969,NA,NA,NA,NA,NA,NA,NA,NA,NA,NA,NA,NA,NA,NA,NA,NA
"FFS7CONTROL_5584",647.595825195312,647.595825195312,647.595825195312,647.595825195312,647.595825195312,647.595825195312,718.484985351562,718.484985351562,718.484985351562,718.484985351562,718.484985351562,724.184936523438,724.184936523438,724.184936523438,724.184936523438,724.184936523438,NA,NA,NA,NA,NA,NA,NA,NA,NA,NA,NA,NA,NA,NA,NA,NA
"FFS7CONTROL_5585",647.595825195312,647.595825195312,647.595825195312,647.595825195312,647.595825195312,647.595825195312,718.484985351562,718.484985351562,718.484985351562,718.484985351562,718.484985351562,724.184936523438,724.184936523438,724.184936523438,724.184936523438,724.184936523438,NA,NA,NA,NA,NA,NA,NA,NA,NA,NA,NA,NA,NA,NA,NA,NA
"FFS7CONTROL_5586",647.595825195312,647.595825195312,647.595825195312,647.595825195312,647.595825195312,647.595825195312,718.484985351562,718.484985351562,718.484985351562,718.484985351562,718.484985351562,724.184936523438,724.184936523438,724.184936523438,724.184936523438,724.184936523438,NA,NA,NA,NA,NA,NA,NA,NA,NA,NA,NA,NA,NA,NA,NA,NA
"FFS7CONTROL_5589",679.818115234375,679.818115234375,679.818115234375,679.818115234375,679.818115234375,679.818115234375,679.818115234375,679.818115234375,679.818115234375,679.818115234375,679.818115234375,724.184936523438,724.184936523438,724.184936523438,724.184936523438,724.184936523438,NA,NA,NA,NA,NA,NA,NA,NA,NA,NA,NA,NA,NA,NA,NA,NA
"FFS7CONTROL_5594",647.595825195312,647.595825195312,647.595825195312,647.595825195312,647.595825195312,647.595825195312,718.484985351562,718.484985351562,718.484985351562,718.484985351562,718.484985351562,724.184936523438,724.184936523438,724.184936523438,724.184936523438,724.184936523438,NA,NA,NA,NA,NA,NA,NA,NA,NA,NA,NA,NA,NA,NA,NA,NA
"FFS7CONTROL_5598",647.595825195312,647.595825195312,647.595825195312,647.595825195312,647.595825195312,647.595825195312,718.484985351562,718.484985351562,718.484985351562,718.484985351562,718.484985351562,724.184936523438,724.184936523438,724.184936523438,724.184936523438,724.184936523438,NA,NA,NA,NA,NA,NA,NA,NA,NA,NA,NA,NA,NA,NA,NA,NA
"FFS7CONTROL_5701",647.595825195312,647.595825195312,647.595825195312,647.595825195312,647.595825195312,647.595825195312,750.049987792969,750.049987792969,750.049987792969,NA,NA,NA,NA,NA,NA,NA,NA,NA,NA,NA,NA,NA,NA,NA,NA,NA,NA,NA,NA,NA,NA,NA
"FFS7CONTROL_5703",647.595825195312,647.595825195312,647.595825195312,647.595825195312,647.595825195312,647.595825195312,750.049987792969,750.049987792969,750.049987792969,NA,NA,NA,NA,NA,NA,NA,NA,NA,NA,NA,NA,NA,NA,NA,NA,NA,NA,NA,NA,NA,NA,NA
"FFS7CONTROL_5707",715.400024414062,715.400024414062,NA,NA,NA,NA,NA,NA,NA,NA,NA,NA,NA,NA,NA,NA,NA,NA,NA,NA,NA,NA,NA,NA,NA,NA,NA,NA,NA,NA,NA,NA
"FFS7CONTROL_5709",647.595825195312,647.595825195312,647.595825195312,647.595825195312,647.595825195312,647.595825195312,718.484985351562,718.484985351562,718.484985351562,718.484985351562,718.484985351562,724.184936523438,724.184936523438,724.184936523438,724.184936523438,724.184936523438,NA,NA,NA,NA,NA,NA,NA,NA,NA,NA,NA,NA,NA,NA,NA,NA
"FFS7CONTROL_5710",647.595825195312,647.595825195312,647.595825195312,647.595825195312,647.595825195312,647.595825195312,718.484985351562,718.484985351562,718.484985351562,718.484985351562,718.484985351562,724.184936523438,724.184936523438,724.184936523438,724.184936523438,724.184936523438,NA,NA,NA,NA,NA,NA,NA,NA,NA,NA,NA,NA,NA,NA,NA,NA
"FFS7CONTROL_5711",647.595825195312,647.595825195312,647.595825195312,647.595825195312,647.595825195312,647.595825195312,718.484985351562,718.484985351562,718.484985351562,718.484985351562,718.484985351562,724.184936523438,724.184936523438,724.184936523438,724.184936523438,724.184936523438,NA,NA,NA,NA,NA,NA,NA,NA,NA,NA,NA,NA,NA,NA,NA,NA
"FFS7CONTROL_5712",647.595825195312,647.595825195312,647.595825195312,647.595825195312,647.595825195312,647.595825195312,718.484985351562,718.484985351562,718.484985351562,718.484985351562,718.484985351562,724.184936523438,724.184936523438,724.184936523438,724.184936523438,724.184936523438,NA,NA,NA,NA,NA,NA,NA,NA,NA,NA,NA,NA,NA,NA,NA,NA
"FFS7CONTROL_5714",647.595825195312,647.595825195312,647.595825195312,647.595825195312,647.595825195312,647.595825195312,718.484985351562,718.484985351562,718.484985351562,718.484985351562,718.484985351562,724.184936523438,724.184936523438,724.184936523438,724.184936523438,724.184936523438,NA,NA,NA,NA,NA,NA,NA,NA,NA,NA,NA,NA,NA,NA,NA,NA
"FFS7CONTROL_5720",647.595825195312,647.595825195312,647.595825195312,647.595825195312,647.595825195312,647.595825195312,718.484985351562,718.484985351562,718.484985351562,718.484985351562,718.484985351562,724.184936523438,724.184936523438,724.184936523438,724.184936523438,724.184936523438,NA,NA,NA,NA,NA,NA,NA,NA,NA,NA,NA,NA,NA,NA,NA,NA
"FFS7CONTROL_5723",668.599975585938,668.599975585938,668.599975585938,668.599975585938,668.599975585938,NA,NA,NA,NA,NA,NA,NA,NA,NA,NA,NA,NA,NA,NA,NA,NA,NA,NA,NA,NA,NA,NA,NA,NA,NA,NA,NA
"FFS7CONTROL_5724",647.595825195312,647.595825195312,647.595825195312,647.595825195312,647.595825195312,647.595825195312,718.484985351562,718.484985351562,718.484985351562,718.484985351562,718.484985351562,724.184936523438,724.184936523438,724.184936523438,724.184936523438,724.184936523438,NA,NA,NA,NA,NA,NA,NA,NA,NA,NA,NA,NA,NA,NA,NA,NA
"FFS7CONTROL_5725",647.595825195312,647.595825195312,647.595825195312,647.595825195312,647.595825195312,647.595825195312,737.418701171875,737.418701171875,737.418701171875,737.418701171875,NA,NA,NA,NA,NA,NA,NA,NA,NA,NA,NA,NA,NA,NA,NA,NA,NA,NA,NA,NA,NA,NA
"FFS7CONTROL_5727",647.595825195312,647.595825195312,647.595825195312,647.595825195312,647.595825195312,647.595825195312,718.484985351562,718.484985351562,718.484985351562,718.484985351562,718.484985351562,724.184936523438,724.184936523438,724.184936523438,724.184936523438,724.184936523438,NA,NA,NA,NA,NA,NA,NA,NA,NA,NA,NA,NA,NA,NA,NA,NA
"FFS7CONTROL_5734",647.595825195312,647.595825195312,647.595825195312,647.595825195312,647.595825195312,647.595825195312,718.484985351562,718.484985351562,718.484985351562,718.484985351562,718.484985351562,724.184936523438,724.184936523438,724.184936523438,724.184936523438,724.184936523438,NA,NA,NA,NA,NA,NA,NA,NA,NA,NA,NA,NA,NA,NA,NA,NA
"FFS7CONTROL_5735",647.595825195312,647.595825195312,647.595825195312,647.595825195312,647.595825195312,647.595825195312,718.484985351562,718.484985351562,718.484985351562,718.484985351562,718.484985351562,724.184936523438,724.184936523438,724.184936523438,724.184936523438,724.184936523438,NA,NA,NA,NA,NA,NA,NA,NA,NA,NA,NA,NA,NA,NA,NA,NA
"FFS7CONTROL_5736",647.595825195312,647.595825195312,647.595825195312,647.595825195312,647.595825195312,647.595825195312,718.484985351562,718.484985351562,718.484985351562,718.484985351562,718.484985351562,724.184936523438,724.184936523438,724.184936523438,724.184936523438,724.184936523438,NA,NA,NA,NA,NA,NA,NA,NA,NA,NA,NA,NA,NA,NA,NA,NA
"FFS7CONTROL_5747",647.595825195312,647.595825195312,647.595825195312,647.595825195312,647.595825195312,647.595825195312,718.484985351562,718.484985351562,718.484985351562,718.484985351562,718.484985351562,724.184936523438,724.184936523438,724.184936523438,724.184936523438,724.184936523438,NA,NA,NA,NA,NA,NA,NA,NA,NA,NA,NA,NA,NA,NA,NA,NA
"FFS7CONTROL_5749",647.595825195312,647.595825195312,647.595825195312,647.595825195312,647.595825195312,647.595825195312,718.484985351562,718.484985351562,718.484985351562,718.484985351562,718.484985351562,724.184936523438,724.184936523438,724.184936523438,724.184936523438,724.184936523438,NA,NA,NA,NA,NA,NA,NA,NA,NA,NA,NA,NA,NA,NA,NA,NA
"FFS7CONTROL_5756",647.595825195312,647.595825195312,647.595825195312,647.595825195312,647.595825195312,647.595825195312,NA,NA,NA,NA,NA,NA,NA,NA,NA,NA,NA,NA,NA,NA,NA,NA,NA,NA,NA,NA,NA,NA,NA,NA,NA,NA
"FFS7CONTROL_5760",647.595825195312,647.595825195312,647.595825195312,647.595825195312,647.595825195312,647.595825195312,718.484985351562,718.484985351562,718.484985351562,718.484985351562,718.484985351562,724.184936523438,724.184936523438,724.184936523438,724.184936523438,724.184936523438,NA,NA,NA,NA,NA,NA,NA,NA,NA,NA,NA,NA,NA,NA,NA,NA
"FFS7CONTROL_5766",647.595825195312,647.595825195312,647.595825195312,647.595825195312,647.595825195312,647.595825195312,718.484985351562,718.484985351562,718.484985351562,718.484985351562,718.484985351562,724.184936523438,724.184936523438,724.184936523438,724.184936523438,724.184936523438,NA,NA,NA,NA,NA,NA,NA,NA,NA,NA,NA,NA,NA,NA,NA,NA
"FFS7CONTROL_5768",647.595825195312,647.595825195312,647.595825195312,647.595825195312,647.595825195312,647.595825195312,718.484985351562,718.484985351562,718.484985351562,718.484985351562,718.484985351562,724.184936523438,724.184936523438,724.184936523438,724.184936523438,724.184936523438,NA,NA,NA,NA,NA,NA,NA,NA,NA,NA,NA,NA,NA,NA,NA,NA
"FFS7CONTROL_5769",647.595825195312,647.595825195312,647.595825195312,647.595825195312,647.595825195312,647.595825195312,718.484985351562,718.484985351562,718.484985351562,718.484985351562,718.484985351562,724.184936523438,724.184936523438,724.184936523438,724.184936523438,724.184936523438,NA,NA,NA,NA,NA,NA,NA,NA,NA,NA,NA,NA,NA,NA,NA,NA
"FFS7CONTROL_5770",647.595825195312,647.595825195312,647.595825195312,647.595825195312,647.595825195312,647.595825195312,718.484985351562,718.484985351562,718.484985351562,718.484985351562,718.484985351562,724.184936523438,724.184936523438,724.184936523438,724.184936523438,724.184936523438,NA,NA,NA,NA,NA,NA,NA,NA,NA,NA,NA,NA,NA,NA,NA,NA
"FFS7CONTROL_5771",647.595825195312,647.595825195312,647.595825195312,647.595825195312,647.595825195312,647.595825195312,718.484985351562,718.484985351562,718.484985351562,718.484985351562,718.484985351562,724.184936523438,724.184936523438,724.184936523438,724.184936523438,724.184936523438,NA,NA,NA,NA,NA,NA,NA,NA,NA,NA,NA,NA,NA,NA,NA,NA
"FFS7CONTROL_5772",647.595825195312,647.595825195312,647.595825195312,647.595825195312,647.595825195312,647.595825195312,718.484985351562,718.484985351562,718.484985351562,718.484985351562,718.484985351562,724.184936523438,724.184936523438,724.184936523438,724.184936523438,724.184936523438,NA,NA,NA,NA,NA,NA,NA,NA,NA,NA,NA,NA,NA,NA,NA,NA
"FFS7CONTROL_5773",647.595825195312,647.595825195312,647.595825195312,647.595825195312,647.595825195312,647.595825195312,718.484985351562,718.484985351562,718.484985351562,718.484985351562,718.484985351562,724.184936523438,724.184936523438,724.184936523438,724.184936523438,724.184936523438,NA,NA,NA,NA,NA,NA,NA,NA,NA,NA,NA,NA,NA,NA,NA,NA
"FFS7CONTROL_5775",647.595825195312,647.595825195312,647.595825195312,647.595825195312,647.595825195312,647.595825195312,718.484985351562,718.484985351562,718.484985351562,718.484985351562,718.484985351562,724.184936523438,724.184936523438,724.184936523438,724.184936523438,724.184936523438,NA,NA,NA,NA,NA,NA,NA,NA,NA,NA,NA,NA,NA,NA,NA,NA
"FFS7CONTROL_5779",647.595825195312,647.595825195312,647.595825195312,647.595825195312,647.595825195312,647.595825195312,718.484985351562,718.484985351562,718.484985351562,718.484985351562,718.484985351562,724.184936523438,724.184936523438,724.184936523438,724.184936523438,724.184936523438,NA,NA,NA,NA,NA,NA,NA,NA,NA,NA,NA,NA,NA,NA,NA,NA
"FFS7CONTROL_5786",647.595825195312,647.595825195312,647.595825195312,647.595825195312,647.595825195312,647.595825195312,718.484985351562,718.484985351562,718.484985351562,718.484985351562,718.484985351562,662.599975585938,662.599975585938,NA,NA,NA,NA,NA,NA,NA,NA,NA,NA,NA,NA,NA,NA,NA,NA,NA,NA,NA
"FFS7CONTROL_5787",647.595825195312,647.595825195312,647.595825195312,647.595825195312,647.595825195312,647.595825195312,718.484985351562,718.484985351562,718.484985351562,718.484985351562,718.484985351562,724.184936523438,724.184936523438,724.184936523438,724.184936523438,724.184936523438,NA,NA,NA,NA,NA,NA,NA,NA,NA,NA,NA,NA,NA,NA,NA,NA
"FFS7CONTROL_5789",NA,NA,NA,NA,NA,NA,NA,NA,NA,NA,710.612487792969,710.612487792969,710.612487792969,710.612487792969,710.612487792969,710.612487792969,NA,NA,NA,NA,NA,NA,NA,NA,NA,NA,NA,NA,NA,NA,NA,NA
"FFS7CONTROL_5790",647.595825195312,647.595825195312,647.595825195312,647.595825195312,647.595825195312,647.595825195312,645.75,NA,NA,NA,NA,NA,NA,NA,NA,NA,NA,NA,NA,NA,NA,NA,NA,NA,NA,NA,NA,NA,NA,NA,NA,NA
"FFS7CONTROL_5792",647.595825195312,647.595825195312,647.595825195312,647.595825195312,647.595825195312,647.595825195312,718.484985351562,718.484985351562,718.484985351562,718.484985351562,718.484985351562,724.184936523438,724.184936523438,724.184936523438,724.184936523438,724.184936523438,NA,NA,NA,NA,NA,NA,NA,NA,NA,NA,NA,NA,NA,NA,NA,NA
"FFS7CONTROL_5795",NA,NA,NA,NA,NA,689.166687011719,689.166687011719,689.166687011719,689.166687011719,689.166687011719,689.166687011719,724.184936523438,724.184936523438,724.184936523438,724.184936523438,724.184936523438,NA,NA,NA,NA,NA,NA,NA,NA,NA,NA,NA,NA,NA,NA,NA,NA
"FFS7CONTROL_5798",647.595825195312,647.595825195312,647.595825195312,647.595825195312,647.595825195312,647.595825195312,718.484985351562,718.484985351562,718.484985351562,718.484985351562,718.484985351562,724.184936523438,724.184936523438,724.184936523438,724.184936523438,724.184936523438,NA,NA,NA,NA,NA,NA,NA,NA,NA,NA,NA,NA,NA,NA,NA,NA
"FFS7CONTROL_5801",647.595825195312,647.595825195312,647.595825195312,647.595825195312,647.595825195312,647.595825195312,718.484985351562,718.484985351562,718.484985351562,718.484985351562,718.484985351562,724.184936523438,724.184936523438,724.184936523438,724.184936523438,724.184936523438,NA,NA,NA,NA,NA,NA,NA,NA,NA,NA,NA,NA,NA,NA,NA,NA
"FFS7CONTROL_5802",647.595825195312,647.595825195312,647.595825195312,647.595825195312,647.595825195312,647.595825195312,718.484985351562,718.484985351562,718.484985351562,718.484985351562,718.484985351562,724.184936523438,724.184936523438,724.184936523438,724.184936523438,724.184936523438,NA,NA,NA,NA,NA,NA,NA,NA,NA,NA,NA,NA,NA,NA,NA,NA
"FFS7CONTROL_5806",647.595825195312,647.595825195312,647.595825195312,647.595825195312,647.595825195312,647.595825195312,718.484985351562,718.484985351562,718.484985351562,718.484985351562,718.484985351562,724.184936523438,724.184936523438,724.184936523438,724.184936523438,724.184936523438,NA,NA,NA,NA,NA,NA,NA,NA,NA,NA,NA,NA,NA,NA,NA,NA
"FFS7CONTROL_5809",NA,NA,NA,NA,NA,NA,NA,NA,NA,NA,710.612487792969,710.612487792969,710.612487792969,710.612487792969,710.612487792969,710.612487792969,NA,NA,NA,NA,NA,NA,NA,NA,NA,NA,NA,NA,NA,NA,NA,NA
"FFS7CONTROL_5812",647.595825195312,647.595825195312,647.595825195312,647.595825195312,647.595825195312,647.595825195312,718.484985351562,718.484985351562,718.484985351562,718.484985351562,718.484985351562,662.599975585938,662.599975585938,NA,NA,NA,NA,NA,NA,NA,NA,NA,NA,NA,NA,NA,NA,NA,NA,NA,NA,NA
"FFS7CONTROL_5813",647.595825195312,647.595825195312,647.595825195312,647.595825195312,647.595825195312,647.595825195312,718.484985351562,718.484985351562,718.484985351562,718.484985351562,718.484985351562,724.184936523438,724.184936523438,724.184936523438,724.184936523438,724.184936523438,NA,NA,NA,NA,NA,NA,NA,NA,NA,NA,NA,NA,NA,NA,NA,NA
"FFS7CONTROL_5814",647.595825195312,647.595825195312,647.595825195312,647.595825195312,647.595825195312,647.595825195312,718.484985351562,718.484985351562,718.484985351562,718.484985351562,718.484985351562,638.066650390625,638.066650390625,638.066650390625,NA,NA,NA,NA,NA,NA,NA,NA,NA,NA,NA,NA,NA,NA,NA,NA,NA,NA
"FFS7CONTROL_5816",647.595825195312,647.595825195312,647.595825195312,647.595825195312,647.595825195312,647.595825195312,718.484985351562,718.484985351562,718.484985351562,718.484985351562,718.484985351562,724.184936523438,724.184936523438,724.184936523438,724.184936523438,724.184936523438,NA,NA,NA,NA,NA,NA,NA,NA,NA,NA,NA,NA,NA,NA,NA,NA
"FFS7CONTROL_5817",647.595825195312,647.595825195312,647.595825195312,647.595825195312,647.595825195312,647.595825195312,718.484985351562,718.484985351562,718.484985351562,718.484985351562,718.484985351562,724.184936523438,724.184936523438,724.184936523438,724.184936523438,724.184936523438,NA,NA,NA,NA,NA,NA,NA,NA,NA,NA,NA,NA,NA,NA,NA,NA
"FFS7CONTROL_5824",647.595825195312,647.595825195312,647.595825195312,647.595825195312,647.595825195312,647.595825195312,718.484985351562,718.484985351562,718.484985351562,718.484985351562,718.484985351562,662.599975585938,662.599975585938,NA,NA,NA,NA,NA,NA,NA,NA,NA,NA,NA,NA,NA,NA,NA,NA,NA,NA,NA
"FFS7CONTROL_5830",647.595825195312,647.595825195312,647.595825195312,647.595825195312,647.595825195312,647.595825195312,718.484985351562,718.484985351562,718.484985351562,718.484985351562,718.484985351562,562.474975585938,NA,NA,NA,NA,NA,NA,NA,NA,NA,NA,NA,NA,NA,NA,NA,NA,NA,NA,NA,NA
"FFS7CONTROL_5833",647.595825195312,647.595825195312,647.595825195312,647.595825195312,647.595825195312,647.595825195312,718.484985351562,718.484985351562,718.484985351562,718.484985351562,718.484985351562,724.184936523438,724.184936523438,724.184936523438,724.184936523438,724.184936523438,NA,NA,NA,NA,NA,NA,NA,NA,NA,NA,NA,NA,NA,NA,NA,NA
"FFS7CONTROL_5842",647.595825195312,647.595825195312,647.595825195312,647.595825195312,647.595825195312,647.595825195312,692.162475585938,692.162475585938,NA,NA,NA,NA,NA,NA,NA,NA,NA,NA,NA,NA,NA,NA,NA,NA,NA,NA,NA,NA,NA,NA,NA,NA
"FFS7CONTROL_5844",647.595825195312,647.595825195312,647.595825195312,647.595825195312,647.595825195312,647.595825195312,718.484985351562,718.484985351562,718.484985351562,718.484985351562,718.484985351562,724.184936523438,724.184936523438,724.184936523438,724.184936523438,724.184936523438,NA,NA,NA,NA,NA,NA,NA,NA,NA,NA,NA,NA,NA,NA,NA,NA
"FFS7CONTROL_5845",647.595825195312,647.595825195312,647.595825195312,647.595825195312,647.595825195312,647.595825195312,718.484985351562,718.484985351562,718.484985351562,718.484985351562,718.484985351562,724.184936523438,724.184936523438,724.184936523438,724.184936523438,724.184936523438,NA,NA,NA,NA,NA,NA,NA,NA,NA,NA,NA,NA,NA,NA,NA,NA
"FFS7CONTROL_5846",647.595825195312,647.595825195312,647.595825195312,647.595825195312,647.595825195312,647.595825195312,718.484985351562,718.484985351562,718.484985351562,718.484985351562,718.484985351562,724.184936523438,724.184936523438,724.184936523438,724.184936523438,724.184936523438,NA,NA,NA,NA,NA,NA,NA,NA,NA,NA,NA,NA,NA,NA,NA,NA
"FFS7CONTROL_5847",647.595825195312,647.595825195312,647.595825195312,647.595825195312,647.595825195312,647.595825195312,737.418701171875,737.418701171875,737.418701171875,737.418701171875,NA,NA,NA,NA,NA,NA,NA,NA,NA,NA,NA,NA,NA,NA,NA,NA,NA,NA,NA,NA,NA,NA
"FFS7CONTROL_5849",647.595825195312,647.595825195312,647.595825195312,647.595825195312,647.595825195312,647.595825195312,718.484985351562,718.484985351562,718.484985351562,718.484985351562,718.484985351562,724.184936523438,724.184936523438,724.184936523438,724.184936523438,724.184936523438,NA,NA,NA,NA,NA,NA,NA,NA,NA,NA,NA,NA,NA,NA,NA,NA
"FFS7CONTROL_5850",647.595825195312,647.595825195312,647.595825195312,647.595825195312,647.595825195312,647.595825195312,718.484985351562,718.484985351562,718.484985351562,718.484985351562,718.484985351562,724.184936523438,724.184936523438,724.184936523438,724.184936523438,724.184936523438,NA,NA,NA,NA,NA,NA,NA,NA,NA,NA,NA,NA,NA,NA,NA,NA
"FFS7CONTROL_5853",647.595825195312,647.595825195312,647.595825195312,647.595825195312,647.595825195312,647.595825195312,718.484985351562,718.484985351562,718.484985351562,718.484985351562,718.484985351562,724.184936523438,724.184936523438,724.184936523438,724.184936523438,724.184936523438,NA,NA,NA,NA,NA,NA,NA,NA,NA,NA,NA,NA,NA,NA,NA,NA
"FFS7CONTROL_5856",647.595825195312,647.595825195312,647.595825195312,647.595825195312,647.595825195312,647.595825195312,718.484985351562,718.484985351562,718.484985351562,718.484985351562,718.484985351562,562.474975585938,NA,NA,NA,NA,NA,NA,NA,NA,NA,NA,NA,NA,NA,NA,NA,NA,NA,NA,NA,NA
"FFS7CONTROL_5862",647.595825195312,647.595825195312,647.595825195312,647.595825195312,647.595825195312,647.595825195312,718.484985351562,718.484985351562,718.484985351562,718.484985351562,718.484985351562,724.184936523438,724.184936523438,724.184936523438,724.184936523438,724.184936523438,NA,NA,NA,NA,NA,NA,NA,NA,NA,NA,NA,NA,NA,NA,NA,NA
"FFS7CONTROL_5866",647.595825195312,647.595825195312,647.595825195312,647.595825195312,647.595825195312,647.595825195312,718.484985351562,718.484985351562,718.484985351562,718.484985351562,718.484985351562,724.184936523438,724.184936523438,724.184936523438,724.184936523438,724.184936523438,NA,NA,NA,NA,NA,NA,NA,NA,NA,NA,NA,NA,NA,NA,NA,NA
"FFS7CONTROL_5868",647.595825195312,647.595825195312,647.595825195312,647.595825195312,647.595825195312,647.595825195312,718.484985351562,718.484985351562,718.484985351562,718.484985351562,718.484985351562,724.184936523438,724.184936523438,724.184936523438,724.184936523438,724.184936523438,NA,NA,NA,NA,NA,NA,NA,NA,NA,NA,NA,NA,NA,NA,NA,NA
"FFS7CONTROL_5872",647.595825195312,647.595825195312,647.595825195312,647.595825195312,647.595825195312,647.595825195312,718.484985351562,718.484985351562,718.484985351562,718.484985351562,718.484985351562,724.184936523438,724.184936523438,724.184936523438,724.184936523438,724.184936523438,NA,NA,NA,NA,NA,NA,NA,NA,NA,NA,NA,NA,NA,NA,NA,NA
"FFS7CONTROL_5876",647.595825195312,647.595825195312,647.595825195312,647.595825195312,647.595825195312,647.595825195312,718.484985351562,718.484985351562,718.484985351562,718.484985351562,718.484985351562,724.184936523438,724.184936523438,724.184936523438,724.184936523438,724.184936523438,NA,NA,NA,NA,NA,NA,NA,NA,NA,NA,NA,NA,NA,NA,NA,NA
"FFS7CONTROL_5877",647.595825195312,647.595825195312,647.595825195312,647.595825195312,647.595825195312,647.595825195312,718.484985351562,718.484985351562,718.484985351562,718.484985351562,718.484985351562,724.184936523438,724.184936523438,724.184936523438,724.184936523438,724.184936523438,NA,NA,NA,NA,NA,NA,NA,NA,NA,NA,NA,NA,NA,NA,NA,NA
"FFS7CONTROL_5878",647.595825195312,647.595825195312,647.595825195312,647.595825195312,647.595825195312,647.595825195312,718.484985351562,718.484985351562,718.484985351562,718.484985351562,718.484985351562,562.474975585938,NA,NA,NA,NA,NA,NA,NA,NA,NA,NA,NA,NA,NA,NA,NA,NA,NA,NA,NA,NA
"FFS7CONTROL_5881",647.595825195312,647.595825195312,647.595825195312,647.595825195312,647.595825195312,647.595825195312,718.484985351562,718.484985351562,718.484985351562,718.484985351562,718.484985351562,724.184936523438,724.184936523438,724.184936523438,724.184936523438,724.184936523438,NA,NA,NA,NA,NA,NA,NA,NA,NA,NA,NA,NA,NA,NA,NA,NA
"FFS7CONTROL_5883",647.595825195312,647.595825195312,647.595825195312,647.595825195312,647.595825195312,647.595825195312,718.484985351562,718.484985351562,718.484985351562,718.484985351562,718.484985351562,662.599975585938,662.599975585938,NA,NA,NA,NA,NA,NA,NA,NA,NA,NA,NA,NA,NA,NA,NA,NA,NA,NA,NA
"FFS7CONTROL_5886",647.595825195312,647.595825195312,647.595825195312,647.595825195312,647.595825195312,647.595825195312,718.484985351562,718.484985351562,718.484985351562,718.484985351562,718.484985351562,724.184936523438,724.184936523438,724.184936523438,724.184936523438,724.184936523438,NA,NA,NA,NA,NA,NA,NA,NA,NA,NA,NA,NA,NA,NA,NA,NA
"FFS7CONTROL_5887",647.595825195312,647.595825195312,647.595825195312,647.595825195312,647.595825195312,647.595825195312,718.484985351562,718.484985351562,718.484985351562,718.484985351562,718.484985351562,562.474975585938,NA,NA,NA,NA,NA,NA,NA,NA,NA,NA,NA,NA,NA,NA,NA,NA,NA,NA,NA,NA
"FFS7CONTROL_5888",647.595825195312,647.595825195312,647.595825195312,647.595825195312,647.595825195312,647.595825195312,718.484985351562,718.484985351562,718.484985351562,718.484985351562,718.484985351562,724.184936523438,724.184936523438,724.184936523438,724.184936523438,724.184936523438,NA,NA,NA,NA,NA,NA,NA,NA,NA,NA,NA,NA,NA,NA,NA,NA
"FFS7CONTROL_5890",647.595825195312,647.595825195312,647.595825195312,647.595825195312,647.595825195312,647.595825195312,718.484985351562,718.484985351562,718.484985351562,718.484985351562,718.484985351562,724.184936523438,724.184936523438,724.184936523438,724.184936523438,724.184936523438,NA,NA,NA,NA,NA,NA,NA,NA,NA,NA,NA,NA,NA,NA,NA,NA
"FFS7CONTROL_5891",647.595825195312,647.595825195312,647.595825195312,647.595825195312,647.595825195312,647.595825195312,718.484985351562,718.484985351562,718.484985351562,718.484985351562,718.484985351562,662.599975585938,662.599975585938,NA,NA,NA,NA,NA,NA,NA,NA,NA,NA,NA,NA,NA,NA,NA,NA,NA,NA,NA
"FFS7CONTROL_5892",647.595825195312,647.595825195312,647.595825195312,647.595825195312,647.595825195312,647.595825195312,718.484985351562,718.484985351562,718.484985351562,718.484985351562,718.484985351562,562.474975585938,NA,NA,NA,NA,NA,NA,NA,NA,NA,NA,NA,NA,NA,NA,NA,NA,NA,NA,NA,NA
"FFS7CONTROL_5898",647.595825195312,647.595825195312,647.595825195312,647.595825195312,647.595825195312,647.595825195312,718.484985351562,718.484985351562,718.484985351562,718.484985351562,718.484985351562,724.184936523438,724.184936523438,724.184936523438,724.184936523438,724.184936523438,NA,NA,NA,NA,NA,NA,NA,NA,NA,NA,NA,NA,NA,NA,NA,NA
"FFS7CONTROL_5905",647.595825195312,647.595825195312,647.595825195312,647.595825195312,647.595825195312,647.595825195312,718.484985351562,718.484985351562,718.484985351562,718.484985351562,718.484985351562,662.599975585938,662.599975585938,NA,NA,NA,NA,NA,NA,NA,NA,NA,NA,NA,NA,NA,NA,NA,NA,NA,NA,NA
"FFS7CONTROL_5906",647.595825195312,647.595825195312,647.595825195312,647.595825195312,647.595825195312,647.595825195312,718.484985351562,718.484985351562,718.484985351562,718.484985351562,718.484985351562,724.184936523438,724.184936523438,724.184936523438,724.184936523438,724.184936523438,NA,NA,NA,NA,NA,NA,NA,NA,NA,NA,NA,NA,NA,NA,NA,NA
"FFS7CONTROL_5909",NA,NA,NA,NA,NA,NA,NA,NA,NA,NA,710.612487792969,710.612487792969,710.612487792969,710.612487792969,710.612487792969,710.612487792969,NA,NA,NA,NA,NA,NA,NA,NA,NA,NA,NA,NA,NA,NA,NA,NA
"FFS7CONTROL_5910",647.595825195312,647.595825195312,647.595825195312,647.595825195312,647.595825195312,647.595825195312,718.484985351562,718.484985351562,718.484985351562,718.484985351562,718.484985351562,724.184936523438,724.184936523438,724.184936523438,724.184936523438,724.184936523438,NA,NA,NA,NA,NA,NA,NA,NA,NA,NA,NA,NA,NA,NA,NA,NA
"FFS7CONTROL_5913",647.595825195312,647.595825195312,647.595825195312,647.595825195312,647.595825195312,647.595825195312,718.484985351562,718.484985351562,718.484985351562,718.484985351562,718.484985351562,724.184936523438,724.184936523438,724.184936523438,724.184936523438,724.184936523438,NA,NA,NA,NA,NA,NA,NA,NA,NA,NA,NA,NA,NA,NA,NA,NA
"FFS7CONTROL_5916",647.595825195312,647.595825195312,647.595825195312,647.595825195312,647.595825195312,647.595825195312,718.484985351562,718.484985351562,718.484985351562,718.484985351562,718.484985351562,724.184936523438,724.184936523438,724.184936523438,724.184936523438,724.184936523438,NA,NA,NA,NA,NA,NA,NA,NA,NA,NA,NA,NA,NA,NA,NA,NA
"FFS7CONTROL_5918",647.595825195312,647.595825195312,647.595825195312,647.595825195312,647.595825195312,647.595825195312,718.484985351562,718.484985351562,718.484985351562,718.484985351562,718.484985351562,724.184936523438,724.184936523438,724.184936523438,724.184936523438,724.184936523438,NA,NA,NA,NA,NA,NA,NA,NA,NA,NA,NA,NA,NA,NA,NA,NA
"FFS7CONTROL_5928",647.595825195312,647.595825195312,647.595825195312,647.595825195312,647.595825195312,647.595825195312,718.484985351562,718.484985351562,718.484985351562,718.484985351562,718.484985351562,724.184936523438,724.184936523438,724.184936523438,724.184936523438,724.184936523438,NA,NA,NA,NA,NA,NA,NA,NA,NA,NA,NA,NA,NA,NA,NA,NA
"FFS7CONTROL_5929",NA,NA,NA,NA,NA,NA,NA,NA,NA,NA,710.612487792969,710.612487792969,710.612487792969,710.612487792969,710.612487792969,710.612487792969,NA,NA,NA,NA,NA,NA,NA,NA,NA,NA,NA,NA,NA,NA,NA,NA
"FFS7CONTROL_5931",647.595825195312,647.595825195312,647.595825195312,647.595825195312,647.595825195312,647.595825195312,718.484985351562,718.484985351562,718.484985351562,718.484985351562,718.484985351562,724.184936523438,724.184936523438,724.184936523438,724.184936523438,724.184936523438,NA,NA,NA,NA,NA,NA,NA,NA,NA,NA,NA,NA,NA,NA,NA,NA
"FFS7CONTROL_5932",647.595825195312,647.595825195312,647.595825195312,647.595825195312,647.595825195312,647.595825195312,718.484985351562,718.484985351562,718.484985351562,718.484985351562,718.484985351562,724.184936523438,724.184936523438,724.184936523438,724.184936523438,724.184936523438,NA,NA,NA,NA,NA,NA,NA,NA,NA,NA,NA,NA,NA,NA,NA,NA
"FFS7CONTROL_5934",647.595825195312,647.595825195312,647.595825195312,647.595825195312,647.595825195312,647.595825195312,718.484985351562,718.484985351562,718.484985351562,718.484985351562,718.484985351562,724.184936523438,724.184936523438,724.184936523438,724.184936523438,724.184936523438,NA,NA,NA,NA,NA,NA,NA,NA,NA,NA,NA,NA,NA,NA,NA,NA
"FFS7CONTROL_5944",647.595825195312,647.595825195312,647.595825195312,647.595825195312,647.595825195312,647.595825195312,718.484985351562,718.484985351562,718.484985351562,718.484985351562,718.484985351562,724.184936523438,724.184936523438,724.184936523438,724.184936523438,724.184936523438,NA,NA,NA,NA,NA,NA,NA,NA,NA,NA,NA,NA,NA,NA,NA,NA
"FFS7CONTROL_5946",647.595825195312,647.595825195312,647.595825195312,647.595825195312,647.595825195312,647.595825195312,718.484985351562,718.484985351562,718.484985351562,718.484985351562,718.484985351562,724.184936523438,724.184936523438,724.184936523438,724.184936523438,724.184936523438,NA,NA,NA,NA,NA,NA,NA,NA,NA,NA,NA,NA,NA,NA,NA,NA
"FFS7CONTROL_5948",647.595825195312,647.595825195312,647.595825195312,647.595825195312,647.595825195312,647.595825195312,718.484985351562,718.484985351562,718.484985351562,718.484985351562,718.484985351562,724.184936523438,724.184936523438,724.184936523438,724.184936523438,724.184936523438,NA,NA,NA,NA,NA,NA,NA,NA,NA,NA,NA,NA,NA,NA,NA,NA
"FFS7CONTROL_5949",647.595825195312,647.595825195312,647.595825195312,647.595825195312,647.595825195312,647.595825195312,718.484985351562,718.484985351562,718.484985351562,718.484985351562,718.484985351562,724.184936523438,724.184936523438,724.184936523438,724.184936523438,724.184936523438,NA,NA,NA,NA,NA,NA,NA,NA,NA,NA,NA,NA,NA,NA,NA,NA
"FFS7CONTROL_5952",647.595825195312,647.595825195312,647.595825195312,647.595825195312,647.595825195312,647.595825195312,718.484985351562,718.484985351562,718.484985351562,718.484985351562,718.484985351562,724.184936523438,724.184936523438,724.184936523438,724.184936523438,724.184936523438,NA,NA,NA,NA,NA,NA,NA,NA,NA,NA,NA,NA,NA,NA,NA,NA
"FFS7CONTROL_5954",647.595825195312,647.595825195312,647.595825195312,647.595825195312,647.595825195312,647.595825195312,718.484985351562,718.484985351562,718.484985351562,718.484985351562,718.484985351562,724.184936523438,724.184936523438,724.184936523438,724.184936523438,724.184936523438,NA,NA,NA,NA,NA,NA,NA,NA,NA,NA,NA,NA,NA,NA,NA,NA
"FFS7CONTROL_5957",NA,NA,NA,NA,NA,689.166687011719,689.166687011719,689.166687011719,689.166687011719,689.166687011719,689.166687011719,724.184936523438,724.184936523438,724.184936523438,724.184936523438,724.184936523438,NA,NA,NA,NA,NA,NA,NA,NA,NA,NA,NA,NA,NA,NA,NA,NA
"FFS7CONTROL_5979",647.595825195312,647.595825195312,647.595825195312,647.595825195312,647.595825195312,647.595825195312,718.484985351562,718.484985351562,718.484985351562,718.484985351562,718.484985351562,724.184936523438,724.184936523438,724.184936523438,724.184936523438,724.184936523438,NA,NA,NA,NA,NA,NA,NA,NA,NA,NA,NA,NA,NA,NA,NA,NA
"FFS7CONTROL_5986",647.595825195312,647.595825195312,647.595825195312,647.595825195312,647.595825195312,647.595825195312,718.484985351562,718.484985351562,718.484985351562,718.484985351562,718.484985351562,724.184936523438,724.184936523438,724.184936523438,724.184936523438,724.184936523438,NA,NA,NA,NA,NA,NA,NA,NA,NA,NA,NA,NA,NA,NA,NA,NA
"FFS7CONTROL_5987",NA,NA,NA,NA,NA,689.166687011719,689.166687011719,689.166687011719,689.166687011719,689.166687011719,689.166687011719,724.184936523438,724.184936523438,724.184936523438,724.184936523438,724.184936523438,NA,NA,NA,NA,NA,NA,NA,NA,NA,NA,NA,NA,NA,NA,NA,NA
"FFS7CONTROL_5989",647.595825195312,647.595825195312,647.595825195312,647.595825195312,647.595825195312,647.595825195312,718.484985351562,718.484985351562,718.484985351562,718.484985351562,718.484985351562,724.184936523438,724.184936523438,724.184936523438,724.184936523438,724.184936523438,NA,NA,NA,NA,NA,NA,NA,NA,NA,NA,NA,NA,NA,NA,NA,NA
"FFS7CONTROL_5995",647.595825195312,647.595825195312,647.595825195312,647.595825195312,647.595825195312,647.595825195312,718.484985351562,718.484985351562,718.484985351562,718.484985351562,718.484985351562,724.184936523438,724.184936523438,724.184936523438,724.184936523438,724.184936523438,NA,NA,NA,NA,NA,NA,NA,NA,NA,NA,NA,NA,NA,NA,NA,NA
"FFS7CONTROL_5997",647.595825195312,647.595825195312,647.595825195312,647.595825195312,647.595825195312,647.595825195312,718.484985351562,718.484985351562,718.484985351562,718.484985351562,718.484985351562,724.184936523438,724.184936523438,724.184936523438,724.184936523438,724.184936523438,NA,NA,NA,NA,NA,NA,NA,NA,NA,NA,NA,NA,NA,NA,NA,NA
"FFS7CONTROL_5998",647.595825195312,647.595825195312,647.595825195312,647.595825195312,647.595825195312,647.595825195312,NA,NA,NA,NA,NA,NA,NA,NA,NA,NA,NA,NA,NA,NA,NA,NA,NA,NA,NA,NA,NA,NA,NA,NA,NA,NA
"FFS7CONTROL_880",NA,NA,NA,NA,NA,689.166687011719,689.166687011719,689.166687011719,689.166687011719,689.166687011719,689.166687011719,724.184936523438,724.184936523438,724.184936523438,724.184936523438,724.184936523438,NA,NA,NA,NA,NA,NA,NA,NA,NA,NA,NA,NA,NA,NA,NA,NA
"FFS7CONTROL_888",647.595825195312,647.595825195312,647.595825195312,647.595825195312,647.595825195312,647.595825195312,718.484985351562,718.484985351562,718.484985351562,718.484985351562,718.484985351562,724.184936523438,724.184936523438,724.184936523438,724.184936523438,724.184936523438,NA,NA,NA,NA,NA,NA,NA,NA,NA,NA,NA,NA,NA,NA,NA,NA
"FFS7CONTROL_889",647.595825195312,647.595825195312,647.595825195312,647.595825195312,647.595825195312,647.595825195312,718.484985351562,718.484985351562,718.484985351562,718.484985351562,718.484985351562,724.184936523438,724.184936523438,724.184936523438,724.184936523438,724.184936523438,NA,NA,NA,NA,NA,NA,NA,NA,NA,NA,NA,NA,NA,NA,NA,NA
"FFS7CONTROL_890",647.595825195312,647.595825195312,647.595825195312,647.595825195312,647.595825195312,647.595825195312,718.484985351562,718.484985351562,718.484985351562,718.484985351562,718.484985351562,724.184936523438,724.184936523438,724.184936523438,724.184936523438,724.184936523438,NA,NA,NA,NA,NA,NA,NA,NA,NA,NA,NA,NA,NA,NA,NA,NA
"FFS7CONTROL_891",647.595825195312,647.595825195312,647.595825195312,647.595825195312,647.595825195312,647.595825195312,718.484985351562,718.484985351562,718.484985351562,718.484985351562,718.484985351562,724.184936523438,724.184936523438,724.184936523438,724.184936523438,724.184936523438,NA,NA,NA,NA,NA,NA,NA,NA,NA,NA,NA,NA,NA,NA,NA,NA
"FFS7CONTROL_894",647.595825195312,647.595825195312,647.595825195312,647.595825195312,647.595825195312,647.595825195312,645.75,NA,NA,NA,NA,NA,NA,NA,NA,NA,NA,NA,NA,NA,NA,NA,NA,NA,NA,NA,NA,NA,NA,NA,NA,NA
